source,store_id,store_name,address_query,addr_number,addr_street,addr_zip,latitude,longitude,bbl,bbl_method,bbl_label,bin,Tax_j,dof_taxyear,dof_annualized,pluto_assesstot,pluto_assessland,pluto_ownername,pluto_bldgclass,pluto_ok,dof_ok,assessment_ok,assessment_year,acris_lease_hit,acris_n_lease_docs,acris_lease_doc_type,Rent_j_acris,rent_sqft,Rent_j_low,Rent_j_mid,Rent_j_high,Rent_j,rent_method
snap,662612,1029 Simpson Deli & Grocery Corp  ,"1029 WESTCHESTER AVE, Bronx, NY 10459",1029,Westchester Ave,10459,40.82426,-73.89309,2027260066,geosearch,"1029 WESTCHESTER AVENUE, Bronx, NY, USA",2005798,810866.24,2027,True,1308150.0,28350.0,1027 GV LLC,C7,True,True,False,,False,0.0,,,,,,,,none
snap,662612,1029 Simpson Deli & Grocery Corp  ,"1029 WESTCHESTER AVE, Bronx, NY 10459",1029,Westchester Ave,10459,40.82426,-73.89309,2027260066,geosearch,"1029 WESTCHESTER AVENUE, Bronx, NY, USA",2005798,810866.24,2027,True,1308150.0,28350.0,1027 GV LLC,C7,True,True,False,,False,0.0,,,,,,,,none
snap,662612,1029 Simpson Deli & Grocery Corp  ,"1029 WESTCHESTER AVE, Bronx, NY 10459",1029,Westchester Ave,10459,40.82426,-73.89309,2027260066,geosearch,"1029 WESTCHESTER AVENUE, Bronx, NY, USA",2005798,810866.24,2027,True,1308150.0,28350.0,1027 GV LLC,C7,True,True,False,,False,0.0,,,,,,,,none
snap,712081,1045 GROCERY & CANDY  ,"1045 E 163RD ST, Bronx, NY 10459",1045,E 163rd St,10459,40.82105,-73.8913,2027420003,geosearch,"1045 EAST 163 STREET, Bronx, NY, USA",2094367,2970772.64,2027,True,7030800.0,2250000.0,940 SOUTHERN BOULEVA,K1,True,True,False,,False,0.0,,,,,,,,none
snap,814618,1048 Express Deli Inc  ,"1048 WESTCHESTER AVE, Bronx, NY 10459",1048,Westchester Ave,10459,40.82466,-73.89182,2027430019,geosearch,"1048 WESTCHESTER AVENUE, Bronx, NY, USA",2006021,1816780.64,2027,True,4020300.0,161100.0,SOUTHERN 634 LLC,D7,True,True,False,,True,2.0,MLEA,175000.0,,,,,175000.0,acris
snap,1486973,1054 United Deli & Tobacco Corp  ,"1054 SOUTHERN BLVD, Bronx, NY 10459",1054,Southern Blvd,10459,40.82439,-73.89171,2027430019,geosearch,"1054 SOUTHERN BOULEVARD, Bronx, NY, USA",2006021,1816780.64,2027,True,4020300.0,161100.0,SOUTHERN 634 LLC,D7,True,True,False,,True,2.0,MLEA,175000.0,,,,,175000.0,acris
snap,1206639,1078 Deli Grocery Corp  ,"1078 E 165TH ST, Bronx, NY 10459",1078,E 165th St,10459,40.82505,-73.89072,2027430030,geosearch,"1078 EAST 165 STREET, Bronx, NY, USA",2006023,1502575.84,2027,True,1776600.0,44100.0,1057 HOE AVENUE LLC D,D7,True,True,False,,True,2.0,ASSTO,,,,,,,acris_lease_no_amount
snap,288111,"1078 GROCERY 2000, INC.  ","1078 E 165TH ST, Bronx, NY 10459",1078,E 165th St,10459,40.82503,-73.89061,2027430030,geosearch,"1078 EAST 165 STREET, Bronx, NY, USA",2006023,1502575.84,2027,True,1776600.0,44100.0,1057 HOE AVENUE LLC D,D7,True,True,False,,True,2.0,ASSTO,,,,,,,acris_lease_no_amount
snap,924640,1106 Gourmet Deli Inc  ,"1106 WESTCHESTER AVE, Bronx, NY 10459",1106,Westchester Ave,10459,40.8253,-73.89054,2027500003,geosearch,"1106 WESTCHESTER AVENUE, Bronx, NY, USA",2092027,107379.28,2027,False,285300.0,54000.0,HERITAGE FIRST REALTY CORP,S9,True,True,False,,False,0.0,,,,,,,,none
snap,966018,1106 Westchester Gourmet Deli Corp  ,"1106 WESTCHESTER AVE, Bronx, NY 10459",1106,Westchester Ave,10459,40.8253,-73.89054,2027500003,geosearch,"1106 WESTCHESTER AVENUE, Bronx, NY, USA",2092027,107379.28,2027,False,285300.0,54000.0,HERITAGE FIRST REALTY CORP,S9,True,True,False,,False,0.0,,,,,,,,none
snap,767481,1142 Grocery Corp  ,"1142 E 165TH ST, Bronx, NY 10459",1142,E 165th St,10459,40.8252,-73.88745,2027560080,geosearch,"1142 EAST 165 STREET, Bronx, NY, USA",2006272,26720.4,2027,False,406350.0,107100.0,165-1142 LLC,C7,True,True,False,,False,0.0,,,,,,,,none
snap,1346181,1150 Joseph Deli & Grocery Inc.  ,"1150 GARRISON AVE, Bronx, NY 10474",1150,Garrison Ave,10474,40.82017,-73.88855,2027610024,geosearch,"1150 GARRISON AVENUE, Bronx, NY, USA",2006324,188742.24,2027,True,753300.0,121500.0,HUNTS POINT HSNG DEVFUN,C7,True,True,False,,False,0.0,,,,,,,,none
snap,1346181,1150 Joseph Deli & Grocery Inc.  ,"1150 GARRISON AVE, Bronx, NY 10474",1150,Garrison Ave,10474,40.82017,-73.88855,2027610024,geosearch,"1150 GARRISON AVENUE, Bronx, NY, USA",2006324,188742.24,2027,True,753300.0,121500.0,HUNTS POINT HSNG DEVFUN,C7,True,True,False,,False,0.0,,,,,,,,none
snap,294482,1318 SALCEDO SUPERMARKET CORP  ,"1318 LAFAYETTE AVE, Bronx, NY 10474",1318,Lafayette Ave,10474,40.81687,-73.88617,2027630220,geosearch,"1318 LAFAYETTE AVENUE, Bronx, NY, USA",2006552,768208.0,2027,True,796950.0,48150.0,BRYANT PROPERTIES 769 LLC,C7,True,True,False,,False,0.0,,,,,,,,none
snap,807136,149 DELI CORP  ,"543 SOUTHERN BLVD, Bronx, NY 10455",543,Southern Blvd,10455,40.81226,-73.90388,2026830001,geosearch,"543 SOUTHERN BOULEVARD, Bronx, NY, USA",2005080,369908.16,2027,True,921600.0,135000.0,WMM REALTY LLC,K1,True,True,False,,False,0.0,,,,,,,,none
snap,1654563,169 Habibi Deli Corp  ,"1251 REV JAMES A POLITE AVE, Bronx, NY 10459",1251,Rev James A Polite Ave,10459,40.82864,-73.89665,2026940024,geosearch,"1251 REV JAMES A POLITE AVENUE, Bronx, NY, USA",2005311,18176.64,2027,False,453150.0,58950.0,1251 REV JAMES LLC,S3,True,True,False,,False,0.0,,,,,,,,none
snap,958505,"2010 A&M Varieties, Corp D/B/A 99 Cents Plus  ","844 HUNTS POINT AVE, Bronx, NY 10474",844,Hunts Point Ave,10474,40.81756,-73.88848,2027620015,geosearch,"844 HUNT'S POINT AVENUE, Bronx, NY, USA",2006425,18481.04,2027,False,46320.0,10620.0,844 HUNTS POINT LLC,S2,True,True,False,,False,0.0,,,,,,,,none
snap,1571769,20r Grocery Store Corporation  ,"1300 LAFAYETTE AVE, Bronx, NY 10474",1300,Lafayette Ave,10474,40.81667,-73.88691,2027630215,geosearch,"1300 LAFAYETTE AVENUE, Bronx, NY, USA",2006551,595355.52,2027,True,1320750.0,40500.0,ARO 770 FAILE REALTY LLC,C7,True,True,False,,False,0.0,,,,,,,,none
snap,1247994,3030 Deli Grocery Inc  ,"1095 E 165TH ST, Bronx, NY 10459",1095,E 165th St,10459,40.82515,-73.88979,2027500009,geosearch,"1095 EAST 165 STREET, Bronx, NY, USA",2006141,13542.88,2027,False,404100.0,76950.0,"PARK LEVY, LLC",S9,True,True,False,,False,0.0,,,,,,,,none
snap,510974,422 Westchester Fruit Vegetable & Grocery Inc  ,"966 LONGWOOD AVE, Bronx, NY 10459",966,Longwood Ave,10459,40.81738,-73.89812,2027080046,geosearch,"966 LONGWOOD AVENUE, Bronx, NY, USA",2005569,,,,819900.0,99000.0,783 BECK ST. HSING DVLPM,D7,True,False,False,,False,0.0,,,,,,,,none
snap,951921,543 DELI CORP  ,"543 SOUTHERN BLVD, Bronx, NY 10455",543,Southern Blvd,10455,40.81226,-73.90388,2026830001,geosearch,"543 SOUTHERN BOULEVARD, Bronx, NY, USA",2005080,369908.16,2027,True,921600.0,135000.0,WMM REALTY LLC,K1,True,True,False,,False,0.0,,,,,,,,none
snap,1182229,543 North Deli Grocery Inc  ,"543 SOUTHERN BLVD, Bronx, NY 10455",543,Southern Blvd,10455,40.81224,-73.90384,2026830001,geosearch,"543 SOUTHERN BOULEVARD, Bronx, NY, USA",2005080,369908.16,2027,True,921600.0,135000.0,WMM REALTY LLC,K1,True,True,False,,False,0.0,,,,,,,,none
snap,1648445,543 North Deli Grocery Inc  ,"543 SOUTHERN BLVD, Bronx, NY 10455",543,Southern Blvd,10455,40.81237,-73.90393,2026830001,geosearch,"543 SOUTHERN BOULEVARD, Bronx, NY, USA",2005080,369908.16,2027,True,921600.0,135000.0,WMM REALTY LLC,K1,True,True,False,,False,0.0,,,,,,,,none
snap,1194011,548 Grocery Deli Inc  ,"548 SOUTHERN BLVD, Bronx, NY 10455",548,Southern Blvd,10455,40.81219,-73.9038,2026037501,geosearch,"548 SOUTHERN BOULEVARD, Bronx, NY, USA",2004121,,,,2158650.0,118350.0,CORNER VIEW RESIDENCE LLC,RM,True,False,False,,False,,,,,,,,,none
snap,909221,561 Southern Food Corp  ,"561D SOUTHERN BLVD, Bronx, NY 10455",561D,Southern Blvd,10455,40.8124,-73.90337,2026830045,geosearch,"561D SOUTHERN BOULEVARD, Bronx, NY, USA",2116552,372949.92,2027,True,1011150.0,180000.0,NEW ERA ESTATE INC,K1,True,True,False,,False,0.0,,,,,,,,none
snap,240733,564 GROCERY INC  ,"564 SOUTHERN BLVD, Bronx, NY 10455",564,Southern Blvd,10455,40.81248,-73.90279,2026030011,geosearch,"564 SOUTHERN BOULEVARD, Bronx, NY, USA",2004123,275517.6,2027,True,719550.0,146250.0,564 SOUTHERN BLVD LLC,K2,True,True,False,,False,0.0,,,,,,,,none
snap,830569,585 Altagracia Grocery Corp  ,"585 SOUTHERN BLVD, Bronx, NY 10455",585,Southern Blvd,10455,40.81259,-73.90274,2026830035,geosearch,"585 SOUTHERN BOULEVARD, Bronx, NY, USA",2005082,430986.72,2027,True,1109700.0,180000.0,JAYDEE REALTY LLC,K1,True,True,False,,False,0.0,,,,,,,,none
snap,1056571,639-641 Grocery Corp  ,"639 SOUTHERN BLVD, Bronx, NY 10455",639,Southern Blvd,10455,40.81304,-73.90115,2026830100,geosearch,"639 SOUTHERN BOULEVARD, Bronx, NY, USA",2005092,760735.0,2027,False,1388250.0,139500.0,1021-1027 AVE ST. JOHN HOUSING DEVELOP F UND CORP,C6,True,True,False,,False,0.0,,,,,,,,none
snap,826586,639-641 Southern Boulevard Inc  ,"639 SOUTHERN BLVD, Bronx, NY 10455",639,Southern Blvd,10455,40.81304,-73.90115,2026830100,geosearch,"639 SOUTHERN BOULEVARD, Bronx, NY, USA",2005092,760735.0,2027,False,1388250.0,139500.0,1021-1027 AVE ST. JOHN HOUSING DEVELOP F UND CORP,C6,True,True,False,,False,0.0,,,,,,,,none
snap,1498571,670 Toledo Grocery Corp  ,"670 BARRETTO ST, Bronx, NY 10474",670,Barretto St,10474,40.81393,-73.88908,2027650198,geosearch,"670 BARRETTO STREET, Bronx, NY, USA",2006623,193942.24,2027,True,538650.0,34200.0,MELSY RLTY CP,C7,True,True,False,,False,0.0,,,,,,,,none
snap,1142908,671 Kelly Deli Grocery Inc  ,"671 KELLY ST, Bronx, NY 10455",671,Kelly Street,10455,40.8154,-73.90233,2026860005,geosearch,"671 KELLY STREET, Bronx, NY, USA",2005122,250730.64,2027,False,313650.0,48150.0,671 KELLY STREET HOUSING DEVELOPMENT FUN D CORP.,C7,True,True,False,,False,0.0,,,,,,,,none
snap,647136,698 GROCERY INC  ,"698 BECK ST, Bronx, NY 10455",698,Beck St,10455,40.81491,-73.90051,2026840068,geosearch,"698 BECK STREET, Bronx, NY, USA",2005098,358033.76,2027,True,1458450.0,120150.0,BRONX BROOKLYN HOUSING DEVELOPMENT FUND  CORPORATIO,C7,True,True,False,,False,0.0,,,,,,,,none
snap,797350,699 BECK ST. GROCERY CORP  ,"699 BECK ST, Bronx, NY 10455",699,Beck St,10455,40.81502,-73.90044,2026850056,geosearch,"699 BECK STREET, Bronx, NY, USA",2005113,127579.36,2027,True,270900.0,40050.0,BECK STREET REALTY LLC,C7,True,True,False,,False,0.0,,,,,,,,none
snap,904780,7-Eleven#39045A  ,"1081 LEGGETT AVE, Bronx, NY 10474",1081,Leggett Ave,10474,40.81235,-73.89631,2027360021,geosearch,"1081 LEGGETT AVENUE, Bronx, NY, USA",2094342,244587.68,2027,True,631350.0,225000.0,"SINGH, KULDIP",G3,True,True,False,,False,0.0,,,,,,,,none
snap,1641074,703 Habibi Halal Deli Inc 1,"703 SOUTHERN BLVD, Bronx, NY 10455",703,Southern Blvd,10455,40.81378,-73.89915,2027200041,geosearch,"703 SOUTHERN BOULEVARD, Bronx, NY, USA",2005724,52165.2,2027,False,3267000.0,292500.0,1025-1027 LEGGETT AVENUE HDFC,C6,True,True,False,,False,0.0,,,,,,,,none
snap,1012067,801 Hunts Point Deli Corp  ,"801 HUNTS POINT AVE, Bronx, NY 10474",801,Hunts Point Ave,10474,40.81662,-73.88808,2027400039,geosearch,"801 HUNT'S POINT AVENUE, Bronx, NY, USA",2005958,2865524.32,2027,True,1402650.0,94050.0,NEW 1275 LAFAYETTE,C7,True,True,False,,True,2.0,MLEA,,,,,,,acris_lease_no_amount
snap,1012067,801 Hunts Point Deli Corp  ,"801 HUNTS POINT AVE, Bronx, NY 10474",801,Hunts Point Ave,10474,40.81662,-73.88808,2027400039,geosearch,"801 HUNT'S POINT AVENUE, Bronx, NY, USA",2005958,2865524.32,2027,True,1402650.0,94050.0,NEW 1275 LAFAYETTE,C7,True,True,False,,True,2.0,MLEA,,,,,,,acris_lease_no_amount
snap,378697,848 HUNTS POINT DELI GROCERY INC  ,"848 HUNTS POINT AVE, Bronx, NY 10474",848,Hunts Point Ave,10474,40.81775,-73.88854,2027620016,geosearch,"848 HUNT'S POINT AVENUE, Bronx, NY, USA",2006426,91351.36,2027,True,328500.0,14400.0,"CEHP HOUSING DEVELOPMENT FUND COMPANY, I NC.",C7,True,True,False,,False,0.0,,,,,,,,none
snap,1389353,848 Stop 1 Deli Grocery Inc  ,"848 HUNTS POINT AVE, Bronx, NY 10474",848,Hunts Point Ave,10474,40.81768,-73.88838,2027620016,geosearch,"848 HUNT'S POINT AVENUE, Bronx, NY, USA",2006426,91351.36,2027,True,328500.0,14400.0,"CEHP HOUSING DEVELOPMENT FUND COMPANY, I NC.",C7,True,True,False,,False,0.0,,,,,,,,none
snap,1068367,862 Food Corp/Food Dynasty  ,"862 HUNTS POINT AVE, Bronx, NY 10474",862,Hunts Point Ave,10474,40.81823,-73.88889,2027620042,geosearch,"862 HUNT'S POINT AVENUE, Bronx, NY, USA",2129776,40795.04,2027,True,1351800.0,106650.0,"JOEY. K. REALTY, INC",C7,True,True,False,,False,0.0,,,,,,,,none
snap,681518,869 DELI GROCERY CORP  ,"865 E 149TH ST, Bronx, NY 10455",865,E 149th St,10455,40.81169,-73.90358,2026030051,geosearch,"865 EAST 149 STREET, Bronx, NY, USA",2096003,152969.92,2027,True,399600.0,133200.0,M.T.S. REALTY CORP,K1,True,True,False,,False,0.0,,,,,,,,none
snap,1306261,901 Gourmet Deli Corp  ,"901 SOUTHERN BLVD, Bronx, NY 10459",901,Southern Blvd,10459,40.81959,-73.8929,2027230068,geosearch,"901 SOUTHERN BOULEVARD, Bronx, NY, USA",2005768,811144.64,2027,True,622800.0,40500.0,901 REALTY LLC,C7,True,True,False,,False,0.0,,,,,,,,none
snap,986545,908 Garcia Fruits & Grocery Corp  ,"908 E 163RD ST, Bronx, NY 10459",908,E 163rd St,10459,40.82095,-73.8979,2026960103,geosearch,"908 EAST 163 STREET, Bronx, NY, USA",2005349,343928.48,2027,True,808650.0,28350.0,LOUCADO REALTY CORP.,C7,True,True,False,,False,0.0,,,,,,,,none
snap,665388,931 DELI-GROCERY CORP  ,"931 FOX ST, Bronx, NY 10459",931,Fox St,10459,40.82077,-73.89391,2027120028,geosearch,"931 FOX STREET, Bronx, NY, USA",2005635,66431.84,2027,True,1361700.0,52200.0,QUADRANT PROPERTIES HOUSING DEVELOPMENT,D7,True,True,False,,False,0.0,,,,,,,,none
snap,1304083,947 Deli Grocery Corp  ,"947 E 163RD ST, Bronx, NY 10459",947,E 163rd St,10459,40.82106,-73.89606,2027030053,geosearch,"947 EAST 163 STREET, Bronx, NY, USA",2005463,812092.64,2027,True,1694700.0,140850.0,EAST 163RD,D7,True,True,False,,True,1.0,LEAS,,,,,,,acris_lease_no_amount
snap,1083359,950 Fair Food Corp/Fine Fare Supermarket  ,"950 WESTCHESTER AVE, Bronx, NY 10459",950,Westchester Ave,10459,40.82236,-73.89603,2027037501,geosearch,"950 WESTCHESTER AVENUE, Bronx, NY, USA",2114693,,,,9337049.0,449999.0,UNAVAILABLE OWNER,RM,True,False,False,,False,,,,,,,,,none
snap,1002656,950 Food Corp/Price Choice Supermarket  ,"950 WESTCHESTER AVE, Bronx, NY 10459",950,Westchester Ave,10459,40.82235,-73.89628,2027037501,geosearch,"950 WESTCHESTER AVENUE, Bronx, NY, USA",2114693,,,,9337049.0,449999.0,UNAVAILABLE OWNER,RM,True,False,False,,False,,,,,,,,,none
snap,840869,971 Grocery Store Corp  ,"971A WESTCHESTER AVE, Bronx, NY 10459",971A,Westchester Ave,10459,40.82299,-73.89529,2027150035,geosearch,"971A WESTCHESTER AVENUE, Bronx, NY, USA",2005667,684767.28,2027,False,562950.0,36000.0,WESTBERT REALTY CORP,C7,True,True,False,,False,0.0,,,,,,,,none
snap,833172,99 C Brands Inc.  ,"836 HUNTS POINT AVE, Bronx, NY 10474",836,Hunts Point Ave,10474,40.81739,-73.88839,2027620012,geosearch,"836 HUNTS POINT AVENUE, Bronx, NY, USA",2006422,19057.76,2027,False,99000.0,45000.0,"836 HUNTS POINT, LLC",K1,True,True,False,,False,0.0,,,,,,,,none
snap,864285,99 Cent Days & Discount Inc.  ,"901 SOUTHERN BLVD, Bronx, NY 10459",901,Southern Blvd,10459,40.81951,-73.89297,2027230068,geosearch,"901 SOUTHERN BOULEVARD, Bronx, NY, USA",2005768,811144.64,2027,True,622800.0,40500.0,901 REALTY LLC,C7,True,True,False,,False,0.0,,,,,,,,none
snap,988221,99 Cent Discount King Inc  ,"953 SOUTHERN BLVD, Bronx, NY 10459",953,Southern Blvd,10459,40.82141,-73.89172,2027240186,geosearch,"953 SOUTHERN BOULEVARD, Bronx, NY, USA",2005787,3597192.48,2027,True,9969750.0,1395000.0,953 SB LLC,O5,True,True,False,,True,1.0,MLEA,,,,,,,acris_lease_no_amount
snap,798328,99 CENT EXPRESS INC  ,"789 SOUTHERN BLVD, Bronx, NY 10455",789,Southern Blvd,10455,40.816,-73.89659,2027200076,geosearch,"789 SOUTHERN BOULEVARD, Bronx, NY, USA",2005732,192025.44,2027,False,288000.0,99000.0,SKYVIEW 1 REALTY LLC,K1,True,True,False,,False,0.0,,,,,,,,none
snap,1120190,99 Cents Of Southern Inc  ,"789 SOUTHERN BLVD, Bronx, NY 10455",789,Southern Blvd,10455,40.816,-73.89659,2027200076,geosearch,"789 SOUTHERN BOULEVARD, Bronx, NY, USA",2005732,192025.44,2027,False,288000.0,99000.0,SKYVIEW 1 REALTY LLC,K1,True,True,False,,False,0.0,,,,,,,,none
snap,796580,99 CENTS PLUS DISCOUNT & HAIR SUPPLY INC  ,"844 HUNTS POINT AVE, Bronx, NY 10474",844,Hunts Point Ave,10474,40.81756,-73.88848,2027620015,geosearch,"844 HUNT'S POINT AVENUE, Bronx, NY, USA",2006425,18481.04,2027,False,46320.0,10620.0,844 HUNTS POINT LLC,S2,True,True,False,,False,0.0,,,,,,,,none
snap,1055275,99c Us1  ,"1041 E 163RD ST, Bronx, NY 10459",1041,E 163rd St,10459,40.82105,-73.89138,2027420003,geosearch,"1041 EAST 163 STREET, Bronx, NY, USA",2094367,2970772.64,2027,True,7030800.0,2250000.0,940 SOUTHERN BOULEVA,K1,True,True,False,,False,0.0,,,,,,,,none
snap,1108520,A & G Deli Grocery Corp  ,"931 FOX ST, Bronx, NY 10459",931,Fox St,10459,40.82073,-73.894,2027120028,geosearch,"931 FOX STREET, Bronx, NY, USA",2005635,66431.84,2027,True,1361700.0,52200.0,QUADRANT PROPERTIES HOUSING DEVELOPMENT,D7,True,True,False,,False,0.0,,,,,,,,none
snap,1222029,A & G Deli Grocery II Corp  ,"976 PROSPECT AVE, Bronx, NY 10459",976,Prospect Ave,10459,40.82335,-73.90006,2026900119,geosearch,"976 PROSPECT AVENUE, Bronx, NY, USA",2005212,359467.2,2027,True,746100.0,28350.0,850 REALTY ASSOCIATES LLC,C7,True,True,False,,False,0.0,,,,,,,,none
snap,1289222,A & G Deli Grocery Iii Corp  ,"948 E 163RD ST, Bronx, NY 10459",948,E 163rd St,10459,40.82093,-73.89596,2027030018,geosearch,"948 EAST 163 STREET, Bronx, NY, USA",2005453,203841.6,2027,True,744750.0,38250.0,KELLY STREET REDEVELOPMENT HOUSING DEVEL OPMENT FUN,C7,True,True,False,,False,0.0,,,,,,,,none
snap,1289222,A & G Deli Grocery Iii Corp  ,"948 E 163RD ST, Bronx, NY 10459",948,E 163rd St,10459,40.82093,-73.89596,2027030018,geosearch,"948 EAST 163 STREET, Bronx, NY, USA",2005453,203841.6,2027,True,744750.0,38250.0,KELLY STREET REDEVELOPMENT HOUSING DEVEL OPMENT FUN,C7,True,True,False,,False,0.0,,,,,,,,none
snap,1648819,A & Z Gourmet Deli Corp  ,"770 HUNTS POINT AVE, Bronx, NY 10474",770,Hunts Point Ave,10474,40.81631,-73.88741,2027630212,geosearch,"770 HUNTS POINT AVENUE, Bronx, NY, USA",2006550,21772.0,2027,False,112500.0,9900.0,MCCANN REALTY CORP.,K1,True,True,False,,False,0.0,,,,,,,,none
snap,982838,A &M Grocery and Candy Corp  ,"872 HUNTS POINT AVE, Bronx, NY 10474",872,Hunts Point Ave,10474,40.81872,-73.88915,2027610001,geosearch,"872 HUNT'S POINT AVENUE, Bronx, NY, USA",2006318,683345.92,2027,True,921150.0,189000.0,870 HUNTS POINT RLTYGRO,K1,True,True,False,,False,0.0,,,,,,,,none
snap,1070975,A Z Deli Inc  ,"1093A SOUTHERN BLVD, Bronx, NY 10459",1093A,Southern Blvd,10459,40.82595,-73.89199,2027270045,geosearch,"1093A SOUTHERN BOULEVARD, Bronx, NY, USA",2005806,284301.12,2027,True,1014300.0,157950.0,1087 SOUTHERN REALTY LLC,K4,True,True,False,,False,0.0,,,,,,,,none
snap,1178797,A&O Deli Grocery Corp  ,"922 BARRETTO ST, Bronx, NY 10459",922,Barretto St,10459,40.81947,-73.89317,2027230068,geosearch,"922 BARRETTO STREET, Bronx, NY, USA",2005768,811144.64,2027,True,622800.0,40500.0,901 REALTY LLC,C7,True,True,False,,False,0.0,,,,,,,,none
snap,1029143,A.J.B. Deli Grocery Inc  ,"701 COSTER ST, Bronx, NY 10474",701,Coster St,10474,40.81442,-73.8875,2027630105,geosearch,"701 COSTER STREET, Bronx, NY, USA",2006510,11968.68,2027,False,117900.0,15750.0,MOUNT SINAI CHRISTIAN CH,M9,True,True,False,,False,0.0,,,,,,,,none
snap,872167,A1 Depot Inc  ,"1195 SPOFFORD AVE, Bronx, NY 10474",1195,Spofford Ave,10474,40.81379,-73.89139,2027370134,geosearch,"1195 SPOFFORD AVENUE, Bronx, NY, USA",2005936,29289.6,2027,False,139950.0,20700.0,BISOLA DIST,E9,True,True,False,,False,0.0,,,,,,,,none
snap,477125,AA SABA DELI & GROCERY  ,"870 PROSPECT AVE, Bronx, NY 10459",870,Prospect Ave,10459,40.82028,-73.90129,2026900001,geosearch,"870 PROSPECT AVENUE, Bronx, NY, USA",2005189,608058.72,2027,True,788400.0,80100.0,864 HOLDING LLC,K4,True,True,False,,False,0.0,,,,,,,,none
snap,1266903,AAA Biz Net Inc/ AAA Deli and Grocery  ,"978 LONGWOOD AVE, Bronx, NY 10459",978,Longwood Ave,10459,40.81713,-73.89767,2027070060,geosearch,"978 LONGWOOD AVENUE, Bronx, NY, USA",2005537,1057911.36,2027,True,855450.0,36000.0,"FRASER'S MULTICO, INC.",C7,True,True,False,,True,1.0,MLEA,,,,,,,acris_lease_no_amount
snap,1376307,"Aarons Corner Deli, Llc  ","1251 REV JAMES A POLITE AVE, Bronx, NY 10459",1251,Rev James A Polite Ave,10459,40.82857,-73.89658,2026940024,geosearch,"1251 REV JAMES A POLITE AVENUE, Bronx, NY, USA",2005311,18176.64,2027,False,453150.0,58950.0,1251 REV JAMES LLC,S3,True,True,False,,False,0.0,,,,,,,,none
snap,1507967,Aayan Fruits & Vegetables Inc  ,"547 SOUTHERN BLVD, Bronx, NY 10455",547,Southern Blvd,10455,40.81243,-73.90369,2026830052,geosearch,"547 SOUTHERN BOULEVARD, Bronx, NY, USA",2005088,292569.06,2027,False,420750.0,53100.0,547 SOUTHERN BOULEVARD HDFC,C6,True,True,False,,False,0.0,,,,,,,,none
snap,1136895,Abdus Salam GREEN CART  ,"953 SOUTHERN BLVD, Bronx, NY 10459",953,Southern Blvd,10459,40.82143,-73.89169,2027240186,geosearch,"953 SOUTHERN BOULEVARD, Bronx, NY, USA",2005787,3597192.48,2027,True,9969750.0,1395000.0,953 SB LLC,O5,True,True,False,,True,1.0,MLEA,,,,,,,acris_lease_no_amount
snap,739784,Acosta Deli Grocery Inc  ,"590 SOUTHERN BLVD, Bronx, NY 10455",590,Southern Blvd,10455,40.81277,-73.90179,2026030024,geosearch,"590 SOUTHERN BOULEVARD, Bronx, NY, USA",2004128,451889.46,2027,False,713700.0,28350.0,590 SOUTHERN BLVD HDFC,C6,True,True,False,,True,1.0,LEAS,,,,,,,acris_lease_no_amount
snap,1113129,Al-Bathaa Deli Grocery Corp  ,"870 PROSPECT AVE, Bronx, NY 10459",870,Prospect Ave,10459,40.82028,-73.90129,2026900001,geosearch,"870 PROSPECT AVENUE, Bronx, NY, USA",2005189,608058.72,2027,True,788400.0,80100.0,864 HOLDING LLC,K4,True,True,False,,False,0.0,,,,,,,,none
snap,895644,ALANTE ALANTE DELI GROCERY CORP  ,"1006 INTERVALE AVE, Bronx, NY 10459",1006,INTERVALE AVENUE,10459,40.8234,-73.89684,2027040016,geosearch,"1006 INTERVALE AVENUE, Bronx, NY, USA",2005470,366169.44,2027,True,781200.0,33750.0,1006 INTERVALE AVE LLC,C7,True,True,False,,False,0.0,,,,,,,,none
snap,1150883,Aldus 99 Cents Discount Store Corp / 99 Cents Disc  ,"951 HOE AVE, Bronx, NY 10459",951,Hoe Ave,10459,40.8221,-73.89037,2027427501,geosearch,"951 HOE AVENUE, Bronx, NY, USA",2113353,,,,12377700.0,649800.0,962 ALDUS STREET CONDO,RM,True,False,False,,False,,,,,,,,,none
snap,1150883,Aldus 99 Cents Discount Store Corp / 99 Cents Disc  ,"951 HOE AVE, Bronx, NY 10459",951,Hoe Ave,10459,40.8221,-73.89037,2027427501,geosearch,"951 HOE AVENUE, Bronx, NY, USA",2113353,,,,12377700.0,649800.0,962 ALDUS STREET CONDO,RM,True,False,False,,False,,,,,,,,,none
snap,751347,Aldus Fruit & Meat Market  ,"953-75 ALDUS ST, Bronx, NY 10459",953-75,Aldus St,10459,40.82319,-73.89074,2027430055,geosearch,"953 ALDUS STREET, Bronx, NY, USA",2092021,2032568.32,2027,True,1020150.0,56700.0,953-957 RESCUE CORP,C7,True,True,False,,False,0.0,,,,,,,,none
snap,773329,Alex Grocery Inc  ,"1114 WESTCHESTER AVE, Bronx, NY 10459",1114,Westchester Ave,10459,40.82552,-73.89021,2027500008,geosearch,"1114 WESTCHESTER AVENUE, Bronx, NY, USA",2006140,33167.04,2027,False,48840.0,8400.0,1114 JONAS CORP.,S2,True,True,False,,False,0.0,,,,,,,,none
snap,1395758,Alexis Deli & Grocery  ,"945 ALDUS ST, Bronx, NY 10459",945,Aldus St,10459,40.82312,-73.89143,2027430001,geosearch,"945 ALDUS STREET, Bronx, NY, USA",2006015,937432.96,2027,True,2011500.0,201600.0,ZALE MGMT CORP,C7,True,True,False,,False,0.0,,,,,,,,none
snap,873880,Ali Baba Gourmet Deli Corp  ,"703 SOUTHERN BLVD, Bronx, NY 10455",703,Southern Blvd,10455,40.81362,-73.89912,2027200041,geosearch,"703 SOUTHERN BOULEVARD, Bronx, NY, USA",2005724,52165.2,2027,False,3267000.0,292500.0,1025-1027 LEGGETT AVENUE HDFC,C6,True,True,False,,False,0.0,,,,,,,,none
snap,918966,Aljaned Middle Eastern Supermarket Corp  ,"976 INTERVALE AVE, Bronx, NY 10459",976,Intervale Ave,10459,40.82251,-73.89684,2027040001,geosearch,"976 INTERVALE AVENUE, Bronx, NY, USA",2005464,211471.04,2027,True,496800.0,106200.0,FOXHURST CENTER LLC,K1,True,True,False,,False,0.0,,,,,,,,none
snap,374526,ALMANZAR GROCERY & FOOD CORP  ,"854 INTERVALE AVE, Bronx, NY 10459",854,Intervale Ave,10459,40.81799,-73.89557,2027220001,geosearch,"854 INTERVALE AVENUE, Bronx, NY, USA",2087653,68037.36,2027,False,384750.0,24750.0,854 INTERVALE AVE HDFC,C6,True,True,False,,False,0.0,,,,,,,,none
snap,374526,ALMANZAR GROCERY & FOOD CORP  ,"854 INTERVALE AVE, Bronx, NY 10459",854,Intervale Ave,10459,40.81799,-73.89557,2027220001,geosearch,"854 INTERVALE AVENUE, Bronx, NY, USA",2087653,68037.36,2027,False,384750.0,24750.0,854 INTERVALE AVE HDFC,C6,True,True,False,,False,0.0,,,,,,,,none
snap,926380,Alnabil 83 Deli Grocery Inc  ,"900 HOE AVE, Bronx, NY 10459",900,Hoe Ave,10459,40.82135,-73.89024,2027460001,geosearch,"900 HOE AVENUE, Bronx, NY, USA",2006072,976436.64,2027,True,1962450.0,139500.0,900 HOE REALTY 1 LLC,C7,True,True,False,,False,0.0,,,,,,,,none
snap,929289,Amelia Grocery Store Inc  ,"954 PROSPECT AVE, Bronx, NY 10459",954,Prospect Ave,10459,40.82255,-73.90039,2026900105,geosearch,"954 PROSPECT AVENUE, Bronx, NY, USA",2005207,771727.32,2027,False,348750.0,45000.0,954 PROPERTIES CORP.,C4,True,True,False,,False,0.0,,,,,,,,none
snap,973797,American 99 Of Southern Blvd.  ,"561B SOUTHERN BLVD, Bronx, NY 10455",561B,Southern Blvd,10455,40.8124,-73.90337,2026830045,geosearch,"561 SOUTHERN BOULEVARD, Bronx, NY, USA",2088194,372949.92,2027,True,1011150.0,180000.0,NEW ERA ESTATE INC,K1,True,True,False,,False,0.0,,,,,,,,none
snap,1060037,Angel Vila - Simpson Street Fruit Market GC  ,"1000 SIMPSON ST, Bronx, NY 10459",1000,Simpson St,10459,40.82331,-73.89285,2027247502,geosearch,"1000 SIMPSON STREET, Bronx, NY, USA",2113504,,,,15536610.0,1159560.0,PRC WESTCHESTER AVENUE LLC,RR,True,False,False,,False,,,,,,,,,none
snap,451624,ANTHONY'S SUPERMARKET  ,"1218 WESTCHESTER AVE, Bronx, NY 10459",1218,Westchester Ave,10459,40.82606,-73.88909,2027500022,geosearch,"1218 WESTCHESTER AVENUE, Bronx, NY, USA",2006148,4337470.08,2027,True,2519100.0,81000.0,NEIGHBORHOOD RENEWAL HOUSING DEVELOPMENT  FUND CORP,C7,True,True,False,,False,0.0,,,,,,,,none
snap,1269630,Antillana Fresh Meat Market  ,"1025 WESTCHESTER AVE, Bronx, NY 10459",1025,Westchester Ave,10459,40.82405,-73.89321,2027260070,geosearch,"1025 WESTCHESTER AVENUE, Bronx, NY, USA",2095487,157304.8,2027,True,375300.0,112500.0,1025 WESTCHESTER PRPRTS,K1,True,True,False,,False,0.0,,,,,,,,none
snap,455068,ANTONIO BAEZ GROCERY STORE  ,"796 SOUTHERN BLVD, Bronx, NY 10455",796,Southern Blvd,10455,40.81613,-73.89637,2027290070,geosearch,"796 SOUTHERN BOULEVARD, Bronx, NY, USA",2005828,169528.32,2027,True,468900.0,67500.0,790-792 L.L.C.,K2,True,True,False,,False,0.0,,,,,,,,none
snap,1110027,Antonio Hernandez GREEN CART  ,"1018 SOUTHERN BLVD, Bronx, NY 10459",1018,Southern Blvd,10459,40.82359,-73.89176,2029807501,geosearch,"1308 SOUTHERN BOULEVARD, Bronx, NY, USA",2115231,,,,752250.0,47100.0,UNAVAILABLE OWNER,RM,True,False,False,,False,,,,,,,,,none
snap,784612,Asociados Meat Market Inc  ,"1025 WESTCHESTER AVE, Bronx, NY 10459",1025,Westchester Ave,10459,40.82417,-73.89302,2027260070,geosearch,"1025 WESTCHESTER AVENUE, Bronx, NY, USA",2095487,157304.8,2027,True,375300.0,112500.0,1025 WESTCHESTER PRPRTS,K1,True,True,False,,False,0.0,,,,,,,,none
snap,452248,B & ME FOOD CORP  ,"1050 WESTCHESTER AVE, Bronx, NY 10459",1050,Westchester Ave,10459,40.82492,-73.89136,2027430025,geosearch,"1050 WESTCHESTER AVENUE, Bronx, NY, USA",2006022,3711175.84,2027,True,3884850.0,195750.0,DTRD REALTY LLC,D9,True,True,False,,False,0.0,,,,,,,,none
snap,953344,BARRETO DELI & GROCERY STORE INC  ,"922 BARRETO ST, Bronx, NY 10459",922,BARRETO STREET,10459,40.81957,-73.89333,2027230068,geosearch,"922 BARRETTO STREET, Bronx, NY, USA",2005768,811144.64,2027,True,622800.0,40500.0,901 REALTY LLC,C7,True,True,False,,False,0.0,,,,,,,,none
snap,753794,Bashar Deli Grocery  ,"1126 WESTCHESTER AVE, Bronx, NY 10459",1126,Westchester Ave,10459,40.82568,-73.8899,2027500013,geosearch,"1126 WESTCHESTER AVENUE, Bronx, NY, USA",2006145,9477.04,2027,False,53580.0,9660.0,JONAS 1126 CORP.,S1,True,True,False,,False,0.0,,,,,,,,none
snap,799365,BELLA GROCERY  ,"671 KELLY ST, Bronx, NY 10455",671,kelly st,10455,40.8154,-73.90233,2026860005,geosearch,"671 KELLY STREET, Bronx, NY, USA",2005122,250730.64,2027,False,313650.0,48150.0,671 KELLY STREET HOUSING DEVELOPMENT FUN D CORP.,C7,True,True,False,,False,0.0,,,,,,,,none
snap,1490289,Berakah Foods  ,"1240 RANDALL AVE, Bronx, NY 10474",1240,Randall Ave,10474,40.81172,-73.88817,2027680241,geosearch,"1240 RANDALL AVENUE, Bronx, NY, USA",2006801,197412.0,2027,True,488700.0,110700.0,RANDALL PROPERTY CORP,F4,True,True,False,,False,0.0,,,,,,,,none
snap,535940,BERENICE GROCERY INC  ,"831 DAWSON ST, Bronx, NY 10459",831,Dawson St,10459,40.81867,-73.89883,2026960075,geosearch,"831 DAWSON STREET, Bronx, NY, USA",2005347,18277.68,2027,True,1172250.0,67950.0,830 SHEVA REALTY HOUSING DEVELOPMNET FUN D CORP,C7,True,True,False,,False,0.0,,,,,,,,none
snap,1156873,Best 99 & Up Store Inc.  ,"1041 E 163RD ST, Bronx, NY 10459",1041,E 163rd St,10459,40.82102,-73.89133,2027420003,geosearch,"1041 EAST 163 STREET, Bronx, NY, USA",2094367,2970772.64,2027,True,7030800.0,2250000.0,940 SOUTHERN BOULEVA,K1,True,True,False,,False,0.0,,,,,,,,none
snap,1203142,Best African Market  ,"946 PROSPECT AVE, Bronx, NY 10459",946,Prospect Ave,10459,40.82254,-73.90039,2026900100,geosearch,"946 PROSPECT AVENUE, Bronx, NY, USA",2005206,419547.68,2027,True,977400.0,73800.0,PROSPECT AVE ESTATES LLC,C7,True,True,False,,False,0.0,,,,,,,,none
snap,1172538,Best African Market Corp 1,"946 PROSPECT AVE, Bronx, NY 10459",946,Prospect Ave,10459,40.82254,-73.90039,2026900100,geosearch,"946 PROSPECT AVENUE, Bronx, NY, USA",2005206,419547.68,2027,True,977400.0,73800.0,PROSPECT AVE ESTATES LLC,C7,True,True,False,,False,0.0,,,,,,,,none
snap,1431275,Best Day & Night Deli Grocery Corp. n/a,"1017 LEGGETT AVE, Bronx, NY 10455",1017,Leggett Ave,10455,40.81421,-73.89952,2027200001,geosearch,"1017 LEGGETT AVENUE, Bronx, NY, USA",2005719,1253269.12,2027,True,1339650.0,59400.0,1272 HOLDING LTD,C7,True,True,False,,False,0.0,,,,,,,,none
snap,1137099,Black Deli Grocery Corp.  ,"1026 PROSPECT AVE, Bronx, NY 10459",1026,Prospect Ave,10459,40.82435,-73.89965,2026910005,geosearch,"1026 PROSPECT AVENUE, Bronx, NY, USA",2005235,4485.36,2027,False,61380.0,3660.0,"EVANS, DAPHNE",S1,True,True,False,,False,0.0,,,,,,,,none
snap,1196619,Blazing Deals LLC  ,"986 SOUTHERN BLVD, Bronx, NY 10459",986,Southern Blvd,10459,40.8226,-73.89171,2027420030,geosearch,"986 SOUTHERN BOULEVARD, Bronx, NY, USA",2006010,1337089.76,2027,True,3468600.0,530100.0,"GARSTAFF REALTY, LLC",K1,True,True,False,,True,1.0,LEAS,,,,,,,acris_lease_no_amount
snap,748058,Bob's Dollar Mart LLC  ,"938 SOUTHERN BLVD, Bronx, NY 10459",938,Southern Blvd,10459,40.82092,-73.89158,2027350019,geosearch,"938 SOUTHERN BOULEVARD, Bronx, NY, USA",2115003,183752.96,2027,True,474300.0,105300.0,936 SOUTHERN BLVD LLC C/O THE BETESH GRP,K1,True,True,False,,False,0.0,,,,,,,,none
snap,972558,Bronx Saint John Deli Inc  ,"911 AVE SAINT JOHN, Bronx, NY 10455",911,Avenue Saint John,10455,40.81585,-73.90286,2026860013,geosearch,"911 AVENUE ST JOHN, Bronx, NY, USA",2005128,5102.48,2027,False,57600.0,4140.0,"TOYABOW, LLC",S2,True,True,False,,False,0.0,,,,,,,,none
snap,942961,Brother Hood Gourmet Deli Corp  ,"703 SOUTHERN BLVD, Bronx, NY 10455",703,Southern Blvd,10455,40.81362,-73.89912,2027200041,geosearch,"703 SOUTHERN BOULEVARD, Bronx, NY, USA",2005724,52165.2,2027,False,3267000.0,292500.0,1025-1027 LEGGETT AVENUE HDFC,C6,True,True,False,,False,0.0,,,,,,,,none
snap,1424492,Brothers & Bobo LLC  ,"902 HUNTS POINT AVE, Bronx, NY 10474",902,Hunts Point Ave,10474,40.81966,-73.88973,2027410060,geosearch,"902 HUNT'S POINT AVENUE, Bronx, NY, USA",2006005,110792.8,2027,True,288000.0,24300.0,"PENN CENTRAL REALTY, LLC",K1,True,True,False,,False,0.0,,,,,,,,none
snap,1016787,Bryant Grocery Ny Corp  ,"869 BRYANT AVE, Bronx, NY 10474",869,Bryant Ave,10474,40.81892,-73.88675,2027627501,geosearch,"869 BRYANT AVENUE, Bronx, NY, USA",2006460,,,,1620451.0,405001.0,"CHILLUM PLACE, L.L.C.",RM,True,False,False,,False,,,,,,,,,none
snap,1539236,Buena Vista Deli Grocery Corp.  ,"650 PROSPECT AVE, Bronx, NY 10455",650,Prospect Ave,10455,40.81554,-73.9031,2026860001,geosearch,"650 PROSPECT AVENUE, Bronx, NY, USA",2005121,780504.48,2027,True,1665900.0,60750.0,LA PAZ REALTY CORP.,C7,True,True,False,,False,0.0,,,,,,,,none
snap,1413136,Burger Chimi Tropical ,"940 SOUTHERN BLVD, Bronx, NY 10459",940,Southern Blvd,10459,40.82156,-73.89146,2027420003,geosearch,"940 SOUTHERN BOULEVARD, Bronx, NY, USA",2094369,2970772.64,2027,True,7030800.0,2250000.0,940 SOUTHERN BOULEVA,K1,True,True,False,,False,0.0,,,,,,,,none
snap,963234,Cacao Deli Grocery Corp  ,"918 FAILE ST, Bronx, NY 10474",918,Faile St,10474,40.8204,-73.88799,2027610083,geosearch,"918 FAILE STREET, Bronx, NY, USA",2006367,1886569.76,2027,True,1420200.0,50400.0,"LULAV PROPERTIES, LLC",C7,True,True,False,,False,0.0,,,,,,,,none
snap,963234,Cacao Deli Grocery Corp  ,"918 FAILE ST, Bronx, NY 10474",918,Faile St,10474,40.8204,-73.88799,2027610083,geosearch,"918 FAILE STREET, Bronx, NY, USA",2006367,1886569.76,2027,True,1420200.0,50400.0,"LULAV PROPERTIES, LLC",C7,True,True,False,,False,0.0,,,,,,,,none
snap,1319880,Cancun Deli & Grocery Corp  ,"908 E 163RD ST, Bronx, NY 10459",908,E 163rd St,10459,40.82096,-73.89803,2026960103,geosearch,"908 EAST 163 STREET, Bronx, NY, USA",2005349,343928.48,2027,True,808650.0,28350.0,LOUCADO REALTY CORP.,C7,True,True,False,,False,0.0,,,,,,,,none
snap,1400514,Cancun Deli Grocery I  ,"908 E 163RD ST, Bronx, NY 10459",908,E 163rd St,10459,40.82085,-73.89802,2026960103,geosearch,"908 EAST 163 STREET, Bronx, NY, USA",2005349,343928.48,2027,True,808650.0,28350.0,LOUCADO REALTY CORP.,C7,True,True,False,,False,0.0,,,,,,,,none
snap,772714,Canela Food Store  ,"869 BRYANT AVE, Bronx, NY 10474",869,Bryant Ave,10474,40.81892,-73.88675,2027627501,geosearch,"869 BRYANT AVENUE, Bronx, NY, USA",2006460,,,,1620451.0,405001.0,"CHILLUM PLACE, L.L.C.",RM,True,False,False,,False,,,,,,,,,none
snap,766055,Carniceria Hispana  ,"967 E 165TH ST, Bronx, NY 10459",967,E 165th St,10459,40.82399,-73.8945,2027170068,geosearch,"967 EAST 165 STREET, Bronx, NY, USA",2005686,6824.4,2027,False,58680.0,6840.0,963-967 EAST 165TH STREET LLC,S2,True,True,False,,False,0.0,,,,,,,,none
snap,1205162,Carniceria Hispana  ,"967 E 165TH ST, Bronx, NY 10459",967,E 165th St,10459,40.82399,-73.8945,2027170068,geosearch,"967 EAST 165 STREET, Bronx, NY, USA",2005686,6824.4,2027,False,58680.0,6840.0,963-967 EAST 165TH STREET LLC,S2,True,True,False,,False,0.0,,,,,,,,none
snap,320971,CASANOVA MEAT MARKET CORP  ,"888 HUNTS POINT AVE, Bronx, NY 10474",888,Hunts Point Ave,10474,40.81913,-73.88943,2027610006,geosearch,"888 HUNTS POINT AVENUE, Bronx, NY, USA",2006320,850296.8,2027,True,1106100.0,198450.0,870 HUNTS POINT RLTYGRO,K1,True,True,False,,False,0.0,,,,,,,,none
snap,1609305,Casita Maria Deli Corp  ,"1020 E 163RD ST, Bronx, NY 10459",1020,E 163rd St,10459,40.82097,-73.89157,2027237501,geosearch,"1020 EAST 163 STREET, Bronx, NY, USA",2005764,342787.0,2026,False,3844800.0,241200.0,1018 E 163RD STREET HOUSING DEV FUND COR PORATION,RM,True,True,False,,False,,,,,,,,,none
snap,437801,CASTILLO GROCERY MEAT MKT & DELI  ,"1174 GARRISON AVE, Bronx, NY 10474",1174,Garrison Ave,10474,40.82049,-73.88799,2027610083,geosearch,"1174 GARRISON AVENUE, Bronx, NY, USA",2006367,1886569.76,2027,True,1420200.0,50400.0,"LULAV PROPERTIES, LLC",C7,True,True,False,,False,0.0,,,,,,,,none
snap,515140,CESPEDES DELI GROCERY  ,"968 E 165TH ST, Bronx, NY 10459",968,E 165th St,10459,40.8239,-73.89464,2027150053,geosearch,"968 EAST 165 STREET, Bronx, NY, USA",2005669,146487.04,2027,True,343350.0,81450.0,"S.U.S. REAL ESTATE OF BRONX, INC.",K1,True,True,False,,False,0.0,,,,,,,,none
snap,1666168,Champion Market Place  ,"914 PROSPECT AVE, Bronx, NY 10459",914,Prospect Ave,10459,40.82136,-73.90055,2026900024,geosearch,"914 PROSPECT AVENUE, Bronx, NY, USA",2005195,208621.6,2027,False,279450.0,45000.0,"EMMA BELLA REALTY, L.L.C.",K4,True,True,False,,False,0.0,,,,,,,,none
snap,1186501,Channel S Deli Grocery Inc  ,"910 PROSPECT AVE, Bronx, NY 10459",910,Prospect Ave,10459,40.82135,-73.90088,2026900022,geosearch,"910 PROSPECT AVENUE, Bronx, NY, USA",2005194,381305.12,2027,True,766350.0,20250.0,PROSPECT RLTY CORP,C7,True,True,False,,False,0.0,,,,,,,,none
snap,840764,Channel's Deli Grocery  ,"910 PROSPECT AVE, Bronx, NY 10459",910,Prospect Ave,10459,40.82136,-73.90088,2026900022,geosearch,"910 PROSPECT AVENUE, Bronx, NY, USA",2005194,381305.12,2027,True,766350.0,20250.0,PROSPECT RLTY CORP,C7,True,True,False,,False,0.0,,,,,,,,none
snap,1007601,Channel's Grocery Corp  ,"910 PROSPECT AVE, Bronx, NY 10459",910,Prospect Ave,10459,40.82136,-73.90088,2026900022,geosearch,"910 PROSPECT AVENUE, Bronx, NY, USA",2005194,381305.12,2027,True,766350.0,20250.0,PROSPECT RLTY CORP,C7,True,True,False,,False,0.0,,,,,,,,none
snap,781148,Chichi Grocery Corp.  ,"935 E 163RD ST, Bronx, NY 10459",935,E 163rd St,10459,40.82103,-73.89655,2027030025,geosearch,"935 EAST 163 STREET, Bronx, NY, USA",2005456,963763.84,2027,True,2034450.0,56700.0,EAST 163RD LLC,D7,True,True,False,,True,1.0,LEAS,,,,,,,acris_lease_no_amount
snap,781148,Chichi Grocery Corp.  ,"935 E 163RD ST, Bronx, NY 10459",935,E 163rd St,10459,40.82103,-73.89655,2027030025,geosearch,"935 EAST 163 STREET, Bronx, NY, USA",2005456,963763.84,2027,True,2034450.0,56700.0,EAST 163RD LLC,D7,True,True,False,,True,1.0,LEAS,,,,,,,acris_lease_no_amount
snap,781148,Chichi Grocery Corp.  ,"935 E 163RD ST, Bronx, NY 10459",935,E 163rd St,10459,40.82103,-73.89655,2027030025,geosearch,"935 EAST 163 STREET, Bronx, NY, USA",2005456,963763.84,2027,True,2034450.0,56700.0,EAST 163RD LLC,D7,True,True,False,,True,1.0,LEAS,,,,,,,acris_lease_no_amount
snap,1196581,Cinco Hermanos Inc  ,"960 LONGWOOD AVE, Bronx, NY 10459",960,Longwood Ave,10459,40.81749,-73.89824,2027080040,geosearch,"960 LONGWOOD AVENUE, Bronx, NY, USA",2005568,1611338.24,2027,True,1698300.0,67950.0,758 KELLY LLC,D7,True,True,False,,False,0.0,,,,,,,,none
snap,466280,COLONIA PUERTORIQUENA GROC CORP  ,"1012 GARRISON AVE, Bronx, NY 10474",1012,GARRISON AVE,10474,40.81883,-73.89021,2027400001,geosearch,"1012 GARRISON AVENUE, Bronx, NY, USA",2005940,165856.4,2027,True,931500.0,31950.0,HUNTS POINT RESIDENCES HOUSING DEVELOPME NT,D7,True,True,False,,False,0.0,,,,,,,,none
snap,767857,Comercial Mexicano Grocery Store  ,"547 SOUTHERN BLVD, Bronx, NY 10455",547,Southern Blvd,10455,40.81229,-73.90367,2026830052,geosearch,"547 SOUTHERN BOULEVARD, Bronx, NY, USA",2005088,292569.06,2027,False,420750.0,53100.0,547 SOUTHERN BOULEVARD HDFC,C6,True,True,False,,False,0.0,,,,,,,,none
snap,843501,Corner Gourmet Deli Inc  ,"918 HUNTS POINT AVE, Bronx, NY 10474",918,Hunts Point Ave,10474,40.81953,-73.88973,2027410001,geosearch,"918 HUNT'S POINT AVENUE, Bronx, NY, USA",2006003,,,,0.0,0.0,PENN CENTRAL COMPANY,U0,True,False,False,,False,0.0,,,,,,,,none
snap,1248937,Crystal Jaida Grocery Corp  ,"1090 LONGFELLOW AVE, Bronx, NY 10459",1090,Longfellow Ave,10459,40.82607,-73.88781,2027570066,geosearch,"1090 LONGFELLOW AVENUE, Bronx, NY, USA",2006286,32469.28,2027,False,305100.0,52200.0,"BROWN, GARY H",S4,True,True,False,,False,0.0,,,,,,,,none
snap,1203144,CT  Grocery NY  Corp  ,"869 BRYANT AVE, Bronx, NY 10474",869,Bryant Ave,10474,40.8189,-73.88671,2027627501,geosearch,"869 BRYANT AVENUE, Bronx, NY, USA",2006460,,,,1620451.0,405001.0,"CHILLUM PLACE, L.L.C.",RM,True,False,False,,False,,,,,,,,,none
snap,1603201,CT Grocery NY Corp  ,"869 BRYANT AVE, Bronx, NY 10474",869,Bryant Ave,10474,40.81879,-73.88678,2027627501,geosearch,"869 BRYANT AVENUE, Bronx, NY, USA",2006460,,,,1620451.0,405001.0,"CHILLUM PLACE, L.L.C.",RM,True,False,False,,False,,,,,,,,,none
snap,1661482,CT Grocery NY Corp  ,"869 BRYANT AVE, Bronx, NY 10474",869,Bryant Ave,10474,40.81879,-73.88678,2027627501,geosearch,"869 BRYANT AVENUE, Bronx, NY, USA",2006460,,,,1620451.0,405001.0,"CHILLUM PLACE, L.L.C.",RM,True,False,False,,False,,,,,,,,,none
snap,483298,CUERNAVACA DELI  ,"928 SOUTHERN BLVD, Bronx, NY 10459",928,Southern Blvd,10459,40.82047,-73.89188,2027357501,geosearch,"928 SOUTHERN BOULEVARD, Bronx, NY, USA",2005883,,,,2751300.0,112950.0,926 SOUTHERN BLVD LLC,RM,True,False,False,,False,,,,,,,,,none
snap,740422,D & A 724 Food Corp/Food Universe  ,"724 HUNTS POINT AVE, Bronx, NY 10474",724,Hunts Point Ave,10474,40.81546,-73.88652,2027630256,geosearch,"724 HUNT'S POINT AVENUE, Bronx, NY, USA",2006564,302307.84,2027,True,715050.0,63450.0,"724 HUNTS POINT REALTY, LLC",K1,True,True,False,,True,1.0,LEAS,,,,,,,acris_lease_no_amount
snap,1305823,D & L Meat Market Llc  ,"796 HUNTS POINT AVE, Bronx, NY 10474",796,Hunts Point Ave,10474,40.81657,-73.88789,2027630190,geosearch,"796 HUNT'S POINT AVENUE, Bronx, NY, USA",2006548,2140459.32,2027,True,1164600.0,56250.0,1290 LAFAYETTE AVE.HOUSING DVLP FUND COR P.,D7,True,True,False,,False,0.0,,,,,,,,none
snap,1307465,D Mia Grocery Corp  ,"865 E 165TH ST, Bronx, NY 10459",865,E 165th St,10459,40.82395,-73.89918,2026910044,geosearch,"865 EAST 165 STREET, Bronx, NY, USA",2005248,410076.32,2027,True,302400.0,40500.0,"LL SOLUTIONS, LLC",C7,True,True,False,,False,0.0,,,,,,,,none
snap,1607586,D' Lora Corp. ,"814 HEWITT PL, Bronx, NY 10459",814,Hewitt Pl,10459,40.81883,-73.89975,2026960003,geosearch,"814 HEWITT PLACE, Bronx, NY, USA",2005344,135255.6,2027,False,471150.0,20250.0,"BECK STREET CLUSTER, L.P.",C7,True,True,False,,False,0.0,,,,,,,,none
snap,529732,DA & JA DELI & GROCERY CORO  ,"1019 SIMPSON ST, Bronx, NY 10459",1019,Simpson St,10459,40.82226,-73.89296,2027247502,geosearch,"1001 SIMPSON STREET, Bronx, NY, USA",2093937,,,,15536610.0,1159560.0,PRC WESTCHESTER AVENUE LLC,RR,True,False,False,,False,,,,,,,,,none
snap,1019843,Daraliz Deli Corp  ,"699 BECK ST, Bronx, NY 10455",699,Beck St,10455,40.81502,-73.90044,2026850056,geosearch,"699 BECK STREET, Bronx, NY, USA",2005113,127579.36,2027,True,270900.0,40050.0,BECK STREET REALTY LLC,C7,True,True,False,,False,0.0,,,,,,,,none
snap,282240,DAVID'S FOOD CENTER  ,"585 SOUTHERN BLVD, Bronx, NY 10455",585,Southern Blvd,10455,40.81259,-73.90274,2026830035,geosearch,"585 SOUTHERN BOULEVARD, Bronx, NY, USA",2005082,430986.72,2027,True,1109700.0,180000.0,JAYDEE REALTY LLC,K1,True,True,False,,False,0.0,,,,,,,,none
snap,1322217,Dawoud Deli And Grocery Corp  ,"1126 WESTCHESTER AVE, Bronx, NY 10459",1126,Westchester Ave,10459,40.82566,-73.88992,2027500013,geosearch,"1126 WESTCHESTER AVENUE, Bronx, NY, USA",2006145,9477.04,2027,False,53580.0,9660.0,JONAS 1126 CORP.,S1,True,True,False,,False,0.0,,,,,,,,none
snap,1322217,Dawoud Deli And Grocery Corp  ,"1126 WESTCHESTER AVE, Bronx, NY 10459",1126,Westchester Ave,10459,40.82566,-73.88992,2027500013,geosearch,"1126 WESTCHESTER AVENUE, Bronx, NY, USA",2006145,9477.04,2027,False,53580.0,9660.0,JONAS 1126 CORP.,S1,True,True,False,,False,0.0,,,,,,,,none
snap,1142600,Day & Night Deli Grocery Corp.  ,"1017 LEGGET AVE, Bronx, NY 10455",1017,Legget Avenue,10455,40.81401,-73.89953,2027200001,geosearch,"1017 LEGGETT AVENUE, Bronx, NY, USA",2005719,1253269.12,2027,True,1339650.0,59400.0,1272 HOLDING LTD,C7,True,True,False,,False,0.0,,,,,,,,none
snap,855483,Deegan Mini Market Store  ,"741 HUNTS POINT AVE, Bronx, NY 10474",741,Hunts Point Ave,10474,40.81564,-73.88703,2027630150,geosearch,"741 HUNT'S POINT AVENUE, Bronx, NY, USA",2006531,1876064.8,2027,True,1358550.0,60300.0,BRONX 741-743 HUNTS POINT AVENUE L.P.,C7,True,True,False,,False,0.0,,,,,,,,none
snap,1638869,Deli & Convenience  ,"943 WESTCHESTER AVE, Bronx, NY 10459",943,Westchester Ave,10459,40.82244,-73.89661,2027040001,geosearch,"943 WESTCHESTER AVENUE, Bronx, NY, USA",2005464,211471.04,2027,True,496800.0,106200.0,FOXHURST CENTER LLC,K1,True,True,False,,False,0.0,,,,,,,,none
snap,839728,Deli Farms Corporation  ,"850 LONGWOOD AVE, Bronx, NY 10459",850,Longwood Ave,10459,40.81932,-73.90131,2026880048,geosearch,"850 LONGWOOD AVENUE, Bronx, NY, USA",2005169,,,,1269000.0,73350.0,HOUSING DEV. FUND CORP,D7,True,False,False,,True,3.0,LEAS,225033.25,,,,,225033.25,acris
snap,853885,"DIALLO DISCOUNT,INC  ","951 HOE AVE, Bronx, NY 10459",951,Hoe Ave,10459,40.8221,-73.8904,2027427501,geosearch,"951 HOE AVENUE, Bronx, NY, USA",2113353,,,,12377700.0,649800.0,962 ALDUS STREET CONDO,RM,True,False,False,,False,,,,,,,,,none
snap,1609989,Diana Mini Market Corp.  ,"701 COSTER ST, Bronx, NY 10474",701,Coster St,10474,40.81462,-73.8876,2027630105,geosearch,"701 COSTER STREET, Bronx, NY, USA",2006510,11968.68,2027,False,117900.0,15750.0,MOUNT SINAI CHRISTIAN CH,M9,True,True,False,,False,0.0,,,,,,,,none
snap,1283805,Discount Corp And 99c  ,"545 SOUTHERN BLVD, Bronx, NY 10455",545,Southern Blvd,10455,40.81226,-73.90378,2026830001,geosearch,"545 SOUTHERN BOULEVARD, Bronx, NY, USA",2005080,369908.16,2027,True,921600.0,135000.0,WMM REALTY LLC,K1,True,True,False,,False,0.0,,,,,,,,none
snap,597509,DISTRIBUIDORA SAN MARCUS  ,"969 INTERVALE AVE, Bronx, NY 10459",969,Intervale Ave,10459,40.82208,-73.89695,2026990060,geosearch,"969 INTERVALE AVENUE, Bronx, NY, USA",2005390,78676.0,2027,False,463500.0,3600.0,SADIA REALTY CORP,S4,True,True,False,,False,0.0,,,,,,,,none
snap,1432599,Djobo African & Middle East Market  ,"984 INTERVALE AVE, Bronx, NY 10459",984,Intervale Ave,10459,40.82284,-73.89668,2027040007,geosearch,"984 INTERVALE AVENUE, Bronx, NY, USA",2005467,165584.0,2027,True,400050.0,22500.0,TRUMP REALTY LLC,M1,True,True,False,,False,0.0,,,,,,,,none
snap,1013426,DNI Deli Grocery Inc  ,"978 LONGWOOD AVE, Bronx, NY 10459",978,Longwood Ave,10459,40.81718,-73.89781,2027070060,geosearch,"978 LONGWOOD AVENUE, Bronx, NY, USA",2005537,1057911.36,2027,True,855450.0,36000.0,"FRASER'S MULTICO, INC.",C7,True,True,False,,True,1.0,MLEA,,,,,,,acris_lease_no_amount
snap,334365,DOLLAR BREEZE INC  ,"1033 WESTCHESTER AVE, Bronx, NY 10459",1033,Westchester Ave,10459,40.82422,-73.89292,2027270001,geosearch,"1033 WESTCHESTER AVENUE, Bronx, NY, USA",2005801,1174516.96,2027,True,3543300.0,391500.0,1031 WESTCHESTER AVE LLC,K1,True,True,False,,True,1.0,MLEA,,,,,,,acris_lease_no_amount
snap,1181534,Dollar Closeouts Inc  ,"561 SOUTHERN BLVD, Bronx, NY 10455",561,Southern Blvd,10455,40.81245,-73.90313,2026830045,geosearch,"561 SOUTHERN BOULEVARD, Bronx, NY, USA",2088194,372949.92,2027,True,1011150.0,180000.0,NEW ERA ESTATE INC,K1,True,True,False,,False,0.0,,,,,,,,none
snap,768887,Dollar Craze Inc  ,"836 HUNTS POINT AVE, Bronx, NY 10474",836,Hunts Point Ave,10474,40.81739,-73.88839,2027620012,geosearch,"836 HUNTS POINT AVENUE, Bronx, NY, USA",2006422,19057.76,2027,False,99000.0,45000.0,"836 HUNTS POINT, LLC",K1,True,True,False,,False,0.0,,,,,,,,none
snap,1056292,Dollar Deal Discount  ,"1009 E 163RD ST, Bronx, NY 10459",1009,E 163rd St,10459,40.82103,-73.89281,2027240101,geosearch,"1009 EAST 163 STREET, Bronx, NY, USA",2005771,1015871.36,2027,True,2286000.0,66150.0,LONGWOOD RESIDENCES HOUSING DEVELOPMENT  FUND,D7,True,True,False,,False,0.0,,,,,,,,none
snap,948677,DOLLAR DOES IT INC D/B/A 99 CENT DREAM  ,"1034 SOUTHERN BLVD, Bronx, NY 10459",1034,Southern Blvd,10459,40.82401,-73.8918,2027430006,geosearch,"1034 SOUTHERN BOULEVARD, Bronx, NY, USA",2130444,1348317.52,2027,True,3789000.0,630000.0,1030 SOUTHERN BOULEVARD LLC,K2,True,True,False,,False,0.0,,,,,,,,none
snap,1221694,Dollar Express Store 10705,"900 SOUTHERN BLVD, Bronx, NY 10459",900,Southern Blvd,10459,40.81952,-73.89288,2027350001,geosearch,"900 SOUTHERN BOULEVARD, Bronx, NY, USA",2005881,188508.0,2027,True,647550.0,135000.0,WOODY PEAK 1 LLC,K1,True,True,False,,False,0.0,,,,,,,,none
snap,1295394,Dollar General 19211,"900 SOUTHERN BLVD, Bronx, NY 10459",900,Southern Blvd,10459,40.81952,-73.89287,2027350001,geosearch,"900 SOUTHERN BOULEVARD, Bronx, NY, USA",2005881,188508.0,2027,True,647550.0,135000.0,WOODY PEAK 1 LLC,K1,True,True,False,,False,0.0,,,,,,,,none
snap,1131217,Dollar Goal Discount Inc  ,"870 HUNTS POINT AVE, Bronx, NY 10474",870,Hunts Point Ave,10474,40.81877,-73.88924,2027610001,geosearch,"870 HUNT'S POINT AVENUE, Bronx, NY, USA",2006318,683345.92,2027,True,921150.0,189000.0,870 HUNTS POINT RLTYGRO,K1,True,True,False,,False,0.0,,,,,,,,none
snap,889152,Dollar Goal Inc  ,"870 HUNTS POINT AVE, Bronx, NY 10474",870,Hunts Point Ave,10474,40.81877,-73.88924,2027610001,geosearch,"870 HUNT'S POINT AVENUE, Bronx, NY, USA",2006318,683345.92,2027,True,921150.0,189000.0,870 HUNTS POINT RLTYGRO,K1,True,True,False,,False,0.0,,,,,,,,none
snap,1320205,Dollar Jackpot of Westchester Inc.  ,"899 WESTCHESTER AVE, Bronx, NY 10459",899,Westchester Ave,10459,40.8207,-73.89963,2026907503,geosearch,"899 WESTCHESTER AVENUE, Bronx, NY, USA",2128714,,,,6708600.0,957600.0,UNAVAILABLE OWNER,RM,True,False,False,,False,,,,,,,,,none
snap,1029171,Dollar Tree 4729,"924 WESTCHESTER AVE, Bronx, NY 10459",924,Westchester Ave,10459,40.82183,-73.89735,2026977501,geosearch,"924 WESTCHESTER AVENUE, Bronx, NY, USA",2119382,,,,6158700.0,234450.0,UNAVAILABLE OWNER,RM,True,False,False,,False,,,,,,,,,none
snap,1110022,DOLLAR TREE 5321,"867 LONGWOOD AVE, Bronx, NY 10459",867,Longwood Ave,10459,40.81915,-73.90092,2026890048,geosearch,"867 LONGWOOD AVENUE, Bronx, NY, USA",2115863,57602.88,2027,True,3085200.0,132750.0,KIM CHANG HYUN,K4,True,True,False,,True,6.0,ASSTO,18400000.0,,,,,18400000.0,acris
snap,1110782,DOLLAR TREE 5150,"1222 PROSPECT AVE, Bronx, NY 10459",1222,Prospect Ave,10459,40.82691,-73.89854,2026937502,geosearch,"1222 PROSPECT AVENUE, Bronx, NY, USA",2128691,,,,2499300.0,211950.0,PROSPECT COURT HOUSING LLC,RM,True,False,False,,False,,,,,,,,,none
snap,1260610,Dollar Tree 5191,"925 HUNTS POINT AVE, Bronx, NY 10459",925,Hunts Point Ave,10459,40.82046,-73.89129,2027350020,geosearch,"925 HUNTS POINT AVENUE, Bronx, NY, USA",2129345,406541.6,2027,True,4562100.0,397800.0,"BDG SUFKA, LLC",K6,True,True,False,,True,3.0,MLEA,91830.38,,,,,91830.38,acris
snap,972807,Domfeh's African Market  ,"860 E 163RD ST, Bronx, NY 10459",860,E 163rd St,10459,40.82187,-73.89984,2026900074,geosearch,"860 EAST 163 STREET, Bronx, NY, USA",2005200,36788.72,2027,False,207900.0,13500.0,854 LLC,K1,True,True,False,,False,0.0,,,,,,,,none
snap,1508913,Dreams 1 99c Corporation  ,"874 HUNTS POINT AVE, Bronx, NY 10474",874,Hunts Point Ave,10474,40.81879,-73.8892,2027610001,geosearch,"874 HUNTS POINT AVENUE, Bronx, NY, USA",2006318,683345.92,2027,True,921150.0,189000.0,870 HUNTS POINT RLTYGRO,K1,True,True,False,,False,0.0,,,,,,,,none
snap,807099,DUANE READE 14150,"941 SOUTHERN BLVD, Bronx, NY 10459",941,Southern Blvd,10459,40.82134,-73.89168,2027240190,geosearch,"941 SOUTHERN BOULEVARD, Bronx, NY, USA",2005788,1896364.96,2027,True,5016600.0,1306350.0,UNAVAILABLE OWNER,O5,True,True,False,,False,0.0,,,,,,,,none
snap,786799,Dubai Deli Grocery Inc  ,"870 PROSPECT AVE, Bronx, NY 10459",870,Prospect Ave,10459,40.82028,-73.90129,2026900001,geosearch,"870 PROSPECT AVENUE, Bronx, NY, USA",2005189,608058.72,2027,True,788400.0,80100.0,864 HOLDING LLC,K4,True,True,False,,False,0.0,,,,,,,,none
snap,252268,E & G DELI GROCERY  ,"671 KELLY ST, Bronx, NY 10455",671,KELLY ST,10455,40.8154,-73.90233,2026860005,geosearch,"671 KELLY STREET, Bronx, NY, USA",2005122,250730.64,2027,False,313650.0,48150.0,671 KELLY STREET HOUSING DEVELOPMENT FUN D CORP.,C7,True,True,False,,False,0.0,,,,,,,,none
snap,855726,E 163Rd St Grocery Inc  ,"935 E 163RD ST, Bronx, NY 10459",935,E 163rd St,10459,40.82103,-73.89655,2027030025,geosearch,"935 EAST 163 STREET, Bronx, NY, USA",2005456,963763.84,2027,True,2034450.0,56700.0,EAST 163RD LLC,D7,True,True,False,,True,1.0,LEAS,,,,,,,acris_lease_no_amount
snap,894033,Eagle Grocery Deli Corp  ,"870 PROSPECT AVE, Bronx, NY 10459",870,Prospect Ave,10459,40.82028,-73.90129,2026900001,geosearch,"870 PROSPECT AVENUE, Bronx, NY, USA",2005189,608058.72,2027,True,788400.0,80100.0,864 HOLDING LLC,K4,True,True,False,,False,0.0,,,,,,,,none
snap,1480030,Ecuatorianita Deli Corp  ,"978 LONGWOOD AVE, Bronx, NY 10459",978,Longwood Ave,10459,40.81705,-73.89777,2027070060,geosearch,"978 LONGWOOD AVENUE, Bronx, NY, USA",2005537,1057911.36,2027,True,855450.0,36000.0,"FRASER'S MULTICO, INC.",C7,True,True,False,,True,1.0,MLEA,,,,,,,acris_lease_no_amount
snap,871400,ECWM Market Inc  ,"1086 SOUTHERN BLVD, Bronx, NY 10459",1086,Southern Blvd,10459,40.82582,-73.89188,2027440011,geosearch,"1086 SOUTHERN BOULEVARD, Bronx, NY, USA",2006029,217453.76,2027,True,492750.0,21600.0,1086 SOUTHERN LLC,C7,True,True,False,,False,0.0,,,,,,,,none
snap,622514,EL COQUI FOOD CORP  ,"948 E 163RD ST, Bronx, NY 10459",948,E 163rd St,10459,40.82094,-73.8959,2027030018,geosearch,"948 EAST 163 STREET, Bronx, NY, USA",2005453,203841.6,2027,True,744750.0,38250.0,KELLY STREET REDEVELOPMENT HOUSING DEVEL OPMENT FUN,C7,True,True,False,,False,0.0,,,,,,,,none
snap,1498778,El Mana Minimarket Corp.  ,"1024 LONGWOOD AVE, Bronx, NY 10459",1024,Longwood Ave,10459,40.81638,-73.89664,2027200073,geosearch,"1024 LONGWOOD AVENUE, Bronx, NY, USA",2005731,702360.96,2027,True,401850.0,70650.0,SKYVIEW 1 REALTY LLC,K1,True,True,False,,False,0.0,,,,,,,,none
snap,980328,El Pollito Deli Food Corp  ,"1012 GARRISON AVE, Bronx, NY 10474",1012,Garrison Ave,10474,40.81883,-73.89021,2027400001,geosearch,"1012 GARRISON AVENUE, Bronx, NY, USA",2005940,165856.4,2027,True,931500.0,31950.0,HUNTS POINT RESIDENCES HOUSING DEVELOPME NT,D7,True,True,False,,False,0.0,,,,,,,,none
snap,1491931,El Provocon Deli Grocery Corp.  ,"620 MANIDA ST, Bronx, NY 10474",620,Manida St,10474,40.81222,-73.88767,2027650290,geosearch,"620 MANIDA STREET, Bronx, NY, USA",2006661,36411.52,2027,False,244350.0,21600.0,BRONX 620 MANIDA STREET L.P.,C7,True,True,False,,False,0.0,,,,,,,,none
snap,1504635,EL SITIO 2 DELI GROCERY CO  ,"954 PROSPECT AVE, Bronx, NY 10459",954,Prospect Ave,10459,40.82252,-73.90025,2026900105,geosearch,"954 PROSPECT AVENUE, Bronx, NY, USA",2005207,771727.32,2027,False,348750.0,45000.0,954 PROPERTIES CORP.,C4,True,True,False,,False,0.0,,,,,,,,none
snap,1555478,El Sitio 2 Deli Grocery Co  ,"954 PROSPECT AVE, Bronx, NY 10459",954,Prospect Ave,10459,40.82252,-73.90025,2026900105,geosearch,"954 PROSPECT AVENUE, Bronx, NY, USA",2005207,771727.32,2027,False,348750.0,45000.0,954 PROPERTIES CORP.,C4,True,True,False,,False,0.0,,,,,,,,none
snap,1359383,"El Sitio 2 Deli Grocery, Corp  ","954 PROSPECT AVE, Bronx, NY 10459",954,Prospect Ave,10459,40.82253,-73.9004,2026900105,geosearch,"954 PROSPECT AVENUE, Bronx, NY, USA",2005207,771727.32,2027,False,348750.0,45000.0,954 PROPERTIES CORP.,C4,True,True,False,,False,0.0,,,,,,,,none
snap,1109328,El Valle Produce & Deli Inc.  ,"796 SOUTHERN BLVD, Bronx, NY 10455",796,Southern Blvd,10455,40.81613,-73.89637,2027290070,geosearch,"796 SOUTHERN BOULEVARD, Bronx, NY, USA",2005828,169528.32,2027,True,468900.0,67500.0,790-792 L.L.C.,K2,True,True,False,,False,0.0,,,,,,,,none
snap,795477,ELVIS PRODUCE  ,"928 SOUTHERN BLVD, Bronx, NY 10459",928,Southern Blvd,10459,40.82047,-73.89188,2027357501,geosearch,"928 SOUTHERN BOULEVARD, Bronx, NY, USA",2005883,,,,2751300.0,112950.0,926 SOUTHERN BLVD LLC,RM,True,False,False,,False,,,,,,,,,none
snap,1590388,Empire City Deli Corporation  ,"706 FAILE ST, Bronx, NY 10474",706,Faile St,10474,40.8148,-73.88642,2027630185,geosearch,"706 FAILE STREET, Bronx, NY, USA",2006547,150529.28,2027,True,981900.0,20250.0,CASTILLO IGNACIO 7,C7,True,True,False,,False,0.0,,,,,,,,none
snap,1165187,Esmeralda Deli Grocery Corp  ,"986 ROGERS PL, Bronx, NY 10459",986,Rogers Pl,10459,40.82373,-73.89757,2026990033,geosearch,"986 ROGERS PLACE, Bronx, NY, USA",2005382,4059.92,2027,False,57840.0,5100.0,PAULINO RAMOS,S2,True,True,False,,False,0.0,,,,,,,,none
snap,980989,Express Candy & Grocery  ,"797 SOUTHERN BLVD, Bronx, NY 10455",797,Southern Blvd,10455,40.81615,-73.89643,2027200073,geosearch,"797 SOUTHERN BOULEVARD, Bronx, NY, USA",2005731,702360.96,2027,True,401850.0,70650.0,SKYVIEW 1 REALTY LLC,K1,True,True,False,,False,0.0,,,,,,,,none
snap,1283759,Express Candy And Grocery Inc  ,"797 SOUTHERN BLVD, Bronx, NY 10455",797,Southern Blvd,10455,40.81618,-73.8964,2027200073,geosearch,"797 SOUTHERN BOULEVARD, Bronx, NY, USA",2005731,702360.96,2027,True,401850.0,70650.0,SKYVIEW 1 REALTY LLC,K1,True,True,False,,False,0.0,,,,,,,,none
snap,621854,F.L. GROCERY STORE  ,"1086 KELLY ST, Bronx, NY 10459",1086,KELLY ST,10459,40.82577,-73.89577,2027160031,geosearch,"1086 KELLY STREET, Bronx, NY, USA",2005673,11300.16,2027,True,324450.0,11250.0,"BK BRYANT AVENUE HDFC, INC.",C7,True,True,False,,False,0.0,,,,,,,,none
snap,621854,F.L. GROCERY STORE  ,"1086 KELLY ST, Bronx, NY 10459",1086,KELLY ST,10459,40.82577,-73.89577,2027160031,geosearch,"1086 KELLY STREET, Bronx, NY, USA",2005673,11300.16,2027,True,324450.0,11250.0,"BK BRYANT AVENUE HDFC, INC.",C7,True,True,False,,False,0.0,,,,,,,,none
snap,628829,FAILE STREET GROCERY CORP  ,"701 FAILE ST, Bronx, NY 10474",701,Faile St,10474,40.81452,-73.88656,2027630162,geosearch,"701 FAILE STREET, Bronx, NY, USA",2006535,242675.68,2027,True,1426950.0,48600.0,"34-37 REALTY, LTD.",C7,True,True,False,,False,0.0,,,,,,,,none
snap,1167928,Fair King Grocery Optimo Inc  ,"944 ALDUS ST, Bronx, NY 10459",944,Aldus St,10459,40.8231,-73.89088,2027420039,geosearch,"944 ALDUS STREET, Bronx, NY, USA",2006012,402271.68,2027,True,805050.0,97200.0,944 ALDUS STREET CORP,C7,True,True,False,,False,0.0,,,,,,,,none
snap,1299486,Faith Deli Grocery Llc  ,"854 E 163RD ST, Bronx, NY 10459",854,E 163rd St,10459,40.82179,-73.89944,2026900074,geosearch,"854 EAST 163 STREET, Bronx, NY, USA",2005200,36788.72,2027,False,207900.0,13500.0,854 LLC,K1,True,True,False,,False,0.0,,,,,,,,none
snap,834620,FAMILY DOLLAR 6852,"1274 WESTCHESTER AVE, Bronx, NY 10459",1274,Westchester Ave,10459,40.82713,-73.8871,2027570089,geosearch,"1274 WESTCHESTER AVENUE, Bronx, NY, USA",2006292,600280.32,2027,True,418950.0,132750.0,BRUCE MIER REALTY CORP.,G2,True,True,False,,True,1.0,LEAS,,,,,,,acris_lease_no_amount
snap,1405226,Family Dollar 13004,"867 LONGWOOD AVE, Bronx, NY 10459",867,Longwood Ave,10459,40.81916,-73.90091,2026890048,geosearch,"867 LONGWOOD AVENUE, Bronx, NY, USA",2115863,57602.88,2027,True,3085200.0,132750.0,KIM CHANG HYUN,K4,True,True,False,,True,6.0,ASSTO,18400000.0,,,,,18400000.0,acris
snap,1114615,FAMILY DOLLAR STORE 10705,"900 SOUTHERN BLVD, Bronx, NY 10459",900,Southern Blvd,10459,40.81956,-73.89284,2027350001,geosearch,"900 SOUTHERN BOULEVARD, Bronx, NY, USA",2005881,188508.0,2027,True,647550.0,135000.0,WOODY PEAK 1 LLC,K1,True,True,False,,False,0.0,,,,,,,,none
snap,1352620,Famous Gourmet And Grill Corp  ,"772 HUNTS POINT AVE, Bronx, NY 10474",772,Hunts Point Ave,10474,40.81601,-73.88728,2027630212,geosearch,"772 HUNTS POINT AVENUE, Bronx, NY, USA",2006550,21772.0,2027,False,112500.0,9900.0,MCCANN REALTY CORP.,K1,True,True,False,,False,0.0,,,,,,,,none
snap,1352620,Famous Gourmet And Grill Corp  ,"772 HUNTS POINT AVE, Bronx, NY 10474",772,Hunts Point Ave,10474,40.81601,-73.88728,2027630212,geosearch,"772 HUNTS POINT AVENUE, Bronx, NY, USA",2006550,21772.0,2027,False,112500.0,9900.0,MCCANN REALTY CORP.,K1,True,True,False,,False,0.0,,,,,,,,none
snap,1461075,Faso African Market  ,"953A WESTCHESTER AVE, Bronx, NY 10459",953A,Westchester Ave,10459,40.82249,-73.89626,2027040039,geosearch,"953A WESTCHESTER AVENUE, Bronx, NY, USA",2094329,140394.88,2027,True,370800.0,99000.0,FOXHURST CENTER LLC,K1,True,True,False,,False,0.0,,,,,,,,none
snap,941741,Fast Deli and Grocery Inc  ,"871 LONGWOOD AVE, Bronx, NY 10459",871,Longwood Ave,10459,40.81902,-73.90069,2026890046,geosearch,"871 LONGWOOD AVENUE, Bronx, NY, USA",2005187,155029.76,2027,True,319500.0,35100.0,NESHAMA REALTY LLC,C7,True,True,False,,False,0.0,,,,,,,,none
snap,1215218,Fernandez Deli Grocery  ,"1086 KELLY ST, Bronx, NY 10459",1086,Kelly St,10459,40.82579,-73.8957,2027160031,geosearch,"1086 KELLY STREET, Bronx, NY, USA",2005673,11300.16,2027,True,324450.0,11250.0,"BK BRYANT AVENUE HDFC, INC.",C7,True,True,False,,False,0.0,,,,,,,,none
snap,1547354,Fernandez Deli Grocery  ,"1086 KELLY ST, Bronx, NY 10459",1086,Kelly St,10459,40.82579,-73.8957,2027160031,geosearch,"1086 KELLY STREET, Bronx, NY, USA",2005673,11300.16,2027,True,324450.0,11250.0,"BK BRYANT AVENUE HDFC, INC.",C7,True,True,False,,False,0.0,,,,,,,,none
snap,1598539,Fernandez Deli Grocery ll Corp  ,"986 ROGERS PL, Bronx, NY 10459",986,Rogers Pl,10459,40.82368,-73.89751,2026990033,geosearch,"986 ROGERS PLACE, Bronx, NY, USA",2005382,4059.92,2027,False,57840.0,5100.0,PAULINO RAMOS,S2,True,True,False,,False,0.0,,,,,,,,none
snap,601089,FERNANDEZ'S BROTHERS DELI GROC CO  ,"976 PROSPECT AVE, Bronx, NY 10459",976,Prospect Ave,10459,40.82335,-73.90006,2026900119,geosearch,"976 PROSPECT AVENUE, Bronx, NY, USA",2005212,359467.2,2027,True,746100.0,28350.0,850 REALTY ASSOCIATES LLC,C7,True,True,False,,False,0.0,,,,,,,,none
snap,1537739,First Healthy Fresh Gourmet Inc  ,"795 SOUTHERN BLVD, Bronx, NY 10455",795,Southern Blvd,10455,40.81618,-73.89661,2027200076,geosearch,"795 SOUTHERN BOULEVARD, Bronx, NY, USA",2005732,192025.44,2027,False,288000.0,99000.0,SKYVIEW 1 REALTY LLC,K1,True,True,False,,False,0.0,,,,,,,,none
snap,901099,Five Star Delicious Deli Inc  ,"949 E 163RD ST, Bronx, NY 10459",949,E 163rd St,10459,40.82105,-73.8959,2027030053,geosearch,"949 EAST 163 STREET, Bronx, NY, USA",2005463,812092.64,2027,True,1694700.0,140850.0,EAST 163RD,D7,True,True,False,,True,1.0,LEAS,,,,,,,acris_lease_no_amount
snap,476722,FOUR STAR DELI GROCERY  ,"1101 GARRISON AVE, Bronx, NY 10474",1101,Garrison Ave,10474,40.81949,-73.88974,2027410060,geosearch,"1101 GARRISON AVENUE, Bronx, NY, USA",2006005,110792.8,2027,True,288000.0,24300.0,"PENN CENTRAL REALTY, LLC",K1,True,True,False,,False,0.0,,,,,,,,none
snap,358261,FREELAND DELI CORP  ,"706 FAILE ST, Bronx, NY 10474",706,FAILE ST,10474,40.81464,-73.88644,2027630185,geosearch,"706 FAILE STREET, Bronx, NY, USA",2006547,150529.28,2027,True,981900.0,20250.0,CASTILLO IGNACIO 7,C7,True,True,False,,False,0.0,,,,,,,,none
snap,838299,Freire Fruits and Vegetables Store  ,"916 HUNTS POINT AVE, Bronx, NY 10474",916,Hunts Point Ave,10474,40.81952,-73.88972,2027410001,geosearch,"916 HUNTS POINT AVENUE, Bronx, NY, USA",2006003,,,,0.0,0.0,PENN CENTRAL COMPANY,U0,True,False,False,,False,0.0,,,,,,,,none
snap,1396059,Fresh City Deli Inc  ,"925 HUNTS POINT AVE, Bronx, NY 10459",925,Hunts Point Ave,10459,40.82063,-73.89117,2027350020,geosearch,"925 HUNTS POINT AVENUE, Bronx, NY, USA",2129345,406541.6,2027,True,4562100.0,397800.0,"BDG SUFKA, LLC",K6,True,True,False,,True,3.0,MLEA,91830.38,,,,,91830.38,acris
snap,1495888,Fresh City Delii Incorporated  ,"925 HUNTS POINT AVE, Bronx, NY 10459",925,Hunts Point Ave,10459,40.82046,-73.89129,2027350020,geosearch,"925 HUNTS POINT AVENUE, Bronx, NY, USA",2129345,406541.6,2027,True,4562100.0,397800.0,"BDG SUFKA, LLC",K6,True,True,False,,True,3.0,MLEA,91830.38,,,,,91830.38,acris
snap,1199587,Fresh Meat Market Corp  ,"796 HUNTS POINT AVE, Bronx, NY 10474",796,Hunts Point Ave,10474,40.81654,-73.88789,2027630190,geosearch,"796 HUNT'S POINT AVENUE, Bronx, NY, USA",2006548,2140459.32,2027,True,1164600.0,56250.0,1290 LAFAYETTE AVE.HOUSING DVLP FUND COR P.,D7,True,True,False,,False,0.0,,,,,,,,none
snap,424811,FRIAS GROCERY  ,"1240 SPOFFORD AVE, Bronx, NY 10474",1240,Spofford Ave,10474,40.81403,-73.88926,2027650140,geosearch,"1240 SPOFFORD AVENUE, Bronx, NY, USA",2006612,674545.76,2027,False,1837350.0,67950.0,1230 SPOFFORD AVE HDF,C6,True,True,False,,False,0.0,,,,,,,,none
snap,1425122,Friendly Deli Inc  ,"671 KELLY ST, Bronx, NY 10455",671,Kelly St,10455,40.81546,-73.90237,2026860005,geosearch,"671 KELLY STREET, Bronx, NY, USA",2005122,250730.64,2027,False,313650.0,48150.0,671 KELLY STREET HOUSING DEVELOPMENT FUN D CORP.,C7,True,True,False,,False,0.0,,,,,,,,none
snap,1362789,Friends Deli & Grill Corp  ,"585 SOUTHERN BLVD, Bronx, NY 10455",585,Southern Blvd,10455,40.81272,-73.90219,2026830035,geosearch,"585 SOUTHERN BOULEVARD, Bronx, NY, USA",2005082,430986.72,2027,True,1109700.0,180000.0,JAYDEE REALTY LLC,K1,True,True,False,,False,0.0,,,,,,,,none
snap,1362789,Friends Deli & Grill Corp  ,"585 SOUTHERN BLVD, Bronx, NY 10455",585,Southern Blvd,10455,40.81272,-73.90219,2026830035,geosearch,"585 SOUTHERN BOULEVARD, Bronx, NY, USA",2005082,430986.72,2027,True,1109700.0,180000.0,JAYDEE REALTY LLC,K1,True,True,False,,False,0.0,,,,,,,,none
snap,1261091,Friendship Deli Grocery  ,"1043 E 163RD ST, Bronx, NY 10459",1043,E 163rd St,10459,40.82102,-73.8913,2027420003,geosearch,"1043 EAST 163 STREET, Bronx, NY, USA",2094367,2970772.64,2027,True,7030800.0,2250000.0,940 SOUTHERN BOULEVA,K1,True,True,False,,False,0.0,,,,,,,,none
snap,643004,FT MEAT CORP  ,"1065 E 163RD ST, Bronx, NY 10459",1065,E 163rd St,10459,40.82112,-73.89072,2027420003,geosearch,"1065 EAST 163 STREET, Bronx, NY, USA",2094370,2970772.64,2027,True,7030800.0,2250000.0,940 SOUTHERN BOULEVA,K1,True,True,False,,False,0.0,,,,,,,,none
snap,742258,Gabi Deli Grocery  ,"910 PROSPECT AVE, Bronx, NY 10459",910,Prospect Ave,10459,40.82136,-73.90088,2026900022,geosearch,"910 PROSPECT AVENUE, Bronx, NY, USA",2005194,381305.12,2027,True,766350.0,20250.0,PROSPECT RLTY CORP,C7,True,True,False,,False,0.0,,,,,,,,none
snap,381282,GARRISON DELI GROCERY  ,"1150 GARRISON AVE, Bronx, NY 10474",1150,Garrison Ave,10474,40.82014,-73.8886,2027610024,geosearch,"1150 GARRISON AVENUE, Bronx, NY, USA",2006324,188742.24,2027,True,753300.0,121500.0,HUNTS POINT HSNG DEVFUN,C7,True,True,False,,False,0.0,,,,,,,,none
snap,381282,GARRISON DELI GROCERY  ,"1150 GARRISON AVE, Bronx, NY 10474",1150,Garrison Ave,10474,40.82014,-73.8886,2027610024,geosearch,"1150 GARRISON AVENUE, Bronx, NY, USA",2006324,188742.24,2027,True,753300.0,121500.0,HUNTS POINT HSNG DEVFUN,C7,True,True,False,,False,0.0,,,,,,,,none
snap,1353342,Gay Grocery Inc  ,"911 AVE SAINT JOHN, Bronx, NY 10455",911,Avenue Saint John,10455,40.81585,-73.90286,2026860013,geosearch,"911 AVENUE ST JOHN, Bronx, NY, USA",2005128,5102.48,2027,False,57600.0,4140.0,"TOYABOW, LLC",S2,True,True,False,,False,0.0,,,,,,,,none
snap,1422828,"GDM Deli Grocery, Inc  ","1026 PROSPECT AVE, Bronx, NY 10459",1026,Prospect Ave,10459,40.82434,-73.89947,2026910005,geosearch,"1026 PROSPECT AVENUE, Bronx, NY, USA",2005235,4485.36,2027,False,61380.0,3660.0,"EVANS, DAPHNE",S1,True,True,False,,False,0.0,,,,,,,,none
snap,1505236,Gilbert Place Deli Grocery Inc  ,"1204 GILBERT PL, Bronx, NY 10474",1204,Gilbert Pl,10474,40.81775,-73.88811,2027620016,geosearch,"1204 GILBERT PLACE, Bronx, NY, USA",2006426,91351.36,2027,True,328500.0,14400.0,"CEHP HOUSING DEVELOPMENT FUND COMPANY, I NC.",C7,True,True,False,,False,0.0,,,,,,,,none
snap,1554264,Gino Deli Grocery  ,"935 E 163RD ST, Bronx, NY 10459",935,E 163rd St,10459,40.82116,-73.89653,2027030025,geosearch,"935 EAST 163 STREET, Bronx, NY, USA",2005456,963763.84,2027,True,2034450.0,56700.0,EAST 163RD LLC,D7,True,True,False,,True,1.0,LEAS,,,,,,,acris_lease_no_amount
snap,336740,GIRALDA BAKERY CORP  ,"1035 E 163RD ST, Bronx, NY 10459",1035,E 163rd St,10459,40.82131,-73.89143,2027420003,geosearch,"1035 EAST 163 STREET, Bronx, NY, USA",2094367,2970772.64,2027,True,7030800.0,2250000.0,940 SOUTHERN BOULEVA,K1,True,True,False,,False,0.0,,,,,,,,none
snap,754638,Gomez Grocery & Deli  ,"1174 GARRISON AVE, Bronx, NY 10474",1174,Garrison Ave,10474,40.82049,-73.88799,2027610083,geosearch,"1174 GARRISON AVENUE, Bronx, NY, USA",2006367,1886569.76,2027,True,1420200.0,50400.0,"LULAV PROPERTIES, LLC",C7,True,True,False,,False,0.0,,,,,,,,none
snap,1077051,Good Deli Grocery Corp  ,"698 BECK ST, Bronx, NY 10455",698,Beck St,10455,40.81491,-73.90051,2026840068,geosearch,"698 BECK STREET, Bronx, NY, USA",2005098,358033.76,2027,True,1458450.0,120150.0,BRONX BROOKLYN HOUSING DEVELOPMENT FUND  CORPORATIO,C7,True,True,False,,False,0.0,,,,,,,,none
snap,735253,Gourmet Deli Grocery Corp  ,"770 HUNTS POINT AVE, Bronx, NY 10474",770,Hunts Point Ave,10474,40.81597,-73.88724,2027630212,geosearch,"770 HUNTS POINT AVENUE, Bronx, NY, USA",2006550,21772.0,2027,False,112500.0,9900.0,MCCANN REALTY CORP.,K1,True,True,False,,False,0.0,,,,,,,,none
snap,735253,Gourmet Deli Grocery Corp  ,"770 HUNTS POINT AVE, Bronx, NY 10474",770,Hunts Point Ave,10474,40.81597,-73.88724,2027630212,geosearch,"770 HUNTS POINT AVENUE, Bronx, NY, USA",2006550,21772.0,2027,False,112500.0,9900.0,MCCANN REALTY CORP.,K1,True,True,False,,False,0.0,,,,,,,,none
snap,1548334,Grab 2 Go Deli Corp  ,"1101 GARRISON AVE, Bronx, NY 10474",1101,Garrison Ave,10474,40.81968,-73.88963,2027410060,geosearch,"1101 GARRISON AVENUE, Bronx, NY, USA",2006005,110792.8,2027,True,288000.0,24300.0,"PENN CENTRAL REALTY, LLC",K1,True,True,False,,False,0.0,,,,,,,,none
snap,1612784,Grab 2 Go Deli Corp  ,"1101 GARRISON AVE, Bronx, NY 10474",1101,Garrison Ave,10474,40.81968,-73.88963,2027410060,geosearch,"1101 GARRISON AVENUE, Bronx, NY, USA",2006005,110792.8,2027,True,288000.0,24300.0,"PENN CENTRAL REALTY, LLC",K1,True,True,False,,False,0.0,,,,,,,,none
snap,487334,GRO WIN FOOD CORP  ,"938 E 163RD ST, Bronx, NY 10459",938,E 163rd St,10459,40.82096,-73.89637,2027030016,geosearch,"938 EAST 163 STREET, Bronx, NY, USA",2086552,219632.96,2027,True,313200.0,41850.0,"938 EAST 163RD, LLC",K1,True,True,False,,False,0.0,,,,,,,,none
snap,1081462,Guillermina Torres-Rivera - Cesar's Fruits GC  ,"1039 SIMPSON ST, Bronx, NY 10459",1039,Simpson St,10459,40.82429,-73.89297,2027260066,geosearch,"1039 SIMPSON STREET, Bronx, NY, USA",2005798,810866.24,2027,True,1308150.0,28350.0,1027 GV LLC,C7,True,True,False,,False,0.0,,,,,,,,none
snap,1071314,Guillermo Pacheco GC  ,"991 SOUTHERN BLVD, Bronx, NY 10459",991,Southern Blvd,10459,40.82255,-73.89178,2027240170,geosearch,"991 SOUTHERN BOULEVARD, Bronx, NY, USA",2005783,1795545.92,2027,True,1436850.0,495000.0,991 REALTY CORP,K2,True,True,False,,False,0.0,,,,,,,,none
snap,1183708,H & N Gourmet Deli Inc  ,"1251 REV JAMES A POLITE AVE, Bronx, NY 10459",1251,Rev James A Polite Ave,10459,40.82857,-73.89658,2026940024,geosearch,"1251 REV JAMES A POLITE AVENUE, Bronx, NY, USA",2005311,18176.64,2027,False,453150.0,58950.0,1251 REV JAMES LLC,S3,True,True,False,,False,0.0,,,,,,,,none
snap,1496201,H P A Deli Corp  ,"803 HUNTS POINT AVE, Bronx, NY 10474",803,Hunts Point Ave,10474,40.8167,-73.88814,2027400039,geosearch,"803 HUNT'S POINT AVENUE, Bronx, NY, USA",2005958,2865524.32,2027,True,1402650.0,94050.0,NEW 1275 LAFAYETTE,C7,True,True,False,,True,2.0,MLEA,,,,,,,acris_lease_no_amount
snap,296781,H.A. SAIDI GROCERY-DELI STORE  ,"1300 LAFAYETTE AVE, Bronx, NY 10474",1300,Lafayette Ave,10474,40.81674,-73.88703,2027630215,geosearch,"1300 LAFAYETTE AVENUE, Bronx, NY, USA",2006551,595355.52,2027,True,1320750.0,40500.0,ARO 770 FAILE REALTY LLC,C7,True,True,False,,False,0.0,,,,,,,,none
snap,949246,Haig Grocery Corp  ,"948 E 163RD ST, Bronx, NY 10459",948,E 163rd St,10459,40.82096,-73.896,2027030018,geosearch,"948 EAST 163 STREET, Bronx, NY, USA",2005453,203841.6,2027,True,744750.0,38250.0,KELLY STREET REDEVELOPMENT HOUSING DEVEL OPMENT FUN,C7,True,True,False,,False,0.0,,,,,,,,none
snap,1544088,Havana Deli Corp  ,"706 FAILE ST, Bronx, NY 10474",706,Faile St,10474,40.8148,-73.88642,2027630185,geosearch,"706 FAILE STREET, Bronx, NY, USA",2006547,150529.28,2027,True,981900.0,20250.0,CASTILLO IGNACIO 7,C7,True,True,False,,False,0.0,,,,,,,,none
snap,1419450,Havana Deli Corp.  ,"706 FAILE ST, Bronx, NY 10474",706,Faile St,10474,40.81478,-73.88642,2027630185,geosearch,"706 FAILE STREET, Bronx, NY, USA",2006547,150529.28,2027,True,981900.0,20250.0,CASTILLO IGNACIO 7,C7,True,True,False,,False,0.0,,,,,,,,none
snap,1532679,Healthy Shack Deli Grocery Corp.  ,"1086 SOUTHERN BLVD, Bronx, NY 10459",1086,Southern Blvd,10459,40.82587,-73.89172,2027440011,geosearch,"1086 SOUTHERN BOULEVARD, Bronx, NY, USA",2006029,217453.76,2027,True,492750.0,21600.0,1086 SOUTHERN LLC,C7,True,True,False,,False,0.0,,,,,,,,none
snap,833070,Hernando Deli Grocery Corp  ,"1174 GARRISON AVE, Bronx, NY 10474",1174,Garrison Ave,10474,40.82049,-73.88799,2027610083,geosearch,"1174 GARRISON AVENUE, Bronx, NY, USA",2006367,1886569.76,2027,True,1420200.0,50400.0,"LULAV PROPERTIES, LLC",C7,True,True,False,,False,0.0,,,,,,,,none
snap,875768,Hero City #2 Deli Inc  ,"706 FAILE ST, Bronx, NY 10474",706,Faile St,10474,40.81464,-73.88644,2027630185,geosearch,"706 FAILE STREET, Bronx, NY, USA",2006547,150529.28,2027,True,981900.0,20250.0,CASTILLO IGNACIO 7,C7,True,True,False,,False,0.0,,,,,,,,none
snap,1569278,Hero City Dark Knight Corporation  ,"1202 SPOFFORD AVE, Bronx, NY 10474",1202,Spofford Ave,10474,40.8137,-73.89085,2027650078,geosearch,"1202 SPOFFORD AVENUE, Bronx, NY, USA",2006595,1832946.4,2027,True,1063800.0,52200.0,BRONX 1202 SPOFFORD AVENUE L.P.,D7,True,True,False,,False,0.0,,,,,,,,none
snap,1400126,Hip Hop Candy Grocery Corp.  ,"1300 LAFAYETTE AVE, Bronx, NY 10474",1300,Lafayette Ave,10474,40.81667,-73.8869,2027630215,geosearch,"1300 LAFAYETTE AVENUE, Bronx, NY, USA",2006551,595355.52,2027,True,1320750.0,40500.0,ARO 770 FAILE REALTY LLC,C7,True,True,False,,False,0.0,,,,,,,,none
snap,774755,Hoe Ave. Deli Grocery Corp.  ,"914 HOE AVE, Bronx, NY 10459",914,Hoe Ave,10459,40.82137,-73.89021,2027460001,geosearch,"914 HOE AVENUE, Bronx, NY, USA",2006072,976436.64,2027,True,1962450.0,139500.0,900 HOE REALTY 1 LLC,C7,True,True,False,,False,0.0,,,,,,,,none
snap,774755,Hoe Ave. Deli Grocery Corp.  ,"914 HOE AVE, Bronx, NY 10459",914,Hoe Ave,10459,40.82137,-73.89021,2027460001,geosearch,"914 HOE AVENUE, Bronx, NY, USA",2006072,976436.64,2027,True,1962450.0,139500.0,900 HOE REALTY 1 LLC,C7,True,True,False,,False,0.0,,,,,,,,none
snap,1497827,Hunts Point Deli Corp.  ,"1331 SENECA AVE, Bronx, NY 10474",1331,Seneca Ave,10474,40.81917,-73.88641,2027610142,geosearch,"1331 SENECA AVENUE, Bronx, NY, USA",2006384,1094752.16,2027,True,2263500.0,197100.0,BRYANT ESTATES LLC,C7,True,True,False,,True,1.0,LEAS,,,,,,,acris_lease_no_amount
snap,897405,Hunts Point Farmers' Market  ,"HUNTS POINT SUBWAY STATION, Bronx, NY 10459",,Hunts Point Subway Station,10459,40.82018,-73.89066,,geosearch_no_hit,,,,,,,,,,,,,,,,,,,,,,,none
snap,1376023,Hunts Point Finest Deli Corp  ,"1101 GARRISON AVE, Bronx, NY 10474",1101,Garrison Ave,10474,40.8196,-73.88953,2027410060,geosearch,"1101 GARRISON AVENUE, Bronx, NY, USA",2006005,110792.8,2027,True,288000.0,24300.0,"PENN CENTRAL REALTY, LLC",K1,True,True,False,,False,0.0,,,,,,,,none
snap,1376023,Hunts Point Finest Deli Corp  ,"1101 GARRISON AVE, Bronx, NY 10474",1101,Garrison Ave,10474,40.8196,-73.88953,2027410060,geosearch,"1101 GARRISON AVENUE, Bronx, NY, USA",2006005,110792.8,2027,True,288000.0,24300.0,"PENN CENTRAL REALTY, LLC",K1,True,True,False,,False,0.0,,,,,,,,none
snap,1117735,Hunts Point Fruit & Vegatable  ,"887 HUNTS POINT AVE, Bronx, NY 10474",887,Hunts Point Ave,10474,40.8189,-73.8894,2027400007,geosearch,"887 HUNT'S POINT AVENUE, Bronx, NY, USA",2005942,320090.4,2027,True,697050.0,68850.0,889 HUNTS POINT ASSOCIATES LLC,C7,True,True,False,,False,0.0,,,,,,,,none
snap,984919,Hunts Point Gourmet Inc  ,"770 HUNTS POINT AVE, Bronx, NY 10474",770,Hunts Point Ave,10474,40.81597,-73.88724,2027630212,geosearch,"770 HUNTS POINT AVENUE, Bronx, NY, USA",2006550,21772.0,2027,False,112500.0,9900.0,MCCANN REALTY CORP.,K1,True,True,False,,False,0.0,,,,,,,,none
snap,759342,Hunts Point Grocery Corp  ,"741 HUNTS POINT AVE, Bronx, NY 10474",741,Hunts Point Ave,10474,40.81564,-73.88703,2027630150,geosearch,"741 HUNT'S POINT AVENUE, Bronx, NY, USA",2006531,1876064.8,2027,True,1358550.0,60300.0,BRONX 741-743 HUNTS POINT AVENUE L.P.,C7,True,True,False,,False,0.0,,,,,,,,none
snap,1124777,Hunts Point New Deli Grocery  ,"741 HUNTS POINT AVE, Bronx, NY 10474",741,Hunts Point Ave,10474,40.81564,-73.88703,2027630150,geosearch,"741 HUNT'S POINT AVENUE, Bronx, NY, USA",2006531,1876064.8,2027,True,1358550.0,60300.0,BRONX 741-743 HUNTS POINT AVENUE L.P.,C7,True,True,False,,False,0.0,,,,,,,,none
snap,1313185,Intervale Deli Corp  ,"1103 INTERVALE AVE, Bronx, NY 10459",1103,Intervale Ave,10459,40.82627,-73.89721,2026920074,geosearch,"1103 INTERVALE AVENUE, Bronx, NY, USA",2005291,33233.28,2027,True,845100.0,49500.0,S. BX CATCH MUTUAL HSNG/ASSOC/HSNG/DEV/F UND/CORP.,D7,True,True,False,,False,0.0,,,,,,,,none
snap,1364697,Intervale Deli Food Corp  ,"1006 INTERVALE AVE, Bronx, NY 10459",1006,Intervale Ave,10459,40.82338,-73.89684,2027040016,geosearch,"1006 INTERVALE AVENUE, Bronx, NY, USA",2005470,366169.44,2027,True,781200.0,33750.0,1006 INTERVALE AVE LLC,C7,True,True,False,,False,0.0,,,,,,,,none
snap,1094768,Intervale Deli Grocery Corp  ,"1006 INTERVALE AVE, Bronx, NY 10459",1006,Intervale Avenue,10459,40.8234,-73.89684,2027040016,geosearch,"1006 INTERVALE AVENUE, Bronx, NY, USA",2005470,366169.44,2027,True,781200.0,33750.0,1006 INTERVALE AVE LLC,C7,True,True,False,,False,0.0,,,,,,,,none
snap,864686,Intervale Meat Market & Grocery Inc  ,"941 INTERVALE AVE, Bronx, NY 10459",941,Intervale Ave,10459,40.82132,-73.89693,2026970045,geosearch,"941 INTERVALE AVENUE, Bronx, NY, USA",2005359,525262.72,2027,True,1978200.0,119700.0,BK CLUSTER HOUSING DEVELOPMENT FUND CORP ORATION,D7,True,True,False,,False,0.0,,,,,,,,none
snap,818391,Intervale Meat Market Lp  ,"952 INTERVALE AVE, Bronx, NY 10459",952,Intervale Ave,10459,40.82157,-73.89684,2027030030,geosearch,"952 INTERVALE AVENUE, Bronx, NY, USA",2005457,173964.16,2027,True,575100.0,24750.0,952 956 INTERVALE REALTY CORP,C7,True,True,False,,False,0.0,,,,,,,,none
snap,798331,INTERVALE SUPERIOR DELI GROCERY CORP  ,"974 INTERVALE AVE, Bronx, NY 10459",974,Intervale Ave,10459,40.8223,-73.8968,2027040001,geosearch,"974 INTERVALE AVENUE, Bronx, NY, USA",2005464,211471.04,2027,True,496800.0,106200.0,FOXHURST CENTER LLC,K1,True,True,False,,False,0.0,,,,,,,,none
snap,1493937,Iron Grill Corp  ,"596 SOUTHERN BLVD, Bronx, NY 10455",596,Southern Blvd,10455,40.81271,-73.90159,2026030026,geosearch,"596 SOUTHERN BOULEVARD, Bronx, NY, USA",2004129,12914.72,2027,True,324450.0,26100.0,QUADRANT PROPERTIES HOUSING DEVELOPMENT  FUND COMPA,C7,True,True,False,,False,0.0,,,,,,,,none
snap,1563280,"Island Deli Grill 2, Inc.  ","860 SOUTHERN BLVD, Bronx, NY 10459",860,Southern Blvd,10459,40.81786,-73.89439,2027320026,geosearch,"860 SOUTHERN BOULEVARD, Bronx, NY, USA",2005846,0.0,2027,False,1324350.0,140850.0,"858-862 ASSOCIATES, LLC",C7,True,True,False,,False,0.0,,,,,,,,none
snap,1638251,"Island Deli Grill 2, Inc.  ","860 SOUTHERN BLVD, Bronx, NY 10459",860,Southern Blvd,10459,40.81786,-73.89439,2027320026,geosearch,"860 SOUTHERN BOULEVARD, Bronx, NY, USA",2005846,0.0,2027,False,1324350.0,140850.0,"858-862 ASSOCIATES, LLC",C7,True,True,False,,False,0.0,,,,,,,,none
snap,987966,J & E Discount LLC  ,"982C WESTCHESTER AVE, Bronx, NY 10459",982C,Westchester Ave,10459,40.82317,-73.89469,2027147501,geosearch,"982 WESTCHESTER AVENUE, Bronx, NY, USA",2129168,,,,8422200.0,651150.0,"980 WESTCHESTER HOUSING DEVELOPMENT FUND  CORPORATION,",RM,True,False,False,,False,,,,,,,,,none
snap,1611031,J & J Deli Grocery Store Corp.  ,"699 BECK ST, Bronx, NY 10455",699,Beck St,10455,40.81513,-73.90035,2026850056,geosearch,"699 BECK STREET, Bronx, NY, USA",2005113,127579.36,2027,True,270900.0,40050.0,BECK STREET REALTY LLC,C7,True,True,False,,False,0.0,,,,,,,,none
snap,1645086,J & J Deli Grocery Store Corp.  ,"699 BECK ST, Bronx, NY 10455",699,Beck St,10455,40.81513,-73.90035,2026850056,geosearch,"699 BECK STREET, Bronx, NY, USA",2005113,127579.36,2027,True,270900.0,40050.0,BECK STREET REALTY LLC,C7,True,True,False,,False,0.0,,,,,,,,none
snap,1172356,J & Leo's Deli Grocery Corp 1,"663 DAWSON ST,, Bronx, NY 10455",663,"Dawson St,",10455,40.81639,-73.90257,2026870001,geosearch,"663 DAWSON STREET, Bronx, NY, USA",2005138,526617.6,2027,True,545400.0,31950.0,663-665 DAWSON STREET LLC,C7,True,True,False,,False,0.0,,,,,,,,none
snap,973674,J & W Food Center Corp  ,"990 LEGGETT AVE, Bronx, NY 10455",990,Leggett Ave,10455,40.81445,-73.89983,2026840076,geosearch,"990 LEGGETT AVENUE, Bronx, NY, USA",2005101,14283.04,2027,True,507150.0,74250.0,QUADRANT PROPERTIES HOUSING DEVELOPMENT  FUND COMPA,C7,True,True,False,,False,0.0,,,,,,,,none
snap,1104251,J M C Grocery Corp  ,"865 E 165TH ST, Bronx, NY 10459",865,E 165th St,10459,40.82396,-73.89908,2026910044,geosearch,"865 EAST 165 STREET, Bronx, NY, USA",2005248,410076.32,2027,True,302400.0,40500.0,"LL SOLUTIONS, LLC",C7,True,True,False,,False,0.0,,,,,,,,none
snap,1353745,Jaivery Deli Grocery Corp  ,"907 SOUTHERN BLVD, Bronx, NY 10459",907,Southern Blvd,10459,40.81982,-73.89305,2027230066,geosearch,"907 SOUTHERN BOULEVARD, Bronx, NY, USA",2005767,366076.32,2027,True,824850.0,44550.0,"MASCOTT PROPERTIES,INC.",C7,True,True,False,,False,0.0,,,,,,,,none
snap,1353745,Jaivery Deli Grocery Corp  ,"907 SOUTHERN BLVD, Bronx, NY 10459",907,Southern Blvd,10459,40.81982,-73.89305,2027230066,geosearch,"907 SOUTHERN BOULEVARD, Bronx, NY, USA",2005767,366076.32,2027,True,824850.0,44550.0,"MASCOTT PROPERTIES,INC.",C7,True,True,False,,False,0.0,,,,,,,,none
snap,1364182,Jandinga Deli Grocery Store Corp  ,"900 HOE AVE, Bronx, NY 10459",900,Hoe Ave,10459,40.82108,-73.8902,2027460001,geosearch,"900 HOE AVENUE, Bronx, NY, USA",2006072,976436.64,2027,True,1962450.0,139500.0,900 HOE REALTY 1 LLC,C7,True,True,False,,False,0.0,,,,,,,,none
snap,1364182,Jandinga Deli Grocery Store Corp  ,"900 HOE AVE, Bronx, NY 10459",900,Hoe Ave,10459,40.82108,-73.8902,2027460001,geosearch,"900 HOE AVENUE, Bronx, NY, USA",2006072,976436.64,2027,True,1962450.0,139500.0,900 HOE REALTY 1 LLC,C7,True,True,False,,False,0.0,,,,,,,,none
snap,441360,JBWE MEATS INC  ,"1027 WESTCHESTER AVE, Bronx, NY 10459",1027,Westchester Ave,10459,40.82418,-73.89301,2027260066,geosearch,"1027 WESTCHESTER AVENUE, Bronx, NY, USA",2005798,810866.24,2027,True,1308150.0,28350.0,1027 GV LLC,C7,True,True,False,,False,0.0,,,,,,,,none
snap,734874,JC STORE  ,"701 COSTER ST, Bronx, NY 10474",701,Coster St,10474,40.81442,-73.8875,2027630105,geosearch,"701 COSTER STREET, Bronx, NY, USA",2006510,11968.68,2027,False,117900.0,15750.0,MOUNT SINAI CHRISTIAN CH,M9,True,True,False,,False,0.0,,,,,,,,none
snap,1387433,Jimenez Fruits & Vegetables  ,"901 SOUTHERN BLVD, Bronx, NY 10459",901,Southern Blvd,10459,40.81966,-73.89302,2027230068,geosearch,"901 SOUTHERN BOULEVARD, Bronx, NY, USA",2005768,811144.64,2027,True,622800.0,40500.0,901 REALTY LLC,C7,True,True,False,,False,0.0,,,,,,,,none
snap,1387433,Jimenez Fruits & Vegetables  ,"901 SOUTHERN BLVD, Bronx, NY 10459",901,Southern Blvd,10459,40.81966,-73.89302,2027230068,geosearch,"901 SOUTHERN BOULEVARD, Bronx, NY, USA",2005768,811144.64,2027,True,622800.0,40500.0,901 REALTY LLC,C7,True,True,False,,False,0.0,,,,,,,,none
snap,590944,JJ FRUIT & VEGETABLE MARKET  ,"600 SOUTHERN BLVD, Bronx, NY 10455",600,Southern Blvd,10455,40.8126,-73.90231,2026030026,geosearch,"600 SOUTHERN BOULEVARD, Bronx, NY, USA",2004129,12914.72,2027,True,324450.0,26100.0,QUADRANT PROPERTIES HOUSING DEVELOPMENT  FUND COMPA,C7,True,True,False,,False,0.0,,,,,,,,none
snap,329317,JKS PRODUCE CORP.  ,"1054 SOUTHERN BLVD, Bronx, NY 10459",1054,Southern Blvd,10459,40.82441,-73.89188,2027430019,geosearch,"1054 SOUTHERN BOULEVARD, Bronx, NY, USA",2006021,1816780.64,2027,True,4020300.0,161100.0,SOUTHERN 634 LLC,D7,True,True,False,,True,2.0,MLEA,175000.0,,,,,175000.0,acris
snap,632583,JM GROCERY STORE  ,"1090 LONGFELLOW AVE, Bronx, NY 10459",1090,Longfellow Ave,10459,40.82597,-73.88776,2027570066,geosearch,"1090 LONGFELLOW AVENUE, Bronx, NY, USA",2006286,32469.28,2027,False,305100.0,52200.0,"BROWN, GARY H",S4,True,True,False,,False,0.0,,,,,,,,none
snap,1636025,Jmc Fresh Foods Corp  ,"1000 WESTCHESTER AVE, Bronx, NY 10459",1000,Westchester Ave,10459,40.82352,-73.89367,2027247503,geosearch,"1000 WESTCHESTER AVENUE, Bronx, NY, USA",2130624,,,,13018952.0,391501.0,1000 WESTCHESTER AVENUE LLC,RC,True,False,False,,False,,,,,,,,,none
snap,313247,JOEL'S DELI & GROCERY  ,"947 ALDUS ST, Bronx, NY 10459",947,Aldus St,10459,40.82318,-73.89085,2027430001,geosearch,"941 ALDUS STREET, Bronx, NY, USA",2006015,937432.96,2027,True,2011500.0,201600.0,ZALE MGMT CORP,C7,True,True,False,,False,0.0,,,,,,,,none
snap,535103,JOSE A SALGADO SALGADOS SUPERETTE  ,"1131 W FARMS RD, Bronx, NY 10459",1131,W Farms Rd,10459,40.82661,-73.89023,2027440063,geosearch,"1131 WEST FARMS ROAD, Bronx, NY, USA",2006048,476172.8,2027,True,830250.0,59400.0,ROSE ELLEN SMITH MBD HOUSING DEVELOPMENT  FUND CO.,C7,True,True,False,,False,0.0,,,,,,,,none
snap,535103,JOSE A SALGADO SALGADOS SUPERETTE  ,"1131 W FARMS RD, Bronx, NY 10459",1131,W Farms Rd,10459,40.82661,-73.89023,2027440063,geosearch,"1131 WEST FARMS ROAD, Bronx, NY, USA",2006048,476172.8,2027,True,830250.0,59400.0,ROSE ELLEN SMITH MBD HOUSING DEVELOPMENT  FUND CO.,C7,True,True,False,,False,0.0,,,,,,,,none
snap,535103,JOSE A SALGADO SALGADOS SUPERETTE  ,"1131 W FARMS RD, Bronx, NY 10459",1131,W Farms Rd,10459,40.82661,-73.89023,2027440063,geosearch,"1131 WEST FARMS ROAD, Bronx, NY, USA",2006048,476172.8,2027,True,830250.0,59400.0,ROSE ELLEN SMITH MBD HOUSING DEVELOPMENT  FUND CO.,C7,True,True,False,,False,0.0,,,,,,,,none
snap,535103,JOSE A SALGADO SALGADOS SUPERETTE  ,"1131 W FARMS RD, Bronx, NY 10459",1131,W Farms Rd,10459,40.82661,-73.89023,2027440063,geosearch,"1131 WEST FARMS ROAD, Bronx, NY, USA",2006048,476172.8,2027,True,830250.0,59400.0,ROSE ELLEN SMITH MBD HOUSING DEVELOPMENT  FUND CO.,C7,True,True,False,,False,0.0,,,,,,,,none
snap,987123,JQ Deli Grocery Corp  ,"1218 WESTCHESTER AVE, Bronx, NY 10459",1218,Westchester Ave,10459,40.82606,-73.88909,2027500022,geosearch,"1218 WESTCHESTER AVENUE, Bronx, NY, USA",2006148,4337470.08,2027,True,2519100.0,81000.0,NEIGHBORHOOD RENEWAL HOUSING DEVELOPMENT  FUND CORP,C7,True,True,False,,False,0.0,,,,,,,,none
snap,1036917,JQ Deli Grocery Corp  ,"1218 WESTCHESTER AVE, Bronx, NY 10459",1218,Westchester Ave,10459,40.82606,-73.88909,2027500022,geosearch,"1218 WESTCHESTER AVENUE, Bronx, NY, USA",2006148,4337470.08,2027,True,2519100.0,81000.0,NEIGHBORHOOD RENEWAL HOUSING DEVELOPMENT  FUND CORP,C7,True,True,False,,False,0.0,,,,,,,,none
snap,1019531,Juan S Ramos-dba- Quetzal Deli & Grocery  ,"1023A LONGWOOD AVE, Bronx, NY 10459",1023A,Longwood Ave,10459,40.81651,-73.89643,2027210041,geosearch,"1023 LONGWOOD AVENUE, Bronx, NY, USA",2005744,,,,477000.0,41400.0,HOE-LONGWOOD HOUSING DEVELOPMENT FUND CO MPANY INC,C7,True,False,False,,False,0.0,,,,,,,,none
snap,1541386,Juicy World 2 Corporation  ,"701 HUNTS POINT AVE, Bronx, NY 10474",701,Hunts Point Ave,10474,40.81482,-73.88638,2027630185,geosearch,"701 HUNT'S POINT AVENUE, Bronx, NY, USA",2006547,150529.28,2027,True,981900.0,20250.0,CASTILLO IGNACIO 7,C7,True,True,False,,False,0.0,,,,,,,,none
snap,988706,JYJ Deli Grocery Corp  ,"968 E 165TH ST, Bronx, NY 10459",968,E 165th St,10459,40.82387,-73.89444,2027150053,geosearch,"968 EAST 165 STREET, Bronx, NY, USA",2005669,146487.04,2027,True,343350.0,81450.0,"S.U.S. REAL ESTATE OF BRONX, INC.",K1,True,True,False,,False,0.0,,,,,,,,none
snap,1491789,Kareem Deli & Grocery Corporation  ,"1126 WESTCHESTER AVE, Bronx, NY 10459",1126,Westchester Ave,10459,40.82557,-73.88982,2027500013,geosearch,"1126 WESTCHESTER AVENUE, Bronx, NY, USA",2006145,9477.04,2027,False,53580.0,9660.0,JONAS 1126 CORP.,S1,True,True,False,,False,0.0,,,,,,,,none
snap,794307,KELLY GROCERY DELI #2  ,"1086 KELLY ST, Bronx, NY 10459",1086,KELLY ST,10459,40.82577,-73.89577,2027160031,geosearch,"1086 KELLY STREET, Bronx, NY, USA",2005673,11300.16,2027,True,324450.0,11250.0,"BK BRYANT AVENUE HDFC, INC.",C7,True,True,False,,False,0.0,,,,,,,,none
snap,735257,Kelly St Deli Grocery Corp  ,"945 E 163RD ST, Bronx, NY 10459",945,E 163rd St,10459,40.82102,-73.89617,2027030053,geosearch,"945 EAST 163 STREET, Bronx, NY, USA",2005463,812092.64,2027,True,1694700.0,140850.0,EAST 163RD,D7,True,True,False,,True,1.0,LEAS,,,,,,,acris_lease_no_amount
snap,1552039,Kelly Street Deli Corp  ,"947 E 163RD ST, Bronx, NY 10459",947,E 163rd St,10459,40.82105,-73.89606,2027030053,geosearch,"947 EAST 163 STREET, Bronx, NY, USA",2005463,812092.64,2027,True,1694700.0,140850.0,EAST 163RD,D7,True,True,False,,True,1.0,LEAS,,,,,,,acris_lease_no_amount
snap,958970,Kenneth Mini Market Corp  ,"1000 HOE AVE, Bronx, NY 10459",1000,Hoe Ave,10459,40.82333,-73.8904,2027490001,geosearch,"1000 HOE AVENUE, Bronx, NY, USA",2006109,194033.6,2027,True,416250.0,45000.0,JP HOE REALTY CORP,C7,True,True,False,,False,0.0,,,,,,,,none
snap,765307,Ketsie Grocery Inc  ,"865 E 149TH ST, Bronx, NY 10455",865,E 149th St,10455,40.81166,-73.90354,2026030051,geosearch,"865 EAST 149 STREET, Bronx, NY, USA",2096003,152969.92,2027,True,399600.0,133200.0,M.T.S. REALTY CORP,K1,True,True,False,,False,0.0,,,,,,,,none
snap,765307,Ketsie Grocery Inc  ,"865 E 149TH ST, Bronx, NY 10455",865,E 149th St,10455,40.81166,-73.90354,2026030051,geosearch,"865 EAST 149 STREET, Bronx, NY, USA",2096003,152969.92,2027,True,399600.0,133200.0,M.T.S. REALTY CORP,K1,True,True,False,,False,0.0,,,,,,,,none
snap,982847,Kings Grill & Deli Inc  ,"585 SOUTHERN BLVD, Bronx, NY 10455",585,Southern Blvd,10455,40.81259,-73.90274,2026830035,geosearch,"585 SOUTHERN BOULEVARD, Bronx, NY, USA",2005082,430986.72,2027,True,1109700.0,180000.0,JAYDEE REALTY LLC,K1,True,True,False,,False,0.0,,,,,,,,none
snap,982847,Kings Grill & Deli Inc  ,"585 SOUTHERN BLVD, Bronx, NY 10455",585,Southern Blvd,10455,40.81259,-73.90274,2026830035,geosearch,"585 SOUTHERN BOULEVARD, Bronx, NY, USA",2005082,430986.72,2027,True,1109700.0,180000.0,JAYDEE REALTY LLC,K1,True,True,False,,False,0.0,,,,,,,,none
snap,1158627,Kings Grill & Grocery Corp  ,"585 SOUTHERN BLVD, Bronx, NY 10455",585,Southern Blvd,10455,40.81256,-73.90273,2026830035,geosearch,"585 SOUTHERN BOULEVARD, Bronx, NY, USA",2005082,430986.72,2027,True,1109700.0,180000.0,JAYDEE REALTY LLC,K1,True,True,False,,False,0.0,,,,,,,,none
snap,813724,L.A. Deli Grocery LLC  ,"926 INTERVALE AVE, Bronx, NY 10459",926,Intervale Ave,10459,40.82,-73.89663,2027030001,geosearch,"926 INTERVALE AVENUE, Bronx, NY, USA",2005450,187065.84,2027,True,781200.0,36000.0,SEBCO/BANANA KELLY ASSOC,D7,True,True,False,,False,0.0,,,,,,,,none
snap,739269,L.G.S. Foods Corp  ,"679 FOX ST, Bronx, NY 10455",679,Fox St,10455,40.81421,-73.90021,2026840076,geosearch,"679 FOX STREET, Bronx, NY, USA",2005101,14283.04,2027,True,507150.0,74250.0,QUADRANT PROPERTIES HOUSING DEVELOPMENT  FUND COMPA,C7,True,True,False,,False,0.0,,,,,,,,none
snap,972900,La Centrale  ,"930A SOUTHERN BLVD, Bronx, NY 10459",930A,Southern Blvd,10459,40.82064,-73.89176,2027357501,geosearch,"930A SOUTHERN BOULEVARD, Bronx, NY, USA",2005883,,,,2751300.0,112950.0,926 SOUTHERN BLVD LLC,RM,True,False,False,,False,,,,,,,,,none
snap,1027129,La Juquilita 547 Grocery Corp  ,"547 SOUTHERN BLVD, Bronx, NY 10455",547,Southern Blvd,10455,40.8123,-73.90363,2026830052,geosearch,"547 SOUTHERN BOULEVARD, Bronx, NY, USA",2005088,292569.06,2027,False,420750.0,53100.0,547 SOUTHERN BOULEVARD HDFC,C6,True,True,False,,False,0.0,,,,,,,,none
snap,937018,La Mexicana 547 Grocery Corp  ,"547 SOUTHERN BLVD, Bronx, NY 10455",547,Southern Blvd,10455,40.81229,-73.90367,2026830052,geosearch,"547 SOUTHERN BOULEVARD, Bronx, NY, USA",2005088,292569.06,2027,False,420750.0,53100.0,547 SOUTHERN BOULEVARD HDFC,C6,True,True,False,,False,0.0,,,,,,,,none
snap,1168743,La Mina Mini Market Corp  ,"1000 HOE AVE, Bronx, NY 10459",1000,Hoe Ave,10459,40.82335,-73.89041,2027490001,geosearch,"1000 HOE AVENUE, Bronx, NY, USA",2006109,194033.6,2027,True,416250.0,45000.0,JP HOE REALTY CORP,C7,True,True,False,,False,0.0,,,,,,,,none
snap,1168743,La Mina Mini Market Corp  ,"1000 HOE AVE, Bronx, NY 10459",1000,Hoe Ave,10459,40.82335,-73.89041,2027490001,geosearch,"1000 HOE AVENUE, Bronx, NY, USA",2006109,194033.6,2027,True,416250.0,45000.0,JP HOE REALTY CORP,C7,True,True,False,,False,0.0,,,,,,,,none
snap,734674,LA NUEVA ESTRELLA GROCERY STORE  ,"703 SOUTHERN BLVD, Bronx, NY 10455",703,Southern Blvd,10455,40.81362,-73.89912,2027200041,geosearch,"703 SOUTHERN BOULEVARD, Bronx, NY, USA",2005724,52165.2,2027,False,3267000.0,292500.0,1025-1027 LEGGETT AVENUE HDFC,C6,True,True,False,,False,0.0,,,,,,,,none
snap,692989,LA NUEVA GIRALDA BAKERY INC  ,"1045 WESTCHESTER AVE, Bronx, NY 10459",1045,Westchester Ave,10459,40.82447,-73.89265,2027270001,geosearch,"1045 WESTCHESTER AVENUE, Bronx, NY, USA",2098499,1174516.96,2027,True,3543300.0,391500.0,1031 WESTCHESTER AVE LLC,K1,True,True,False,,True,1.0,MLEA,,,,,,,acris_lease_no_amount
snap,1477505,La Nueva Giralda Bakery Inc NO,"1045 1/2 WESTCHESTER AVE, Bronx, NY 10459",1045 1/2,Westchester Ave,10459,40.82447,-73.8925,2027150055,geosearch,"987 1/2 WESTCHESTER AVENUE, Bronx, NY, USA",2093866,132974.88,2027,True,313200.0,43650.0,"S.U.S. REAL ESTATE OF BRONX, INC.",K1,True,True,False,,False,0.0,,,,,,,,none
snap,484940,LA PLACITA GROCERY  ,"956 INTERVALE AVE, Bronx, NY 10459",956,INTERVALE AVE,10459,40.8217,-73.89684,2027030032,geosearch,"956 INTERVALE AVENUE, Bronx, NY, USA",2005458,188287.68,2027,True,577800.0,39150.0,952 956 INTERVALE REALTY CORP,C7,True,True,False,,False,0.0,,,,,,,,none
snap,1225458,La Reyna De Westchester Deli Grocery Corp.  ,"1218 WESTCHESTER AVE, Bronx, NY 10459",1218,Westchester Ave,10459,40.82607,-73.88913,2027500022,geosearch,"1218 WESTCHESTER AVENUE, Bronx, NY, USA",2006148,4337470.08,2027,True,2519100.0,81000.0,NEIGHBORHOOD RENEWAL HOUSING DEVELOPMENT  FUND CORP,C7,True,True,False,,False,0.0,,,,,,,,none
snap,1035169,La Salle Fruits and Vegetables DBA Alcenio Perez  ,"1014A LONGWOOD AVE, Bronx, NY 10459",1014A,Longwood Ave,10459,40.81656,-73.89674,2027200069,geosearch,"1014 LONGWOOD AVENUE, Bronx, NY, USA",2005730,,,,1335150.0,54000.0,788 FOX STREET HOUSING DEVELOPMENT FUND  CORPORATIO,C7,True,False,False,,False,0.0,,,,,,,,none
snap,1096387,La Suegra Deli Grocery Corp  ,"1218 WESTCHESTER AVE, Bronx, NY 10459",1218,Westchester Ave,10459,40.82606,-73.88909,2027500022,geosearch,"1218 WESTCHESTER AVENUE, Bronx, NY, USA",2006148,4337470.08,2027,True,2519100.0,81000.0,NEIGHBORHOOD RENEWAL HOUSING DEVELOPMENT  FUND CORP,C7,True,True,False,,False,0.0,,,,,,,,none
snap,759439,La Union Meat Market Inc  ,"1025 WESTCHESTER AVE, Bronx, NY 10459",1025,Westchester Ave,10459,40.82417,-73.89302,2027260070,geosearch,"1025 WESTCHESTER AVENUE, Bronx, NY, USA",2095487,157304.8,2027,True,375300.0,112500.0,1025 WESTCHESTER PRPRTS,K1,True,True,False,,False,0.0,,,,,,,,none
snap,566899,LA UNION SUPERMARKET INC  ,"1025 WESTCHESTER AVE, Bronx, NY 10459",1025,Westchester Ave,10459,40.82417,-73.89302,2027260070,geosearch,"1025 WESTCHESTER AVENUE, Bronx, NY, USA",2095487,157304.8,2027,True,375300.0,112500.0,1025 WESTCHESTER PRPRTS,K1,True,True,False,,False,0.0,,,,,,,,none
snap,476204,LA VENCIDAD GROCERY STORE  ,"811 HUNTS POINT AVE, Bronx, NY 10474",811,Hunts Point Ave,10474,40.81696,-73.88827,2027400039,geosearch,"811 HUNT'S POINT AVENUE, Bronx, NY, USA",2005958,2865524.32,2027,True,1402650.0,94050.0,NEW 1275 LAFAYETTE,C7,True,True,False,,True,2.0,MLEA,,,,,,,acris_lease_no_amount
snap,788597,LATIN GROCERY LLC  ,"961 E 165TH ST, Bronx, NY 10459",961,E 165th St,10459,40.82405,-73.89468,2027170070,geosearch,"961 EAST 165 STREET, Bronx, NY, USA",2005688,132203.75,2027,False,367650.0,10800.0,1020 TIFFANY STREET HOUSING,C6,True,True,False,,False,0.0,,,,,,,,none
snap,1480656,Lee Grocery Corporation  ,"911 AVE SAINT JOHN, Bronx, NY 10455",911,Avenue Saint John,10455,40.81593,-73.90273,2026860013,geosearch,"911 AVENUE ST JOHN, Bronx, NY, USA",2005128,5102.48,2027,False,57600.0,4140.0,"TOYABOW, LLC",S2,True,True,False,,False,0.0,,,,,,,,none
snap,1464206,Lili's Deli Grocery Corp  ,"995 KELLY ST, Bronx, NY 10459",995,Kelly St,10459,40.82285,-73.89594,2027040039,geosearch,"995 KELLY STREET, Bronx, NY, USA",2094327,140394.88,2027,True,370800.0,99000.0,FOXHURST CENTER LLC,K1,True,True,False,,False,0.0,,,,,,,,none
snap,1647273,Lilis Grocery Convenience Corporation  ,"971 WESTCHESTER AVE, Bronx, NY 10459",971,Westchester Ave,10459,40.82306,-73.89542,2027150035,geosearch,"971 WESTCHESTER AVENUE, Bronx, NY, USA",2005667,684767.28,2027,False,562950.0,36000.0,WESTBERT REALTY CORP,C7,True,True,False,,False,0.0,,,,,,,,none
snap,973311,Lo Maximo Deli Grocery  ,"710 BECK ST, Bronx, NY 10455",710,Beck St,10455,40.81505,-73.90005,2027070001,geosearch,"710 BECK STREET, Bronx, NY, USA",2115251,335658.88,2027,True,439650.0,40050.0,977 LEGGETT AVENUE LLC,K9,True,True,False,,False,0.0,,,,,,,,none
snap,1247299,Lo Maximo Deli Grocery Llc  ,"710 BECK ST, Bronx, NY 10455",710,Beck St,10455,40.81511,-73.89999,2027070001,geosearch,"710 BECK STREET, Bronx, NY, USA",2115251,335658.88,2027,True,439650.0,40050.0,977 LEGGETT AVENUE LLC,K9,True,True,False,,False,0.0,,,,,,,,none
snap,1247299,Lo Maximo Deli Grocery Llc  ,"710 BECK ST, Bronx, NY 10455",710,Beck St,10455,40.81511,-73.89999,2027070001,geosearch,"710 BECK STREET, Bronx, NY, USA",2115251,335658.88,2027,True,439650.0,40050.0,977 LEGGETT AVENUE LLC,K9,True,True,False,,False,0.0,,,,,,,,none
snap,1247299,Lo Maximo Deli Grocery Llc  ,"710 BECK ST, Bronx, NY 10455",710,Beck St,10455,40.81511,-73.89999,2027070001,geosearch,"710 BECK STREET, Bronx, NY, USA",2115251,335658.88,2027,True,439650.0,40050.0,977 LEGGETT AVENUE LLC,K9,True,True,False,,False,0.0,,,,,,,,none
snap,747064,Longwood Deli & Grocery  ,"978 LONGWOOD AVE, Bronx, NY 10459",978,Longwood Ave,10459,40.81718,-73.89781,2027070060,geosearch,"978 LONGWOOD AVENUE, Bronx, NY, USA",2005537,1057911.36,2027,True,855450.0,36000.0,"FRASER'S MULTICO, INC.",C7,True,True,False,,True,1.0,MLEA,,,,,,,acris_lease_no_amount
snap,784780,LONGWOOD DELI & GROCERY INC  ,"978 LONGWOOD AVE, Bronx, NY 10459",978,Longwood Ave,10459,40.81718,-73.89781,2027070060,geosearch,"978 LONGWOOD AVENUE, Bronx, NY, USA",2005537,1057911.36,2027,True,855450.0,36000.0,"FRASER'S MULTICO, INC.",C7,True,True,False,,True,1.0,MLEA,,,,,,,acris_lease_no_amount
snap,340306,LOPEZ GROCERY & DELI  ,"869 BRYANT AVE, Bronx, NY 10474",869,Bryant Ave,10474,40.81892,-73.88675,2027627501,geosearch,"869 BRYANT AVENUE, Bronx, NY, USA",2006460,,,,1620451.0,405001.0,"CHILLUM PLACE, L.L.C.",RM,True,False,False,,False,,,,,,,,,none
snap,1399217,Los 2 Hermanitos II Deli Grocery Corp.  ,"865 E 165TH ST, Bronx, NY 10459",865,E 165th St,10459,40.82392,-73.89908,2026910044,geosearch,"865 EAST 165 STREET, Bronx, NY, USA",2005248,410076.32,2027,True,302400.0,40500.0,"LL SOLUTIONS, LLC",C7,True,True,False,,False,0.0,,,,,,,,none
snap,1399217,Los 2 Hermanitos II Deli Grocery Corp.  ,"865 E 165TH ST, Bronx, NY 10459",865,E 165th St,10459,40.82392,-73.89908,2026910044,geosearch,"865 EAST 165 STREET, Bronx, NY, USA",2005248,410076.32,2027,True,302400.0,40500.0,"LL SOLUTIONS, LLC",C7,True,True,False,,False,0.0,,,,,,,,none
snap,860036,Los Amigos & Bro Grocery Deli Plus Corp  ,"907 SOUTHERN BLVD, Bronx, NY 10459",907,Southern Blvd,10459,40.81965,-73.89283,2027230066,geosearch,"907 SOUTHERN BOULEVARD, Bronx, NY, USA",2005767,366076.32,2027,True,824850.0,44550.0,"MASCOTT PROPERTIES,INC.",C7,True,True,False,,False,0.0,,,,,,,,none
snap,808045,Los Amigos Deli Food  ,"907 SOUTHERN BLVD, Bronx, NY 10459",907,Southern Blvd,10459,40.81965,-73.89283,2027230066,geosearch,"907 SOUTHERN BOULEVARD, Bronx, NY, USA",2005767,366076.32,2027,True,824850.0,44550.0,"MASCOTT PROPERTIES,INC.",C7,True,True,False,,False,0.0,,,,,,,,none
snap,1386521,Los Bancos Grocery Inc  ,"831 DAWSON ST, Bronx, NY 10459",831,Dawson St,10459,40.81878,-73.89867,2026960075,geosearch,"831 DAWSON STREET, Bronx, NY, USA",2005347,18277.68,2027,True,1172250.0,67950.0,830 SHEVA REALTY HOUSING DEVELOPMNET FUN D CORP,C7,True,True,False,,False,0.0,,,,,,,,none
snap,1484982,Los Hermanos Poultry Corp  ,"966 WESTCHESTER AVE, Bronx, NY 10459",966,Westchester Ave,10459,40.82265,-73.89548,2027130018,geosearch,"966 WESTCHESTER AVENUE, Bronx, NY, USA",2005658,101381.12,2027,True,278550.0,31950.0,WHY REALTY CORP.,K1,True,True,False,,False,0.0,,,,,,,,none
snap,840060,Los Hijos de Chorro Deli Grocery Corp.  ,"701 FAILE ST, Bronx, NY 10474",701,Faile St,10474,40.81475,-73.88668,2027630162,geosearch,"701 FAILE STREET, Bronx, NY, USA",2006535,242675.68,2027,True,1426950.0,48600.0,"34-37 REALTY, LTD.",C7,True,True,False,,False,0.0,,,,,,,,none
snap,840060,Los Hijos de Chorro Deli Grocery Corp.  ,"701 FAILE ST, Bronx, NY 10474",701,Faile St,10474,40.81475,-73.88668,2027630162,geosearch,"701 FAILE STREET, Bronx, NY, USA",2006535,242675.68,2027,True,1426950.0,48600.0,"34-37 REALTY, LTD.",C7,True,True,False,,False,0.0,,,,,,,,none
snap,1614891,Los Hijos de Chorro Deli Grocery Corp.  ,"701 FAILE ST, Bronx, NY 10474",701,Faile St,10474,40.81475,-73.88668,2027630162,geosearch,"701 FAILE STREET, Bronx, NY, USA",2006535,242675.68,2027,True,1426950.0,48600.0,"34-37 REALTY, LTD.",C7,True,True,False,,False,0.0,,,,,,,,none
snap,1660925,Los Hijos de Chorro Deli Grocery Corp.  ,"701 FAILE ST, Bronx, NY 10474",701,Faile St,10474,40.81475,-73.88668,2027630162,geosearch,"701 FAILE STREET, Bronx, NY, USA",2006535,242675.68,2027,True,1426950.0,48600.0,"34-37 REALTY, LTD.",C7,True,True,False,,False,0.0,,,,,,,,none
snap,1533781,Loyal 2 Life Llc  ,"729 TIFFANY ST, Bronx, NY 10474",729,Tiffany St,10474,40.81464,-73.89142,2027370102,geosearch,"729 TIFFANY STREET, Bronx, NY, USA",2129663,99858.08,2027,True,255150.0,98550.0,1165 BURNETT LLC,F1,True,True,False,,False,0.0,,,,,,,,none
snap,1359613,Lucky 2 Gourmet Deli Inc  ,"1007 E 163RD ST, Bronx, NY 10459",1007,E 163rd St,10459,40.821,-73.89305,2027240001,geosearch,"1007 EAST 163 STREET, Bronx, NY, USA",2099788,2020786.8,2027,True,4632750.0,254700.0,LONGWOOD RESIDENCES HOUSING DEVELOPMENT  FUND,D7,True,True,False,,False,0.0,,,,,,,,none
snap,1154488,Lucky Brothers Deli & Grocery  ,"706 FAILE ST, Bronx, NY 10474",706,Faile St,10474,40.81469,-73.88649,2027630185,geosearch,"706 FAILE STREET, Bronx, NY, USA",2006547,150529.28,2027,True,981900.0,20250.0,CASTILLO IGNACIO 7,C7,True,True,False,,False,0.0,,,,,,,,none
snap,883749,Lucky Corner Deli Grocery Inc  ,"978 LONGWOOD AVE, Bronx, NY 10459",978,Longwood Ave,10459,40.81717,-73.89771,2027070060,geosearch,"978 LONGWOOD AVENUE, Bronx, NY, USA",2005537,1057911.36,2027,True,855450.0,36000.0,"FRASER'S MULTICO, INC.",C7,True,True,False,,True,1.0,MLEA,,,,,,,acris_lease_no_amount
snap,1102746,Lucky One Snak Corp  ,"1011 E 163RD ST, Bronx, NY 10459",1011,E 163rd St,10459,40.82103,-73.89269,2027240101,geosearch,"1011 EAST 163 STREET, Bronx, NY, USA",2005771,1015871.36,2027,True,2286000.0,66150.0,LONGWOOD RESIDENCES HOUSING DEVELOPMENT  FUND,D7,True,True,False,,False,0.0,,,,,,,,none
snap,756371,Luis Angie Deli Grocery Inc  ,"976 PROSPECT AVE, Bronx, NY 10459",976,Prospect Ave,10459,40.82335,-73.90006,2026900119,geosearch,"976 PROSPECT AVENUE, Bronx, NY, USA",2005212,359467.2,2027,True,746100.0,28350.0,850 REALTY ASSOCIATES LLC,C7,True,True,False,,False,0.0,,,,,,,,none
snap,830811,Luis Angie Deli Grocery Inc.  ,"976 PROSPECT AVE, Bronx, NY 10459",976,Prospect Ave,10459,40.82335,-73.90006,2026900119,geosearch,"976 PROSPECT AVENUE, Bronx, NY, USA",2005212,359467.2,2027,True,746100.0,28350.0,850 REALTY ASSOCIATES LLC,C7,True,True,False,,False,0.0,,,,,,,,none
snap,618166,M & F GROCERY CORP  ,"1202 SPOFFORD AVE, Bronx, NY 10474",1202,SPOFFORD AVE,10474,40.81382,-73.89078,2027650078,geosearch,"1202 SPOFFORD AVENUE, Bronx, NY, USA",2006595,1832946.4,2027,True,1063800.0,52200.0,BRONX 1202 SPOFFORD AVENUE L.P.,D7,True,True,False,,False,0.0,,,,,,,,none
snap,1182069,M & Z Gourmet Deli Corp  ,"987 WESTCHESTER AVE, Bronx, NY 10459",987,Westchester Ave,10459,40.82335,-73.89454,2027150055,geosearch,"987 WESTCHESTER AVENUE, Bronx, NY, USA",2093866,132974.88,2027,True,313200.0,43650.0,"S.U.S. REAL ESTATE OF BRONX, INC.",K1,True,True,False,,False,0.0,,,,,,,,none
snap,1302849,Malema African Market  ,"946 PROSPECT AVE, Bronx, NY 10459",946,Prospect Ave,10459,40.82251,-73.90038,2026900100,geosearch,"946 PROSPECT AVENUE, Bronx, NY, USA",2005206,419547.68,2027,True,977400.0,73800.0,PROSPECT AVE ESTATES LLC,C7,True,True,False,,False,0.0,,,,,,,,none
snap,1022266,Mama Maria Deli Grocery Corp  ,"706 FAILE ST, Bronx, NY 10474",706,Faile St,10474,40.81464,-73.88644,2027630185,geosearch,"706 FAILE STREET, Bronx, NY, USA",2006547,150529.28,2027,True,981900.0,20250.0,CASTILLO IGNACIO 7,C7,True,True,False,,False,0.0,,,,,,,,none
snap,1050945,Mama Maria Deli Grocery Corp  ,"706 FAILE ST, Bronx, NY 10474",706,Faile St,10474,40.81464,-73.88644,2027630185,geosearch,"706 FAILE STREET, Bronx, NY, USA",2006547,150529.28,2027,True,981900.0,20250.0,CASTILLO IGNACIO 7,C7,True,True,False,,False,0.0,,,,,,,,none
snap,1013695,Mami's Fish Market Corp  ,"854D E 163RD ST, Bronx, NY 10459",854D,E 163rd St,10459,40.82192,-73.90005,2026900074,geosearch,"854A EAST 163 STREET, Bronx, NY, USA",2005200,36788.72,2027,False,207900.0,13500.0,854 LLC,K1,True,True,False,,False,0.0,,,,,,,,none
snap,527997,MANIDA FOOD CENTER INC  ,"622 MANIDA ST, Bronx, NY 10474",622,Manida St,10474,40.8125,-73.8878,2027650290,geosearch,"622 MANIDA STREET, Bronx, NY, USA",2006661,36411.52,2027,False,244350.0,21600.0,BRONX 620 MANIDA STREET L.P.,C7,True,True,False,,False,0.0,,,,,,,,none
snap,973635,Manuel Loja GC  ,"1024 WESTCHESTER AVE, Bronx, NY 10459",1024,Westchester Ave,10459,40.82421,-73.89267,2027240134,geosearch,"1024 WESTCHESTER AVENUE, Bronx, NY, USA",2005772,7101100.96,2027,True,8753850.0,3735000.0,HG BRONX LLC,K2,True,True,False,,False,0.0,,,,,,,,none
snap,861543,Margarita's Grocery Store  ,"926 INTERVALE AVE, Bronx, NY 10459",926,Intervale Ave,10459,40.81996,-73.89648,2027030001,geosearch,"926 INTERVALE AVENUE, Bronx, NY, USA",2005450,187065.84,2027,True,781200.0,36000.0,SEBCO/BANANA KELLY ASSOC,D7,True,True,False,,False,0.0,,,,,,,,none
snap,861543,Margarita's Grocery Store  ,"926 INTERVALE AVE, Bronx, NY 10459",926,Intervale Ave,10459,40.81996,-73.89648,2027030001,geosearch,"926 INTERVALE AVENUE, Bronx, NY, USA",2005450,187065.84,2027,True,781200.0,36000.0,SEBCO/BANANA KELLY ASSOC,D7,True,True,False,,False,0.0,,,,,,,,none
snap,1241647,Maria Food Market Corp.  ,"920 PROSPECT AVE, Bronx, NY 10459",920,Prospect Ave,10459,40.82175,-73.90072,2026900063,geosearch,"920 PROSPECT AVENUE, Bronx, NY, USA",2115864,15359.68,2027,True,771750.0,209700.0,920 PROSPECT GARDENS HOUSING DEVELOPMENT  FUND CORP,D7,True,True,False,,False,0.0,,,,,,,,none
snap,581286,MARIBEL GROCERY CORP  ,"941 INTERVALE AVE, Bronx, NY 10459",941,INTERVALE AVE,10459,40.82132,-73.89693,2026970045,geosearch,"941 INTERVALE AVENUE, Bronx, NY, USA",2005359,525262.72,2027,True,1978200.0,119700.0,BK CLUSTER HOUSING DEVELOPMENT FUND CORP ORATION,D7,True,True,False,,False,0.0,,,,,,,,none
snap,754450,MARKET MERCADO-FM  ,"HUNTS POINT AVE SUBWAY PLZ, Bronx, NY 10474", ,HUNTS POINT AVE SUBWAY PLZ,10474,40.81435,-73.88566,2027340030,geosearch,"861 HUNTS POINT AVENUE, Bronx, NY, USA",2005875,,,,0.0,0.0,NATL RAILROAD PASSENGERS,U7,True,False,False,,False,0.0,,,,,,,,none
snap,379461,MARY'S GROCERY STORE  ,"874 BRYANT AVE, Bronx, NY 10474",874,Bryant Ave,10474,40.81918,-73.88667,2027610142,geosearch,"874 BRYANT AVENUE, Bronx, NY, USA",2006384,1094752.16,2027,True,2263500.0,197100.0,BRYANT ESTATES LLC,C7,True,True,False,,True,1.0,LEAS,,,,,,,acris_lease_no_amount
snap,814864,Mata E Cana Deli & Grocery  ,"911 E 156TH ST, Bronx, NY 10455",911,E 156th St,10455,40.81718,-73.90134,2026950048,geosearch,"911 EAST 156 STREET, Bronx, NY, USA",2091998,17487.44,2027,False,45180.0,9300.0,"GOMEZ, EDUARDO",S2,True,True,False,,False,0.0,,,,,,,,none
snap,960130,Mata E Cana Deli Grocery  ,"911 E 156TH ST, Bronx, NY 10455",911,E 156th St,10455,40.81702,-73.90092,2026950048,geosearch,"911 EAST 156 STREET, Bronx, NY, USA",2091998,17487.44,2027,False,45180.0,9300.0,"GOMEZ, EDUARDO",S2,True,True,False,,False,0.0,,,,,,,,none
snap,960130,Mata E Cana Deli Grocery  ,"911 E 156TH ST, Bronx, NY 10455",911,E 156th St,10455,40.81702,-73.90092,2026950048,geosearch,"911 EAST 156 STREET, Bronx, NY, USA",2091998,17487.44,2027,False,45180.0,9300.0,"GOMEZ, EDUARDO",S2,True,True,False,,False,0.0,,,,,,,,none
snap,1315458,Mavelyn Deli Grocery Corp  ,"1034 AVE SAINT JOHN, Bronx, NY 10455",1034,Avenue Saint John,10455,40.81258,-73.90133,2026030026,geosearch,"1034 AVENUE ST JOHN, Bronx, NY, USA",2004129,12914.72,2027,True,324450.0,26100.0,QUADRANT PROPERTIES HOUSING DEVELOPMENT  FUND COMPA,C7,True,True,False,,False,0.0,,,,,,,,none
snap,474483,MAY DELI GROCERY  ,"1000 HOE AVE, Bronx, NY 10459",1000,HOE AVE,10459,40.82333,-73.8904,2027490001,geosearch,"1000 HOE AVENUE, Bronx, NY, USA",2006109,194033.6,2027,True,416250.0,45000.0,JP HOE REALTY CORP,C7,True,True,False,,False,0.0,,,,,,,,none
snap,1080073,Mealtime Inc  ,"1294 WESTCHESTER AVE, Bronx, NY 10459",1294,Westchester Avenue,10459,40.8274,-73.88646,2027570093,geosearch,"1294 WESTCHESTER AVENUE, Bronx, NY, USA",2097227,581847.68,2027,True,1410300.0,225000.0,GLICKER REALTY L.P.,K1,True,True,False,,True,2.0,MLEA,,,,,,,acris_lease_no_amount
snap,1113274,Medec African Market Inc  ,"1086 SOUTHERN BLVD, Bronx, NY 10459",1086,Southern Blvd,10459,40.82582,-73.89188,2027440011,geosearch,"1086 SOUTHERN BOULEVARD, Bronx, NY, USA",2006029,217453.76,2027,True,492750.0,21600.0,1086 SOUTHERN LLC,C7,True,True,False,,False,0.0,,,,,,,,none
snap,784852,Mejia Mini Market Corp  ,"1010 LONGWOOD AVE, Bronx, NY 10459",1010,Longwood Ave,10459,40.81657,-73.89696,2027200069,geosearch,"1010 LONGWOOD AVENUE, Bronx, NY, USA",2005730,,,,1335150.0,54000.0,788 FOX STREET HOUSING DEVELOPMENT FUND  CORPORATIO,C7,True,False,False,,False,0.0,,,,,,,,none
snap,1027001,Metro Deli & Pizza Inc  ,"976 LONGWOOD AVE, Bronx, NY 10459",976,Longwood Ave,10459,40.81721,-73.89786,2027080046,geosearch,"976 LONGWOOD AVENUE, Bronx, NY, USA",2005569,,,,819900.0,99000.0,783 BECK ST. HSING DVLPM,D7,True,False,False,,False,0.0,,,,,,,,none
snap,1027001,Metro Deli & Pizza Inc  ,"976 LONGWOOD AVE, Bronx, NY 10459",976,Longwood Ave,10459,40.81721,-73.89786,2027080046,geosearch,"976 LONGWOOD AVENUE, Bronx, NY, USA",2005569,,,,819900.0,99000.0,783 BECK ST. HSING DVLPM,D7,True,False,False,,False,0.0,,,,,,,,none
snap,1512465,Mhany Food Box  ,"739 COSTER ST, Bronx, NY 10474",739,Coster St,10474,40.8152,-73.88776,2027630097,geosearch,"739 COSTER STREET, Bronx, NY, USA",2006508,1903428.0,2027,True,1367550.0,40500.0,PHOENIX ESTATES HDFC,D1,True,True,False,,False,0.0,,,,,,,,none
snap,1208938,Mi Gente Grocery & Fruits Corp  ,"908 E 163RD ST, Bronx, NY 10459",908,E 163rd St,10459,40.82098,-73.89799,2026960103,geosearch,"908 EAST 163 STREET, Bronx, NY, USA",2005349,343928.48,2027,True,808650.0,28350.0,LOUCADO REALTY CORP.,C7,True,True,False,,False,0.0,,,,,,,,none
snap,335657,MI JESUS TIENDA DE FRUTAS Y VEG  ,"1014 LONGWOOD AVE, Bronx, NY 10459",1014,Longwood Ave,10459,40.81659,-73.89678,2027200069,geosearch,"1014 LONGWOOD AVENUE, Bronx, NY, USA",2005730,,,,1335150.0,54000.0,788 FOX STREET HOUSING DEVELOPMENT FUND  CORPORATIO,C7,True,False,False,,False,0.0,,,,,,,,none
snap,981201,Michelle Produce Fruits Vegetables Grocery  ,"928 SOUTHERN BLVD, Bronx, NY 10459",928,Southern Blvd,10459,40.82047,-73.89188,2027357501,geosearch,"928 SOUTHERN BOULEVARD, Bronx, NY, USA",2005883,,,,2751300.0,112950.0,926 SOUTHERN BLVD LLC,RM,True,False,False,,False,,,,,,,,,none
snap,1502735,"Mike & J Candy Grocery, Corp  ","872 HUNTS POINT AVE, Bronx, NY 10474",872,Hunts Point Ave,10474,40.81887,-73.8891,2027610001,geosearch,"872 HUNT'S POINT AVENUE, Bronx, NY, USA",2006318,683345.92,2027,True,921150.0,189000.0,870 HUNTS POINT RLTYGRO,K1,True,True,False,,False,0.0,,,,,,,,none
snap,1650805,"Mike & J Candy Grocery, Corp  ","872 HUNTS POINT AVE, Bronx, NY 10474",872,Hunts Point Ave,10474,40.81887,-73.8891,2027610001,geosearch,"872 HUNT'S POINT AVENUE, Bronx, NY, USA",2006318,683345.92,2027,True,921150.0,189000.0,870 HUNTS POINT RLTYGRO,K1,True,True,False,,False,0.0,,,,,,,,none
snap,1668438,"Mike & J Candy Grocery, Corp  ","872 HUNTS POINT AVE, Bronx, NY 10474",872,Hunts Point Ave,10474,40.81887,-73.8891,2027610001,geosearch,"872 HUNT'S POINT AVENUE, Bronx, NY, USA",2006318,683345.92,2027,True,921150.0,189000.0,870 HUNTS POINT RLTYGRO,K1,True,True,False,,False,0.0,,,,,,,,none
snap,967764,Minerva Products & Vegetables  ,"571 SOUTHERN BLVD, Bronx, NY 10455",571,Southern Blvd,10455,40.81257,-73.90269,2026830041,geosearch,"571 SOUTHERN BOULEVARD, Bronx, NY, USA",2005084,117986.3,2027,False,881100.0,67950.0,571 SOUTHERN BLVD HUS,C6,True,True,False,,False,0.0,,,,,,,,none
snap,824096,Mis Amigos Grocery  ,"600 SOUTHERN BLVD, Bronx, NY 10455",600,Southern Blvd,10455,40.8126,-73.90231,2026030026,geosearch,"600 SOUTHERN BOULEVARD, Bronx, NY, USA",2004129,12914.72,2027,True,324450.0,26100.0,QUADRANT PROPERTIES HOUSING DEVELOPMENT  FUND COMPA,C7,True,True,False,,False,0.0,,,,,,,,none
snap,1442429,Modina Fruits And Vegetables Corp  ,"966A WESTCHESTER AVE, Bronx, NY 10459",966A,Westchester Ave,10459,40.82279,-73.89545,2027130018,geosearch,"966 WESTCHESTER AVENUE, Bronx, NY, USA",2005658,101381.12,2027,True,278550.0,31950.0,WHY REALTY CORP.,K1,True,True,False,,False,0.0,,,,,,,,none
snap,456015,MODINA LIVE POULTRY INC  ,"966 WESTCHESTER AVE, Bronx, NY 10459",966,Westchester Ave,10459,40.82278,-73.89551,2027130018,geosearch,"966 WESTCHESTER AVENUE, Bronx, NY, USA",2005658,101381.12,2027,True,278550.0,31950.0,WHY REALTY CORP.,K1,True,True,False,,False,0.0,,,,,,,,none
snap,456015,MODINA LIVE POULTRY INC  ,"966 WESTCHESTER AVE, Bronx, NY 10459",966,Westchester Ave,10459,40.82278,-73.89551,2027130018,geosearch,"966 WESTCHESTER AVENUE, Bronx, NY, USA",2005658,101381.12,2027,True,278550.0,31950.0,WHY REALTY CORP.,K1,True,True,False,,False,0.0,,,,,,,,none
snap,1287335,Moe Prospect Deli And Grocery Inc.  ,"716 PROSPECT AVE, Bronx, NY 10455",716,Prospect Ave,10455,40.81649,-73.90291,2026870001,geosearch,"716 PROSPECT AVENUE, Bronx, NY, USA",2005138,526617.6,2027,True,545400.0,31950.0,663-665 DAWSON STREET LLC,C7,True,True,False,,False,0.0,,,,,,,,none
snap,1250725,Moe's Gourmet Deli Plus Inc  ,"1007 E 163RD ST, Bronx, NY 10459",1007,E 163rd St,10459,40.82114,-73.89304,2027240001,geosearch,"1007 EAST 163 STREET, Bronx, NY, USA",2099788,2020786.8,2027,True,4632750.0,254700.0,LONGWOOD RESIDENCES HOUSING DEVELOPMENT  FUND,D7,True,True,False,,False,0.0,,,,,,,,none
snap,1250725,Moe's Gourmet Deli Plus Inc  ,"1007 E 163RD ST, Bronx, NY 10459",1007,E 163rd St,10459,40.82114,-73.89304,2027240001,geosearch,"1007 EAST 163 STREET, Bronx, NY, USA",2099788,2020786.8,2027,True,4632750.0,254700.0,LONGWOOD RESIDENCES HOUSING DEVELOPMENT  FUND,D7,True,True,False,,False,0.0,,,,,,,,none
snap,1251375,Momita Grocery Inc  ,"911 AVE SAINT JOHN, Bronx, NY 10455",911,Avenue Saint John,10455,40.81586,-73.90286,2026860013,geosearch,"911 AVENUE ST JOHN, Bronx, NY, USA",2005128,5102.48,2027,False,57600.0,4140.0,"TOYABOW, LLC",S2,True,True,False,,False,0.0,,,,,,,,none
snap,510565,"MONTELLANO FOOD CENTER, CORP  ","716 PROSPECT AVE, Bronx, NY 10455",716,Prospect Ave,10455,40.81671,-73.90278,2026870001,geosearch,"716 PROSPECT AVENUE, Bronx, NY, USA",2005138,526617.6,2027,True,545400.0,31950.0,663-665 DAWSON STREET LLC,C7,True,True,False,,False,0.0,,,,,,,,none
snap,1376334,Monther Food Mart And Deli Corp  ,"1078 E 165TH ST, Bronx, NY 10459",1078,E 165th St,10459,40.825,-73.89072,2027430030,geosearch,"1078 EAST 165 STREET, Bronx, NY, USA",2006023,1502575.84,2027,True,1776600.0,44100.0,1057 HOE AVENUE LLC D,D7,True,True,False,,True,2.0,ASSTO,,,,,,,acris_lease_no_amount
snap,678511,"MORELBA GROCERY STORE INC.,  ","954 PROSPECT AVE, Bronx, NY 10459",954,PROSPECT AVENUE,10459,40.82255,-73.90039,2026900105,geosearch,"954 PROSPECT AVENUE, Bronx, NY, USA",2005207,771727.32,2027,False,348750.0,45000.0,954 PROPERTIES CORP.,C4,True,True,False,,False,0.0,,,,,,,,none
snap,982684,Mrd Gourmet Deli Corp  ,"1093A SOUTHERN BLVD, Bronx, NY 10459",1093A,Southern Blvd,10459,40.82595,-73.89199,2027270045,geosearch,"1093A SOUTHERN BOULEVARD, Bronx, NY, USA",2005806,284301.12,2027,True,1014300.0,157950.0,1087 SOUTHERN REALTY LLC,K4,True,True,False,,False,0.0,,,,,,,,none
snap,1338652,Ms Grocery Food Corp  ,"1331 SENECA AVE, Bronx, NY 10474",1331,Seneca Ave,10474,40.81907,-73.88638,2027610142,geosearch,"1331 SENECA AVENUE, Bronx, NY, USA",2006384,1094752.16,2027,True,2263500.0,197100.0,BRYANT ESTATES LLC,C7,True,True,False,,True,1.0,LEAS,,,,,,,acris_lease_no_amount
snap,562013,NANDOS STORE  ,"1263 SPOFFORD AVE, Bronx, NY 10474",1263,Spofford Ave,10474,40.81437,-73.88763,2027630106,geosearch,"1263 SPOFFORD AVENUE, Bronx, NY, USA",2006511,57544.32,2027,False,144000.0,11700.0,MEZ LLC,K1,True,True,False,,False,0.0,,,,,,,,none
snap,841403,NAS Famous Deli Inc  ,"901 SOUTHERN BLVD, Bronx, NY 10459",901,Southern Blvd,10459,40.81951,-73.89297,2027230068,geosearch,"901 SOUTHERN BOULEVARD, Bronx, NY, USA",2005768,811144.64,2027,True,622800.0,40500.0,901 REALTY LLC,C7,True,True,False,,False,0.0,,,,,,,,none
snap,774363,National NR Corp  ,"944 INTERVALE AVE, Bronx, NY 10459",944,Intervale Ave,10459,40.82119,-73.89681,2027030025,geosearch,"944 INTERVALE AVENUE, Bronx, NY, USA",2005456,963763.84,2027,True,2034450.0,56700.0,EAST 163RD LLC,D7,True,True,False,,True,1.0,LEAS,,,,,,,acris_lease_no_amount
snap,1255700,Nelly's Deli Grocery Corp.  ,"1240 SPOFFORD AVE, Bronx, NY 10474",1240,Spofford Ave,10474,40.81405,-73.88936,2027650140,geosearch,"1240 SPOFFORD AVENUE, Bronx, NY, USA",2006612,674545.76,2027,False,1837350.0,67950.0,1230 SPOFFORD AVE HDF,C6,True,True,False,,False,0.0,,,,,,,,none
snap,882956,New Begining Restaurant Corp  ,"1294 WESTCHESTER AVE, Bronx, NY 10459",1294,Westchester Ave,10459,40.8274,-73.88646,2027570093,geosearch,"1294 WESTCHESTER AVENUE, Bronx, NY, USA",2097227,581847.68,2027,True,1410300.0,225000.0,GLICKER REALTY L.P.,K1,True,True,False,,True,2.0,MLEA,,,,,,,acris_lease_no_amount
snap,1569215,"New Hope Grocery, Inc.  ","944 ALDUS ST, Bronx, NY 10459",944,Aldus St,10459,40.82302,-73.89144,2027420039,geosearch,"944 ALDUS STREET, Bronx, NY, USA",2006012,402271.68,2027,True,805050.0,97200.0,944 ALDUS STREET CORP,C7,True,True,False,,False,0.0,,,,,,,,none
snap,1604435,Novax Deli Corporation  ,"831 DAWSON ST, Bronx, NY 10459",831,Dawson St,10459,40.81887,-73.89876,2026960075,geosearch,"831 DAWSON STREET, Bronx, NY, USA",2005347,18277.68,2027,True,1172250.0,67950.0,830 SHEVA REALTY HOUSING DEVELOPMNET FUN D CORP,C7,True,True,False,,False,0.0,,,,,,,,none
snap,1208735,Nu Deli Corp  ,"1081 SOUTHERN BLVD, Bronx, NY 10459",1081,Southern Blvd,10459,40.82554,-73.89196,2027270052,geosearch,"1081 SOUTHERN BOULEVARD, Bronx, NY, USA",2005807,1007679.52,2027,True,1429200.0,222750.0,FRANCIACORTA PROPERTIES LLC,K1,True,True,False,,False,0.0,,,,,,,,none
snap,413483,OCEAN FISH MARKET  ,"859 E 149TH ST, Bronx, NY 10455",859,E 149th St,10455,40.81186,-73.90382,2026030051,geosearch,"859 EAST 149 STREET, Bronx, NY, USA",2096003,152969.92,2027,True,399600.0,133200.0,M.T.S. REALTY CORP,K1,True,True,False,,False,0.0,,,,,,,,none
snap,544323,OCOA #2 FOOD MARKET  ,"860 SOUTHERN BLVD, Bronx, NY 10459",860,SOUTHERN BLVD,10459,40.81801,-73.89438,2027320026,geosearch,"860 SOUTHERN BOULEVARD, Bronx, NY, USA",2005846,0.0,2027,False,1324350.0,140850.0,"858-862 ASSOCIATES, LLC",C7,True,True,False,,False,0.0,,,,,,,,none
snap,925503,Ocoena Deli Grocery Corp  ,"1331 SENECA AVE, Bronx, NY 10474",1331,Seneca Ave,10474,40.81912,-73.88621,2027610142,geosearch,"1331 SENECA AVENUE, Bronx, NY, USA",2006384,1094752.16,2027,True,2263500.0,197100.0,BRYANT ESTATES LLC,C7,True,True,False,,True,1.0,LEAS,,,,,,,acris_lease_no_amount
snap,659370,OH & SON PRODUCE CORP  ,"1054 SOUTHERN BLVD, Bronx, NY 10459",1054,Southern Blvd,10459,40.82441,-73.89188,2027430019,geosearch,"1054 SOUTHERN BOULEVARD, Bronx, NY, USA",2006021,1816780.64,2027,True,4020300.0,161100.0,SOUTHERN 634 LLC,D7,True,True,False,,True,2.0,MLEA,175000.0,,,,,175000.0,acris
snap,747500,Ohio Grocery Store Inc  ,"1048 WESTCHESTER AVE, Bronx, NY 10459",1048,Westchester Ave,10459,40.82466,-73.89182,2027430019,geosearch,"1048 WESTCHESTER AVENUE, Bronx, NY, USA",2006021,1816780.64,2027,True,4020300.0,161100.0,SOUTHERN 634 LLC,D7,True,True,False,,True,2.0,MLEA,175000.0,,,,,175000.0,acris
snap,278725,OLIMPIA FOOD CENTER INC  ,"798 HUNTS POINT AVE, Bronx, NY 10474",798,Hunts Point Ave,10474,40.81663,-73.88794,2027630190,geosearch,"798 HUNTS POINT AVENUE, Bronx, NY, USA",2006548,2140459.32,2027,True,1164600.0,56250.0,1290 LAFAYETTE AVE.HOUSING DVLP FUND COR P.,D7,True,True,False,,False,0.0,,,,,,,,none
snap,1444523,Organic Southern Family Deli Corp  ,"860 SOUTHERN BLVD, Bronx, NY 10459",860,Southern Blvd,10459,40.81785,-73.89438,2027320026,geosearch,"860 SOUTHERN BOULEVARD, Bronx, NY, USA",2005846,0.0,2027,False,1324350.0,140850.0,"858-862 ASSOCIATES, LLC",C7,True,True,False,,False,0.0,,,,,,,,none
snap,535488,ORLANDO GROCERY L.L.C.  ,"710 BECK ST, Bronx, NY 10455",710,Beck St,10455,40.81505,-73.90005,2027070001,geosearch,"710 BECK STREET, Bronx, NY, USA",2115251,335658.88,2027,True,439650.0,40050.0,977 LEGGETT AVENUE LLC,K9,True,True,False,,False,0.0,,,,,,,,none
snap,855177,Orlando Market & Deli Inc.  ,"990 LEGGETT AVE, Bronx, NY 10455",990,Leggett Ave,10455,40.81445,-73.89983,2026840076,geosearch,"990 LEGGETT AVENUE, Bronx, NY, USA",2005101,14283.04,2027,True,507150.0,74250.0,QUADRANT PROPERTIES HOUSING DEVELOPMENT  FUND COMPA,C7,True,True,False,,False,0.0,,,,,,,,none
snap,335552,P A B GROCERY CORP  ,"1142 E 165TH ST, Bronx, NY 10459",1142,E 165TH ST,10459,40.8252,-73.88745,2027560080,geosearch,"1142 EAST 165 STREET, Bronx, NY, USA",2006272,26720.4,2027,False,406350.0,107100.0,165-1142 LLC,C7,True,True,False,,False,0.0,,,,,,,,none
snap,826287,Paloma Deli Grocery  ,"1240 SPOFFORD AVE, Bronx, NY 10474",1240,Spofford Ave,10474,40.81403,-73.88926,2027650140,geosearch,"1240 SPOFFORD AVENUE, Bronx, NY, USA",2006612,674545.76,2027,False,1837350.0,67950.0,1230 SPOFFORD AVE HDF,C6,True,True,False,,False,0.0,,,,,,,,none
snap,967770,Paulino Deli Grocery Corp  ,"798 HUNTS POINT AVE, Bronx, NY 10474",798,Hunts Point Ave,10474,40.81654,-73.88766,2027630190,geosearch,"798 HUNTS POINT AVENUE, Bronx, NY, USA",2006548,2140459.32,2027,True,1164600.0,56250.0,1290 LAFAYETTE AVE.HOUSING DVLP FUND COR P.,D7,True,True,False,,False,0.0,,,,,,,,none
snap,967770,Paulino Deli Grocery Corp  ,"798 HUNTS POINT AVE, Bronx, NY 10474",798,Hunts Point Ave,10474,40.81654,-73.88766,2027630190,geosearch,"798 HUNTS POINT AVENUE, Bronx, NY, USA",2006548,2140459.32,2027,True,1164600.0,56250.0,1290 LAFAYETTE AVE.HOUSING DVLP FUND COR P.,D7,True,True,False,,False,0.0,,,,,,,,none
snap,1399600,Peace And Love Deli Market Corp  ,"950 LONGWOOD AVE, Bronx, NY 10459",950,Longwood Ave,10459,40.8175,-73.89854,2027080040,geosearch,"950 LONGWOOD AVENUE, Bronx, NY, USA",2005568,1611338.24,2027,True,1698300.0,67950.0,758 KELLY LLC,D7,True,True,False,,False,0.0,,,,,,,,none
snap,446866,PERIQUITO GROCERY  ,"926 INTERVALE AVE, Bronx, NY 10459",926,Intervale Ave,10459,40.82,-73.89663,2027030001,geosearch,"926 INTERVALE AVENUE, Bronx, NY, USA",2005450,187065.84,2027,True,781200.0,36000.0,SEBCO/BANANA KELLY ASSOC,D7,True,True,False,,False,0.0,,,,,,,,none
snap,1517760,Perla Grocery Corp  ,"1142 E 165TH ST, Bronx, NY 10459",1142,E 165th St,10459,40.82515,-73.88747,2027560080,geosearch,"1142 EAST 165 STREET, Bronx, NY, USA",2006272,26720.4,2027,False,406350.0,107100.0,165-1142 LLC,C7,True,True,False,,False,0.0,,,,,,,,none
snap,824389,Peteray Deli Grocery Corp  ,"1182 W FARM RD, Bronx, NY 10459",1182,West Farm Rd,10459,40.82612,-73.89322,2027540029,geosearch,"1182 WEST FARMS ROAD, Bronx, NY, USA",2006193,263622.24,2027,True,543150.0,32400.0,BLUEBIRD REALTY CORP.,C7,True,True,False,,False,0.0,,,,,,,,none
snap,1618824,Ponce Distributors  ,"355 FOOD CENTER DR, Bronx, NY 10474",355,Food Center Drive,10474,40.80673,-73.87168,2027810460,geosearch,"355 FOOD CENTER DRIVE, Bronx, NY, USA",2109483,13162821.6,2025,True,36454500.0,9563400.0,NYC DEPARTMENT OF SMALL BUSINESS SERVICES,E9,True,True,False,,False,0.0,,,,,,,,none
snap,1502583,Primagro Llc  ,"902 HUNTS POINT AVE, Bronx, NY 10474",902,Hunts Point Ave,10474,40.81968,-73.88973,2027410060,geosearch,"902 HUNT'S POINT AVENUE, Bronx, NY, USA",2006005,110792.8,2027,True,288000.0,24300.0,"PENN CENTRAL REALTY, LLC",K1,True,True,False,,False,0.0,,,,,,,,none
snap,704993,PROSPECT DELI & GROCERY INC  ,"870 PROSPECT AVE, Bronx, NY 10459",870,Prospect Ave,10459,40.82028,-73.90129,2026900001,geosearch,"870 PROSPECT AVENUE, Bronx, NY, USA",2005189,608058.72,2027,True,788400.0,80100.0,864 HOLDING LLC,K4,True,True,False,,False,0.0,,,,,,,,none
snap,764454,Pupi's Deli Grocery Inc  ,"1095 SOUTHERN BLVD, Bronx, NY 10459",1095,Southern Blvd,10459,40.82618,-73.89196,2027270041,geosearch,"1095 SOUTHERN BOULEVARD, Bronx, NY, USA",2129170,177448.8,2022,True,5766750.0,366750.0,"URBAN HEALTH PLAN, INC.",I5,True,True,False,,False,0.0,,,,,,,,none
snap,1086081,Pura Vida Deli Grocery Corp  ,"907A SOUTHERN BLVD, Bronx, NY 10459",907A,Southern Blvd,10459,40.8197,-73.89283,2027230066,geosearch,"907 SOUTHERN BOULEVARD, Bronx, NY, USA",2005767,366076.32,2027,True,824850.0,44550.0,"MASCOTT PROPERTIES,INC.",C7,True,True,False,,False,0.0,,,,,,,,none
snap,370343,QUETZAL DELI & GROCERY  ,"1023 LONGWOOD AVE, Bronx, NY 10459",1023,Longwood Ave,10459,40.81652,-73.89651,2027210041,geosearch,"1023 LONGWOOD AVENUE, Bronx, NY, USA",2005744,,,,477000.0,41400.0,HOE-LONGWOOD HOUSING DEVELOPMENT FUND CO MPANY INC,C7,True,False,False,,False,0.0,,,,,,,,none
snap,370343,QUETZAL DELI & GROCERY  ,"1023 LONGWOOD AVE, Bronx, NY 10459",1023,Longwood Ave,10459,40.81652,-73.89651,2027210041,geosearch,"1023 LONGWOOD AVENUE, Bronx, NY, USA",2005744,,,,477000.0,41400.0,HOE-LONGWOOD HOUSING DEVELOPMENT FUND CO MPANY INC,C7,True,False,False,,False,0.0,,,,,,,,none
snap,324409,R & E CORP/C-TOWN  ,"809 SOUTHERN BLVD, Bronx, NY 10459",809,Southern Blvd,10459,40.81696,-73.89581,2027210024,geosearch,"809 SOUTHERN BOULEVARD, Bronx, NY, USA",2005741,482888.0,2027,True,1198350.0,175500.0,RLR REALTY CORP,K1,True,True,False,,False,0.0,,,,,,,,none
snap,786966,R.P. Deli Grocery  ,"945 ALDUS ST, Bronx, NY 10459",945,Aldus St,10459,40.82313,-73.8914,2027430001,geosearch,"945 ALDUS STREET, Bronx, NY, USA",2006015,937432.96,2027,True,2011500.0,201600.0,ZALE MGMT CORP,C7,True,True,False,,False,0.0,,,,,,,,none
snap,467917,RAED DELI GROCERY CORP  ,"1126 WESTCHESTER AVE, Bronx, NY 10459",1126,Westchester Ave,10459,40.82568,-73.8899,2027500013,geosearch,"1126 WESTCHESTER AVENUE, Bronx, NY, USA",2006145,9477.04,2027,False,53580.0,9660.0,JONAS 1126 CORP.,S1,True,True,False,,False,0.0,,,,,,,,none
snap,1204213,Rafis Paninis House Deli & Grocery Corp  ,"998 TIFFANY ST, Bronx, NY 10459",998,Tiffany St,10459,40.82306,-73.89484,2027147501,geosearch,"998 TIFFANY STREET, Bronx, NY, USA",2129168,,,,8422200.0,651150.0,"980 WESTCHESTER HOUSING DEVELOPMENT FUND  CORPORATION,",RM,True,False,False,,False,,,,,,,,,none
snap,1614568,Rama  African Organic Food Corp.  ,"984 INTERVALE AVE, Bronx, NY 10459",984,Intervale Ave,10459,40.82286,-73.89668,2027040007,geosearch,"984 INTERVALE AVENUE, Bronx, NY, USA",2005467,165584.0,2027,True,400050.0,22500.0,TRUMP REALTY LLC,M1,True,True,False,,False,0.0,,,,,,,,none
snap,1670007,Rama African Organic Food Corp.  ,"984 INTERVALE AVE, Bronx, NY 10459",984,Intervale Ave,10459,40.82286,-73.89668,2027040007,geosearch,"984 INTERVALE AVENUE, Bronx, NY, USA",2005467,165584.0,2027,True,400050.0,22500.0,TRUMP REALTY LLC,M1,True,True,False,,False,0.0,,,,,,,,none
snap,996338,Real Deal Deli & Grocery Corp  ,"987 WESTCHESTER AVE, Bronx, NY 10459",987,Westchester Ave,10459,40.82336,-73.89458,2027150055,geosearch,"987 WESTCHESTER AVENUE, Bronx, NY, USA",2093866,132974.88,2027,True,313200.0,43650.0,"S.U.S. REAL ESTATE OF BRONX, INC.",K1,True,True,False,,False,0.0,,,,,,,,none
snap,1596008,Red Light And Tobacco  ,"980 WESTCHESTER AVE, Bronx, NY 10459",980,Westchester Ave,10459,40.82306,-73.89469,2027147501,geosearch,"980 WESTCHESTER AVENUE, Bronx, NY, USA",2129168,,,,8422200.0,651150.0,"980 WESTCHESTER HOUSING DEVELOPMENT FUND  CORPORATION,",RM,True,False,False,,False,,,,,,,,,none
snap,994365,Reyes Mexican Deli  ,"998 LONGWOOD AVE NUM6, Bronx, NY 10459",998,Longwood Ave Num6,10459,40.81694,-73.89732,2027070063,geosearch,"998 LONGWOOD AVENUE, Bronx, NY, USA",2005538,879858.56,2027,True,582750.0,112050.0,998 LONGWOOD INC,C7,True,True,False,,False,0.0,,,,,,,,none
snap,1406984,Reyes Mexican Deli Inc  ,"998 LONGWOOD AVE, Bronx, NY 10459",998,Longwood Ave,10459,40.81687,-73.89747,2027070063,geosearch,"998 LONGWOOD AVENUE, Bronx, NY, USA",2005538,879858.56,2027,True,582750.0,112050.0,998 LONGWOOD INC,C7,True,True,False,,False,0.0,,,,,,,,none
snap,334757,RICK'S CHICKS LIVE POUL MKT&MORE  ,"1024 LEGGETT AVE, Bronx, NY 10455",1024,Leggett Ave,10455,40.81371,-73.89952,2026030180,geosearch,"1024 LEGGETT AVENUE, Bronx, NY, USA",2094272,308790.56,2027,True,997650.0,156600.0,WILLIAM REINER,E2,True,True,False,,False,0.0,,,,,,,,none
snap,849132,Ricks Chicks Live Poultry Market & More Inc  ,"1024 LEGGETT AVE, Bronx, NY 10455",1024,Leggett Ave,10455,40.81371,-73.89952,2026030180,geosearch,"1024 LEGGETT AVENUE, Bronx, NY, USA",2094272,308790.56,2027,True,997650.0,156600.0,WILLIAM REINER,E2,True,True,False,,False,0.0,,,,,,,,none
snap,269871,Rite Aid 3844,"950 SOUTHERN BLVD, Bronx, NY 10459",950,Southern Blvd,10459,40.82201,-73.8915,2027420022,geosearch,"950 SOUTHERN BOULEVARD, Bronx, NY, USA",2120371,202176.48,2027,True,987750.0,270000.0,Y.S.T.H. HOLDING LLC,K2,True,True,False,,False,0.0,,,,,,,,none
snap,920856,Rite Aid 7906,"840 WESTCHESTER AVE, Bronx, NY 10459",840,Westchester Ave,10459,40.81974,-73.90136,2026890048,geosearch,"840 WESTCHESTER AVENUE, Bronx, NY, USA",2115863,57602.88,2027,True,3085200.0,132750.0,KIM CHANG HYUN,K4,True,True,False,,True,6.0,ASSTO,18400000.0,,,,,18400000.0,acris
snap,1164780,Rite Care Pharmacy  ,"898 E 163RD ST, Bronx, NY 10459",898,E 163rd St,10459,40.82098,-73.89828,2026960095,geosearch,"898 EAST 163 STREET, Bronx, NY, USA",2102069,440386.32,2027,True,1007550.0,208350.0,916 POLITE HOUSING DEVELOPMENT FUND CORP ORATION,D6,True,True,False,,False,0.0,,,,,,,,none
snap,1519466,Rite Care Pharmacy no,"898 E 163RD ST, Bronx, NY 10459",898,E 163rd St,10459,40.82086,-73.8983,2026960095,geosearch,"898 EAST 163 STREET, Bronx, NY, USA",2102069,440386.32,2027,True,1007550.0,208350.0,916 POLITE HOUSING DEVELOPMENT FUND CORP ORATION,D6,True,True,False,,False,0.0,,,,,,,,none
snap,1343261,"Robinson Deli & Grocery, Corp.  ","950 LONGWOOD AVE, Bronx, NY 10459",950,Longwood Ave,10459,40.81752,-73.89832,2027080040,geosearch,"950 LONGWOOD AVENUE, Bronx, NY, USA",2005568,1611338.24,2027,True,1698300.0,67950.0,758 KELLY LLC,D7,True,True,False,,False,0.0,,,,,,,,none
snap,463379,RODRIGUEZ GROCERY  ,"753 FOX ST, Bronx, NY 10455",753,FOX ST,10455,40.81573,-73.89832,2027070085,geosearch,"753 FOX STREET, Bronx, NY, USA",2005542,990771.68,2027,True,2261250.0,112500.0,"SOUTHERN BLVD I HOUSING DEV. FUND COMPAN Y, INC.",D7,True,True,False,,False,0.0,,,,,,,,none
snap,510040,RODRIGUEZ GROCERY STORE  ,"1006 INTERVALE AVE, Bronx, NY 10459",1006,INTERVALE AVE,10459,40.8234,-73.89684,2027040016,geosearch,"1006 INTERVALE AVENUE, Bronx, NY, USA",2005470,366169.44,2027,True,781200.0,33750.0,1006 INTERVALE AVE LLC,C7,True,True,False,,False,0.0,,,,,,,,none
snap,548957,ROQUITO DELI GROCERY  ,"1035 WESTCHESTER AVE, Bronx, NY 10459",1035,Westchester Ave,10459,40.82424,-73.89288,2027270001,geosearch,"1035 WESTCHESTER AVENUE, Bronx, NY, USA",2098499,1174516.96,2027,True,3543300.0,391500.0,1031 WESTCHESTER AVE LLC,K1,True,True,False,,True,1.0,MLEA,,,,,,,acris_lease_no_amount
snap,1082495,Rosa Perez GC  ,"1045 E 163RD ST, Bronx, NY 10459",1045,E 163rd St,10459,40.82105,-73.8913,2027420003,geosearch,"1045 EAST 163 STREET, Bronx, NY, USA",2094367,2970772.64,2027,True,7030800.0,2250000.0,940 SOUTHERN BOULEVA,K1,True,True,False,,False,0.0,,,,,,,,none
snap,1351810,Roselyn Deli Grocery Corp  ,"698 BECK ST, Bronx, NY 10455",698,Beck St,10455,40.81497,-73.90041,2026840068,geosearch,"698 BECK STREET, Bronx, NY, USA",2005098,358033.76,2027,True,1458450.0,120150.0,BRONX BROOKLYN HOUSING DEVELOPMENT FUND  CORPORATIO,C7,True,True,False,,False,0.0,,,,,,,,none
snap,1656698,Roselyn Deli Grocery Corp  ,"698 BECK ST, Bronx, NY 10455",698,Beck St,10455,40.81492,-73.90038,2026840068,geosearch,"698 BECK STREET, Bronx, NY, USA",2005098,358033.76,2027,True,1458450.0,120150.0,BRONX BROOKLYN HOUSING DEVELOPMENT FUND  CORPORATIO,C7,True,True,False,,False,0.0,,,,,,,,none
snap,1049118,Roxy Grocery & Convenience Corp  ,"935 E 163RD ST, Bronx, NY 10459",935,E 163rd St,10459,40.82103,-73.89655,2027030025,geosearch,"935 EAST 163 STREET, Bronx, NY, USA",2005456,963763.84,2027,True,2034450.0,56700.0,EAST 163RD LLC,D7,True,True,False,,True,1.0,LEAS,,,,,,,acris_lease_no_amount
snap,1278691,Royal Deli Inc NO,"980 INTERVALE AVE, Bronx, NY 10459",980,Intervale Ave,10459,40.82269,-73.89668,2027040005,geosearch,"980 INTERVALE AVENUE, Bronx, NY, USA",2005465,9834.08,2027,False,318600.0,43650.0,SONO REALTY LLC,S3,True,True,False,,False,0.0,,,,,,,,none
snap,1278691,Royal Deli Inc NO,"980 INTERVALE AVE, Bronx, NY 10459",980,Intervale Ave,10459,40.82269,-73.89668,2027040005,geosearch,"980 INTERVALE AVENUE, Bronx, NY, USA",2005465,9834.08,2027,False,318600.0,43650.0,SONO REALTY LLC,S3,True,True,False,,False,0.0,,,,,,,,none
snap,1647554,Royal Deli Inc  ,"980 INTERVALE AVE, Bronx, NY 10459",980,Intervale Ave,10459,40.82269,-73.89668,2027040005,geosearch,"980 INTERVALE AVENUE, Bronx, NY, USA",2005465,9834.08,2027,False,318600.0,43650.0,SONO REALTY LLC,S3,True,True,False,,False,0.0,,,,,,,,none
snap,1068749,Royal Food Market Corp  ,"953 WESTCHESTER AVE, Bronx, NY 10459",953,Westchester Ave,10459,40.8225,-73.89625,2027040042,geosearch,"953 WESTCHESTER AVENUE, Bronx, NY, USA",2005477,123055.36,2027,True,318600.0,53100.0,FOXHURST CENTER LLC,K1,True,True,False,,False,0.0,,,,,,,,none
snap,620952,RUIZ BROTHERS GROCERY CORP  ,"935 E 163RD ST, Bronx, NY 10459",935,E 163RD ST,10459,40.82103,-73.89655,2027030025,geosearch,"935 EAST 163 STREET, Bronx, NY, USA",2005456,963763.84,2027,True,2034450.0,56700.0,EAST 163RD LLC,D7,True,True,False,,True,1.0,LEAS,,,,,,,acris_lease_no_amount
snap,1115324,S & A Grocery Corp  ,"1103 INTERVALE AVE, Bronx, NY 10459",1103,Intervale Ave,10459,40.82616,-73.89718,2026920074,geosearch,"1103 INTERVALE AVENUE, Bronx, NY, USA",2005291,33233.28,2027,True,845100.0,49500.0,S. BX CATCH MUTUAL HSNG/ASSOC/HSNG/DEV/F UND/CORP.,D7,True,True,False,,False,0.0,,,,,,,,none
snap,882413,S & S Express Deli Inc  ,"948 E 163RD ST, Bronx, NY 10459",948,E 163rd St,10459,40.82096,-73.896,2027030018,geosearch,"948 EAST 163 STREET, Bronx, NY, USA",2005453,203841.6,2027,True,744750.0,38250.0,KELLY STREET REDEVELOPMENT HOUSING DEVEL OPMENT FUN,C7,True,True,False,,False,0.0,,,,,,,,none
snap,857602,S Won Provision Inc  ,"1054 SOUTHERN BLVD, Bronx, NY 10459",1054,Southern Blvd,10459,40.82438,-73.89188,2027430019,geosearch,"1054 SOUTHERN BOULEVARD, Bronx, NY, USA",2006021,1816780.64,2027,True,4020300.0,161100.0,SOUTHERN 634 LLC,D7,True,True,False,,True,2.0,MLEA,175000.0,,,,,175000.0,acris
snap,857602,S Won Provision Inc  ,"1054 SOUTHERN BLVD, Bronx, NY 10459",1054,Southern Blvd,10459,40.82438,-73.89188,2027430019,geosearch,"1054 SOUTHERN BOULEVARD, Bronx, NY, USA",2006021,1816780.64,2027,True,4020300.0,161100.0,SOUTHERN 634 LLC,D7,True,True,False,,True,2.0,MLEA,175000.0,,,,,175000.0,acris
snap,731457,S. M. DELI GROCERY STORE  ,"1095 SOUTHERN BLVD, Bronx, NY 10459",1095,Southern Blvd,10459,40.82618,-73.89196,2027270041,geosearch,"1095 SOUTHERN BOULEVARD, Bronx, NY, USA",2129170,177448.8,2022,True,5766750.0,366750.0,"URBAN HEALTH PLAN, INC.",I5,True,True,False,,False,0.0,,,,,,,,none
snap,1450103,S. Won Provision Inc/Southern Farm  ,"1046 SOUTHERN BLVD, Bronx, NY 10459",1046,Southern Blvd,10459,40.82415,-73.89169,2027430015,geosearch,"1046 SOUTHERN BOULEVARD, Bronx, NY, USA",2006020,352646.88,2027,True,812700.0,202500.0,MLM PARTNERS LLC,K1,True,True,False,,False,0.0,,,,,,,,none
snap,1275426,Sabor Latino Deli Supermarket Corp  ,"1000 LONGWOOD AVE, Bronx, NY 10459",1000,Longwood Ave,10459,40.81687,-73.89719,2027070063,geosearch,"1000 LONGWOOD AVENUE, Bronx, NY, USA",2005538,879858.56,2027,True,582750.0,112050.0,998 LONGWOOD INC,C7,True,True,False,,False,0.0,,,,,,,,none
snap,1392435,Sabor Latino Deli Supermarket Corp  ,"1000 LONGWOOD AVE, Bronx, NY 10459",1000,Longwood Ave,10459,40.81676,-73.8973,2027070063,geosearch,"1000 LONGWOOD AVENUE, Bronx, NY, USA",2005538,879858.56,2027,True,582750.0,112050.0,998 LONGWOOD INC,C7,True,True,False,,False,0.0,,,,,,,,none
snap,1623590,Sabor Latino Deli Supermarket Corp  ,"1000 LONGWOOD AVE, Bronx, NY 10459",1000,Longwood Ave,10459,40.81678,-73.8973,2027070063,geosearch,"1000 LONGWOOD AVENUE, Bronx, NY, USA",2005538,879858.56,2027,True,582750.0,112050.0,998 LONGWOOD INC,C7,True,True,False,,False,0.0,,,,,,,,none
snap,1653429,Sabor Latino Deli Supermarket Corp  ,"1000 LONGWOOD AVE, Bronx, NY 10459",1000,Longwood Ave,10459,40.81678,-73.8973,2027070063,geosearch,"1000 LONGWOOD AVENUE, Bronx, NY, USA",2005538,879858.56,2027,True,582750.0,112050.0,998 LONGWOOD INC,C7,True,True,False,,False,0.0,,,,,,,,none
snap,1135815,Sada Deli & Convenience Corp  ,"1106 WESTCHESTER AVE, Bronx, NY 10459",1106,Westchester Ave,10459,40.82539,-73.89044,2027500003,geosearch,"1106 WESTCHESTER AVENUE, Bronx, NY, USA",2092027,107379.28,2027,False,285300.0,54000.0,HERITAGE FIRST REALTY CORP,S9,True,True,False,,False,0.0,,,,,,,,none
snap,1236304,Sal Quick Stop Deli Grocery Inc  ,"1030 SOUTHERN BLVD, Bronx, NY 10459",1030,Southern Blvd,10459,40.8239,-73.89182,2027430006,geosearch,"1030 SOUTHERN BOULEVARD, Bronx, NY, USA",2130444,1348317.52,2027,True,3789000.0,630000.0,1030 SOUTHERN BOULEVARD LLC,K2,True,True,False,,False,0.0,,,,,,,,none
snap,935350,Salcedo Grocery & Deli Corp  ,"1318 LAFAYETTE AVE, Bronx, NY 10474",1318,Lafayette Ave,10474,40.81687,-73.88617,2027630220,geosearch,"1318 LAFAYETTE AVENUE, Bronx, NY, USA",2006552,768208.0,2027,True,796950.0,48150.0,BRYANT PROPERTIES 769 LLC,C7,True,True,False,,False,0.0,,,,,,,,none
snap,865307,Salcedo Grocery Store Deli  ,"1260 WESTCHESTER AVE, Bronx, NY 10459",1260,Westchester Ave,10459,40.827,-73.88737,2027570085,geosearch,"1260 WESTCHESTER AVENUE, Bronx, NY, USA",2006291,632056.64,2027,True,1703250.0,515250.0,"SEED CHESTER, INC",K1,True,True,False,,False,0.0,,,,,,,,none
snap,1329116,Salcedo Supermarket Corp  ,"1318 LAFAYETTE AVE, Bronx, NY 10474",1318,Lafayette Ave,10474,40.81686,-73.88643,2027630220,geosearch,"1318 LAFAYETTE AVENUE, Bronx, NY, USA",2006552,768208.0,2027,True,796950.0,48150.0,BRYANT PROPERTIES 769 LLC,C7,True,True,False,,False,0.0,,,,,,,,none
snap,1640361,Salcedo Supermarket Corp  ,"1318 LAFAYETTE AVE, Bronx, NY 10474",1318,Lafayette Ave,10474,40.81677,-73.88625,2027630220,geosearch,"1318 LAFAYETTE AVENUE, Bronx, NY, USA",2006552,768208.0,2027,True,796950.0,48150.0,BRYANT PROPERTIES 769 LLC,C7,True,True,False,,False,0.0,,,,,,,,none
snap,880383,Sam Stop Express Inc  ,"870 HUNTS POINT AVE, Bronx, NY 10474",870,Hunts Point Ave,10474,40.81877,-73.88924,2027610001,geosearch,"870 HUNT'S POINT AVENUE, Bronx, NY, USA",2006318,683345.92,2027,True,921150.0,189000.0,870 HUNTS POINT RLTYGRO,K1,True,True,False,,False,0.0,,,,,,,,none
snap,867461,Sam X Deli Grocery Inc  ,"948 E 163RD ST, Bronx, NY 10459",948,E 163rd St,10459,40.82094,-73.8959,2027030018,geosearch,"948 EAST 163 STREET, Bronx, NY, USA",2005453,203841.6,2027,True,744750.0,38250.0,KELLY STREET REDEVELOPMENT HOUSING DEVEL OPMENT FUN,C7,True,True,False,,False,0.0,,,,,,,,none
snap,1604154,Sammay's Deli & Grocery Inc  ,"1131 W FARMS RD, Bronx, NY 10459",1131,W Farms Rd,10459,40.82667,-73.8903,2027440063,geosearch,"1131 WEST FARMS ROAD, Bronx, NY, USA",2006048,476172.8,2027,True,830250.0,59400.0,ROSE ELLEN SMITH MBD HOUSING DEVELOPMENT  FUND CO.,C7,True,True,False,,False,0.0,,,,,,,,none
snap,1635462,Sammy Fish & Deli  ,"844 HUNTS POINT AVE, Bronx, NY 10474",844,Hunts Point Ave,10474,40.81763,-73.88835,2027620015,geosearch,"844 HUNT'S POINT AVENUE, Bronx, NY, USA",2006425,18481.04,2027,False,46320.0,10620.0,844 HUNTS POINT LLC,S2,True,True,False,,False,0.0,,,,,,,,none
snap,1121210,Sammy's Deli & Grill Corp.  ,"1126 WESTCHESTER AVE, Bronx, NY 10459",1126,Westchester Ave,10459,40.82568,-73.8899,2027500013,geosearch,"1126 WESTCHESTER AVENUE, Bronx, NY, USA",2006145,9477.04,2027,False,53580.0,9660.0,JONAS 1126 CORP.,S1,True,True,False,,False,0.0,,,,,,,,none
snap,1267598,Samy Fish & Deli Inc.  ,"844 HUNTS POINT AVE, Bronx, NY 10474",844,Hunts Point Ave,10474,40.8176,-73.8885,2027620015,geosearch,"844 HUNT'S POINT AVENUE, Bronx, NY, USA",2006425,18481.04,2027,False,46320.0,10620.0,844 HUNTS POINT LLC,S2,True,True,False,,False,0.0,,,,,,,,none
snap,780523,SENECA GROCERY & DELI  ,"1331 SENECA AVE, Bronx, NY 10474",1331,Seneca Ave,10474,40.81912,-73.88621,2027610142,geosearch,"1331 SENECA AVENUE, Bronx, NY, USA",2006384,1094752.16,2027,True,2263500.0,197100.0,BRYANT ESTATES LLC,C7,True,True,False,,True,1.0,LEAS,,,,,,,acris_lease_no_amount
snap,1001299,Sensacion Deli Grocery Corp  ,"986 ROGERS PL, Bronx, NY 10459",986,Rogers Place,10459,40.82371,-73.89759,2026990033,geosearch,"986 ROGERS PLACE, Bronx, NY, USA",2005382,4059.92,2027,False,57840.0,5100.0,PAULINO RAMOS,S2,True,True,False,,False,0.0,,,,,,,,none
snap,1008630,Serie 55 Supermarket Corp  ,"1000 LONGWOOD AVE, Bronx, NY 10459",1000,Longwood Ave,10459,40.81684,-73.89721,2027070063,geosearch,"1000 LONGWOOD AVENUE, Bronx, NY, USA",2005538,879858.56,2027,True,582750.0,112050.0,998 LONGWOOD INC,C7,True,True,False,,False,0.0,,,,,,,,none
snap,822284,Seven Brothers Mini Market Corp  ,"1000 HOE AVE, Bronx, NY 10459",1000,Hoe Ave,10459,40.82333,-73.8904,2027490001,geosearch,"1000 HOE AVENUE, Bronx, NY, USA",2006109,194033.6,2027,True,416250.0,45000.0,JP HOE REALTY CORP,C7,True,True,False,,False,0.0,,,,,,,,none
snap,640005,SEVEN DAYS DELI AND GROCERY  ,"1083 SOUTHERN BLVD, Bronx, NY 10459",1083,Southern Blvd,10459,40.82559,-73.89199,2027270052,geosearch,"1083 SOUTHERN BOULEVARD, Bronx, NY, USA",2005807,1007679.52,2027,True,1429200.0,222750.0,FRANCIACORTA PROPERTIES LLC,K1,True,True,False,,False,0.0,,,,,,,,none
snap,945176,Simpson Deli and Grocery Inc  ,"1011 E 163RD ST, Bronx, NY 10459",1011,E 163rd St,10459,40.82103,-73.89269,2027240101,geosearch,"1011 EAST 163 STREET, Bronx, NY, USA",2005771,1015871.36,2027,True,2286000.0,66150.0,LONGWOOD RESIDENCES HOUSING DEVELOPMENT  FUND,D7,True,True,False,,False,0.0,,,,,,,,none
snap,779475,Simreen Packing Enterprises Inc  ,"1260 WESTCHESTER AVE, Bronx, NY 10459",1260,Westchester Ave,10459,40.827,-73.88737,2027570085,geosearch,"1260 WESTCHESTER AVENUE, Bronx, NY, USA",2006291,632056.64,2027,True,1703250.0,515250.0,"SEED CHESTER, INC",K1,True,True,False,,False,0.0,,,,,,,,none
snap,779475,Simreen Packing Enterprises Inc  ,"1260 WESTCHESTER AVE, Bronx, NY 10459",1260,Westchester Ave,10459,40.827,-73.88737,2027570085,geosearch,"1260 WESTCHESTER AVENUE, Bronx, NY, USA",2006291,632056.64,2027,True,1703250.0,515250.0,"SEED CHESTER, INC",K1,True,True,False,,False,0.0,,,,,,,,none
snap,569084,SK Fruit Market Corp  ,"1057 SOUTHERN BLVD, Bronx, NY 10459",1057,Southern Blvd,10459,40.82483,-73.89213,2027270064,geosearch,"1057 SOUTHERN BOULEVARD, Bronx, NY, USA",2005808,482995.04,2027,True,1768050.0,99000.0,1031 WESTCHESTER AVE LLC,O5,True,True,False,,False,0.0,,,,,,,,none
snap,1386212,Skyline 1 Deli & Grocery Corp  ,"870 PROSPECT AVE, Bronx, NY 10459",870,Prospect Ave,10459,40.82028,-73.90134,2026900001,geosearch,"870 PROSPECT AVENUE, Bronx, NY, USA",2005189,608058.72,2027,True,788400.0,80100.0,864 HOLDING LLC,K4,True,True,False,,False,0.0,,,,,,,,none
snap,1386212,Skyline 1 Deli & Grocery Corp  ,"870 PROSPECT AVE, Bronx, NY 10459",870,Prospect Ave,10459,40.82028,-73.90134,2026900001,geosearch,"870 PROSPECT AVENUE, Bronx, NY, USA",2005189,608058.72,2027,True,788400.0,80100.0,864 HOLDING LLC,K4,True,True,False,,False,0.0,,,,,,,,none
snap,1527986,Son Sonateca Grocery Store Corp.  ,"945 ALDUS ST, Bronx, NY 10459",945,Aldus St,10459,40.8232,-73.89144,2027430001,geosearch,"945 ALDUS STREET, Bronx, NY, USA",2006015,937432.96,2027,True,2011500.0,201600.0,ZALE MGMT CORP,C7,True,True,False,,False,0.0,,,,,,,,none
snap,978987,South Bronx Mini Market  ,"945 E 163RD ST, Bronx, NY 10459",945,East 163rd Street,10459,40.82102,-73.89617,2027030053,geosearch,"945 EAST 163 STREET, Bronx, NY, USA",2005463,812092.64,2027,True,1694700.0,140850.0,EAST 163RD,D7,True,True,False,,True,1.0,LEAS,,,,,,,acris_lease_no_amount
snap,738579,Southern Blvd Deli  ,"901 SOUTHERN BLVD, Bronx, NY 10459",901,Southern Blvd,10459,40.81951,-73.89297,2027230068,geosearch,"901 SOUTHERN BOULEVARD, Bronx, NY, USA",2005768,811144.64,2027,True,622800.0,40500.0,901 REALTY LLC,C7,True,True,False,,False,0.0,,,,,,,,none
snap,1242591,Southern Blvd Meat Market Corp./Sagal Food  ,"1087 SOUTHERN BLVD, Bronx, NY 10459",1087,Southern Blvd,10459,40.82586,-73.89198,2027270045,geosearch,"1087 SOUTHERN BOULEVARD, Bronx, NY, USA",2005806,284301.12,2027,True,1014300.0,157950.0,1087 SOUTHERN REALTY LLC,K4,True,True,False,,False,0.0,,,,,,,,none
snap,1507206,Southern Boulevard Gourmet Deli And Smoke Shop Cor  ,"1007 SOUTHERN BLVD, Bronx, NY 10459",1007,Southern Blvd,10459,40.82304,-73.89198,2027240164,geosearch,"1007 SOUTHERN BOULEVARD, Bronx, NY, USA",2005779,558655.04,2027,True,969750.0,16650.0,JOVADA REALTY CORP.,C7,True,True,False,,False,0.0,,,,,,,,none
snap,882683,Southern Deli Grocery  ,"596 SOUTHERN BLVD, Bronx, NY 10455",596,Southern Blvd,10455,40.81258,-73.90244,2026030026,geosearch,"596 SOUTHERN BOULEVARD, Bronx, NY, USA",2004129,12914.72,2027,True,324450.0,26100.0,QUADRANT PROPERTIES HOUSING DEVELOPMENT  FUND COMPA,C7,True,True,False,,False,0.0,,,,,,,,none
snap,287226,SOUTHERN DELI-GROCERY  ,"543 SOUTHERN BLVD, Bronx, NY 10455",543,Southern Blvd,10455,40.81226,-73.90388,2026830001,geosearch,"543 SOUTHERN BOULEVARD, Bronx, NY, USA",2005080,369908.16,2027,True,921600.0,135000.0,WMM REALTY LLC,K1,True,True,False,,False,0.0,,,,,,,,none
snap,1331112,Southern Familygourmet Deli Corp  ,"860 SOUTHERN BLVD, Bronx, NY 10459",860,Southern Blvd,10459,40.81792,-73.89451,2027320026,geosearch,"860 SOUTHERN BOULEVARD, Bronx, NY, USA",2005846,0.0,2027,False,1324350.0,140850.0,"858-862 ASSOCIATES, LLC",C7,True,True,False,,False,0.0,,,,,,,,none
snap,1126278,Southern Fish Market  ,"1037 E 163RD ST, Bronx, NY 10459",1037,E 163rd St,10459,40.82103,-73.8914,2027420003,geosearch,"1037 EAST 163 STREET, Bronx, NY, USA",2094367,2970772.64,2027,True,7030800.0,2250000.0,940 SOUTHERN BOULEVA,K1,True,True,False,,False,0.0,,,,,,,,none
snap,586323,SOUTHERN FISH MARKET INC  ,"1037 E 163RD ST, Bronx, NY 10459",1037,E 163rd St,10459,40.82105,-73.89146,2027420003,geosearch,"1037 EAST 163 STREET, Bronx, NY, USA",2094367,2970772.64,2027,True,7030800.0,2250000.0,940 SOUTHERN BOULEVA,K1,True,True,False,,False,0.0,,,,,,,,none
snap,1297830,Spofford Ave Deli Grocery Corp.  ,"706 FAILE ST, Bronx, NY 10474",706,Faile St,10474,40.81478,-73.88652,2027630185,geosearch,"706 FAILE STREET, Bronx, NY, USA",2006547,150529.28,2027,True,981900.0,20250.0,CASTILLO IGNACIO 7,C7,True,True,False,,False,0.0,,,,,,,,none
snap,1430654,St. John Market Inc.  ,"639 SOUTHERN BLVD, Bronx, NY 10455",639,Southern Blvd,10455,40.81314,-73.90113,2026830100,geosearch,"639 SOUTHERN BOULEVARD, Bronx, NY, USA",2005092,760735.0,2027,False,1388250.0,139500.0,1021-1027 AVE ST. JOHN HOUSING DEVELOP F UND CORP,C6,True,True,False,,False,0.0,,,,,,,,none
snap,309504,STEPHANIE GROCERY STORE  ,"699 BECK ST, Bronx, NY 10455",699,BECK ST,10455,40.81502,-73.90044,2026850056,geosearch,"699 BECK STREET, Bronx, NY, USA",2005113,127579.36,2027,True,270900.0,40050.0,BECK STREET REALTY LLC,C7,True,True,False,,False,0.0,,,,,,,,none
snap,269449,SUPERIOR MARKET  ,"1000 LONGWOOD AVE, Bronx, NY 10459",1000,Longwood Ave,10459,40.81684,-73.89721,2027070063,geosearch,"1000 LONGWOOD AVENUE, Bronx, NY, USA",2005538,879858.56,2027,True,582750.0,112050.0,998 LONGWOOD INC,C7,True,True,False,,False,0.0,,,,,,,,none
snap,885145,Sweet Deli & Grocery  ,"956 INTERVALE AVE, Bronx, NY 10459",956,Intervale Ave,10459,40.8217,-73.89684,2027030032,geosearch,"956 INTERVALE AVENUE, Bronx, NY, USA",2005458,188287.68,2027,True,577800.0,39150.0,952 956 INTERVALE REALTY CORP,C7,True,True,False,,False,0.0,,,,,,,,none
snap,885145,Sweet Deli & Grocery  ,"956 INTERVALE AVE, Bronx, NY 10459",956,Intervale Ave,10459,40.8217,-73.89684,2027030032,geosearch,"956 INTERVALE AVENUE, Bronx, NY, USA",2005458,188287.68,2027,True,577800.0,39150.0,952 956 INTERVALE REALTY CORP,C7,True,True,False,,False,0.0,,,,,,,,none
snap,1497635,Sweet Grocery & Candy Corp  ,"956 INTERVALE AVE, Bronx, NY 10459",956,Intervale Ave,10459,40.82167,-73.8967,2027030032,geosearch,"956 INTERVALE AVENUE, Bronx, NY, USA",2005458,188287.68,2027,True,577800.0,39150.0,952 956 INTERVALE REALTY CORP,C7,True,True,False,,False,0.0,,,,,,,,none
snap,600202,TALNYS GROCERY & DELI  ,"976 LONGWOOD AVE, Bronx, NY 10459",976,Longwood Ave,10459,40.81721,-73.89786,2027080046,geosearch,"976 LONGWOOD AVENUE, Bronx, NY, USA",2005569,,,,819900.0,99000.0,783 BECK ST. HSING DVLPM,D7,True,False,False,,False,0.0,,,,,,,,none
snap,415625,TENARES DELI GROCERY  ,"869 LONGWOOD AVE, Bronx, NY 10459",869,Longwood Ave,10459,40.81887,-73.90038,2026890048,geosearch,"869 LONGWOOD AVENUE, Bronx, NY, USA",2115863,57602.88,2027,True,3085200.0,132750.0,KIM CHANG HYUN,K4,True,True,False,,True,6.0,ASSTO,18400000.0,,,,,18400000.0,acris
snap,1096722,Timoteo Ballinas Green Cart  ,"992 SOUTHERN BLVD, Bronx, NY 10459",992,Southern Blvd,10459,40.82277,-73.89172,2027420037,geosearch,"992 SOUTHERN BOULEVARD, Bronx, NY, USA",2006011,250098.56,2027,True,502650.0,72450.0,STEVEN FRANCIS,C7,True,True,False,,True,1.0,LEAS,,,,,,,acris_lease_no_amount
snap,1585731,Tims Gourmet Corp  ,"901 SOUTHERN BLVD, Bronx, NY 10459",901,Southern Blvd,10459,40.81966,-73.89302,2027230068,geosearch,"901 SOUTHERN BOULEVARD, Bronx, NY, USA",2005768,811144.64,2027,True,622800.0,40500.0,901 REALTY LLC,C7,True,True,False,,False,0.0,,,,,,,,none
snap,1121711,Today Express Deli Inc  ,"1951 SOUTHERN BLVD, Bronx, NY 10459",1951,Southern Blvd,10459,40.82382,-73.89185,2029807501,geosearch,"1308 SOUTHERN BOULEVARD, Bronx, NY, USA",2115231,,,,752250.0,47100.0,UNAVAILABLE OWNER,RM,True,False,False,,False,,,,,,,,,none
snap,745808,Toledo Grocery Store Inc  ,"670 BARRETTO ST, Bronx, NY 10474",670,Barretto St,10474,40.81381,-73.88914,2027650198,geosearch,"670 BARRETTO STREET, Bronx, NY, USA",2006623,193942.24,2027,True,538650.0,34200.0,MELSY RLTY CP,C7,True,True,False,,False,0.0,,,,,,,,none
snap,1486958,Top Fruits And Vegetables Corp  ,"1057A SOUTHERN BLVD, Bronx, NY 10459",1057A,Southern Blvd,10459,40.82471,-73.89201,2027270064,geosearch,"1057 SOUTHERN BOULEVARD, Bronx, NY, USA",2005808,482995.04,2027,True,1768050.0,99000.0,1031 WESTCHESTER AVE LLC,O5,True,True,False,,False,0.0,,,,,,,,none
snap,1057810,Top Quality Deli Grocery Inc  ,"1019 SIMPSON ST, Bronx, NY 10459",1019,Simpson St,10459,40.82226,-73.89296,2027247502,geosearch,"1001 SIMPSON STREET, Bronx, NY, USA",2093937,,,,15536610.0,1159560.0,PRC WESTCHESTER AVENUE LLC,RR,True,False,False,,False,,,,,,,,,none
snap,328442,TOPLINE DELI GROCERY INC  ,"1011 E 163RD ST, Bronx, NY 10459",1011,E 163rd St,10459,40.82103,-73.89269,2027240101,geosearch,"1011 EAST 163 STREET, Bronx, NY, USA",2005771,1015871.36,2027,True,2286000.0,66150.0,LONGWOOD RESIDENCES HOUSING DEVELOPMENT  FUND,D7,True,True,False,,False,0.0,,,,,,,,none
snap,883637,Torres Food Market Inc  ,"831 DAWSON ST, Bronx, NY 10459",831,Dawson St,10459,40.81867,-73.89883,2026960075,geosearch,"831 DAWSON STREET, Bronx, NY, USA",2005347,18277.68,2027,True,1172250.0,67950.0,830 SHEVA REALTY HOUSING DEVELOPMNET FUN D CORP,C7,True,True,False,,False,0.0,,,,,,,,none
snap,307824,TORRES FRUIT'S VEGETABLES STAND  ,"916 HUNTS POINT AVE, Bronx, NY 10474",916,Hunts Point Ave,10474,40.81952,-73.88972,2027410001,geosearch,"916 HUNTS POINT AVENUE, Bronx, NY, USA",2006003,,,,0.0,0.0,PENN CENTRAL COMPANY,U0,True,False,False,,False,0.0,,,,,,,,none
snap,650571,"TORRES MEAT & GROCERY, INC  ","950 LONGWOOD AVE, Bronx, NY 10459",950,Longwood Ave,10459,40.81764,-73.89854,2027080040,geosearch,"950 LONGWOOD AVENUE, Bronx, NY, USA",2005568,1611338.24,2027,True,1698300.0,67950.0,758 KELLY LLC,D7,True,True,False,,False,0.0,,,,,,,,none
snap,447371,TRI-CORNERS GROCER STOE CORP  ,"908 E 163RD ST, Bronx, NY 10459",908,E 163rd St,10459,40.82095,-73.8979,2026960103,geosearch,"908 EAST 163 STREET, Bronx, NY, USA",2005349,343928.48,2027,True,808650.0,28350.0,LOUCADO REALTY CORP.,C7,True,True,False,,False,0.0,,,,,,,,none
snap,910323,Troncoso Deli Grocery Corp  ,"590 SOUTHERN BLVD, Bronx, NY 10455",590,Southern Blvd,10455,40.81277,-73.90179,2026030024,geosearch,"590 SOUTHERN BOULEVARD, Bronx, NY, USA",2004128,451889.46,2027,False,713700.0,28350.0,590 SOUTHERN BLVD HDFC,C6,True,True,False,,True,1.0,LEAS,,,,,,,acris_lease_no_amount
snap,851450,Turca Grocery Corp. N/A,"1142 E 165TH ST, Bronx, NY 10459",1142,E 165th St,10459,40.82514,-73.88747,2027560080,geosearch,"1142 EAST 165 STREET, Bronx, NY, USA",2006272,26720.4,2027,False,406350.0,107100.0,165-1142 LLC,C7,True,True,False,,False,0.0,,,,,,,,none
snap,851450,Turca Grocery Corp. N/A,"1142 E 165TH ST, Bronx, NY 10459",1142,E 165th St,10459,40.82514,-73.88747,2027560080,geosearch,"1142 EAST 165 STREET, Bronx, NY, USA",2006272,26720.4,2027,False,406350.0,107100.0,165-1142 LLC,C7,True,True,False,,False,0.0,,,,,,,,none
snap,236945,TWIN DELI II INC  ,"1007 E 163RD ST, Bronx, NY 10459",1007,E 163rd St,10459,40.82103,-73.89288,2027240001,geosearch,"1007 EAST 163 STREET, Bronx, NY, USA",2099788,2020786.8,2027,True,4632750.0,254700.0,LONGWOOD RESIDENCES HOUSING DEVELOPMENT  FUND,D7,True,True,False,,False,0.0,,,,,,,,none
snap,1093302,Ubaldo Guerrero Dba Mexicano Deli  ,"1302 LAFAYETTE AVE, Bronx, NY 10474",1302,Lafayette Ave,10474,40.81676,-73.88694,2027630215,geosearch,"1302 LAFAYETTE AVENUE, Bronx, NY, USA",2006551,595355.52,2027,True,1320750.0,40500.0,ARO 770 FAILE REALTY LLC,C7,True,True,False,,False,0.0,,,,,,,,none
snap,1608073,Ulises's Butcher Shop  ,"956 LONGWOOD AVE, Bronx, NY 10459",956,Longwood Ave,10459,40.81744,-73.89841,2027080040,geosearch,"956 LONGWOOD AVENUE, Bronx, NY, USA",2005568,1611338.24,2027,True,1698300.0,67950.0,758 KELLY LLC,D7,True,True,False,,False,0.0,,,,,,,,none
snap,1081722,V & V Deli Corp  ,"699 BECK ST, Bronx, NY 10455",699,Beck St,10455,40.81502,-73.90044,2026850056,geosearch,"699 BECK STREET, Bronx, NY, USA",2005113,127579.36,2027,True,270900.0,40050.0,BECK STREET REALTY LLC,C7,True,True,False,,False,0.0,,,,,,,,none
snap,1246090,V & V Deli Corp  ,"699 BECK ST, Bronx, NY 10455",699,Beck St,10455,40.81502,-73.90044,2026850056,geosearch,"699 BECK STREET, Bronx, NY, USA",2005113,127579.36,2027,True,270900.0,40050.0,BECK STREET REALTY LLC,C7,True,True,False,,False,0.0,,,,,,,,none
snap,945714,Valencia Bakery  ,"801 EDGEWATER RD, Bronx, NY 10474",801,Edgewater Rd,10474,40.81737,-73.88345,2027620248,geosearch,"801 EDGEWATER ROAD, Bronx, NY, USA",2006484,203972.8,2027,True,533250.0,90000.0,"VALENCIA EDGEWATER, LLC",F4,True,True,False,,False,0.0,,,,,,,,none
snap,1473109,Valencia Bakery 1,"801 EDGEWATER RD, Bronx, NY 10474",801,Edgewater Rd,10474,40.81753,-73.88358,2027620248,geosearch,"801 EDGEWATER ROAD, Bronx, NY, USA",2006484,203972.8,2027,True,533250.0,90000.0,"VALENCIA EDGEWATER, LLC",F4,True,True,False,,False,0.0,,,,,,,,none
snap,1473109,Valencia Bakery 1,"801 EDGEWATER RD, Bronx, NY 10474",801,Edgewater Rd,10474,40.81753,-73.88358,2027620248,geosearch,"801 EDGEWATER ROAD, Bronx, NY, USA",2006484,203972.8,2027,True,533250.0,90000.0,"VALENCIA EDGEWATER, LLC",F4,True,True,False,,False,0.0,,,,,,,,none
snap,1154750,Vegetable Fruit & Fish Market Inc  ,"1264 WESTCHESTER AVE, Bronx, NY 10459",1264,Westchester Ave,10459,40.82701,-73.88737,2027570085,geosearch,"1264 WESTCHESTER AVENUE, Bronx, NY, USA",2006291,632056.64,2027,True,1703250.0,515250.0,"SEED CHESTER, INC",K1,True,True,False,,False,0.0,,,,,,,,none
snap,1127739,Victor Mini Market Inc.  ,"945 E 163RD ST, Bronx, NY 10459",945,E 163rd St,10459,40.82102,-73.89617,2027030053,geosearch,"945 EAST 163 STREET, Bronx, NY, USA",2005463,812092.64,2027,True,1694700.0,140850.0,EAST 163RD,D7,True,True,False,,True,1.0,LEAS,,,,,,,acris_lease_no_amount
snap,1068924,Villa Tapia Deli Grocery Corp  ,"663 DAWSON AVE, Bronx, NY 10455",663,Dawson Ave,10455,40.81638,-73.90264,2026870001,geosearch,"663 DAWSON STREET, Bronx, NY, USA",2005138,526617.6,2027,True,545400.0,31950.0,663-665 DAWSON STREET LLC,C7,True,True,False,,False,0.0,,,,,,,,none
snap,1119730,VR Vegetable N Grocery  ,"928 SOUTHERN BLVD, Bronx, NY 10459",928,Southern Blvd,10459,40.82015,-73.89225,2027357501,geosearch,"928 SOUTHERN BOULEVARD, Bronx, NY, USA",2005883,,,,2751300.0,112950.0,926 SOUTHERN BLVD LLC,RM,True,False,False,,False,,,,,,,,,none
snap,248582,W E GROCERY INC  ,"1017 LEGGETT AVE, Bronx, NY 10455",1017,Leggett Ave,10455,40.81403,-73.89951,2027200001,geosearch,"1017 LEGGETT AVENUE, Bronx, NY, USA",2005719,1253269.12,2027,True,1339650.0,59400.0,1272 HOLDING LTD,C7,True,True,False,,False,0.0,,,,,,,,none
snap,248582,W E GROCERY INC  ,"1017 LEGGETT AVE, Bronx, NY 10455",1017,Leggett Ave,10455,40.81403,-73.89951,2027200001,geosearch,"1017 LEGGETT AVENUE, Bronx, NY, USA",2005719,1253269.12,2027,True,1339650.0,59400.0,1272 HOLDING LTD,C7,True,True,False,,False,0.0,,,,,,,,none
snap,1057430,Walgreens 10911,"1041 WESTCHESTER AVE, Bronx, NY 10459",1041,Westchester Ave,10459,40.82429,-73.89278,2027270001,geosearch,"1041 WESTCHESTER AVENUE, Bronx, NY, USA",2098499,1174516.96,2027,True,3543300.0,391500.0,1031 WESTCHESTER AVE LLC,K1,True,True,False,,True,1.0,MLEA,,,,,,,acris_lease_no_amount
snap,650358,WASEEM GROCERY STORE  ,"1103 INTERVALE AVE, Bronx, NY 10459",1103,Intervale Ave,10459,40.82616,-73.89718,2026920074,geosearch,"1103 INTERVALE AVENUE, Bronx, NY, USA",2005291,33233.28,2027,True,845100.0,49500.0,S. BX CATCH MUTUAL HSNG/ASSOC/HSNG/DEV/F UND/CORP.,D7,True,True,False,,False,0.0,,,,,,,,none
snap,901135,Westchester Ave Grocery Corp  ,"957 WESTCHESTER AVE, Bronx, NY 10459",957,Westchester Ave,10459,40.82261,-73.89603,2027040039,geosearch,"957 WESTCHESTER AVENUE, Bronx, NY, USA",2094327,140394.88,2027,True,370800.0,99000.0,FOXHURST CENTER LLC,K1,True,True,False,,False,0.0,,,,,,,,none
snap,875030,WESTCHESTER AVENUE DELI GROCERY CORP.  ,"1126 WESTCHESTER AVE, Bronx, NY 10459",1126,Westchester Ave,10459,40.82568,-73.8899,2027500013,geosearch,"1126 WESTCHESTER AVENUE, Bronx, NY, USA",2006145,9477.04,2027,False,53580.0,9660.0,JONAS 1126 CORP.,S1,True,True,False,,False,0.0,,,,,,,,none
snap,864045,Westchester Gourmet Deli Corp  ,"1106 WESTCHESTER AVE, Bronx, NY 10459",1106,Westchester Ave,10459,40.8253,-73.89054,2027500003,geosearch,"1106 WESTCHESTER AVENUE, Bronx, NY, USA",2092027,107379.28,2027,False,285300.0,54000.0,HERITAGE FIRST REALTY CORP,S9,True,True,False,,False,0.0,,,,,,,,none
snap,1469642,Westchester Grocery Corp  ,"987 WESTCHESTER AVE, Bronx, NY 10459",987,Westchester Ave,10459,40.82359,-73.89437,2027150055,geosearch,"987 WESTCHESTER AVENUE, Bronx, NY, USA",2093866,132974.88,2027,True,313200.0,43650.0,"S.U.S. REAL ESTATE OF BRONX, INC.",K1,True,True,False,,False,0.0,,,,,,,,none
snap,1469642,Westchester Grocery Corp  ,"987 WESTCHESTER AVE, Bronx, NY 10459",987,Westchester Ave,10459,40.82359,-73.89437,2027150055,geosearch,"987 WESTCHESTER AVENUE, Bronx, NY, USA",2093866,132974.88,2027,True,313200.0,43650.0,"S.U.S. REAL ESTATE OF BRONX, INC.",K1,True,True,False,,False,0.0,,,,,,,,none
snap,1379685,Willys Grocery Store Inc  ,"699 BECK ST, Bronx, NY 10455",699,Beck St,10455,40.81505,-73.90033,2026850056,geosearch,"699 BECK STREET, Bronx, NY, USA",2005113,127579.36,2027,True,270900.0,40050.0,BECK STREET REALTY LLC,C7,True,True,False,,False,0.0,,,,,,,,none
snap,1604701,Willys Grocery Store Inc  ,"699 BECK ST, Bronx, NY 10455",699,Beck St,10455,40.81513,-73.90035,2026850056,geosearch,"699 BECK STREET, Bronx, NY, USA",2005113,127579.36,2027,True,270900.0,40050.0,BECK STREET REALTY LLC,C7,True,True,False,,False,0.0,,,,,,,,none
snap,1640862,Yadiel Grocery Store Corp  ,"670 BARRETTO ST, Bronx, NY 10474",670,Barretto St,10474,40.81393,-73.88908,2027650198,geosearch,"670 BARRETTO STREET, Bronx, NY, USA",2006623,193942.24,2027,True,538650.0,34200.0,MELSY RLTY CP,C7,True,True,False,,False,0.0,,,,,,,,none
snap,826152,Yaritsa Deli Grocery  ,"871 LONGWOOD AVE, Bronx, NY 10459",871,Longwood Ave,10459,40.81902,-73.90069,2026890046,geosearch,"871 LONGWOOD AVENUE, Bronx, NY, USA",2005187,155029.76,2027,True,319500.0,35100.0,NESHAMA REALTY LLC,C7,True,True,False,,False,0.0,,,,,,,,none
snap,1602487,Yedelin Deli & Grocery 3 Corp  ,"900 HOE AVE, Bronx, NY 10459",900,Hoe Ave,10459,40.82156,-73.89015,2027460001,geosearch,"900 HOE AVENUE, Bronx, NY, USA",2006072,976436.64,2027,True,1962450.0,139500.0,900 HOE REALTY 1 LLC,C7,True,True,False,,False,0.0,,,,,,,,none
snap,989031,Zaiad Deli &Grocery Inc  ,"1126 WESTCHESTER AVE, Bronx, NY 10459",1126,Westchester Ave,10459,40.82568,-73.8899,2027500013,geosearch,"1126 WESTCHESTER AVENUE, Bronx, NY, USA",2006145,9477.04,2027,False,53580.0,9660.0,JONAS 1126 CORP.,S1,True,True,False,,False,0.0,,,,,,,,none
snap,1223726,Ze Food Inc  ,"551 SOUTHERN BLVD, Bronx, NY 10455",551,Southern Blvd,10455,40.81233,-73.90354,2026830051,geosearch,"551 SOUTHERN BOULEVARD, Bronx, NY, USA",2005087,64662.88,2027,True,266400.0,35550.0,553 SOUTHERN INC,C7,True,True,False,,False,0.0,,,,,,,,none
snap,1111341,Westcher Avenue Grocery & Deli  ,"1294 WESTCHESTER AVE, Bronx, NY 10804",1294,Westchester Avenue,10804,40.82734,-73.88667,2027570093,geosearch,"1294 WESTCHESTER AVENUE, Bronx, NY, USA",2097227,581847.68,2027,True,1410300.0,225000.0,GLICKER REALTY L.P.,K1,True,True,False,,True,2.0,MLEA,,,,,,,acris_lease_no_amount
