vintage,license_number,estab_type,dba_name,entity_name,street_number,street_name,zip_code,square_footage,sqft_recorded,sqft_imputed,sqft,category,keep,exclude_reason
2023,740698,JAC,BROADWAY 1,LAYAN INC,5985,BROADWAY,10471,350,350.0,0,350.0,other grocery,1,
2023,734591,A,DOLLAR DEAL,1611 FOOD MART INC,1611,WESTCHESTER AVE,10472,3500,3500.0,0,,,0,general merchandise or dollar store
2023,607880,JAC,PAOLA DELI GROCERY,PAOLA DELI GROCERY CORP,485,E 188TH ST,10458,1200,1200.0,0,1200.0,convenience or deli,1,
2023,752117,A,BOBO'S CRAB SHACK,BOBOS SOUNDVIEW BRONX,1590,WESTCHESTER AVE,10472,0,,1,1200.0,other grocery,1,
2023,754158,JAC,AFRICAN UNITY MEAT V,AFRICAN UNITY MEAT V CORP,1770,JEROME AVE,10453,0,,1,1200.0,specialty,1,
2023,724807,JAC,1086 LUNA DELI GROCERY,1086 LUNA DELI GROCERY CORP,1086,BOSTON ROAD,10456,1500,1500.0,0,1500.0,convenience or deli,1,
2023,734458,JAC,R-K DELI GROCERY,R-K DELI GROCERY CORP,919,EAST TREMONT AVENUE,10460,2000,2000.0,0,2000.0,convenience or deli,1,
2023,743436,A,UNITED GOURMET DELI,UNITED GOURMET DELI CORP,1304,E GUNHILL ROAD,10469,800,800.0,0,800.0,convenience or deli,1,
2023,603799,JAC,HEIGHT STAR SERVICE STA,HEIGHT STAR SERVICE STATION CORP,4068,3RD AVE,10457,1000,1000.0,0,1000.0,other grocery,1,
2023,747211,JAC,MAX PRO 99 CENTS PLUS D,MAX PRO 99 CENTS PLUS DISCOUNT ST,3593,THIRD AVE,10456,0,,0,,,0,general merchandise or dollar store
2023,708424,JAC,MEGA SEAFOOD II,MEGA SEAFOOD II CORP,2500,WEBSTER AVE,10458,800,800.0,0,800.0,specialty,1,
2023,736606,JAC,1390 DELI GROCERY,1390 DELI GROCERY CORP,1390,BOSTON ROAD,10456,1200,1200.0,0,1200.0,convenience or deli,1,
2023,603129,JAC,ELIA VITO,CROSBY AVENUE DELI CORP,1715,CROSBY AVE,10461,2500,2500.0,0,2500.0,other grocery,1,
2023,608748,JAC,543 NORTH DELI GROCERY,543 NORTH DELI GROCERY INC,543,SOUTHERN BLVD,10455,2000,2000.0,0,2000.0,convenience or deli,1,
2023,722607,JAC,KRINOS FOODS,KRINOS FOODS LLC,1750,BATHGATE AVE,10457,0,,1,1200.0,other grocery,1,
2023,750413,JAC,SAYLON DELI,SAYLON DELI CORP,125,MARCY PLACE,10452,0,,1,1000.0,convenience or deli,1,
2023,749494,JAC,EL NOVILLO MEAT MARKET,EL NOVILLO MEAT MARKET CORP,214,W 231ST STREET,10463,0,,1,1200.0,specialty,1,
2023,738210,JAC,BRONX SUPERMARKET,BRONX SUPERMARKET INC,1450,ST PETERS AVE,10461,2000,2000.0,0,2000.0,supermarket,1,
2023,608906,JAC,LA CONIA FISH MARKET,DYRE FISH MARKET CORP,3959,LACONIA AVE,10466,585,585.0,0,585.0,specialty,1,
2023,606703,JAC,ASSOCIATED SUPERMARKET,TEO FOOD CORP,206,E 167TH ST,10456,15000,15000.0,0,15000.0,supermarket,1,
2023,604973,A,RITE AID PHARMACY 03858,RITE AID OF NEW YORK INC,901,E GUN HILL RD,10469,2000,2000.0,0,,,0,pharmacy
2023,751852,JAC,GILBERT PLACE DELI GROC,GILBERT PLACE DELI GROCERY INC,1204,GILBERT PLACE,10474,1400,1400.0,0,1400.0,convenience or deli,1,
2023,725054,JAC,MALEJO DELI GROCERY,MALEJO DELI GROCERY CORP,592,VAN NEST AVE.,10460,3800,3800.0,0,3800.0,convenience or deli,1,
2023,747630,JAC,KASIR DELI,KASIR DELI INC,1307,BOSTON ROAD,10456,800,800.0,0,800.0,convenience or deli,1,
2023,600005,JABCHK,ADDEO BAKERS,ADDEO BAKERS INC,2372,HUGHES AVE,10458,4000,4000.0,0,,,0,"warehouse, wholesale or plant license"
2023,717525,JAC,SEA AND SALT,SEA AND SALT SEAFOOD CORP,15,EAST 170TH ST,10452,1500,1500.0,0,1500.0,other grocery,1,
2023,603276,JAC,C TOWN,BOSTON POST FOOD CORP,4008-4010,BOSTON POST RD,10475,15000,15000.0,0,15000.0,supermarket,1,
2023,731563,A,172 GROCERY AND CANDY,172 GROCERY AND CANDY CORP,1745,172ND ST,10472,500,500.0,0,500.0,convenience or deli,1,
2023,750535,JAC,MANITO FOOD CENTER,MANITO FOOD CENTER CORP,1133,WASHINGTON AVE,10456,0,,1,1200.0,other grocery,1,
2023,742811,JAC,RAMALES GRILL DELI,RAMALES GRILL DELI CORP,936,MORRIS AVENUE,10456,1000,1000.0,0,1000.0,convenience or deli,1,
2023,752994,JAC,69 DELI GROCERY,69 DELI GROCERY CORPORATION,1274,MORRIS AVE,10456,0,,1,1000.0,convenience or deli,1,
2023,735702,JAC,RANIA DELI GROCERY,RANIA DELI GROCERY CORP,554,MORRIS AVE,10451,1700,1700.0,0,1700.0,convenience or deli,1,
2023,609160,JAC,TAKE A BITE DELI&GRCY,TAKE A BITE DELI&GROCERY INC,34,BEDFORD PARK BLVD,10468,900,900.0,0,900.0,convenience or deli,1,
2023,724122,JAC,INTERNATIONAL FOOD MARK,JAITEH  KABA LLC,1514,WATSON AVE,10472,1200,1200.0,0,1200.0,other grocery,1,
2023,749844,A,CONVENIENCE 336,CONVENIENCE 336 CORP,336,E 167TH ST,10456,800,800.0,0,800.0,convenience or deli,1,
2023,720777,A,COOL N COZY,COOL N COZY INC,2,BEDFORD PARK BLVD EAST,10468,350,350.0,0,350.0,other grocery,1,
2023,711475,JAC,STOP ONE GROCERY & DELI,STOP ONE GROCERY & DELI INC,1101,ALLERTON AVE,10469,1200,1200.0,0,1200.0,convenience or deli,1,
2023,609316,JAC,ASSOCIATE SUPERMARKET,3462 THIRD AVE FOOD CORP,3470,3RD AVE,10456,14000,14000.0,0,14000.0,supermarket,1,
2023,608106,JAC,230 A&M DELI GROCERY,230 A&M DELI GROCERY INC,2840,VALENTINE AVE/AKA 230 E198TH,10458,1000,1000.0,0,1000.0,convenience or deli,1,
2023,608286,JABCHK,ZEPPIERRI & SONS BAKERY,ZEPPIERRI & SONS ITALIAN BKRY INC,3004,BUHRE AVE,10461,2000,2000.0,0,,,0,"warehouse, wholesale or plant license"
2023,601397,JAC,HUGHES AVE FOOD MARKET,ALI SALAH A,2315,HUGHES AVE,10458,1000,1000.0,0,1000.0,other grocery,1,
2023,608155,JAC,FOOD UNIVERSE,111 MEAT & PRODUCE INC,111,DREISER LOOP,10475,25000,25000.0,0,25000.0,supermarket,1,
2023,608931,JABC,MEAT MARKET JAZMIN II,MEAT MARKET JAZMIN II CORP,2356,GRAND CONCOURSE STORE #1,10458,1200,1200.0,0,1200.0,specialty,1,
2023,707700,A,SJS PHARMACY,SJS PHARMACY INC,105,E BURNSIDE AVE,10453,4000,4000.0,0,,,0,pharmacy
2023,608416,A,CANDY DELI GROCERY,1439 CANDY DELI GROCERY INC,1439,WEBSTER AVE,10456,1500,1500.0,0,1500.0,convenience or deli,1,
2023,743503,A,MO DISCOUNT,MO DISCOUNT CORP,548,SOUTHERN BLVD,10455,600,600.0,0,,,0,general merchandise or dollar store
2023,607095,JAC,MANGO GROCERY&MEAT,MANGO GROCERY&MEAT MARKET CORP,101,E 196TH ST,10468,2500,2500.0,0,2500.0,convenience or deli,1,
2023,727658,JAC,2408 M & E GROCERY,2408 M & E GROCERY CORP,2408,UNIVERSITY AVE,10468,700,700.0,0,700.0,convenience or deli,1,
2023,608556,A,PRICE BUSTERS,S&S VENTURES INC,340,E 204TH ST,10467,5000,5000.0,0,,,0,general merchandise or dollar store
2023,740693,JAC,FAMILY DELI 4,FAMILY DELI 4 INC,414,EAST TREMONT AVE,10457,1300,1300.0,0,1300.0,convenience or deli,1,
2023,608908,JAC,NADAL 3 DELI CONVNIENCE,NADAL 3 DELI CONVENIENCE INC,888A,GRAND CONCOURSE,10451,1800,1800.0,0,1800.0,convenience or deli,1,
2023,713515,JAC,BUHRE MINI MART & DELI,BUHRE MINI MART & DELI CORP,3058,BUHRE AVE,10461,2000,2000.0,0,2000.0,convenience or deli,1,
2023,718648,JAC,A.M BEST DELI & GROCERY,A.M BEST DELI & GROCERY INC,3631,HOLLAND AVENUE,10467,1000,1000.0,0,1000.0,convenience or deli,1,
2023,743441,A,GNN SHINE BRIGHT GROCER,GNN SHINE BRIGHT GROCERY LLC,4391,WHITE PLAINS RD,10466,800,800.0,0,800.0,other grocery,1,
2023,748669,JAC,BENEFISHAL SEAFOOD,BENEFISHAL SEAFOOD LLC,800,FOOD CENTER DR UNIT 36,10474,800,800.0,0,800.0,specialty,1,
2023,749787,JAC,LIAM GROCERY & DELI,LIAM GROCERY & DELI CORP,10,E 198TH STREET,10468,0,,1,1000.0,convenience or deli,1,
2023,718305,JAC,DON JOSE MEXICANS GROCE,DON JOSE MEXICANS GROCERY INC,216,ST ANNS AVE,10454,900,900.0,0,900.0,other grocery,1,
2023,755884,A,MORRIS CANDY SHOP,MORRIS CANDY SHOP CORP,602,MORRIS AVENUE,10451,800,800.0,0,800.0,convenience or deli,1,
2023,740784,A,ECUAMUNDO MULTI SERVICE,AGUAYZA LIGIS ACERO,2321,WESTCHESTER AVE,10462,0,,1,1200.0,other grocery,1,
2023,733565,JAC,BAILEYS QUICK STOP DELI,BAILEYS QUICK STOP DELI INC,141,W 231ST STREET,10463,1000,1000.0,0,1000.0,convenience or deli,1,
2023,749333,A,DRUG RITE PHARMACY,DRUG RITE II PHARMACY CORP,3432,JEROME AVENUE #34,10467,2500,2500.0,0,,,0,pharmacy
2023,754489,JAC,VALENTINE GIFT & FLOWER,VALENTINE GIFT & FLOWERS CORP,243,E 198TH ST,10458,1000,1000.0,0,1000.0,other grocery,1,
2023,744696,JAC,HAVANA DELI,HAVANA DELI CORP,706,FAILE STREET,10474,150,150.0,0,150.0,convenience or deli,1,
2023,753502,JAC,KOFTOWN AFRICAN MARKET,KOFTOWN AFRICAN MARKET LLC,3372,HULL AVE,10467,417,417.0,0,417.0,other grocery,1,
2023,723294,JACDK,GRADYS COLD BREW,GRADYS COLD BREW INC,819,GARRISON AVE,10474,8000,8000.0,0,,,0,"warehouse, wholesale or plant license"
2023,713684,JAC,ESMERALDA DELI GROCERY,ESMERALDA DELI GROCERY CORP,986,ROGERS PL,10459,1200,1200.0,0,1200.0,convenience or deli,1,
2023,744706,A,LEGACY GROCERY & CONVEN,LEGACY GROCERY & CONVENIENT LLC,3738,WHITE PLAINS RD,10467,1000,1000.0,0,1000.0,convenience or deli,1,
2023,706094,JAC,M G BUS STOP DELI,M G BUS STOP DELI CORP,271,E 206TH ST,10467,1500,1500.0,0,1500.0,convenience or deli,1,
2023,706866,JAC,163 KING DELI,163 KING DELI INC,3240,3RD AVE #5,10451,1000,1000.0,0,1000.0,convenience or deli,1,
2023,732337,JAC,MD 183 DELI,M-D 183 DELI CORP,765,E 183RD STREET,10460,1100,1100.0,0,1100.0,convenience or deli,1,
2023,747788,JAC,1289 JC DELI GROCERY,1289 JC DELI GROCERY CORP,1289,WALTON AVENUE,10452,0,,1,1000.0,convenience or deli,1,
2023,740596,JAD,AB INTERNATIONAL MARKET,AB INTERNATIONAL MARKET INC,548,CASANOVA STREET,10474,5400,5400.0,0,,,0,"warehouse, wholesale or plant license"
2023,608339,JAC,YOHANS DELI AND GROCERY,GUERRERO ARENAS JOSUE,5995,RIVERDALE AVE,10471,600,600.0,0,600.0,convenience or deli,1,
2023,736933,JAC,HUNTS POINT MARKET,HUNTS POINT MARKET INC,1081,LEGGETT AVE,10474,1300,1300.0,0,1300.0,other grocery,1,
2023,714239,JAC,HALAL MEAT MARKET & GRO,KAHO INTERNATIONAL MARKET CORP,741,JENNINGS ST,10459,1200,1200.0,0,1200.0,specialty,1,
2023,747837,JAC,SANTANA GROCERY DELI,SANTANA GROCERY DELI CORP,2001,WHITE PLAINS ROAD,10462,0,,1,1000.0,convenience or deli,1,
2023,737950,A,JEROME OUTLET,JEROME OUTLET LLC,1370,JEROME AVE,10452,0,,1,1200.0,other grocery,1,
2023,736703,A,460 EL PATIO DELI GROCE,460 EL PATIO DELI GROCERY CORP,460,EAST 138TH STREET,10454,0,,1,1000.0,convenience or deli,1,
2023,739277,JAC,TIERNEY FINE FOODS,CABRO INC,5780,MOSHOLU AVE,10471,500,500.0,0,500.0,other grocery,1,
2023,755043,A,CONVENIENCE & SMOKE,CONVENIENCE & SMOKE INC,545,E 137TH ST,10454,800,800.0,0,,,0,food service or non-food retail
2023,752335,JAC,FOOD UNIVERSE MARKET,50 VAN CORTLANDT MEAT CORP,50,VAN CORTLANDT AVE W,10463,15000,15000.0,0,15000.0,supermarket,1,
2023,750499,JAC,IRBID GROCERY STORE,IRBID GROCERY STORE INC,3900,WHITE PLAINS,10466,0,,1,1000.0,convenience or deli,1,
2023,752513,JAC,1 PIECE DELI & GRILL,1 PIECE DELI & GRILL INC,2325,SOUTHERN BLVD,10460,0,,1,1000.0,convenience or deli,1,
2023,749394,JAC,1531 METRO DELI,1531 METRO DELI INC,1531,METROPOLITAN AVE,10462,800,800.0,0,800.0,convenience or deli,1,
2023,749371,JAC,1538 DELI GROCERY,1538 DELI GROCERY CORP,1538,UNIVERSITY AVENUE,10452,1000,1000.0,0,1000.0,convenience or deli,1,
2023,600314,JAC,FRANCIS GROCERY,ER FOOD CORP,3738,3RD AVE,10456,1000,1000.0,0,1000.0,convenience or deli,1,
2023,703706,A,UNION DISCOUNT & FOOD,UNION DISCOUNT & FOOD STORE INC,923,UNION AVE,10459,700,700.0,0,700.0,other grocery,1,
2023,605856,JAC,RIVERDALE GOURMET,RIVERDALE GOURMET INC,3543,RIVERDALE AVE,10463,1200,1200.0,0,1200.0,other grocery,1,
2023,740646,JAC,3 WAY DELI GROCERY,3 WAY DELI GROCERY CORP,1106,EAST 216TH STREET,10469,1800,1800.0,0,1800.0,convenience or deli,1,
2023,607438,JAC,MELO BAEZ #2,MELO BAEZ #2 CORP,321,E 166TH ST,10456,1500,1500.0,0,1500.0,other grocery,1,
2023,728198,JAC,COLORADO DELI FOOD,COLORADO DELI FOOD CORP,1158,GERARD AVE,10452,0,,1,1000.0,convenience or deli,1,
2023,713202,JAC,CARIBBEAN VARIETY STORE,CYRIL POLETTE,1483,WESTCHESTER AVE,10472,1500,1500.0,0,,,0,general merchandise or dollar store
2023,738780,JAC,EUROLAB MARKET,EUROLAB MARKET INC,2326,ARTHUR AVE,10458,0,,1,1200.0,other grocery,1,
2023,751504,A,SW GROCERY & DELI,SW GROCERY & DELI CORP,935,E 163 ST - CORNER,10459,0,,1,1000.0,convenience or deli,1,
2023,607942,JAC,SHAHJALAL GRCY&VARIETY,SHAHJALAL GROCERY&VARIETY INC,3115,BAINBRIDGE AVE,10467,1000,1000.0,0,1000.0,other grocery,1,
2023,604055,JAC,MERGIMTARI MEAT&GROCERY,MERGIMTARI MEAT&GROCERY LLC,565,E 187TH ST,10458,1500,1500.0,0,1500.0,convenience or deli,1,
2023,740111,JAC,912 JAIRO DELI GROCERY,912 JAIRO DELI GROCERY CORP,912,SOUNDVIEW AVENUE,10473,0,,1,1000.0,convenience or deli,1,
2023,738317,JAC,LUCKY 2 GOURMET DELI,LUCKY 2 GOURMET DELI INC,1007,E 163RD STREET,10459,0,,1,1000.0,convenience or deli,1,
2023,751608,JAC,EL CATRIN MEXICAN GROCE,EL CATRIN LLC,508,WILLIS AVE,10455,0,,1,1200.0,other grocery,1,
2023,713324,JAC,E AND K AFRICAN MARKET,E AND K AFRICAN MARKET INC,56,E TREMONT AVE,10453,750,750.0,0,750.0,other grocery,1,
2023,730045,A,BURKE 99 CENTS,BURKE 99 CENTS PLUS CORP,717,BURKE AVE,10467,1200,1200.0,0,,,0,general merchandise or dollar store
2023,753944,JAC,MAL DELI & GROCERY,MAL DELI & GROCERY CORP,1226,E GUN HILL RD.,10469,0,,1,1000.0,convenience or deli,1,
2023,728812,A,TIGER MART,4711 FUEL LLC,4711,3RD AVENUE,10458,200,200.0,0,200.0,other grocery,1,
2023,744117,A,99 CENT DISCOUNT,KINGSBRIDGE 99 CENT INC,56,W KINGSBRIDGE RD,10468,1000,1000.0,0,,,0,general merchandise or dollar store
2023,729606,JAC,VALENCIAS DELI GROCERY,VALENCIAS DELI GROCERY CORP,797,E 182ND ST,10460,1200,1200.0,0,1200.0,convenience or deli,1,
2023,751025,JAC,MEDINA DELI GROCERY,MEDINA DELI GROCERY INC,1888,WALTON AVENUE,10453,1200,1200.0,0,1200.0,convenience or deli,1,
2023,745348,JAC,MARGARITA'S MEAT MARKET,MARGARITA MEAT PRODUCE & DAIRY CO,657A,ALLERTON AVENUE,10467,1600,1600.0,0,1600.0,specialty,1,
2023,609124,JAC,COMPACE FOOD SUPERMARKE,ALFA Y OMEGA FOOD CORP,82-84,W KINGSBRIDGE RD,10468,3000,3000.0,0,3000.0,supermarket,1,
2023,608092,JAC,BRITO DELI&GROCERY,BRITO DELI&GROCERY CORP,309,CRIMMINS AVE,10454,1500,1500.0,0,1500.0,convenience or deli,1,
2023,709038,A,DOLLAR TREE  #4747,DOLLAR TREE STORES INC,1364,JEROME AVE,10452,10000,10000.0,0,,,0,general merchandise or dollar store
2023,606449,JAC,IVOIRE AFRICAN MARKET,IVOIRE AFRICAN MARKET INC,1339,PROSPECT AVE S1,10459,1500,1500.0,0,1500.0,other grocery,1,
2023,604980,A,RITE AID PHARMACY 04824,RITE AID OF NEW YORK INC,537-539,E 138TH ST,10454,5000,5000.0,0,,,0,pharmacy
2023,748321,JAC,332 BELLO MINI MARKET,332 BELLO MINI MARKET INC,332,ST ANNS AVE,10454,0,,1,1000.0,convenience or deli,1,
2023,755519,JAC,BP AM/PM,STANLEY PERNELL OF THORNTONS LLC,1862,WEBSTER AVE,10457,0,,0,,,0,gas station
2023,741995,JAC,EL PUNTO DELI GROCERY,EL PUNTO DELI GROCERY CORP,1168,COLGATE AVENUE,10472,1800,1800.0,0,1800.0,convenience or deli,1,
2023,752792,JAC,THE ALAMO DELICATESSAN,ALAMO DELICATESSAN INC THE,239,E 181ST STREET,10457,800,800.0,0,800.0,other grocery,1,
2023,749464,JAC,2550 DELI GROCERY,2550 DELI GROCERY CORP,2550,E TREMONT AVE,10461,1100,1100.0,0,1100.0,convenience or deli,1,
2023,732269,JAC,W DELI GROCERY,W DELI GROCERY CORP,165,LINCOLN AVE,10454,0,,1,1000.0,convenience or deli,1,
2023,714762,A,GREEN OLIVES FAST MART,GREEN OLIVES FAST MART INC,716B,MORRIS PARK AVE,10462,1200,1200.0,0,1200.0,other grocery,1,
2023,747616,JAC,Q DELI & GRILL 1,Q DELI & GRILL 1 INC,689,MELROSE AVE,10455,0,,1,1000.0,convenience or deli,1,
2023,708758,JAC,LA PODEROSA GROCERY STO,LA PODEROSA GROCERY STORE CORP,27,E 175TH ST,10453,1800,1800.0,0,1800.0,convenience or deli,1,
2023,607301,JABC,KEY FOOD 1515,DANS SUPREME SUPERMARKETS INC,540,W 235TH ST,10463,25000,25000.0,0,25000.0,supermarket,1,
2023,722667,JAC,LO MAXIMO DELI GROCERY,LO MAXIMO DELI GROCERY LLC,710,BECK STREET,10455,1100,1100.0,0,1100.0,convenience or deli,1,
2023,722367,A,FAMILY DOLLAR STORE #11,FAMILY DOLLAR STORES OF NY INC,2054,CROSS BRONX EXPY,10472,9180,9180.0,0,,,0,general merchandise or dollar store
2023,720429,JAC,SEA BREEZE FISH & SEAFO,SEA BREEZE FISH & SEAFOOD INC,831,ROSEDALE AVE,10473,800,800.0,0,800.0,specialty,1,
2023,705040,JAC,AGOGO,AGOGO AFRICAN TRADING CORP,1347,EDWARD L GRANT HWY,10452,600,600.0,0,600.0,other grocery,1,
2023,722972,A,1150 WEBSTER PHARMACY,1150 WEBSTER PHARMACY INC,1150,WEBSTER AVENUE,10456,3400,3400.0,0,,,0,pharmacy
2023,606911,JAC,MET FOOD,CAMSENA MEAT CORP,277,E 198TH ST,10458,10000,10000.0,0,10000.0,supermarket,1,
2023,609037,JAC,JYJ DELI GROCERY,JYJ DELI GROCERY CORP,968,E 165TH ST,10459,800,800.0,0,800.0,convenience or deli,1,
2023,609365,JAC,AMANI HALAL MEAT,AMANI HALAL MEAT MARKET CORP,705,RHINELANDER AVE,10462,700,700.0,0,700.0,specialty,1,
2023,743704,JAC,KEY FOOD SUPERMARKET,N R SHOP LLC,5661,RIVERDALE AVE,10471,20000,20000.0,0,20000.0,supermarket,1,
2023,710715,JAC,ARROYONDERO DELI GROCER,ARROYONDERO DELI GROCERY CORP,476,EAST 187TH ST,10458,0,,1,1000.0,convenience or deli,1,
2023,708361,JAC,SUBS GOURMET DELI,MISTER SUBS II INC,1070,OGDEN AVE,10452,700,700.0,0,700.0,convenience or deli,1,
2023,746767,JAC,BAKEE GOURMET DELI,BAKEE GOURMET DELI INC,128,W FORDHAM RD,10468,1200,1200.0,0,1200.0,convenience or deli,1,
2023,722294,JAC,BEST HOOD DELI & SMOKE,BEST HOOD DELI & SMOKE SHOP CORP,839,TRINITY AVENUE,10456,0,,1,1000.0,convenience or deli,1,
2023,724028,JAC,TINTON GOURMET DELI,TINTON GOURMET DELI CORP,643,TINTON AVE STORE 1,10455,1100,1100.0,0,1100.0,convenience or deli,1,
2023,710779,JAC,5 EAST TOBACCO,5 EAST TOBACCO CORP,5,E BURNSIDE AVE,10453,1200,1200.0,0,,,0,food service or non-food retail
2023,735817,A,HOMESHEARTANDHOMEDISCOU,HOMESHEARTANDHOMEDISCOUNT LLC,3480,E TREMONT,10465,1000,1000.0,0,1000.0,other grocery,1,
2023,604916,JAC,THE PEOPLE'S CHOICE MT,TIRADO ENTERPRISES INC,427,E 149TH ST,10455,1300,1300.0,0,1300.0,other grocery,1,
2023,609076,A,MELROSE PHARMACY,DUANE READE ET AL PTRS,666,COURTLANDT AVE,10451,0,,0,,,0,pharmacy
2023,736355,JAC,YAFAI GROCERY,YAFAI GROCERY INC,1769,PITMAN AVE,10466,0,,1,1000.0,convenience or deli,1,
2023,608508,JAC,RAFAEL JR FOOD CENTER,RAFAEL JR FOOD CENTER CORP,2701,DECATUR AVE,10458,2000,2000.0,0,2000.0,other grocery,1,
2023,738795,JAC,BRONX COOK SPACE,CHATMAN J CAKES LLC,50,EAST 168TH STREET,10452,0,,1,1200.0,other grocery,1,
2023,721625,A,DOLLAR TREE #05774,DOLLAR TREE STORES INC,2026,WESTCHESTER AVENUE,10462,10000,10000.0,0,,,0,general merchandise or dollar store
2023,725557,JAC,3770 FISH MARKET,3770 FISH MARKET INC,3770,WHITE PLAINS RD,10467,1500,1500.0,0,1500.0,specialty,1,
2023,749734,JAC,BIG AMERICAN GOURMET DE,ALWAFA DELI GROCERY CORP,1400,CASTLE HILL AVE,10462,1500,1500.0,0,1500.0,other grocery,1,
2023,748007,JAC,MOBIL MART,QUICK CONVENIENCE MART INC,1945,BARTOW AVENUE,10469,0,,0,,,0,gas station
2023,707416,JAC,SEDGWICK DELI & GROCERY,SEDGWICK DELI & GROCERY CORP,2701,SEDGWICK AVENUE,10468,1000,1000.0,0,1000.0,convenience or deli,1,
2023,600437,JABC,MORTON WILLIAMS SPRMRKT,RED&WHITE MARKETS INC,15,E KINGSBRIDGE RD,10468,25000,25000.0,0,25000.0,supermarket,1,
2023,732659,JAC,AMMAN GOURMET DELI,AMMAN GOURMET DELI CORP,3949,WHITE PLAINS RD,10466,0,,1,1000.0,convenience or deli,1,
2023,607685,JAC,TULCIMEX DELI/GROCERY,TULCIMEX CORP,1197A,BRYANT AVE,10459,900,900.0,0,900.0,convenience or deli,1,
2023,609007,JAC,NOBLE DELI GROCERY,NOBLE DELI GROCERY CORP,1721,E 172ND ST,10472,800,800.0,0,800.0,convenience or deli,1,
2023,733038,JAC,628 MORRIS FOOD,628 MORRIS FOOD CORP,628,MORRIS AVENUE,10451,10000,10000.0,0,10000.0,other grocery,1,
2023,737819,JACK,DHAKA SWEETS,DHAKA SWEETS LLC,1358,WHITE PLAINS RD,10462,500,500.0,0,500.0,other grocery,1,
2023,724163,JAC,URENA MEAT MARKET & DEL,URENA MEAT MARKET & DELI CORP,1212,GRANT AVE,10456,0,,1,1200.0,specialty,1,
2023,738607,JAC,BERMUDEZ FOOD MARKET,BERMUDEZ FOOD MARKET CORP,170,W TREMONT AVENUE,10453,0,,1,1200.0,other grocery,1,
2023,748442,JAC,YANKEE SUPERMARKET,YANKEE FOOD DELI INC,2304,SEDGWICK AVENUE,10468,1500,1500.0,0,1500.0,supermarket,1,
2023,721516,JAC,SOTO GROCERY & DELI #2,SOTO GROCERY & DELI #2 INC,3308,BAILEY AVE.,10463,0,,1,1000.0,convenience or deli,1,
2023,606559,JAC,PRICE CHOICE,DNJ FOOD CORP,807,E TREMONT AVE,10460,2500,2500.0,0,2500.0,other grocery,1,
2023,607804,JAC,20/20 CONVENIENCE STORE,20/20 CONVENIENCE STORE INC,400,E 161ST ST,10451,1200,1200.0,0,1200.0,convenience or deli,1,
2023,723232,JAC,MARIA FOOD MARKET,MARIA FOOD MARKET CORP,920,PROSPECT AVE,10459,1100,1100.0,0,1100.0,other grocery,1,
2023,747315,JAC,EL CORRAL MEAT MARKET,EL CORRAL MEAT MARKET CORP,1187,MORRISON AVE,10472,1400,1400.0,0,1400.0,specialty,1,
2023,743035,JAC,INTERVALE DELI FOOD,INTERVALE DELI FOOD CORP,1006,INTERVALE AVE,10459,0,,1,1000.0,convenience or deli,1,
2023,742510,A,BOOBOO'S AUTO REPAIR,JOSE CABAN M,1441,WESTCHESTER AVE,10472,0,,1,1200.0,other grocery,1,
2023,749146,A,ICNA RELIEF USA PROGRAM,ICNA RELIEF USA PROGRAMS INC,1277D,BURKE AVENUE,10469,0,,1,1200.0,other grocery,1,
2023,722287,A,HOT TIMES GROCERY,HOT TIMES GROCERY CORP,4,WEST 183RD STREET,10453,0,,1,1000.0,convenience or deli,1,
2023,607557,JAC,LA PLACITA BENILEJA,PLAZA BANI FOOD CORP,3001,KINGSBRIDGE TERR,10463,1702,1702.0,0,1702.0,other grocery,1,
2023,750839,JAC,RIVER CITY DELI,RIVER CITY DELI INC,2430,E TREMONT AVE,10461,1600,1600.0,0,1600.0,convenience or deli,1,
2023,719261,JAC,STOP & SHOP #2593,STOP&SHOP SUPERMARKET CO LLC THE,961,E 174TH ST,10460,8000,8000.0,0,8000.0,supermarket,1,
2023,608624,JAC,LINAS GROCERY DELI,LINAS GROCERY DELI CORP,1785,MONROE AVE,10457,900,900.0,0,900.0,convenience or deli,1,
2023,754925,JAC,TROCHEZ MEAT 2,TROCHEZ MEAT 2 CORP,106,W 168TH STREET,10452,0,,1,1200.0,specialty,1,
2023,749223,JAC,AVOCADOS GOURMET DELI,AVOCADOS GOURMET DELI CORP,1798,WESTCHESTER AVE,10472,1300,1300.0,0,1300.0,convenience or deli,1,
2023,741279,A,241 GROCERY,241 GROCERY INC,241,BEDFORD AVE,10458,850,850.0,0,850.0,convenience or deli,1,
2023,753472,JAC,FAULKWITHLOVE,FAULKWITHLOVE LLC,3060,BOSTON RD,10469,0,,1,1200.0,other grocery,1,
2023,742486,JAC,MET FOOD MARKET,TEJADA MEAT CORP,649,JACKSON AVE,10455,8000,8000.0,0,8000.0,supermarket,1,
2023,607285,JAC,BETHEL YOUNG FRUIT&VEGT,BETHEL YOUNG FRUIT&VEGETABLE CORP,4160,WHITE PLAINS RD,10466,786,786.0,0,786.0,specialty,1,
2023,744973,JAC,LA MILAGROSA GROCERY,LA MILAGROSA GROCERY INC,1052,GERARD AVE,10452,1800,1800.0,0,1800.0,convenience or deli,1,
2023,738325,JAC,BM SEAFOOD,BM SEAFOOD INC,3535,WHITE PLAINS ROAD,10467,500,500.0,0,500.0,specialty,1,
2023,753105,JAC,EL MANA MINI MARKET,EL MANA MINI MARKET CORP,1024,LONGWOOD AVE,10459,1650,1650.0,0,1650.0,convenience or deli,1,
2023,600931,JAC,CASA DORO DELICATESSEN,SMA DELI GROCERY CORP,2487,EASTCHESTER RD,10469,1000,1000.0,0,1000.0,other grocery,1,
2023,601566,JAC,GONZALEZ GROCERY STORE,GONZALEZ ALBERTO,2665,VALENTINE AVE,10458,1200,1200.0,0,1200.0,convenience or deli,1,
2023,721643,JAC,H & Y FRUIT AND VEGETAB,H & Y FRUIT AND VEGETABLES CORP,156,E 188TH STREET,10468,0,,1,1200.0,specialty,1,
2023,607365,JAC,RYER CANDY & GROCERY,RYER CANDY & GROCERY CORP,229,E 181ST ST,10457,500,500.0,0,500.0,convenience or deli,1,
2023,726084,A,T & S DELI GROCERY,T & S DELI GROCERY CORP,2355,GRAND CONCOURSE,10468,800,800.0,0,800.0,convenience or deli,1,
2023,740173,JAC,452 GOURMET DELI,452 GOURMET DELI CORP,452,WEST 238TH STREET,10463,0,,1,1000.0,convenience or deli,1,
2023,750909,JAC,NEW A&N GOURMET DELI,NEW A&N GOURMET DELI CORP,1736,ZEREGA AVE,10462,1500,1500.0,0,1500.0,convenience or deli,1,
2023,604323,JAC,EL KIOSCO GROCERY,RODRIGUEZ SINOCENCIO,1814,CROTONA AVE,10457,1000,1000.0,0,1000.0,convenience or deli,1,
2023,604459,JAC,PICA LUIS MEAT MARKET,PICA LUIS MEAT MARKET CORP,251,W KINGSBRIDGE RD,10463,1300,1300.0,0,1300.0,specialty,1,
2023,718626,A,FIVE BELOW #354,FIVE BELOW INC,2156,BARTON AVE  SPACE #156,10475,7000,7000.0,0,,,0,general merchandise or dollar store
2023,723257,JAC,EL PRINCIPE GROCERY STO,EL PRINCIPE GROCERY STORE CORP,237,EAST 203RD STREET,10458,1000,1000.0,0,1000.0,convenience or deli,1,
2023,725869,JAC,GREENVILLAGE MEAT,GREENVILLAGE MEAT CORP,3758,WHITE PLAINS ROAD,10467,1500,1500.0,0,1500.0,specialty,1,
2023,609373,A,MTR GROCERY,MTR GROCERY CORP,760,E 187TH ST,10458,700,700.0,0,700.0,convenience or deli,1,
2023,745779,JAC,SUNDARBAN HALAL MEAT &,ALAMIN BANGLADESHI CORP,1402,UNIONPORT RD,10462,0,,1,1200.0,specialty,1,
2023,722692,JAC,XPRESS MART,MICHAELS DELI CORP,745,WHITE PLAINS ROAD,10473,800,800.0,0,800.0,other grocery,1,
2023,725697,JAC,UNIVERSITY FRESH MARKET,THREE TIMES C FOOD CORP,1707,UNIVERSITY AVE,10453,2500,2500.0,0,2500.0,supermarket,1,
2023,608943,JAC,FOODTOWN SUPERMARKET,PALMA NUEVA FOODS CORP,3471,BOSTON RD,10469,15000,15000.0,0,15000.0,supermarket,1,
2023,753374,A,NICE EXOTICZ,NICE EXOTICZ LLC,1485,WESTCHESTER AVE,10472,0,,1,1200.0,other grocery,1,
2023,756099,JAC,BOSTON DELI & GROCERY,BOSTON DELI & GROCERY INC,761,E 169TH STREET,10456,0,,1,1000.0,convenience or deli,1,
2023,717779,JAC,GOLDEN MANGO,FAD 2300 FOOD CORP,2300,RANDALL AVE,10473,40000,40000.0,0,40000.0,supermarket,1,
2023,601872,JABCD,VEGANS DELIGHT,HEALTHEE ENDEAVORS INC,3565C,BOSTON RD,10469,2500,2500.0,0,,,0,"warehouse, wholesale or plant license"
2023,736746,A,WALGREENS #19195,WALGREEN EASTERN CO INC,650,E TREMONT AVE,10457,2000,2000.0,0,,,0,pharmacy
2023,743143,JAC,A&R GROCERY DELI,A&R GROCERY DELI DELI CORP,57,E 168TH ST,10452,1200,1200.0,0,1200.0,convenience or deli,1,
2023,715939,JAC,EXPRESS FOOD & GROCERY,EXPRESS FOOD & GROCERY INC,444,SOUNDVIEW AVE,10473,800,800.0,0,800.0,convenience or deli,1,
2023,718289,JAC,BODEGA BUILT,BODEGA BUILT INC,601,E 180TH ST,10457,1000,1000.0,0,1000.0,convenience or deli,1,
2023,730132,JAC,BURNSIDE FINEST DELI,BURNSIDE FINEST DELI INC,6,W BURNSIDE AVE,10453,800,800.0,0,800.0,convenience or deli,1,
2023,608815,JAC,BRONX NEW WAY,BRONX NEW WAY CORP,111,E KINGSBRIDGE RD STORE #3,10468,1000,1000.0,0,1000.0,other grocery,1,
2023,749134,JAC,AGR DELI GROCERY,AGR DELI GROCERY CORP,1662,BOSTON RD,10460,0,,1,1000.0,convenience or deli,1,
2023,727728,JAC,SAZON DELI GROCERY,SAZON DELI GROCERY CORP,131,E 183RD STREET,10453,1500,1500.0,0,1500.0,convenience or deli,1,
2023,751631,JAC,HASAN SUPERMARKET,HASAN SUPERMARKET INC,2165,STARLING AVE,10462,1100,1100.0,0,1100.0,supermarket,1,
2023,607102,JACDHK,TEITEL BROS WAREHOUSE,TEITEL REALTY CORP,2359,ARTHUR AVE,10458,1000,1000.0,0,,,0,"warehouse, wholesale or plant license"
2023,748991,JAC,GRIFFIN'S DELI,GRIFFINS DELI LLC,400,E GUNHILL ROAD,10467,800,800.0,0,800.0,convenience or deli,1,
2023,713605,JAC,PRIMO GROCERY,PRIMO GROCERY LTD,278,W FORDHAM RD,10468,1000,1000.0,0,1000.0,convenience or deli,1,
2023,737213,JAC,ARDO DELI GROCERY,ARDO DELI GROCERY CORP,1154,WASHINGTON AVE,10456,1200,1200.0,0,1200.0,convenience or deli,1,
2023,714753,A,E AND J DISCOUNT,ITWARU WHITNEY R & ITWARY MOHANIE,1768,WESTCHESTER AVE,10472,800,800.0,0,,,0,general merchandise or dollar store
2023,734704,JAC,182 WILLIS DELI & GROCE,182 WILLIS DELI & GROCERY CORP,182,WILLIS AVENUE,10454,0,,1,1000.0,convenience or deli,1,
2023,745933,A,ISMAEL CONVENIENCE STOR,ISMAEL ONVENIENCE STORE CORP,689NE,1187TH ST,10458,0,,1,1000.0,convenience or deli,1,
2023,606997,JAC,LA MEXICANA MT MKT & MI,BROOK MI PUEBLO MEXICAN DELI CORP,245,BROOK AVE  STORE 8&9,10454,1800,1800.0,0,1800.0,other grocery,1,
2023,712924,A,99C OR MORE,JEROME 99 CENT INC,1465,JEROME AVE,10452,6500,6500.0,0,,,0,general merchandise or dollar store
2023,744169,JAC,FAMILY TRAORE HALAL MEA,ANSOUMANA TRAORE,4173,THIRD AVENUE STORE B,10457,1000,1000.0,0,1000.0,other grocery,1,
2023,729762,JAC,EL PAISANO NO. 3 FISH M,EL PAISANO NO. 3 FISH MARKET LLC,1562,WATSON AVE,10472,1500,1500.0,0,1500.0,specialty,1,
2023,751648,JAC,FOOD MARKET GROCERY STO,FOOD MARKET GROCERY STORE INC,305,E 181ST STREET,10457,0,,1,1000.0,convenience or deli,1,
2023,750342,JAC,263 GOURMET DELI,263 GOURMET INC,263,WEST KINGSBRIDGE ROAD,10463,1200,1200.0,0,1200.0,convenience or deli,1,
2023,752706,JAC,HELLO SUSHI,HELLO SUSHI CORP,801,E GUN HILL ROAD,10467,100,100.0,0,100.0,other grocery,1,
2023,702833,JAC,CONCOURSE FOOD PLAZA,AD 2096 GRAND CORP,2096,GRAND CONCOURSE,10457,9000,9000.0,0,9000.0,supermarket,1,
2023,736532,JAC,SANAA GOURMET DELI GROC,SANAA GOURMET DELI GROCERY INC,611,E 182ND STREET,10457,700,700.0,0,700.0,convenience or deli,1,
2023,607033,JAC,7-ELEVEN STORE 32116C,CHO KYUWON,1590,HUTCHINSON RIVER PKWY,10461,3000,3000.0,0,3000.0,convenience or deli,1,
2023,752938,JAC,M&R BRONX DELI,M&R BRONX DELI CORP,1991,BRONXDALE AVE,10462,1200,1200.0,0,1200.0,convenience or deli,1,
2023,755004,A,HUMMY DELI & GOURMET,HUMMY DELI & GOURMET CORPORATION,266,E GUN HILL RD,10467,1200,1200.0,0,1200.0,convenience or deli,1,
2023,749403,A,S&R FOOD MART,S&R FOOD MART CORP,8,W KINGSBRIDGE RD,10468,0,,1,1000.0,convenience or deli,1,
2023,606753,JAC,LUIS DELI GROCERY,RODRIQUEZ LUIS,1569,HOE AVE,10460,1200,1200.0,0,1200.0,convenience or deli,1,
2023,734187,JAC,AL-KAREEM GROCERY & HAL,AL-KAREEM GROCERY & HALAL MEETS I,1059,ALERTON AVENUE,10469,2600,2600.0,0,2600.0,convenience or deli,1,
2023,751298,JAC,OMAR DELI MART,OMAR DELI MART CORP,3840,E TREMONT AVE,10465,1800,1800.0,0,1800.0,convenience or deli,1,
2023,752980,A,WP 99 CENTS PLUS,WP 99 CENTS PLUS CORP,1207,WHITE PLAINS ROAD,10472,0,,0,,,0,general merchandise or dollar store
2023,725561,JAC,ASHLEY & J FOOD,ASHLEY & J FOOD CORP,1000,E GUN HILL ROAD,10469,800,800.0,0,800.0,other grocery,1,
2023,749694,JAC,FULTON AVE DELI,FULTON AVE DELI LLC,1725,FULTON AVE,10457,800,800.0,0,800.0,convenience or deli,1,
2023,754023,A,TARGET STORE T-3395 (OC,TARGET CORPORATION,215,E FORDHAM RD,10458,0,,0,,,0,general merchandise or dollar store
2023,609834,JAC,C TOWN 054,JSMD FOOD CORP,100,HUGH J GRANT CIRCLE,10472,8000,8000.0,0,8000.0,supermarket,1,
2023,609457,JAC,GREEN EARTH GRCY STORE,GREEN EARTH FOOD CORP,1420,GRAND CONCOURSE,10456,1500,1500.0,0,1500.0,other grocery,1,
2023,609360,JAC,GOOD GUY MEAT MARKET,GOOD GUY MEAT MARKET CORP THE,187,E 167TH ST,10456,1000,1000.0,0,1000.0,specialty,1,
2023,747562,A,O GROCERY,O GROCERY INC,1665,CLAY AVE,10457,900,900.0,0,900.0,convenience or deli,1,
2023,746018,JAC,ADYEL DELI,ADYEL DELI GROCERY,1410,BRONX RIVER AVE,10472,1900,1900.0,0,1900.0,convenience or deli,1,
2023,749535,A,SI CONVENIENCE,SI CONVENIENCE CORP,3700,WHITE PLAINS,10467,0,,1,1000.0,convenience or deli,1,
2023,728615,JABCK,TEX-MEX DELI GROCERY,TEX-MEX DELI GROCERY INC,2325,WESTCHESTER AVE,10462,700,700.0,0,700.0,convenience or deli,1,
2023,739394,JAC,LA FORTUNA FOOD DELI,LA FORTUNA FOOD DELI CORP 1,481,WALES AVE,10455,1500,1500.0,0,1500.0,convenience or deli,1,
2023,741867,JAC,URBAN BLUE MARKET,URBAN BLUE MARKET CORP,1240-1242,CASTLE HILL AVE,10462,1460,1460.0,0,1460.0,other grocery,1,
2023,608754,JAC,BOSTON ROAD DELI GRCY,BOSTON ROAD DELI GROCERY INC,1490,BOSTON RD,10460,1200,1200.0,0,1200.0,convenience or deli,1,
2023,608411,JAC,LA GONDOLA DELI GROCERY,LA GONDOLA DELI GROCERY INC,167,E 205TH ST,10458,1150,1150.0,0,1150.0,convenience or deli,1,
2023,605815,JAC,FINE FARE SUPERMARKET,1221 FTELEY FOOD CORP,1221,FTELEY AVE,10472,12000,12000.0,0,12000.0,supermarket,1,
2023,751673,JAC,RICHIES MEAT MARKET,R&A MEAT MARKET LLC,3818,EAST TREMONT AVENUE,10465,900,900.0,0,900.0,specialty,1,
2023,754259,JAC,1172 SAMS DELI,1172 SAMS DELI CORP,1172,E GUN HILL RD,10469,0,,1,1000.0,convenience or deli,1,
2023,732268,JAC,153 DELI GROCERY,153 DELI GROCERY INC,153,EAST 149TH STREET,10451,0,,1,1000.0,convenience or deli,1,
2023,600723,JAC,MORRIS PARK MEAT MARKET,MARIOS MEAT MARKET INC,1037,MORRIS PARK AVE,10461,1000,1000.0,0,1000.0,specialty,1,
2023,752373,JAC,FIVE LINE GOURMET DELI,FIVE LINE GOURMET DELI 24 CORP,255,E TREMONT AVE,10457,1000,1000.0,0,1000.0,convenience or deli,1,
2023,714255,JAC,ALI BABA DELI GROCERY,ALI BABA DELI GROCERY CORP,3565,BOSTON RD,10469,60,,1,1000.0,convenience or deli,1,
2023,750033,JAC,GOURMET MARKET & BAGEL,GOURMET MARKET & BAGEL INC,5993,BROADWAY,10471,1500,1500.0,0,1500.0,other grocery,1,
2023,739864,JAC,ACKON JOHNSON,JD INTERNATIONAL AFRICAN MKT LLC,3465,BOSTON ROAD,10469,1000,1000.0,0,1000.0,other grocery,1,
2023,751571,JAC,BCC DELI,BCC DELI CORP,88,W 181ST STREET,10453,1500,1500.0,0,1500.0,convenience or deli,1,
2023,604072,JACK,CHERRY VALLEY MARKETPLA,BEDFORD BOULEVARD FOOD CORP,2870,WEBSTER AVE,10458,18000,18000.0,0,18000.0,supermarket,1,
2023,710319,JAC,MOM & SON FISH MARKET,MOM & SON FISH MARKET CORP,3504,WHITE PLAINS RD,10467,700,700.0,0,700.0,specialty,1,
2023,754400,JAC,GROUNDS DONUT HOUSE,GROUNDS 10465 INC,4039,E TREMONT AVE,10465,800,800.0,0,800.0,other grocery,1,
2023,750500,A,99 CENTS & UP,STORY AVE PHARMACY INC,1903,STORY AVE,10473,0,,0,,,0,general merchandise or dollar store
2023,703049,A,LIBERTY DOLLAR,LUCKY 9 FOOD BAZAAR INC,2287,JEROME AVENUE,10468,3000,3000.0,0,,,0,general merchandise or dollar store
2023,704871,JAC,FOOD TOWN,3100 THIRD AVENUE FOOD LLC,3100,3RD AVE,10451,8000,8000.0,0,8000.0,supermarket,1,
2023,746352,A,TAKI DELI,TAKI DELI CORP,124,EAST 183RD STREET,10453,500,500.0,0,500.0,convenience or deli,1,
2023,736669,JAC,RAGI DELI,RAGI DELI INC,4125,WHITE PLAINS RD,10466,0,,1,1000.0,convenience or deli,1,
2023,728800,JAC,FORDHAM GOURMET DELI 05,11 W FORDHAM GRMT DELI CORP,11,W FORDHAM ROAD,10468,600,600.0,0,600.0,convenience or deli,1,
2023,607791,A,A&A VARIETY DOUBLE DISC,A&A VARIETY DOUBLE DISCOUNT INC,2095,STARLING AVE,10462,4000,4000.0,0,,,0,general merchandise or dollar store
2023,712789,A,BP,ROYAL PETROLEUM MANAGEMENT INC,1,E 233RD ST,10470,1500,1500.0,0,,,0,gas station
2023,749201,JAC,RANCHITO MIXTECO,RANCHITO MIXTECO CORP,250,E GUN HILL ROAD,10467,0,,1,1200.0,other grocery,1,
2023,731140,JAC,VALENTINE DELI GROCERY,VALENTINE DELI GROCERY CORP,2381,VALENTINE AVENUE,10458,0,,1,1000.0,convenience or deli,1,
2023,751416,JAC,173RD GOURMET DELI,173RD GOURMET DELI CORP,1680,CLAY AVE,10456,0,,1,1000.0,convenience or deli,1,
2023,746017,JAC,ANNERYS DELI,ANNERYS DELI CORP,2178,CROTONA AVE,10457,2000,2000.0,0,2000.0,convenience or deli,1,
2023,734249,JAC,MASOHNA DELI AND GROCER,MASOHNA DELI AND GROCERY INC,4052,WHITE PLAINS ROAD,10466,1000,1000.0,0,1000.0,convenience or deli,1,
2023,732005,JAC,CARLOS DELI & GROCERY,CARLOS DELI & GROCERY INC,2118,WESTCHESTER AVE,10462,800,800.0,0,800.0,convenience or deli,1,
2023,751327,JAC,TOP FRUITS AND VEGETABL,TOP FRUITS AND VEGETABLES CORP,1057,SOUTHERN BLVD,10459,1500,1500.0,0,1500.0,specialty,1,
2023,709135,JAC,DEFENDERS GOURMET DELI,DEFENDERS GOURMET DELI INC,386,EAST 161ST ST,10451,1200,1200.0,0,1200.0,convenience or deli,1,
2023,733756,JAC,843 MASTER DELI & GROCE,843 MASTER DELI & GROCERY INC,843,SOUNDVIEW AVE,10473,1400,1400.0,0,1400.0,convenience or deli,1,
2023,604248,JAC,MANUELS FISH MARKET,WILLETS POINT FISH MARKET INC,2724,E TREMONT AVE,10461,0,,1,1200.0,specialty,1,
2023,606630,JAC,DELI FARMS,DELI FARMS CORP,850,LONGWOOD AVE,10459,2000,2000.0,0,2000.0,convenience or deli,1,
2023,749946,JAC,2080 VALENTINE DELI GRO,2080 VALENTINE DELI GROCERY CORP,2080,VALENTINE AVE,10457,1100,1100.0,0,1100.0,convenience or deli,1,
2023,607326,A,FAMILY DOLLAR #6112,FAMILY DOLLAR STORES OF NY INC,2301,JEROME AVE,10468,10000,10000.0,0,,,0,general merchandise or dollar store
2023,741991,JAC,170TH STREET GROCERY,BINMAHFOOD ABUBAKER,160,E 170TH STREET,10452,1000,1000.0,0,1000.0,convenience or deli,1,
2023,607200,JAC,LINCOLN DELI & GROCERY,522 LINCOLN DELI&GROCERY CORP,522,MORRIS AVE,10451,1000,1000.0,0,1000.0,convenience or deli,1,
2023,737794,JAC,175 N GOURMET DELI,175 N GOURMET DELI INC,786A,COURTLANDT AVE,10451,0,,1,1000.0,convenience or deli,1,
2023,745840,JAC,LITTLE TULCINGO,LITTLE TULCINGO LLC,1488A,WESTCHESTER AVENUE,10472,0,,1,1200.0,other grocery,1,
2023,753661,JAC,STAR BLOCK CONVENIENCE,STAR BLOCK INC,1401,E 233RD ST.,10466,0,,1,1000.0,convenience or deli,1,
2023,711714,JAC,DELI GROCERY MONTEFU,DELI GROCERY MONTEFU CORP,215,EAST GUNHILL RD,10467,100,100.0,0,100.0,convenience or deli,1,
2023,745877,A,TOTAL CARE DISCOUNT,TOTAL CARE II INC,1244,VIRGINIA AVENUE,10472,0,,0,,,0,general merchandise or dollar store
2023,708318,JAC,5706 MOSHOLU AVE DELI,5706 MOSHOLU AVE DELI CORP,5706,MOSHOLU AVE,10471,1500,1500.0,0,1500.0,convenience or deli,1,
2023,607147,JAC,EVOLUTION GOURMET,EVOLUTION GOURMET CORP,923,PROSPECT AVE,10459,0,,1,1200.0,other grocery,1,
2023,741112,JAC,MAKKAH MADINA SUPERMARK,MAKKAH MADINA SUPERMARKET & HALAL,239,E KINGSBRIDGE ROAD,10458,0,,1,8000.0,supermarket,1,
2023,725713,A,718 CONVENIENT STORE,718 CONVENIENT STORE LLC,123,EAST BURNSIDE AVENUE,10453,0,,1,1200.0,other grocery,1,
2023,606275,JAC,ABREUS GROCERY,ABREU LUIS,773,E 169TH ST,10456,1200,1200.0,0,1200.0,convenience or deli,1,
2023,750994,JAC,CA FOOD MART,CA FOOD MART INC,3706,3RD AVENUE,10456,0,,1,1000.0,convenience or deli,1,
2023,719173,JAC,169 GOURMET DELI,GREEN MOUNTAIN GROCERY & DELI LLC,169,E 205TH ST,10458,0,,1,1000.0,convenience or deli,1,
2023,605074,JAC,KEY FOOD SUPERMARKET,MD 1511 MEAT & PRODUCE CORP,1511,METROPOLITAN AVE,10462,10000,10000.0,0,10000.0,supermarket,1,
2023,608519,A,GUN HILL PHARMACY,KHELLY (NY) INC,83,E GUN HILL RD,10467,700,700.0,0,,,0,pharmacy
2023,604283,JABH,E&V BAKERY,MORRIS PARK BAKING CORP,1723-1729,UNIONPORT RD,10462,7000,7000.0,0,,,0,"warehouse, wholesale or plant license"
2023,606691,A,LATIN GROCERY,LATIN GROCERY LLC,961,E 165TH ST,10459,1500,1500.0,0,1500.0,convenience or deli,1,
2023,716159,JAC,MILLBROOK GROCERY,MILLBROOK GROCERY INC,575,E 137TH ST,10454,0,,1,1000.0,convenience or deli,1,
2023,603899,JABC,WESTERN BEEF 48,WESTERN BEEF RETAIL INC,1041,PROSPECT AVE,10459,60000,60000.0,0,60000.0,supermarket,1,
2023,605801,JAC,383 CAPELLAN GROCERY,383 CAPELLAN GROCERY CORP,383,E 138TH ST,10454,1200,1200.0,0,1200.0,convenience or deli,1,
2023,704697,JAC,BROTHER MEAT & MARKET,FLAMING MEAT WAREHOUSE CORP,522,E 138TH ST,10454,1500,1500.0,0,1500.0,specialty,1,
2023,737009,JAC,390 JACKSON DELI GROCER,390 JACKSON DELI GROCERY CORP,390,JACKSON AVENUE,10454,0,,1,1000.0,convenience or deli,1,
2023,606151,JAC,CACHET DELI FOOD,CACHET DELI FOOD CORP,1425,MACOMBS RD,10452,800,800.0,0,800.0,convenience or deli,1,
2023,732361,JAC,E VALLEY DELI GROCERY,E VALLEY DELI GROCERY INC,2654,VALENTINE AVE,10458,0,,1,1000.0,convenience or deli,1,
2023,720408,JAC,MAVELYN DELI GROCERY,MAVELYN DELI GROCERY CORP,1034,AVENUE ST JOHN,10455,1200,1200.0,0,1200.0,convenience or deli,1,
2023,607185,JAC,JOSE DELI GROCERY,JOSE DELI GROCERY CORP,221,ST ANNS AVE,10454,2000,2000.0,0,2000.0,convenience or deli,1,
2023,708527,JAC,183 GOLD FISH MARKET,183 GOLD FISH MARKET CORP,12,WEST 183RD ST,10453,1500,1500.0,0,1500.0,specialty,1,
2023,600758,JABH,MADONIA BROTHERS BAKERY,MADONIA BROTHERS BAKERY INC,2348,ARTHUR AVE,10458,3400,3400.0,0,,,0,"warehouse, wholesale or plant license"
2023,608348,JABC,BJS WHOLESALE CLUB 176,BJS WHOLESALE CLUB INC,610,EXTERIOR ST,10451,4000,4000.0,0,,,0,general merchandise or dollar store
2023,718783,JAC,LEUDY DELI GROCERY,LEUDY DELI GROCERY CORP,1310,JEROME AVE,10452,900,900.0,0,900.0,convenience or deli,1,
2023,750929,A,LOVE & PEACE CONVENIENC,LOVE & PEACE CONVENIENCE CORP,2513B,WEBSTER AVE,10458,0,,1,1200.0,other grocery,1,
2023,607059,JAC,NEW SEA WIN SEAFOOD,NEW SEA WIN SEAFOOD CO INC,216-218,W 231ST ST,10463,1500,1500.0,0,1500.0,specialty,1,
2023,749047,JAC,,FERS GRILL DELI INC,2962,JEROME AVENUE,10468,1200,1200.0,0,1200.0,convenience or deli,1,
2023,608594,JAC,RIGS MEAT MARKET,RIGS MEAT MARKET CORP,4158,WHITE PLAINS RD,10466,1200,1200.0,0,1200.0,specialty,1,
2023,752480,JAC,FRUIT BIN,FRUIT BIN CORP,3488,JEROME AVENUE,10467,1800,1800.0,0,1800.0,specialty,1,
2023,604386,A,RITE AID 10543,GENOVESE DRUG STORES INC,21B,KNOLLS CRESCENT,10463,10000,10000.0,0,,,0,pharmacy
2023,706026,A,POPULAR DISCOUNT,POPULAR DISCOUNT INC,3072,WHITE PLAINS RD,10467,4000,4000.0,0,,,0,general merchandise or dollar store
2023,714381,A,JIMMY CONVENIENCE,JIMMY CONVENIENCE INC,4129,WHITE PLAINS RD,10466,800,800.0,0,800.0,convenience or deli,1,
2023,751759,A,ALEX FRUIT MARKET,ALEX FRUIT MARKET INC,744,E TREMONT AVE,10457,1400,1400.0,0,1400.0,specialty,1,
2023,712277,A,FRIENDSHIP DELI GROCERY,ALGAZALI AHMED S,1043,E 163RD ST,10459,1000,1000.0,0,1000.0,convenience or deli,1,
2023,601292,JAC,ASSOCIATED,PWP EQUITIES CORP,1188,WEBSTER AVE,10456,15000,15000.0,0,15000.0,supermarket,1,
2023,752909,JAC,ELIAM FOOD,ELIAM FOOD CORP,1001,FREEMAN STREET,10459,1400,1400.0,0,1400.0,other grocery,1,
2023,733481,JAC,EAT BETTER GOURMET DELI,EAT BETTER GOURMET DELI INC,721,BURKE AVE,10467,1100,1100.0,0,1100.0,convenience or deli,1,
2023,744436,JAC,RIG FISH MARKET,RIG FISH MARKET CORP,4164,WHITE PLAINS ROAD,10466,0,,1,1200.0,specialty,1,
2023,738412,JAC,A-Z NUTRITION & SMOOTHI,TKM VITAMIN LLC,1776,EASTCHESTER ROAD,10461,1100,1100.0,0,1100.0,other grocery,1,
2023,715737,JAC,AFTAB FOOD MARKET,AFTAB GROCERY & HALAL MEAT INC,1209,WHITE PLAINS RD,10472,1600,1600.0,0,1600.0,other grocery,1,
2023,731706,JABCHK,BROOKLYN BRANDS,BROOKLYN BRANDS LLC,828,EAST 144TH STREET,10454,44000,44000.0,0,,,0,"warehouse, wholesale or plant license"
2023,718840,JAC,LA TRADICION DELI GROCE,LA TRADICION DELI GROCERY CORP,1145,BOSTON ROAD,10456,0,,1,1000.0,convenience or deli,1,
2023,740280,JAC,ALMONTSEIR DELI GROCERY,ALMONTSEIR DELI GROCERY CORP,1030,CASTLE HILL AVENUE,10472,1700,1700.0,0,1700.0,convenience or deli,1,
2023,604975,A,RITE AID PHARMACY 03817,RITE AID OF NEW YORK INC,57,E BURNSIDE AVE,10453,20000,20000.0,0,,,0,pharmacy
2023,755531,JAC,BRISTOW BLAZE,BRISTOW BLAZE CORP,1378,BOSTON RD,10456,0,,1,1200.0,other grocery,1,
2023,752769,JAC,EMELI GROCERY,EMELI GROCERY CORP,593,VAN NEST AVE,10460,750,750.0,0,750.0,convenience or deli,1,
2023,605080,A,CVS PHARMACY 07066,CVS ALBANY LLC,565,W 235TH ST,10463,2500,2500.0,0,,,0,pharmacy
2023,735299,JAC,FLASH FOOD,FLASH FOOD CORP,1553,WATSON AVENUE,10472,0,,1,1200.0,other grocery,1,
2023,709356,JAC,NONNAS KITCHEN & DELI,NONNAS KITCHEN & DELI INC,3148,AMPERE AVE,10465,1200,1200.0,0,1200.0,convenience or deli,1,
2023,734360,JAC,KIARY DELI GROCERY,KIARY DELI GROCERY CORP,1881,GRAND CONCOURSE STORE 1,10453,0,,1,1000.0,convenience or deli,1,
2023,730128,JAC,G DELI MARKET,G DELI MARKET CORP,551,E 178TH STREET,10457,1000,1000.0,0,1000.0,convenience or deli,1,
2023,755957,JAC,LOS DOS CARNALES DELI G,LOS DOS CARNALES DELI GRCY CORP,380,E GUN HILL ROAD,10467,1000,1000.0,0,1000.0,convenience or deli,1,
2023,750780,JAC,WILSON GOURMET DELI,WILSON GOURMET DELI CORP,3401,BOSTON ROAD,10469,0,,1,1000.0,convenience or deli,1,
2023,609035,A,CVS PHARMACY #8940,CVS ALBANY LLC,1688,WESTCHESTER AVE,10472,8000,8000.0,0,,,0,pharmacy
2023,729118,JAC,139 GOURMET DELI,139 GOURMET DELI CORP,274,ALEXANDER AVE,10454,0,,1,1000.0,convenience or deli,1,
2023,718865,JACK,DANBAKO,DANBAKO LLC,1387,BOSTON RD,10456,1000,1000.0,0,1000.0,other grocery,1,
2023,602442,JAC,YENIDE DELI GROCERY,ALANIS DELI GROCERY CORP,2563-2565,GRAND CONCOURSE,10468,1500,1500.0,0,1500.0,convenience or deli,1,
2023,601241,JAC,J&A FRUIT&GROCERY CNTR,J&A FRUIT&GROCERY CORP,11-17,E 171ST ST,10452,1700,1700.0,0,1700.0,convenience or deli,1,
2023,719351,JABC,STOP & SHOP #2592,STOP & SHOP SUPERMARKET CO LLC TH,2136,BARTOW AVE,10475,55000,55000.0,0,55000.0,supermarket,1,
2023,605305,JABC,SUPER FOODTOWN,2945 MEAT&PRODUCE INC,2945,BRUCKNER BLVD,10461,20000,20000.0,0,20000.0,supermarket,1,
2023,716176,JAC,MR GRILL DELI GROCERY,MR GRILL DELI GROCERY CORP,1431,PROSPECT AVE,10456,1300,1300.0,0,1300.0,convenience or deli,1,
2023,605286,JAC,CHANG LI SUPERMARKET,CHANG LI SUPERMARKET INC,2079,BENEDICT AVE,10462,15000,15000.0,0,15000.0,supermarket,1,
2023,752500,JAC,DARIANNA FRUIT & MEAT M,DARIANNA FRUIT & MEAT MARKET CORP,73,W KINGSBRIDGE TERRACE,10468,0,,1,1200.0,specialty,1,
2023,728887,A,OMAR GOURMET DELI,OMAR GOURMET DELI CORP,1800-1802,CEDAR AVE,10453,1500,1500.0,0,1500.0,convenience or deli,1,
2023,711296,JAC,BRONXWOOD FOOD & CONVEN,BRONXWOOD FOOD & CONVENIENCE INC,884,E 233 ST,10466,900,900.0,0,900.0,other grocery,1,
2023,752044,JAC,GRAND CONCOURSE DELI,GRAND CONCOURSE DELI INC,200,E 170TH ST,10456,900,900.0,0,900.0,convenience or deli,1,
2023,705172,JAC,YUNS FRUIT MARKET,YUN SUNG HAN,349,E 138TH ST,10454,1200,1200.0,0,1200.0,specialty,1,
2023,750126,JAC,JAYDEN G DELI & GROCERY,JAYDEN G DELI & GROCERY LLC,1893,ANDREWS AVENUE,10453,1200,1200.0,0,1200.0,convenience or deli,1,
2023,717589,JAC,LOS PEREZ DELI FOOD,LOS PEREZ DELI FOOD CORP,2629,MARION AVE,10458,0,,1,1000.0,convenience or deli,1,
2023,714185,JAC,C TOWN SUPERMARKET,AV FOOD CORP,630,E 169TH ST,10456,5000,5000.0,0,5000.0,supermarket,1,
2023,725270,JAC,ANLY & MADALY DELI-GROC,ANLY & MADALY DELI-GROCERY INC,1365,FINDLAY AVENUE,10456,1500,1500.0,0,1500.0,convenience or deli,1,
2023,749103,JAC,LOVER STEAM FISH,LOVER JUICE BAR LLC,230,EAST 181ST STREET,10457,800,800.0,0,800.0,specialty,1,
2023,711733,JAC,BRONX MEAT & DELI,BRONX MEAT & DELI CORP,100,E 183RD ST,10453,1800,1800.0,0,1800.0,convenience or deli,1,
2023,707160,JAC,SYL FISH MARKET,LIN SHENG YONG,684,E 187TH ST,10458,600,600.0,0,600.0,specialty,1,
2023,744351,A,FINE GOURMET DELI,FINE GOURMET DELI CORP,4222,WHITE PLAINS RD,10466,900,900.0,0,900.0,convenience or deli,1,
2023,609423,JAC,TAVERAS FOOD CENTER,TAVERAS FOOD CENTER CORP,5193,BROADWAY,10463,0,,1,1200.0,other grocery,1,
2023,752686,JAC,MACE THE GREAT DELI DEL,MACE THE GREAT DELI DELIGHT CORP,5187,BROADWAY - CORNER 103 W. 225,10463,2000,2000.0,0,2000.0,convenience or deli,1,
2023,719651,A,DC DISCOUNT STORE INC,CHEN JIAN DONG,559,EAST TREMONT AVENUE,10457,1300,1300.0,0,,,0,general merchandise or dollar store
2023,748176,A,MAX DEALS,MAX DEALS PROSPECT INC,985,PROSPECT AVE,10459,1200,1200.0,0,1200.0,other grocery,1,
2023,741345,JAC,1033 BEST DELI & GRILL,1033 BEST DELI & GRILL CORP,1033-1035,CASTLE HILL AVENUE,10472,2000,2000.0,0,2000.0,convenience or deli,1,
2023,704275,JAC,SHINING STAR DELI GROCE,SHINING STAR DELI GROCERY CORP,3489A,BOSTON RD,10469,1500,1500.0,0,1500.0,convenience or deli,1,
2023,753975,JAC,3610 MINI MARKET DELI,3610 MINI MARKET DELI CORP,3610,WHITE PLAINS RD,10467,0,,1,1000.0,convenience or deli,1,
2023,743012,JAC,LA ANTILLANA MEAT MARKE,N&N MEAT MARKET LLC,239-245,E TREMONT AVE,10457,2500,2500.0,0,2500.0,specialty,1,
2023,741679,JAC,NEW 7 SEAFOOD PLAZA,NEW 7 SEAFOOD PLAZA INC,223,ST ANNS AVE,10454,2000,2000.0,0,2000.0,specialty,1,
2023,753775,JAC,KING 163RD DELI,KING 163RD DELI CORP,517,EAST 163RD STREET,10451,1000,1000.0,0,1000.0,convenience or deli,1,
2023,605776,JAC,WEBSTER MEAT FARM,1170 WEBSTER AVE MEAT INC,1170,WEBSTER AVE,10456,2300,2300.0,0,2300.0,specialty,1,
2023,736117,A,WALGREENS #17828,WALGREENS EASTERN CO INC,3901,WHITE PLAINS RD,10466,0,,0,,,0,pharmacy
2023,754673,JAC,PERLA GROCERY,PERLA GROCERY CORP,1142,EAST 165TH STREET,10459,0,,1,1000.0,convenience or deli,1,
2023,755259,JAC,SANAA FINE DELI,SANAA FINE DELI CORP,1711,BOONE AVE,10460,0,,1,1000.0,convenience or deli,1,
2023,750220,JAC,CRIS DELI GROCERY,CRIS DELI GROCERY CORP,450,E 160TH STREET,10451,1000,1000.0,0,1000.0,convenience or deli,1,
2023,748978,JAC,DONA MARY,DONA MARY CORP,550,E 187TH STREET,10458,0,,1,1200.0,other grocery,1,
2023,724338,JAC,E TREMONT FAMILY DELI G,E TREMONT FAMILY DELI GROCERY COR,541,EAST TREMONT AVE,10457,1000,1000.0,0,1000.0,convenience or deli,1,
2023,717127,JACK,ICE SCULPTURES OF NY,ICE SCULPTURES OF NY INC,2328,BATHGATE AVE,10458,1500,1500.0,0,1500.0,other grocery,1,
2023,748388,JAC,BENDECIDO DELI GROCERY,BENDECIDO DELI GROCERY CORP,927,EAST 169TH STREET,10459,0,,1,1000.0,convenience or deli,1,
2023,753474,JAC,J&L DELI GROCERY MINI M,J&L DELI GROCERY MINI MARKET CORP,3214,WHITE PLAINS ROAD,10467,0,,1,1000.0,convenience or deli,1,
2023,745321,JAC,3RD GOLDEN PRODUCE,3RD GOLDEN PRODUCE CORP,4660,3RD AVE,10458,1500,1500.0,0,1500.0,specialty,1,
2023,731787,A,BROADWAY 231,BROADWAY 231 INC,5601,BROADWAY AVE,10463,0,,1,1200.0,other grocery,1,
2023,606474,JAC,SUPER DELI& GRCY STORE,LOS CUATRO HERMANOS GROCERY INC,740,E 149TH ST,10455,1000,1000.0,0,1000.0,convenience or deli,1,
2023,601356,JAC,TAYLOR SUPERETTE,TAYLOR SUPERETTE CORP,459,TAYLOR AVE,10473,600,600.0,0,600.0,other grocery,1,
2023,730505,A,DOLLAR GENERAL # 19206,DOLGEN NEW YORK LLC,1412,JEROME AVE,10452,0,,0,,,0,general merchandise or dollar store
2023,710413,JAC,PIMENTEL DELI GROCERY,DIGNA DELI GROCERY CORP,3142,HEATH AVE,10463,0,,1,1000.0,convenience or deli,1,
2023,736885,A,WALGREENS #18322,WALGREEN EASTERN CO INC,3012,3RD AVE,10455,0,,0,,,0,pharmacy
2023,744554,JAC,AB PASTRIES,MENSAH MERCY,50,EAST 168TH STREET,10452,0,,1,1200.0,other grocery,1,
2023,708472,A,KING 530 DISCOUNT,KING 530 DISCOUNT INC,532,E FORDHAM RD,10458,5000,5000.0,0,,,0,general merchandise or dollar store
2023,754240,JAC,GNG EUROPEAN GROCERY,GNG EUROPEAN GROCERY INC,1005,MACE AVE,10469,1500,1500.0,0,1500.0,convenience or deli,1,
2023,737929,JABC,DOMINICKS MARKET/C-TOWN,D&J MEAT AND PRODUCE LLC,385,CITY ISLAND AVE,10464,7000,7000.0,0,7000.0,supermarket,1,
2023,608219,JAC,ONE STOP DELI & CANDY,ONE STOP DELI & CANDY CORP,4358,WHITE PLAINS RD,10466,1000,1000.0,0,1000.0,convenience or deli,1,
2023,730642,JAC,CLASSIC DELI,CLASSIC DELI CORP,1452,E GUN HILL ROAD,10469,800,800.0,0,800.0,convenience or deli,1,
2023,608247,JABC,MEXICANS GROCERY,MEXICANS GROCERY SANTA CRUZ CORP,245,WILLIS AVE,10454,750,750.0,0,750.0,convenience or deli,1,
2023,603460,A,SALAH CANDY&GROCERY,SHARHAN ABDO,16,B E GUN HILL RD,10467,800,800.0,0,800.0,convenience or deli,1,
2023,740053,JAC,GUERLAIN DELI GROCERY,GUERLAIN  DELI GROCERY CORP,1880,GUERLAIN STREET,10462,550,550.0,0,550.0,convenience or deli,1,
2023,740677,JAC,BANI DELI GROCERY,BANI DELI GROCERY CORP,1965,WEBSTER AVENUE,10457,400,400.0,0,400.0,convenience or deli,1,
2023,725491,JAC,KINGSBRIDGE TOBACCO & C,KINGSBRIDGE TOBACCO & CONVENIENCE,271,E KINGSBRIDGE RD,10458,800,800.0,0,,,0,food service or non-food retail
2023,747916,JAC,1269 BRONX DELI GROCERY,1269 BRONX DELI GROCERY CORP,1269,GRAND CONCOURSE,10452,0,,1,1000.0,convenience or deli,1,
2023,723734,JAC,LA FUENTE BAILEY DELI &,LA FUENTE BAILEY DELI & GROCERY I,148,W 231 ST,10463,2000,2000.0,0,2000.0,convenience or deli,1,
2023,720951,A,JAMBO GROCERY AND CANDY,JAMBO GROCERY AND CANDY CORP,2233A,GRAND CONCOURSE,10453,800,800.0,0,800.0,convenience or deli,1,
2023,609195,JAC,CYPRESS 138 DELI GROCER,CYPRESS 138 DELI GROCERY CORP,651,E 138TH ST,10454,1800,1800.0,0,1800.0,convenience or deli,1,
2023,737001,JAC,LA FAVORITA FOOD,LA FAVORITA FOOD CORP,392,E 201 STREET,10458,1000,1000.0,0,1000.0,other grocery,1,
2023,609652,A,ARCHER CANDY & GROCERY,ARCHER CANDY & GROCERY CORP,1808,ARCHER ST,10460,400,400.0,0,400.0,convenience or deli,1,
2023,603437,A,VALENCIA BAKERY,MADRID BAKERY CORP,1997,JEROME AVE,10453,1200,1200.0,0,1200.0,specialty,1,
2023,724428,JAC,NEW MEXICAN FRUITS & GR,JUAN RODRIGUEZ DIAZ,1517,WESTCHESTER AVE,10472,500,500.0,0,500.0,specialty,1,
2023,751012,JAC,MANY'S DELICATSSEN,ARTHUR AVENUE 187 DELI INC,2143,WILLIAMSBRIDGE RD,10461,1200,1200.0,0,1200.0,other grocery,1,
2023,750403,JAC,BAINBRIDGE MARKET,BAINBRIDGE MARKET CORP,3215,BRAINBRIDGE AVE,10467,0,,1,1200.0,other grocery,1,
2023,715201,JAC,735 SUPERMARKET,735 SUPERMARKET CORP,735,E 166TH ST,10456,0,,1,8000.0,supermarket,1,
2023,742376,JAC,1840 ON THE 6 DELI & GR,1840 ON THE 6 DELI & GROCERY CORP,1840,WESTCHESTER AVE,10472,1000,1000.0,0,1000.0,convenience or deli,1,
2023,755104,JAC,LA BAHIA DELI GROCERY,LA BAHIA DELI GROCERY CORP,1975,LAFONTAINE AVE.,10457,0,,1,1000.0,convenience or deli,1,
2023,609329,JAC,NEW BEST SUSHI WORLD,NEW BEST SUSHI WORLD INC,5665,BROADWAY,10463,0,,1,1200.0,other grocery,1,
2023,738881,JAC,MI TIERRA FRUIT MARKET,MI TIERRA FRUIT MARKET CORP,702,EAST 187TH STREET,10458,0,,1,1200.0,specialty,1,
2023,735008,A,GOOD FORTUNE DISCOUNT,GOOD FORTUNE DISCOUNT INC.,3175,BAINBRIDGE AVE.,10467,6000,6000.0,0,,,0,general merchandise or dollar store
2023,751858,JAC,BUZO DELI GROCERY,BUZO DELI GROCERY CORP,1761,BRONXDALE AVE,10462,0,,1,1000.0,convenience or deli,1,
2023,754626,A,HUNTS POINT EXOTICS,HUNTS POINT EXOTICS INC,866B,HUNTS POINT AVENUE,10474,0,,1,1200.0,other grocery,1,
2023,739463,A,DOLLAR TOWN SMOKE & CAN,DOLLAR TOWN SMOKE & CANDY CONVENI,531,BROOK AVENUE,10455,800,800.0,0,,,0,general merchandise or dollar store
2023,605932,JAC,BIG G DELI,BIG G DELI INC,3386,JEROME AVE,10467,1900,1900.0,0,1900.0,convenience or deli,1,
2023,731628,JAC,P & P GOURMET DELI,P & P GOURMET DELI INC,119,WEST 225TH STREET,10463,0,,1,1000.0,convenience or deli,1,
2023,606704,JAC,L.R. 80 DELI & GROCERY,LR 80 DELI & GROCERY INC,80,W KINGSBRIDGE RD,10468,850,850.0,0,850.0,convenience or deli,1,
2023,728448,JAC,AYLIN GROCERY STORE,AYLIN GROCERY STORE INC,388,E 169TH STREET,10456,800,800.0,0,800.0,convenience or deli,1,
2023,746623,JAC,169 JACOB DELI GROCERY,169 JACOB DELI GROCERY CORP,1275,WEBSTER AVE,10456,0,,1,1000.0,convenience or deli,1,
2023,608592,JAC,FOOD UNIVERSE MARKET PL,LOS PINOS FOOD CORP,148,E BURNSIDE AVE,10453,8000,8000.0,0,8000.0,supermarket,1,
2023,742802,A,FAMILY DOLLAR #33004,FAMILY DOLLAR STORES OF NEW YORK,867,LONGWOOD AVE,10459,0,,0,,,0,general merchandise or dollar store
2023,752967,JAC,ELA POSTRES GROCERY,ELA POSTRES GROCERY INC,69,E 181ST STREET,10453,0,,1,1000.0,convenience or deli,1,
2023,607768,A,RLP STATIONERY,RLP STATIONERY LLC,3807,WHITE PLAINS RD,10467,1100,1100.0,0,1100.0,other grocery,1,
2023,721121,A,FAMILY DOLLAR STORE #31,FAMILY DOLLAR STORE OF NY INC,939,E TREMONT AVE,10460,0,,0,,,0,general merchandise or dollar store
2023,742676,JAC,ANTILLANA MARKET FRESH,ANTILLANA MARKET FRESH CORP,13,EAST TREMONT AVENUE,10453,0,,1,1200.0,other grocery,1,
2023,604387,JAC,CAPRI DELI,MNY DELI CORP,159,EINSTEIN LOOP,10475,2000,2000.0,0,2000.0,convenience or deli,1,
2023,753651,JAC,KEY FOOD,KINGSTON FINE FOODS CORP,2711,WHITE PLAINS ROAD,10467,10000,10000.0,0,10000.0,supermarket,1,
2023,607339,JAC,PALM TREE MARKET PLACE,SIN & SIN MANAGEMENT INC,3717,BOSTON POST RD,10466,17000,17000.0,0,17000.0,supermarket,1,
2023,730686,JAC,SJW SUSHI,SJW SUSHI CORP,5555,BROADWAY,10463,500,500.0,0,500.0,other grocery,1,
2023,600998,JAC,FINE FARE SUPERMARKET,PALERO FOOD CORP,3550,WHITE PLAINS RD,10467,5500,5500.0,0,5500.0,supermarket,1,
2023,724248,JAC,FERMIN DELI GROCERY,FERMIN DELI GROCERY CORP,1113,GRANT AVE,10456,0,,1,1000.0,convenience or deli,1,
2023,745690,JAC,ADEE DELI & GROCERY,ADEE DELI & GROCERY INC,700,ADEE AVE,10467,1200,1200.0,0,1200.0,convenience or deli,1,
2023,720352,JAC,S B F FISHERY,SBF FISHERY INC,1041,PROSPECT AVE,10459,0,,1,1200.0,other grocery,1,
2023,741938,JAC,JESSICAS FLOWER SHOP,JESSICAS FLOWER SHOP CORP,30,A BEDFORD PARK BLVD E,10468,400,400.0,0,400.0,other grocery,1,
2023,742726,JAC,CHRISTINE DELI GROCERY,CHRISTINE DELI GROCERY CORP,1580,WATSON AVENUE,10472,0,,1,1000.0,convenience or deli,1,
2023,608536,A,DOLLAR RESORT,DOLLAR RESORT INC,190,EAST 167 ST,10456,0,,0,,,0,general merchandise or dollar store
2023,747695,JAC,TELLO GROCERY,TELLO GROCERY CORP,353,E 138TH STREET,10454,0,,1,1000.0,convenience or deli,1,
2023,748726,JAC,6 STARS GOURMET DELI,6 STARS COURMET DELI CORP,2291,CROTONA AVE,10458,1000,1000.0,0,1000.0,convenience or deli,1,
2023,608796,JAC,FAMOUS HERO CITY DELI,FAMOUS HERO CITY DELI GRCRY CORP,485,JACKSON AVE,10455,1000,1000.0,0,1000.0,convenience or deli,1,
2023,604971,A,RITE AID PHARMACY 03980,RITE AID OF NEW YORK INC,1179,E 233RD ST,10466,2000,2000.0,0,,,0,pharmacy
2023,742519,A,ADHM S DELI & GROCERY,ADHM S DELI & GROCERY CORP,1139,OLMSTEAD AVE,10472,500,500.0,0,500.0,convenience or deli,1,
2023,725545,JAC,D & A DELI GROCERY,D & A DELI GROCERY CORP,3035,VALENTINE AVE,10458,0,,1,1000.0,convenience or deli,1,
2023,745692,JAC,RAFI DELI GROCERY,RAFI DELI GROCERY CORP,393,E 168TH ST,10456,0,,1,1000.0,convenience or deli,1,
2023,736638,JAC,FRIENDS AND FAMILY DELI,FRIENDS AND FAMILY DELI CORP,59,W 170TH STREET,10452,0,,1,1000.0,convenience or deli,1,
2023,718180,JAC,FINE FARE,AG 49 CORP,49,EAST MT EDEN AVE,10452,4000,4000.0,0,4000.0,supermarket,1,
2023,751043,JAC,150 J&J DELI GROCERY,150 J&J DELI GROCERY CORP,150,EAST 174TH STREET,10468,1500,1500.0,0,1500.0,convenience or deli,1,
2023,602856,JAC,GESHMAKE FISH,GESHMAKE FISH CORP,513,W 236TH ST,10463,1000,1000.0,0,1000.0,specialty,1,
2023,711941,JAC,VEGETABLE FRUIT & FISH,VEGETABLE FRUIT & FISH MARKET INC,1264,WESTCHESTER AVE,10459,1000,1000.0,0,1000.0,specialty,1,
2023,727535,JAC,ALHAMEDI DELI GROCERY,ALHAMEDI DELI GROCERY CORP,1095,PROSPECT AVE FRNT 2,10459,900,900.0,0,900.0,convenience or deli,1,
2023,609503,JAC,BEATO DELI &GROCERY,BEATO DELI &GROCERY CORP,615,E 189TH ST,10458,600,600.0,0,600.0,convenience or deli,1,
2023,608046,A,WALGREENS #10411,WALGREEN EASTERN CO INC,406,E FORDHAM RD,10458,7000,7000.0,0,,,0,pharmacy
2023,606849,JABC,LA LUPITA,LA LUPITA CORP,2058,WALLACE AVE,10462,1600,1600.0,0,1600.0,other grocery,1,
2023,602926,JAC,BP SHOP,SSI SERVICE STATION INC,641,E GUN HILL RD,10467,1000,1000.0,0,,,0,gas station
2023,738769,A,L & T DISCOUNT SPOT,L & T DISCOUNT SPOT CORP,488,E 163RD STREET,10451,0,,0,,,0,general merchandise or dollar store
2023,728450,JAC,3030 MINI MARKET,3030 MINI MARKET INC,3981,LACONIA AVENUE,10466,0,,1,1000.0,convenience or deli,1,
2023,748395,JAC,GOOD FRIENDSHIP DELI &,GOOD FRIENDSHIP DELI & TOBACCO CO,3650,WHITE PLAINS RD,10467,0,,1,1000.0,convenience or deli,1,
2023,602768,A,BROADWAY GRCRY CANDY ST,ABDULLAH SALEH M,249,W 231ST ST,10463,900,900.0,0,900.0,convenience or deli,1,
2023,609306,A,AMIGO 99 CENTS - WILLIS,AMIGO 99 CENTS OF WILLIS INC,400,E 141ST ST,10454,1500,1500.0,0,,,0,general merchandise or dollar store
2023,603781,A,CONGRESS PHARMACY,RB WILLIAMSON INC,542,SOUTHERN BLVD,10455,1500,1500.0,0,,,0,pharmacy
2023,748846,JAC,SOUTHERN BLVD GORMET DE,SOUTHERN BLVD GORMET DELI & SMOKE,1007,SOUTHERN BLVD,10459,600,600.0,0,600.0,other grocery,1,
2023,751038,JAC,4028 GOURMET,4028 GOURMET LLC,4028,BOSTON RD,10475,1300,1300.0,0,1300.0,other grocery,1,
2023,751319,JAC,MOBILE MART,BRONXDALE ENTERPRISE INC,2090,BRONXDALE AVE,10462,2350,2350.0,0,2350.0,other grocery,1,
2023,725215,JAC,188 VALENTINE DELI,188 VALENTINE DELI CORP,221,E 188TH ST.,10458,800,800.0,0,800.0,convenience or deli,1,
2023,704892,JAC,FINE FARE SUPERMARKET,950 FAIR FOOD CORP,950,WESTCHESTER AVE,10459,10000,10000.0,0,10000.0,supermarket,1,
2023,722748,JAC,ESSA DELI GROCERY,ESSA DELI GROCERY CORP,4188,BARNES AVENUE,10466,700,700.0,0,700.0,convenience or deli,1,
2023,745620,JAC,GARDEN MARKET DELI & GR,GARDEN MARKET DELI AND GROCERY IN,393,BEDFOR PARK BLVD,10458,1200,1200.0,0,1200.0,convenience or deli,1,
2023,751450,JAC,MADE IN MEXICO DELI GRO,MADE IN MEXICO DELI GROCERY CORP,1764,EAST 174TH STREET,10472,1500,1500.0,0,1500.0,convenience or deli,1,
2023,751208,JAC,BUENA VISTA DELI,BUENA VISTA DELI CORP,650,PROSPECT AVE,10455,0,,1,1000.0,convenience or deli,1,
2023,726957,JAC,C TOWN,3220 MARKET CORP,3220,THIRD AVE,10451,0,,1,8000.0,supermarket,1,
2023,719744,JAC,WEBSTER AVE PETROLEUM,WEBSTER AVE PETROLEUM LLC,3059,WEBSTER AVE,10467,1200,1200.0,0,,,0,gas station
2023,608157,JAC,BP GAS,BRUCKNER PETROLEUM LLC,281,BRUCKNER BLVD,10454,1500,1500.0,0,,,0,gas station
2023,713227,JAC,HOLLAND GOURMET DELI,HOLLAND GOURMET DELI CORP,2460,HOLLAND AVE,10467,1100,1100.0,0,1100.0,convenience or deli,1,
2023,713293,JAC,CHANNELS DELI GROCERY,CHANNELS DELI GROCERY INC,910,PROSPECT AVE,10459,900,900.0,0,900.0,convenience or deli,1,
2023,600774,JAC,SANTIAGO GROCERY,SANTIAGO MIGUEL,15,W TREMONT AVE,10453,1500,1500.0,0,1500.0,convenience or deli,1,
2023,718099,JAC,AG MEAT MARKET & DELI,AG MEAT MARKET & DELI CORP,551,B COMMONWEALTH AVE,10473,850,850.0,0,850.0,convenience or deli,1,
2023,721569,JAC,LA LIGA DELI FOOD,LA LIGA DELI FOOD CORP,350,EAST 149TH STREET,10451,3000,3000.0,0,3000.0,convenience or deli,1,
2023,604712,JAC,KATELYN FOOD CENTER,KATELYN FOOD CENTER INC,3201,PARK AVE,10451,1000,1000.0,0,1000.0,other grocery,1,
2023,754737,JAC,BANI 03 DELI GROCERY,BANI 03 DELI GROCERY CORP,766,E 152ND ST,10455,0,,1,1000.0,convenience or deli,1,
2023,609219,JAC,EL PAISANO #2 FRTS&VEG,LEON GUADALUPE,1555,WATSON AVE,10472,800,800.0,0,800.0,other grocery,1,
2023,744118,A,LUCKY CORNER TOBACCO,CORNER CANDY CORP,2636,UNIVERSITY AVE,10468,250,250.0,0,,,0,food service or non-food retail
2023,601273,JAC,J&C GROCERY,J&C GROCERY OF NY INC,566,E 188TH ST,10458,1000,1000.0,0,1000.0,convenience or deli,1,
2023,753452,JAC,MOE GOURMET FOOD CENTER,MOE GOURMET FOOD CENTER CORP,2306,WEBSTER AVE. STE #1,10458,0,,1,1200.0,other grocery,1,
2023,748678,JAC,SUPERFRESH KEY FOOD,1434 FOOD CO LLC,1434,JEROME AVENUE,10452,14000,14000.0,0,14000.0,supermarket,1,
2023,603794,JAC,GARDEN GOURMET,VILLAS MARKET PLACE INC,5665,BROADWAY,10463,5000,5000.0,0,5000.0,other grocery,1,
2023,712132,JAC,2152 RAYS CORNER DELI &,2152 RAYS CORNER DELI & GROCERY,2152,CROTONA PARKWAY,10460,1200,1200.0,0,1200.0,convenience or deli,1,
2023,717883,A,EXCELLENT DOLLAR,EXCELLENT DOLLAR INC,700,EXTERIOR ST,10451,14000,14000.0,0,,,0,general merchandise or dollar store
2023,604126,JAC,NUNEZ GERARDO A,NUNEZ GERARDO A,2856,VALENTINE AVE,10458,1200,1200.0,0,1200.0,other grocery,1,
2023,602316,JABC,EMPIRE BAGELS,EMPIRE BAGELS INC,3101D,WESTCHESTER AVE,10461,1000,1000.0,0,1000.0,other grocery,1,
2023,750145,JAC,UNITED 16 CONVENIENCE &,UNITED 16 CONVENIENCE & DELI CORP,16,WEST 177TH ST,10453,1800,1800.0,0,1800.0,convenience or deli,1,
2023,750697,JAC,THE MACCS,THEMACCS LLC,220,COSTER ST,10474,2000,2000.0,0,2000.0,other grocery,1,
2023,717466,JAC,MILI DELI & FOOD,MILI DELI & FOOD CORP,282,E GUN HILL RD,10467,1100,1100.0,0,1100.0,convenience or deli,1,
2023,750881,A,1048 CANDY GROCERY,1048 CANDY GROCERY CORP,1048,WESTCHESTER AVE,10459,600,600.0,0,600.0,convenience or deli,1,
2023,604990,A,RITE AID PHARMACY 03663,RITE AID OF NEW YORK INC,592,E 183RD ST,10458,10000,10000.0,0,,,0,pharmacy
2023,607918,JAC,GNP SUNIL,GNP SUNIL CORP,585,W 235TH ST,10463,1500,1500.0,0,1500.0,other grocery,1,
2023,737049,JAC,GF MEAT MARKET,GF MEAT MARKET CORP,144,WEST BURNSIDE AVENUE,10453,0,,1,1200.0,specialty,1,
2023,605037,JAC,BRAVO SUPERMARKET,JD 248 FOOD CORP,248,E 174TH ST,10457,8000,8000.0,0,8000.0,supermarket,1,
2023,718228,JAC,LOTUS THIRD GAS,LOTUS THIRD GAS CORP,4643,THIRD AVE,10458,600,600.0,0,,,0,gas station
2023,739430,JAC,WOODHAVEN VALLEY,WOODHAVEN VALLEY LLC,1393,WEBSTER AVE,10456,2400,2400.0,0,2400.0,other grocery,1,
2023,730732,A,VERY GOOD 99 CENT DISCO,VERY GOOD 99 CENT DISCOUNT INC,1147,BOSTON ROAD,10456,950,950.0,0,,,0,general merchandise or dollar store
2023,740281,JAC,ALL FRESH FOOD #1,ALL FRESH FOOD #1 LLC,2344,LORILLARD PLACE,10458,800,800.0,0,800.0,other grocery,1,
2023,745118,JACK,LITO DELI GROCERY,LITO DELI GROCERY INC,1879,CARTER AVE,10457,1100,1100.0,0,1100.0,convenience or deli,1,
2023,710858,JAC,PASSION INT FOOD DIST,PASSION INT FOOD DIST INC,3411A,BOSTON RD,10469,1200,1200.0,0,1200.0,other grocery,1,
2023,606473,JAC,CHICHI GROCERY,CHICHI GROCERY CORP,935,E 163RD ST,10459,1000,1000.0,0,1000.0,convenience or deli,1,
2023,719769,JAC,JULIAN GROCERY,JULIAN GROCERY CORP,143,WEST BURNSIDE AVE,10453,2400,2400.0,0,2400.0,convenience or deli,1,
2023,720908,JAC,EMPIRE GOURMET DELI,EMPIRE GOURMET DELI LLC,3764-64A,WHITE PLAINS ROAD,10467,1500,1500.0,0,1500.0,convenience or deli,1,
2023,736554,JAC,821 JENNINGS DELI,821 JENNINGS DELI INC,821,JENNINGS STREET,10459,1200,1200.0,0,1200.0,convenience or deli,1,
2023,604509,JAC,MANUEL MINI GROC CORP,MANUEL MINI GROCERY CORP,648-650A,WESTCHESTER AVE,10455,1000,1000.0,0,1000.0,other grocery,1,
2023,725093,JAC,MYW FOOD MARKET,MYW FOOD MARKET CORP,536E,FORDAM ROAD,10458,0,,1,1200.0,other grocery,1,
2023,703788,JAC,DE LUXE DELI,DE LUXE DELI CORP,3359,BAYCHESTER AVE,10469,1500,1500.0,0,1500.0,convenience or deli,1,
2023,755780,JAC,WILLIAMSBRIDGE RD GOURM,WILLIAMSBRIDGE RD GOURMET DELI CO,2101A,WILLIAMSBRIDGE RD,10461,1800,1800.0,0,1800.0,other grocery,1,
2023,741448,JAC,ANTILLANA SUPERFOOD MAR,2185 ANTILLANA MEAT & FOOD CORP,2185,WHITE PLAINS RD,10462,6000,6000.0,0,6000.0,supermarket,1,
2023,743217,A,GR 99 CENT OUTLOOK,GR 99 CENT OUTLOOK INC,2330,GRAND CONCOURSE,10458,1300,1300.0,0,,,0,general merchandise or dollar store
2023,711438,JAC,BP FOOD SHOP,MUKTI 1360 PETROLEUM INC,1360,BRUCKNER BLVD,10459,1500,1500.0,0,,,0,gas station
2023,608857,JAC,ANTHONYS FAMOUS GRMT DL,ANTHONYS FAMOUS GOURMET DELI INC,169,E GUN HILL RD,10467,1400,1400.0,0,1400.0,other grocery,1,
2023,745228,A,SKYLINE SMOKE SHOP,SKYLINE SMOKE SHOP INC,3007,3RD AVE,10455,0,,0,,,0,food service or non-food retail
2023,750410,JAC,OCOA DELI GROCERY,OCOA DELI GROCERY INC,1201,LELAND AVE,10472,1000,1000.0,0,1000.0,convenience or deli,1,
2023,748135,JAC,MARION DELI,MARION DELI CORP,2540,MARION AVE,10458,1000,1000.0,0,1000.0,convenience or deli,1,
2023,748795,JAC,HEALTHY CHOICE GOURMET,HEALTHY CHOICE GOURMET II INC,2698,JEROME AVE,10468,1200,1200.0,0,1200.0,other grocery,1,
2023,607045,JAC,DORKA GROCERY STORE,DORKA GROCERY CORP,963,TELLER AVE,10456,1000,1000.0,0,1000.0,convenience or deli,1,
2023,739640,JAC,EMELY DELI GROCERY,EMELY DELI GROCERY CORP,550,EAST 187TH STREET,10458,0,,1,1000.0,convenience or deli,1,
2023,733169,JAC,VISTA H DELI $ GROCERY,VISTA H DELI $ GROCERY INC,1782,WESTCHESTER AVENUE,10472,1100,1100.0,0,1100.0,convenience or deli,1,
2023,602096,JAC,KEY FOOD,JRL FOOD CORP,3515,JEROME AVE,10467,8500,8500.0,0,8500.0,supermarket,1,
2023,751592,JAC,F&A GOURMET DELI,F&A GOURMET DELI INC,4402,WHITE PLAIINS RD,10470,0,,1,1000.0,convenience or deli,1,
2023,754740,JAC,PANTALEON,PANTALEON INC,245,E 165TH ST,10456,0,,1,1200.0,other grocery,1,
2023,721530,JAC,166TH DELI AND GROCERY,166TH DELI AND GROCERY INC,182,B EAST 166 STREET,10456,1600,1600.0,0,1600.0,convenience or deli,1,
2023,606960,JAC,PASTOSA RAVIOLI,UNCLE MIKES RAVIOLI CO INC,3812,E TREMONT AVE,10465,2500,2500.0,0,2500.0,other grocery,1,
2023,744811,A,SHELL GAS STATION,FMD LAT LLC,1752,WEBSTER AVE,10457,600,600.0,0,,,0,gas station
2023,755970,JAC,942 E GUN HILL DELI,942 E GUN HILL DELI CORP,942,E GUN HILL RD,10469,0,,1,1000.0,convenience or deli,1,
2023,731963,JAC,SHAPLA BAZAR,SHAPLA BAZAR INC,1472,SAINT PETERS AVE,10461,800,800.0,0,800.0,other grocery,1,
2023,603800,JAC,PIONEER SUPERMARKET,FRUITS VEGS & MEAT CORP,256,ST ANNS AVE,10454,10000,10000.0,0,10000.0,supermarket,1,
2023,721708,JAC,182ND ST DELI GROCERY,182ND ST DELI GROCERY CORP,816,E 182ND STREET,10460,800,800.0,0,800.0,convenience or deli,1,
2023,601235,JAC,Y&C RIVERDALE FARM,Y&C RIVERDALE FARM CORP,574,W 235TH ST,10463,1800,1800.0,0,1800.0,other grocery,1,
2023,749363,JAC,JR DELI & PRODUCE,BARTOW GOURMET DELI & GROCERY COR,2045,BARTOW AVENUE,10475,1800,1800.0,0,1800.0,convenience or deli,1,
2023,713702,A,GRAND CONCOURSE DELI GR,CABRAL LEDWIN DIAZ,2853,GRAND CONCOURSE STORE #2,10468,400,400.0,0,400.0,convenience or deli,1,
2023,739543,JAC,PSB DELI GROCERY,PSB DELI GROCERY CORP,249,WILLIS AVE,10454,1500,1500.0,0,1500.0,convenience or deli,1,
2023,725917,JAC,CARNICERIA EL RANCHO,NEW KINGSBRIDGE MARKET CORP,29,E KINGSBRIDGE ROAD STORE 1,10468,900,900.0,0,900.0,specialty,1,
2023,604562,JAC,MALATA AFRICAN MARKET,MALATA AFRICAN&CARIBBEAN MKT INC,185,MCCLELLAN ST STORE #8,10456,1000,1000.0,0,1000.0,other grocery,1,
2023,712019,JAC,SEAFOOD HOUSE,SEAFOOD HOUSE INC,12,W MOUNT EDEN AVE,10452,2400,2400.0,0,2400.0,specialty,1,
2023,740628,JABC,PRIME CUTS IRISH BUTCHE,KELDRUM INC,4338,KATONAH AVE,10470,2000,2000.0,0,2000.0,other grocery,1,
2023,609282,JAC,NEW WAY DELI&LOTTERY,NEW WAY DELI&LOTTERY CORP,77,E KINGSBRIDGE RD,10468,1800,1800.0,0,1800.0,convenience or deli,1,
2023,742847,JAC,LIFE SAVERS DELI,LIFE SAVERS DELI CORP,302,WILLIS AVE,10454,2000,2000.0,0,2000.0,convenience or deli,1,
2023,742955,A,HOOKAH KINGS,HOOKAH KINGS INC,3102,VILLA AVE UNIT B,10468,350,350.0,0,350.0,other grocery,1,
2023,607893,JAC,EKITI-KETE AFRICAN&CARR,OLOFIN SESAN,2700,WILLIAMSBRIDGE,10469,500,500.0,0,500.0,other grocery,1,
2023,740704,JAC,LOS BANCOS DELI GROCERY,LOS BANCOS DELI GROCERY INC,831,DAWSON AVE,10459,1100,1100.0,0,1100.0,convenience or deli,1,
2023,740822,JAC,AL-AMIN HALAL FISH MEAT,AL-AMIN HALAL FISH MEAT AND GROCE,218-220,EAST BURNSIDE AVENUE,10457,500,500.0,0,500.0,specialty,1,
2023,607679,JAC,TURCA GROCERY,TURCA GROCERY CORP,1142,E 165TH ST.,10459,1100,1100.0,0,1100.0,convenience or deli,1,
2023,742394,JAC,2020 HALAL FAST FOOD,2020 HALAL FAST FOOD CORP,736,B E. 233RD STREET,10466,0,,1,1200.0,other grocery,1,
2023,753977,JAC,RCC DELI FOOD,RCC DELI FOOD CORP,588,MORRIS AVENUE,10451,0,,1,1000.0,convenience or deli,1,
2023,712626,JAC,EL FLACO GROCERY STORE,EL FLACO GROCERY STORE INC,2019,SOUTHERN BLVD,10460,15000,15000.0,0,15000.0,convenience or deli,1,
2023,745839,JAC,MOLINA MINI MARKET,MOLINA MINI MARKET CORP,1266,GRAND CONCOURSE,10456,0,,1,1000.0,convenience or deli,1,
2023,749903,JAC,BROTHER PRODUCE FARM,BROTHER PRODUCE FARM CORP,1154,E GUN HILL RD,10469,2400,2400.0,0,2400.0,specialty,1,
2023,709708,JAC,YUMMY HAPPY GOURMET DEL,YUMMY HAPPY GOURMET DELI INC,201,EAST 163RD ST,10451,1500,1500.0,0,1500.0,other grocery,1,
2023,751092,JAC,TEAM RD DELI GROCERY,TEAM RD DELI GROCERY CORP,306,EAST 178TH STREET,10457,1000,1000.0,0,1000.0,convenience or deli,1,
2023,608153,JAC,FOOD UNIVERSE,119 MEAT&PRODUCE INC,119,EINSTEIN LOOP,10475,10000,10000.0,0,10000.0,supermarket,1,
2023,745883,A,MAGIC 7 STORE,MAGIC 7 STORE INC,174,WEST FORDHAM RD #3,10468,950,950.0,0,950.0,other grocery,1,
2023,755540,JAC,PASS ORGANIC DELI,PASS ORGANIC DELI CORP,688,E 187TH ST,10458,1000,1000.0,0,1000.0,convenience or deli,1,
2023,729215,JAC,AC MEAT MARKET & PRODUC,AC MEAT MARKET & PRODUCE CORP,1812,ARCHER STREET,10460,1000,1000.0,0,1000.0,specialty,1,
2023,712807,JAC,LUNA DELI MINI MARKET,LUNA DELI MINI MARKET CORP,2820,BAILEY AVE,10463,1100,1100.0,0,1100.0,convenience or deli,1,
2023,739500,JAC,LOE APPLE GROCERY & PRO,LOE APPLE GROCERY & PRODUCE INC,2034,EASTCHESTER RD,10461,2000,2000.0,0,2000.0,convenience or deli,1,
2023,710732,JAC,GG & J FOOD CENTER,RODRIGUEZ RAFAEL Y,151,WEST 228TH ST,10463,1000,1000.0,0,1000.0,other grocery,1,
2023,606527,JAC,ANGELOS GROCERY STORE,RUIZ ANGELO,279,E 173RD ST,10457,800,800.0,0,800.0,convenience or deli,1,
2023,719607,JAC,MN GOURMET DELI,MN GOURMET DELI INC,4398,WHITE PLAINS RD,10466,0,,1,1000.0,convenience or deli,1,
2023,715400,JAC,B FAMOUS GOURMET DELI,B FAMOUS GOURMET DELI CORP,4201,ONEIDA AVE,10470,1000,1000.0,0,1000.0,convenience or deli,1,
2023,733987,JAC,APPLE VALLEY SUPERMARKE,APPLE VALLEY SUPERMARKET INC,2654,VALENTINE AVE,10458,1100,1100.0,0,1100.0,supermarket,1,
2023,715206,JAC,POSHORA MARKET,POSHORA MARKET CORP,2142,& 2144 STARLING AVE,10462,4000,4000.0,0,4000.0,other grocery,1,
2023,752189,JAC,E 187TH DELI GROCERY,E 187TH DELI GROCERY INC,662,E 187TH ST,10458,0,,1,1000.0,convenience or deli,1,
2023,751932,A,NEW STADIUM DISCOUNT,NEW STADIUM DISCOUNT INC,880,RIVER AVE,10452,1200,1200.0,0,,,0,general merchandise or dollar store
2023,749320,JAC,EASY 1 DELI GROCERY,EASY 1 DELI GROCERY INC,398,E TREMONT AVENUE,10457,800,800.0,0,800.0,convenience or deli,1,
2023,753697,JAC,IMPERIO GROCERY STORE,IMPERIO GROCERY STORE CORP,728,E 233RD ST,10466,900,900.0,0,900.0,convenience or deli,1,
2023,737292,JAC,LAMAR GOURMET DELI,LAMAR GOURMET DELI CORP,1570,EAST 174TH STREET,10472,1000,1000.0,0,1000.0,convenience or deli,1,
2023,721260,JAC,SUNNY DELI,SUNNY DELI INC,231,W 230TH STREET,10463,0,,1,1000.0,convenience or deli,1,
2023,749755,JAC,AMAYA EF FOOD,AMAYA EF FOOD CORP,617,CRESCENT AVE,10458,700,700.0,0,700.0,other grocery,1,
2023,604997,A,RITE AID PHARMACY 03359,RITE AID OF NEW YORK INC,911,MORRIS PARK AVE,10462,5000,5000.0,0,,,0,pharmacy
2023,735273,JAC,V&E DELI GROCERY,V&E DELI GROCERY CORP,105,EAST CLARKE PLACE,10452,1000,1000.0,0,1000.0,convenience or deli,1,
2023,745843,JAC,3RD STOP GROCERY STORE,3RD STOP GROCERY STORE INC,120,E 157TH STREET,10451,0,,1,1000.0,convenience or deli,1,
2023,753620,A,AAYAN FRUITS & VEGETABL,AAYAN FRUITS & VEGETABLES INC,547,SOUTHERN BLVD,10455,0,,1,1200.0,specialty,1,
2023,739528,A,DYRE AVE CARIBBEAN VEGG,DYRE AVE CORIBBEAN VEGGIES INC,3822,DYRE AVE,10466,0,,1,1200.0,other grocery,1,
2023,714597,JAC,SHIRLEYN MINI MARKET,SHIRLEYN MINI MARKET CORP,808,EAST 149TH ST,10455,0,,1,1000.0,convenience or deli,1,
2023,750830,JAC,HEALTHY CHOICE GOURMET,HEALTHY CHOICE GOURMET III INC,4507,3RD AVE,10457,0,,1,1200.0,other grocery,1,
2023,717587,JAC,HILL TOP DELI,J A M W DELI & GROCERY CORP,1253,CASTLE HILL AVE,10462,0,,1,1000.0,convenience or deli,1,
2023,719444,A,MB LOTTO & SMOKE SHOP,ISOM MOZEB,3132,BAINBRIDGE AVE,10467,0,,0,,,0,food service or non-food retail
2023,740209,A,FOREVER YOUNG,FOREVER YOUNG HEALTH FOOD LLC,2391,GRAND CONCOURSE,10468,700,700.0,0,700.0,other grocery,1,
2023,718671,JAC,TELLER MART,TELLER MART LLC,920,TELLER AVE,10451,2000,2000.0,0,2000.0,other grocery,1,
2023,729825,JAC,857 COMMUNITY DELI & GR,857 COMMUNITY DELI & GRILL CORP,857,E 241ST ST,10470,1200,1200.0,0,1200.0,convenience or deli,1,
2023,748665,JAC,ILIYAS GOURMET DELI 1,ILIYAS GOURMET DELI 1 INC,3211,WESTCHESTER AVE,10461,1000,1000.0,0,1000.0,convenience or deli,1,
2023,720400,JAC,LOS CORBATICAS DELI GRO,LOS CORBATICAS DELI GROCERY CORP,1915,ANTHONY AVENUE,10457,400,400.0,0,400.0,convenience or deli,1,
2023,726186,JAC,EMPIRE STATE GOURMET DE,EMPIRE STATE GOURMET DELI LLC,5800,MOSHOLU AVENUE,10471,1100,1100.0,0,1100.0,other grocery,1,
2023,604815,JAC,CALABRIA PORK STORE,CALABRIA PORK STORE INC,2338,ARTHUR AVE,10458,2000,2000.0,0,2000.0,other grocery,1,
2023,727060,JAC,LILI DELI GROCERY & MEA,LILI DELI GROCERY & MEAT MARKET I,486,E 138TH STREET,10454,0,,1,1000.0,convenience or deli,1,
2023,608306,JAC,J S FARM,KOH EUNICE K,1531,WESTCHESTER AVE,10472,600,600.0,0,600.0,other grocery,1,
2023,608280,JAC,LISBETH FOOD,LISBETH FOOD CORP,1702,WATSON AVE,10472,2000,2000.0,0,2000.0,other grocery,1,
2023,603267,JABC,PRICE CHOICE,JVD FOOD CORP,820,E 180TH ST,10460,9000,9000.0,0,9000.0,other grocery,1,
2023,752377,JAC,LG MEAT PRODUCT,LG MEAT PRODUCT CORP,1531,WATSON AVENUE,10472,1000,1000.0,0,1000.0,specialty,1,
2023,607119,JAC,ROSARIO DELI MARKET,ROSARIO DELI MARKET CORP,831,150TH ST,10455,1000,1000.0,0,1000.0,convenience or deli,1,
2023,747681,JAC,JAA DELI GROCERY,JAA DELI GROCERY CORP,214B,EAST 180TH ST. AKA: 2077 ANT,10457,1300,1300.0,0,1300.0,convenience or deli,1,
2023,718835,JAC,K& M DELI MINI MARKET,K& M DELI MINI MARKET CORP,3178,BAINBRIDGE AVENUE,10467,1100,1100.0,0,1100.0,convenience or deli,1,
2023,704098,JAC,FINE FARE,320 FAIR FARM FOOD CORP,320,EAST GUN HILL ROAD,10467,3000,3000.0,0,3000.0,supermarket,1,
2023,737902,JAC,JOSELITOS MEXICAN DELI,JOSELITOS MEXICAN DELI & GROCERY,450,E 138TH STREET,10454,0,,1,1000.0,convenience or deli,1,
2023,745336,JAC,NOBLE FACTORY,NOBLE FACTORY LLC THE,973,PROSPECT AVE,10459,0,,1,1200.0,other grocery,1,
2023,718346,JAC,SAMS DELI & SNAK,SAMS DELI &  SNAK CORPRATION,1498,WESTCHESTER AVE,10472,0,,1,1000.0,convenience or deli,1,
2023,721464,JACDK,KADOSH FOODS ENTERPRISE,KADOSH FOODS ENTERPRISE INC,490,HUNTS POINT AVE.,10474,5000,5000.0,0,,,0,"warehouse, wholesale or plant license"
2023,712962,JAC,TARGET STORE T-2811,TARGET CORP,815,E HUTCHINSON RIVER PKWY,10465,37000,37000.0,0,,,0,general merchandise or dollar store
2023,605589,JAC,TARGET STORE T 1798,TARGET CORP,40,W 225TH ST 50,10463,10000,10000.0,0,,,0,general merchandise or dollar store
2023,748446,A,FORDHAM CONVENIENCE,FORDHAM CONVEN & GRO MART INC,38,W FORDHAM RD,10468,850,850.0,0,850.0,convenience or deli,1,
2023,718163,JAC,4345 KATONAH ENTERPRISE,4345 KATONAH ENTERPRISES INC,4345A,KATONAH AVE,10470,1000,1000.0,0,1000.0,other grocery,1,
2023,607207,JAC,JASPERS DELI,JASPERS DELI INC,434,W 238TH ST,10463,1500,1500.0,0,1500.0,convenience or deli,1,
2023,739295,JAC,NENE 21 DELI GROCERY,NENE 21 DELI GROCERY CORP,1911-1915,SOUTHERN BLVD STORE 1,10460,450,450.0,0,450.0,convenience or deli,1,
2023,751422,JAC,184 KING DELI GROCERY,184 KING DELI GROCERY LLC,2374,JEROME AVE,10468,0,,1,1000.0,convenience or deli,1,
2023,718409,JAC,SAIF GOURMET DELI,SAIF GOURMET DELI CORP,1749,COSBY AVE,10461,1200,1200.0,0,1200.0,convenience or deli,1,
2023,609354,JAC,7 ELEVEN DELI,674 GOURMET DELI CORP,674,ALLERTON AVE,10467,1200,1200.0,0,1200.0,convenience or deli,1,
2023,602906,JAC,LEBANON DELI GROCERY,ALKIFI AHMED M,638,E 169TH ST #9,10456,700,700.0,0,700.0,convenience or deli,1,
2023,745392,JAC,DF FRT MRKT & TAQUERIA,DF FRT MRKT & TAQUERIA JUICE BAR,622,MELROSE AVENUE,10455,2000,2000.0,0,2000.0,other grocery,1,
2023,604477,A,YOGI 556 LLC,YOGI 556 LLC,556,W 235TH ST,10463,2000,2000.0,0,2000.0,other grocery,1,
2023,751408,JAC,BARI SUPER MARKET,BARI SUPER MARKET LLC,1412,CASTLE HILL AVENUE,10462,4500,4500.0,0,4500.0,supermarket,1,
2023,742286,JAC,N AND P GOURMET DELI,N AND P GOURMET DELI CORP,866,UNION AVENUE,10459,950,950.0,0,950.0,convenience or deli,1,
2023,720758,JAC,SPEEDWAY #07890,SPEEDWAY LLC,3355,E TREMONT AVE,10465,1000,1000.0,0,,,0,gas station
2023,607950,JAC,S&P MINI MARKET,S&P MINI MARKET CORP,270,E 165TH ST,10456,1100,1100.0,0,1100.0,convenience or deli,1,
2023,608584,JAC,MET FOOD MARKET DELI,NICKS & JULIO SUPERMARKET CORP,1894,LAFAYETTE AVE. AKA: 769 WHIT,10473,6600,6600.0,0,6600.0,supermarket,1,
2023,756031,JAC,MAHYOOB DELI GROCERY,MAHYOOB DELI GROCERY CORP,56,W 183RD ST,10453,0,,1,1000.0,convenience or deli,1,
2023,727124,JAC,J D FOOD MARKET,J D FOOD MARKET CORP,460,QUINCY AVENUE,10465,2000,2000.0,0,2000.0,other grocery,1,
2023,705725,A,ASTOR DELI&GROCERY,ASTOR DELI&GROCERY INC,740,ASTOR AVE,10467,1000,1000.0,0,1000.0,convenience or deli,1,
2023,609068,JAC,LYDIG DELI&GROCERY,LYDIG DELI&GROCERY INC,750,LYDIG AVE,10462,1200,1200.0,0,1200.0,convenience or deli,1,
2023,727962,JAC,BURKE CANDY & CONVENIEN,BURKE CANDY & CONVENIENCE CORP,702,BURKE AVENUE,10467,900,900.0,0,900.0,convenience or deli,1,
2023,736467,JAC,GENESIS DELI,GENESIS DELI CORP,984,JENNINGS STREET,10460,1000,1000.0,0,1000.0,convenience or deli,1,
2023,708566,A,W&M CONVENIENCE STORE,W&M CONVENIENCE STORE INC,4705,WHITE PLAINS RD,10470,1000,1000.0,0,1000.0,convenience or deli,1,
2023,606778,JAC,KEY FOOD,TEAMS MARKET INC,1791,WALTON AVE,10453,10000,10000.0,0,10000.0,supermarket,1,
2023,603109,JAC,ASAFO MARKET,ADJEI-BAAFUOR MAXWELL,1884,GUERLAIN ST,10462,800,800.0,0,800.0,other grocery,1,
2023,729121,JAC,PARKCHESTER FISHERY,PARKCHESTER FISHERY MARKET INC,80-A,HUGH J GRANT CIRCLE,10472,1000,1000.0,0,1000.0,other grocery,1,
2023,751084,JAC,LOYALTY DELI,LOYALTY DELI CORP,1512,BOONE AVE,10460,1300,1300.0,0,1300.0,convenience or deli,1,
2023,718013,JAC,EL TROPICAL DELI GROCER,EL TROPICAL DELI GROCERY CORP,3100,E TREMONT AVE,10461,1100,1100.0,0,1100.0,convenience or deli,1,
2023,729080,JAC,SUNSHINE FISH MARKET,SUNSHINE FISH MARKET INC,15,EAST MOUNT EDEN AVE,10452,1000,1000.0,0,1000.0,specialty,1,
2023,747271,JAC,DUBAI CANDY,DUBAI CANDY STORE 1 CORP,69,EAST 181ST STREET,10453,500,500.0,0,500.0,convenience or deli,1,
2023,608468,JAC,AS&O GROCERY DELI,AS&O GROCERY DELI CORP,2500,WHITE PLAINS RD,10467,1500,1500.0,0,1500.0,convenience or deli,1,
2023,723467,JAC,VICJONA MEAT MARKET,VICJONA MEAT MARKET INC,733,E TREMONT AVE,10457,1000,1000.0,0,1000.0,specialty,1,
2023,607552,JACD,ROYAL AFRICAN & CARIBBE,ROYAL AFRICAN & CARIBBEAN FOOD IN,2957,WEBSTER AVE,10458,3000,3000.0,0,,,0,"warehouse, wholesale or plant license"
2023,710266,JAC,LUCKY STAR DELI & MINI,LUCKY STAR MINI MARKET ETC CORP,1201,WHITE PLAINS RD,10472,1200,1200.0,0,1200.0,convenience or deli,1,
2023,609356,A,KING OF NY TOBACCO GRCY,KING OF NY TOBACCO SHOP INC,192,E 167TH ST,10456,500,500.0,0,500.0,other grocery,1,
2023,751466,JAC,SEA & SEA BRONX,SEA & SEA BRONX CORP,2630,THIRD AVE,10454,0,,1,1200.0,other grocery,1,
2023,754773,JAC,LA PRESION DELI GROCERY,LA PRESION DELI GROCERY CORP,269,E 188TH STREET,10458,0,,1,1000.0,convenience or deli,1,
2023,740227,JAC,D MI MUNECA GROCERY,D MI MUNECA GROCERY CORP,592,TRINITY AVENUE,10455,1000,1000.0,0,1000.0,convenience or deli,1,
2023,724209,A,B & M GROCERY CONVENIEN,B & M GROCERY CONVENIENCE CORP,16,W FORDHAM ROAD,10468,500,500.0,0,500.0,convenience or deli,1,
2023,609469,JAC,DE REIMER FOOD,DE REIMER FOOD CORP,3821,BOSTON RD,10466,1200,1200.0,0,1200.0,other grocery,1,
2023,752030,JAC,TREMONT GOURMET DELI,TREMONT GOURMET DELI INC,706,E TREMONT AVE,10457,1200,1200.0,0,1200.0,convenience or deli,1,
2023,735472,JAC,SAN JOSE MINI MARKET,SAN JOSE MINI MARKET CORP,1055,WALTON AVE,10452,2000,2000.0,0,2000.0,convenience or deli,1,
2023,756093,JAC,CANABACOA DELI GROCERY,CANABACOA DELI GROCERY CORP,1158,GERARD AVE.,10452,0,,1,1000.0,convenience or deli,1,
2023,604850,JAC,250 JB FOOD CENTER,250 JB FOOD CENTER INC,250,E GUN HILL RD,10467,1200,1200.0,0,1200.0,other grocery,1,
2023,704616,JAC,SANCHEZ FAMILY DELI GRO,SANCHEZ FAMILY DELI GROCERY CORP,703,PROSPECT AVE,10455,0,,1,1000.0,convenience or deli,1,
2023,604320,A,D&A FAMILY DELI,D&A FAMILY DELI INC,1225,E 233RD ST,10466,300,300.0,0,300.0,convenience or deli,1,
2023,752433,JAC,VARGAS II FRUITS DELI &,VARGAS II FRUITS DELI & GRCY CORP,774,BURKE AVENUE,10467,1600,1600.0,0,1600.0,convenience or deli,1,
2023,741795,JAC,LA GRAN ANTILLANA,0325 TUTA CORP,366,E 204TH STREET,10467,2000,2000.0,0,2000.0,other grocery,1,
2023,743955,JAC,MET FOOD,4401 FOOD LLC,4401,WHITE PLAINS RD,10470,9000,9000.0,0,9000.0,supermarket,1,
2023,609245,JAC,OMALE NEW YORK GROCERY,OMALE NEW YORK GROCERY CORP,2172,CROTONA AVE,10457,1500,1500.0,0,1500.0,convenience or deli,1,
2023,754873,JAC,19W IN & OUT DELI,19W IN & OUT DELI CORP,19,W TREMONT AVE,10453,0,,1,1000.0,convenience or deli,1,
2023,752974,JAC,KHALIL SUPERMARKET,KHALIL SUPERMARKET INC,1455,UNIONPORT ROAD,10462,2500,2500.0,0,2500.0,supermarket,1,
2023,741168,JAC,GORDO DELI GROCERY,GORDO DELI GROCERY CORP,354,BROOK AVENUE,10454,0,,1,1000.0,convenience or deli,1,
2023,702952,JAC,BIG MARKET,BIG MARKET OF 237 INC,4362,WHITE PLAINS RD,10466,1000,1000.0,0,1000.0,other grocery,1,
2023,607162,JAC,ST PETERS FOOD CENTER,ST PETERS FOOD CENTER CORP,1484,ST PETERS AVE,10461,1000,1000.0,0,1000.0,other grocery,1,
2023,743367,JAC,SAM 3 DELI GROCERY,SAM 3 DELI GROCERY INC,2039,GRAND CONCOURSE,10453,1000,1000.0,0,1000.0,convenience or deli,1,
2023,749869,A,SWEET CANDY GROCERY,SWEET CANDY GROCERY INC,3782,THIRD AVE,10456,0,,1,1000.0,convenience or deli,1,
2023,608098,JAC,ALLERTON MINI MARKET,ALLERTON MINI MARKET LLC,766,ALLERTON AVE,10467,1500,1500.0,0,1500.0,convenience or deli,1,
2023,744051,JAC,J&R SUPER DELI GROCERY,J&R SUPER DELI GROCERY II  CORP,3399,WHITEPLAINS RD,10467,1500,1500.0,0,1500.0,convenience or deli,1,
2023,742989,A,BP,S&M BRONX INC,3276,JEROME AVE,10468,700,700.0,0,,,0,gas station
2023,607766,JAC,CERINI COFFEE SERVICES,CERINI COFFEE SERVICES INC,2334,ARTHUR AVE,10458,900,900.0,0,900.0,other grocery,1,
2023,600264,JAC,DG GROCERY,DG GROCERY CORP,528,MORRIS AVE,10451,3000,3000.0,0,3000.0,convenience or deli,1,
2023,741091,JABK,CIBAO BAKERY,CIBAO BAKERY CORP,2546B,WHITE PLAINS ROAD,10467,1000,1000.0,0,1000.0,specialty,1,
2023,754073,JAC,BATHGATE DELI,BATHGATE DELI & SMOKE SHOP CORP,502E,180TH ST,10457,1200,1200.0,0,1200.0,convenience or deli,1,
2023,607834,A,DOLOMA CONVENIENCE STRE,DOLOMA CONVENIENCE STORE INC,5565,BROADWAY,10463,1800,1800.0,0,1800.0,convenience or deli,1,
2023,748058,JAC,TANG & TASTY DELI GROCE,TANG & TASTY DELI GROCERY CORP,260,EAST 143RD STREET,10451,0,,1,1000.0,convenience or deli,1,
2023,734802,JAC,HALAL MEAT & FISH SUPER,HALAL MEAT & FISH SUPERMARKET INC,280,E BURNSIDE AVENUE,10457,1000,1000.0,0,1000.0,specialty,1,
2023,742658,JAC,DREAM GOURMET DELI,DREAM GOURMET DELI INC,111,EAST 161ST STREET,10451,0,,1,1000.0,convenience or deli,1,
2023,756098,JAC,526 S&M DELI GROCERY,526 S&M DELI GROCERY CORP,526,EAST 183RD STREET,10458,0,,1,1000.0,convenience or deli,1,
2023,736107,A,WALGREENS #17665,WALGREEN EASTERN CO INC,3480,JEROME AVE,10467,7000,7000.0,0,,,0,pharmacy
2023,733795,JACK,ROYAL GROUP MARKET,ROYAL GROUP MARKET CORP,294,EAST 166TH ST,10456,2200,2200.0,0,2200.0,other grocery,1,
2023,727821,JAC,JEROME MEAT & PRODUCE,JEROME MEAT & PRODUCE CORPORATION,3425,JEROME AVE,10467,2200,2200.0,0,2200.0,specialty,1,
2023,717546,JAC,630 DELI GROCERY CORP,630 DELI GROCERY CORP,630,WALTON AVE,10451,1200,1200.0,0,1200.0,convenience or deli,1,
2023,730167,A,BTM GROCERY & 99 CENTS,BTM GROCERY & 99 CENTS PLUS INC,684,E 189TH STREET,10458,1,,1,1000.0,convenience or deli,1,
2023,608378,JAC,TRONCOSO DELI GROCERY,TRONCOSO DELI GROCERY CORP,590,SOUTHERN BLVD,10455,1800,1800.0,0,1800.0,convenience or deli,1,
2023,745395,JAC,SWEET APPLE DELI GROCER,SWEET APPLE DELI GROCERY INC,395,E 151ST ST,10455,900,900.0,0,900.0,convenience or deli,1,
2023,607335,A,FAMILY DOLLAR #7031,FAMILY DOLLAR STORES OF NY INC,910,RIVER AVE,10452,2000,2000.0,0,,,0,general merchandise or dollar store
2023,722741,JAC,EL SITO DELI GROCERY,EL SITIO DELI GROCERY CORP,892-894,HOME STREET,10459,1100,1100.0,0,1100.0,convenience or deli,1,
2023,712748,JAC,EAST AVE EXPRESS,EAST AVE EXPRESS CORP,1444,EAST AVE,10462,500,500.0,0,500.0,other grocery,1,
2023,609369,JAC,CHRISTOPHER MINI MARKET,CHRISTOPHER MINI MARKET CORP,1539,WATSON AVE,10472,1200,1200.0,0,1200.0,convenience or deli,1,
2023,711302,JAC,TREMONT GOURMET DELI &,TREMONT GOURMET DELI & GROCERY IN,851,E TREMONT AVE,10460,1500,1500.0,0,1500.0,convenience or deli,1,
2023,738745,JAC,1247 DELI & GROCERY,1247 DELI & GROCERY CORP,1247,WEBSTER AVENUE,10456,1200,1200.0,0,1200.0,convenience or deli,1,
2023,736741,JAC,YEDELINE DELI & GROCERY,YEDELINE DELI & GROCERY CORP,3601,BAINBRIDGE AVENUE,10467,800,800.0,0,800.0,convenience or deli,1,
2023,755270,JAC,MINI MARKET DELI,MINI MARKET DELI CORP,3929,BAYCHESTER AVE 2,10466,0,,1,1000.0,convenience or deli,1,
2023,744326,JAC,D'BODEGA FOOD,DBODEGA FOOD CORP,2236,GRAND CONCOURSE,10457,1234,1234.0,0,1234.0,convenience or deli,1,
2023,728405,JAC,YAN FOOD & GROCERY,YAN FOOD & GROCERY CORP,3945,CARPENTER AVE,10466,0,,1,1000.0,convenience or deli,1,
2023,608154,JAC,FOOD UNIVERSE,2061 MEAT&PRODUCE INC,2061,BARTOW AVE,10475,20000,20000.0,0,20000.0,supermarket,1,
2023,707759,A,GREEN APPLE DELI AND GR,GREEN APPLE DELI AND GROCERY STOR,3571,E TREMONT AVE,10465,1200,1200.0,0,1200.0,convenience or deli,1,
2023,608213,JAC,RIVERDALE GLATT SHOP,RGS&ASSOCIATES INC,3540,JOHNSON AVE,10463,2000,2000.0,0,2000.0,other grocery,1,
2023,609788,JAC,K&C FRUIT&VEGETABLES,KO FRUITS AND VEGETABLE INC,4026,WHITE PLAINS RD,10466,2000,2000.0,0,2000.0,specialty,1,
2023,739872,JAC,TULCINGO DINER,TULCINGO DINER LLC,4168,WHITE PLAINS RD,10466,1000,1000.0,0,1000.0,other grocery,1,
2023,603940,JAC,LOS RODRIGUEZ DELI&GROC,LOS RODRIGUEZ DELI&GROCERY CORP,879,E 175TH ST.,10460,5000,5000.0,0,5000.0,convenience or deli,1,
2023,744299,JAC,LAS AGUILAS DELI,LAS AGUILAS DELI FOOD CORP,1131,HAVEMEYER STREET,10462,1000,1000.0,0,1000.0,convenience or deli,1,
2023,730894,JAC,156 GOURMET DELI,156 GOURMET DELI CORP,809,E 156TH STREET,10455,1000,1000.0,0,1000.0,convenience or deli,1,
2023,745975,A,SOBRO PHARMACY,SOBRO PHARMACY INC,2550,3RD AVE,10454,0,,0,,,0,pharmacy
2023,738608,JAC,FRIENDS DELI & GRILL,FRIENDS DELI & GRILL CORP,585,SOUTHERN BLVD,10455,0,,1,1000.0,convenience or deli,1,
2023,747454,JAC,1183 PUGSLEY DELI GROCE,1183 PUGSLEY DELI GROCERY CORP,1183,PUGSLEY AVE,10472,2000,2000.0,0,2000.0,convenience or deli,1,
2023,734182,JAC,ES DELI GROCERY,ES DELI GROCERY CORP,980,BRONX PARK SOUTH,10460,600,600.0,0,600.0,convenience or deli,1,
2023,731648,JAC,MAGIC MARKET DELI & GRO,MAGIC MARKET DELI & GROCERY CORP,1513,WATSON AVE,10472,0,,1,1000.0,convenience or deli,1,
2023,732070,JAC,JAMA DELI GROCERY,JAMA DELI GROCERY CORP,1225,OGDEN AVENUE,10452,0,,1,1000.0,convenience or deli,1,
2023,716576,A,S&J VARIETY STORE,S&J VARIETY STORE INC,1783,WESTCHESTER AVE,10472,500,500.0,0,,,0,general merchandise or dollar store
2023,704329,JAC,MAYSAA FORDHAM DELI,MAYSAA FORDHAM DELI INC,164,E 188TH ST,10468,1200,1200.0,0,1200.0,convenience or deli,1,
2023,734059,A,GAY GROCERY,GAY GROCERY INC,911,AVENUE ST JOHN,10455,500,500.0,0,500.0,convenience or deli,1,
2023,603492,JAC,GOOD N NATURAL,GOOD N NATURAL INC,2173,WHITE PLAINS RD,10462,3000,3000.0,0,3000.0,other grocery,1,
2023,749117,JAC,KATY DELI GROCERY,KATY DELI GROCERY CORP,1960,BATHGATE AVENUE,10457,1100,1100.0,0,1100.0,convenience or deli,1,
2023,608886,JAC,J&W FOOD CENTER,J&W FOOD CENTER CORP,990,LEGGETT AVE,10455,2000,2000.0,0,2000.0,other grocery,1,
2023,739247,JAC,WB DELI & GROCERY,WB DELI & GROCERY INC,756,UNION AVE,10455,0,,1,1000.0,convenience or deli,1,
2023,746938,A,BEDFORD CONVENIENCE MAR,BEDFORD CONVENIENCE MART CORP,29,E BEDFORD PARK BLVD,10468,950,950.0,0,950.0,convenience or deli,1,
2023,751634,JAC,EL PROVOCON DELI GROCER,EL PROVOCON DELI GROCERY CORP,622-624,MANIDA ST - STORE 1,10474,1000,1000.0,0,1000.0,convenience or deli,1,
2023,737487,JAC,GRITTO LACONIA 4141,GRITTO LACONIA 4141 INC,4141,LACONIA AVE,10466,10000,10000.0,0,10000.0,other grocery,1,
2023,749978,A,MODINA FRUIT & VEGETABL,MODINA FRUIT & VEGETABLE CORP,966A,WESTCHESTER AVE,10459,0,,1,1200.0,specialty,1,
2023,740217,JAC,S&A CONVENIENCE STORE,S&A CONVENIENCE STORE CORP,502,E 183RD ST,10458,1000,1000.0,0,1000.0,convenience or deli,1,
2023,724441,JAC,1681 DELI GROCERY,1681 DELI GROCERY CORP,1681,BRUCKNER BLVD,10472,800,800.0,0,800.0,convenience or deli,1,
2023,712851,JAC,217 BAITOA DELI GROCERY,217 BAITOA DELI GROCERY CORP,217,ST ANNS AVE,10454,950,950.0,0,950.0,convenience or deli,1,
2023,736866,JAC,TAMBO DELI&GROCERY,TAMBO DELI&GROCERY CORP,774,LYDIG AVENUE,10462,0,,1,1000.0,convenience or deli,1,
2023,749610,JAC,GREEN APPLE GOURMET & G,GREEN APPLE GOURMET AND GROCERY C,3569,E TREMONT AVE,10465,2400,2400.0,0,2400.0,other grocery,1,
2023,742981,JAC,N&M GROCERY,N&M GROCERY CORP,2660,3RD AVENUE,10454,1000,1000.0,0,1000.0,convenience or deli,1,
2023,721012,JAC,9 CIENTO DELI & GROCERY,9 CIENTO DELI & GROCERY CORP,900,ALLERTON AVE,10469,0,,1,1000.0,convenience or deli,1,
2023,708591,JAC,BRAVE DELI GROCERY,BRAVE DELI GROCERY INC,712,BURKE AVE,10467,1700,1700.0,0,1700.0,convenience or deli,1,
2023,728197,JAC,LA TIENDA DELI GROCERY,LA TIENDA DELI GROCERY & BAKERY C,502,EAST 138TH STREET,10454,0,,1,1000.0,convenience or deli,1,
2023,745586,JAC,7-ELEVEN STORE #39549B,JANJUA RAJPUT INC,1845,WEBSTER AVE,10457,0,,1,1000.0,convenience or deli,1,
2023,749656,A,COQUITO DISCOUNT,COQUITO DISCOUNT CORP,646,PROSPECT AVE,10455,1000,1000.0,0,,,0,general merchandise or dollar store
2023,747250,A,SAM CONVENIENCE STORE,SAM CONVENIENCE STORE INC,2050,VALENTINE AVE,10457,650,650.0,0,650.0,convenience or deli,1,
2023,747105,JAC,SHIESTYAVE DELI,SHIESTYAVEDELI LLC,1083,SHERIDAN AVE.,10456,1000,1000.0,0,1000.0,convenience or deli,1,
2023,728398,JAC,726 DELI GROCERY,726 DELI GROCERY CORP,726,E 152ND STREET,10455,0,,1,1000.0,convenience or deli,1,
2023,606939,JAC,PETERS MEAT MARKET,RELLA MICHAEL & SERVEDIO PETER,2344,ARTHUR AVE,10458,500,500.0,0,500.0,specialty,1,
2023,704771,JAC,MIKE FAMILY DELI GROCER,MIKE FAMILY DELI GROCERY CORP,635,COURTLAND AVE,10451,950,950.0,0,950.0,convenience or deli,1,
2023,605256,JAC,KEY FOOD 1323,3151 WESTCHESTER AVENUE FOOD CORP,3151,WESTCHESTER AVE,10461,2500,2500.0,0,2500.0,supermarket,1,
2023,606405,JAC,SANBRA AFRICAN MARKET,SANBRA AFRICAN MARKET LLC,861,E TREMONT AVE,10460,1200,1200.0,0,1200.0,other grocery,1,
2023,721469,JAC,PRUZZOS SUPERMARKET,PRUZZOS SUPERMARKET CORP,2937,WESTCHESTER AVE,10461,5000,5000.0,0,5000.0,supermarket,1,
2023,752903,JAC,3 HERMANAS DELI GROCERY,3 HERMANAS DELI GROCERY CORP,3004,HEATH AVE,10463,0,,1,1000.0,convenience or deli,1,
2023,745491,JAC,KING SEAFOOD MARKET NY,KING SEAFOOD MARKET NY INC,2241,WESTCHESTER AVE,10462,900,900.0,0,900.0,specialty,1,
2023,742515,JAC,ALIANS DELI GROCERY,ALIANS DELI CORP,217,BROOK AVENUE,10454,1200,1200.0,0,1200.0,convenience or deli,1,
2023,603025,JAC,ASSOCIATED SUPERMARKET,161 EAST MEAT CORP,724,E 161ST ST,10456,14000,14000.0,0,14000.0,supermarket,1,
2023,753149,JAC,NERYS GROCERY STORE,NERYS GROCERY STORE INC,1145,CLAY AVE,10452,0,,1,1000.0,convenience or deli,1,
2023,609010,JAC,IZZY'S GOURMET DELI,E FLYING EAGLE CORP,3001,WESTCHESTER AVE,10461,1000,1000.0,0,1000.0,convenience or deli,1,
2023,607701,JAC,LA CAMPINA DELI GROCERY,LA CAMPINA DELI GROCERY INC,802,MELROSE AVE,10451,1100,1100.0,0,1100.0,convenience or deli,1,
2023,752213,JACDK,ADEPA FOODS,ADEPA FOODS LLC,1028,NEILL AVE,10461,1200,1200.0,0,,,0,"warehouse, wholesale or plant license"
2023,754091,JAC,RUTHY'S PLACE,RUTHDELIANA DELI INC,3401,OLINVILLE AVENUE,10467,1000,1000.0,0,1000.0,other grocery,1,
2023,607955,JAC,SABA QUALITY PLUS DELI,SABA QUALITY PLUS DELI INC,1183,CASTLE HILL AVE,10462,1400,1400.0,0,1400.0,convenience or deli,1,
2023,723677,JAC,SOUTHERN BLVD MEAT MARK,SOUTHERN BLVD MEAT MARKET CORP,1087,SOUTHERN BLVD,10459,2500,2500.0,0,2500.0,specialty,1,
2023,600797,JAC,ALTAGRACIA GROCERY,ALTAGRACIA GROCERY CORP,10-12,E 176TH ST,10453,1600,1600.0,0,1600.0,convenience or deli,1,
2023,605119,JAC,FELOMAR GROCERY STORE,FELOMAR GROCERY STORE INC,154,E 175TH ST,10457,800,800.0,0,800.0,convenience or deli,1,
2023,744501,JAC,CALI FRESH MARKET,CALI FRESH MARKET LLC,769,MORRIS PARK AVE,10462,1000,1000.0,0,1000.0,supermarket,1,
2023,742110,A,BLIMPIE/FATHEMA SNACKS,FATHEMA INC,2200,WESTCHESTER AVE,10462,1000,1000.0,0,1000.0,other grocery,1,
2023,608820,JAC,JAMTAN AFRICAN AMERICAN,JAMTAN AFRICAN AMERICAN MKT CORP,1479,WESTCHESTER AVE,10472,1500,1500.0,0,1500.0,other grocery,1,
2023,600805,JABC,TOP BANANA MARKET,ITALCORP INC,947,CASTLE HILL AVE,10473,2000,2000.0,0,2000.0,other grocery,1,
2023,609383,JAC,BUHRE GROCERY,PAVAN NEW YORK INC,2875,BUHRE AVE,10461,600,600.0,0,600.0,convenience or deli,1,
2023,733174,JAC,LA RUBIA DELI GROCERY,LA RUBIA DELI GROCERY CORP,1849,ANTHONY AVENUE,10457,900,900.0,0,900.0,convenience or deli,1,
2023,755536,JAC,C&C DELI AND MINI MART,C&C DELI AND MINI MART INC,1513,WESTCHESTER AVE,10472,1400,1400.0,0,1400.0,convenience or deli,1,
2023,751977,A,WORD OF LIFE CHRISTIAN,WORD OF LIFE CHRISTIAN PANTRY INC,830,UNION AVE,10459,1200,1200.0,0,1200.0,other grocery,1,
2023,723441,JAC,JOES DELI,RUSC INC,685,E 187TH ST,10458,1500,1500.0,0,1500.0,convenience or deli,1,
2023,731734,JAC,DHAKA SUPERMARKET & HAL,DHAKA SUPERMARKET & HALAL MEAT IN,369,E 204TH STREET,10467,5000,5000.0,0,5000.0,supermarket,1,
2023,729581,JAC,120 CIRCLE DELI GROCERY,120 CIRCLE DELI GROCERY INC,120,HUGH GRANT CIRCLE,10472,1000,1000.0,0,1000.0,convenience or deli,1,
2023,748332,JAC,AMAA GOURMET DELI,AMAA GOURMET DELI CORP,1591,WATSON AVE,10472,0,,1,1000.0,convenience or deli,1,
2023,748557,JAC,A&J 152ST FOOD,A&J 152ST FOOD LLC,835,EAST 152ND STREET,10455,0,,1,1200.0,other grocery,1,
2023,718765,JAC,KINGS BRIDGE MARKET,KINGS BRIDGE MARKET INC,30,W KINGSBRIDGE RD,10468,2000,2000.0,0,2000.0,other grocery,1,
2023,607890,JAC,AB INTERNATIONAL MARKET,AB INTERNATIONAL MARKET INC,2233-35,JEROME AVE,10453,2800,2800.0,0,2800.0,other grocery,1,
2023,604848,JAC,NAGUABO GROCERY,NAGUABO GROCERY CORP,26,E MOUNT EDEN AVE,10452,1000,1000.0,0,1000.0,convenience or deli,1,
2023,606881,JAC,FRUTERIA DE VALLE,FRUTERIA DE VALLE CORP,74,W 183RD ST,10453,800,800.0,0,800.0,other grocery,1,
2023,710759,JAC,ESPERANZA GROCERY,ESPERANZA GROCERY CORP,1665,GRAND CONCOURSE,10452,1000,1000.0,0,1000.0,convenience or deli,1,
2023,744529,A,T & B DELI GROCERY,T & B DELI GROCERY CORP,1735,E 174TH ST,10472,900,900.0,0,900.0,convenience or deli,1,
2023,608256,JAC,HM DELI AND GROCERY,901 BURKE DELI & GROCERY LLC,901,BURKE AVE,10469,1000,1000.0,0,1000.0,convenience or deli,1,
2023,712201,A,ALNABIL 94 DELI GROCERY,ALNABIL 94 DELI GROCERY CORP,948A,PROSPECT AVE,10459,900,900.0,0,900.0,convenience or deli,1,
2023,703267,JAC,YOUR RED ROSES,YOUR RED ROSES INC,268,WILLIS AVE,10454,1000,1000.0,0,1000.0,other grocery,1,
2023,755553,JAC,LA DIANA BAKERY SHOP,LA DIANA BAKERY SHOP CORP,2712B,E RETMONT AVE,10461,0,,1,1200.0,specialty,1,
2023,609429,JAC,627 GARDEN GOURMENT DL,627 GARDEN GOURMENT DELI CORP,627,E TREMONT AVE,10457,1000,1000.0,0,1000.0,other grocery,1,
2023,735651,JAC,DONA JUANA GROCERY STOR,DONA JUANA GROCERY STORE INC,21,W 176TH STREET,10453,0,,1,1000.0,convenience or deli,1,
2023,751377,A,BELLA 1 CONVENIENCE STO,BELLA 1 CONVENIENCE STORE,1745,CROSBY AVE,10461,800,800.0,0,800.0,convenience or deli,1,
2023,602110,JAC,SUNDIAL HERBAL PRODUCTS,SUNDIAL HERBAL & HERBAL PRODUCTS,3609,BOSTON RD,10466,2000,2000.0,0,2000.0,other grocery,1,
2023,739523,JAC,LAY DELI GROCERY,LAY DELI GROCERY INC,125,W 165TH STREET,10452,1500,1500.0,0,1500.0,convenience or deli,1,
2023,608488,JAC,242 DELI FOOD,242 DELI FOOD LLC,4781,WHITE PLAINS RD,10470,1200,1200.0,0,1200.0,convenience or deli,1,
2023,732899,JAC,TITA MINI MARKET 2,TITA MINI MARKET 2 CORP,137,E. GUN HILL RD,10467,1200,1200.0,0,1200.0,convenience or deli,1,
2023,607433,JABC,L W AFRICAN MARKET,L W AFRICAN MARKET INC,3394,3RD AVE,10456,1000,1000.0,0,1000.0,other grocery,1,
2023,742220,JAC,SAM DELI GROCERY MARKET,SAM DELI GROCERY MARKET CORP,928,TINTON AVE,10456,0,,1,1000.0,convenience or deli,1,
2023,706597,JAC,2E 181ST ST 24 HR DELI,SAIF ALI ISA,2130,JEROME AVE,10453,800,800.0,0,800.0,convenience or deli,1,
2023,609438,JAC,BRONX M&E DELI,BRONX M&E DELI GROCERY CORP,732,E 187TH ST,10458,1100,1100.0,0,1100.0,convenience or deli,1,
2023,738799,JAC,SALS PLACE DELI & GROCE,SALS PLACE DELI & GROCERY 1 CORP,1971,BRONXDALE AVE,10462,900,900.0,0,900.0,convenience or deli,1,
2023,742288,JAC,313 HALAL AFRICAN STORE,313 HALAL AFRICAN STORE CORP,313,E. 141ST STREET STORE #2,10454,0,,1,1200.0,other grocery,1,
2023,715326,A,SANTA FRUIT FOOD MARKET,SANTA FRUIT FOOD MARKET INC,2851,WEBSTER AVE,10458,600,600.0,0,600.0,specialty,1,
2023,755930,JAC,SWEET DELI GROCERY 2,SWEET DELI GROCERY 2 CORP,3004,HEATH AVE,10463,0,,1,1000.0,convenience or deli,1,
2023,715513,JAC,EXPRESS CONVENIENCE STA,EXPRESS CONVENIENCE STATIONARY CO,3500,WHITE PLAINS RD,10467,700,700.0,0,700.0,convenience or deli,1,
2023,747884,JAC,CAMILA DELI MARKET,CAMILA DELI MARKET LLC,950,ANDERSON AVENUE,10452,0,,1,1000.0,convenience or deli,1,
2023,748335,JAC,NEW LYDIG PICK & PACK,NEW LYDIG PICK & PACK INC,716,LYDIG AVE,10462,1400,1400.0,0,1400.0,other grocery,1,
2023,606418,JAC,BARINOS MARKET,M&M FOOD CORP,3244,AMPERE AVE,10465,3000,3000.0,0,3000.0,other grocery,1,
2023,604888,JAC,VARGAS GROCERY,VARGAS RONIS M,208,W 238TH ST,10463,1500,1500.0,0,1500.0,convenience or deli,1,
2023,721060,JAC,VERACRUZ DELI & GROCERY,VERACRUZ DELI & GROCERY INC,1019,E 167TH ST,10459,900,900.0,0,900.0,convenience or deli,1,
2023,707988,JAC,EL VALLE PRODUCE & DELI,EL VALLE PRODUCE & DELI INC,796,SOUTHERN BLVD,10455,2000,2000.0,0,2000.0,convenience or deli,1,
2023,751044,JAC,M&A FRUITS & DELI,M&A FRUITS & DELI CORP,1976,ARTHUR AVENUE STORE 76,10457,0,,1,1000.0,convenience or deli,1,
2023,755760,JAC,AIDAS DELI GROCERY,AIDAS DELI GROCERY CORP,3945,CARPENTER AVE,10466,0,,1,1000.0,convenience or deli,1,
2023,724425,A,2463 E TREMONT DELI,2463 E TREMONT DELI CORP,2463,E TREMONT AVE,10461,800,800.0,0,800.0,convenience or deli,1,
2023,722813,JAC,CYPRESS GOURMET DELI,"AN KASSEM, AQEEL M.",268,CYPRESS AVENUE,10454,0,,1,1000.0,convenience or deli,1,
2023,607611,A,705 FAMILY DISCOUNT,705 FAMILY DISCOUNT CORP,705,E GUN HILL  RD,10467,11000,11000.0,0,,,0,general merchandise or dollar store
2023,733201,A,674 NEIGHBORHOOD,674 NEIGHBORHOOD GROCERY CORP,674,EAST 136TH STREET,10454,500,500.0,0,500.0,other grocery,1,
2023,721117,A,MCLEAN DELI & GROCERY,MCLEAN DELI & GROCERY INC,522,EAST 240TH STREET,10470,800,800.0,0,800.0,convenience or deli,1,
2023,753789,JAC,WARD DELI GROCERY,WARD DELI GROCERY CORP,1562,A EAST 174TH STREET,10472,2000,2000.0,0,2000.0,convenience or deli,1,
2023,754621,JAC,FATIMS AFRICAN MARKET,CISSOKO FATOUMA,1779,SOUTHERN BLVD #2,10460,1500,1500.0,0,1500.0,other grocery,1,
2023,606396,JAC,CONTENTO FOOD CENTER,CONTENTO FOOD CENTER INC,1999,UNIVERSITY AVE,10453,1200,1200.0,0,1200.0,other grocery,1,
2023,709303,JAC,C & T DELI GROCERY STOR,C & T DELI GROCERY STORE INC,2275,WASHINGTON AVE,10457,0,,1,1000.0,convenience or deli,1,
2023,708686,JAC,AL-AQSA SUPERMARKET,J & Z FOOD MART AND SUPERMARKET I,2109,STARLING AVE,10462,8000,8000.0,0,8000.0,supermarket,1,
2023,736840,A,WALGREENS #17511,WALGREEN EASTERN CO INC,925,SOUNDVIEW AVE,10473,9930,9930.0,0,,,0,pharmacy
2023,609576,JAC,STAR DELI GROCERY CORP,STAR DELI GROCERY CORP BOSTON RD,2243,WHITE PLAINS RD,10467,1000,1000.0,0,1000.0,convenience or deli,1,
2023,609350,JAC,LOS PRIMOS MINI MARKET,LOS PRIMOS MINI MARKET INC,1050,WOODYCREST AVE,10452,2000,2000.0,0,2000.0,convenience or deli,1,
2023,738086,JAC,CTOWN FRESH MARKET,NEW RENAISSANCE INC,411,EAST TREMONT AVE UNIT 3C,10457,5000,5000.0,0,5000.0,supermarket,1,
2023,702026,JAC,MY FAMILY DELI GROCERY,MY FAMILY DELI GROCERY CORP,54,EAST 181ST ST,10453,1800,1800.0,0,1800.0,convenience or deli,1,
2023,739493,JAC,YAYIS DELI & GROCERY,YAYIS DELI & GROCERY CORP,526,E 183RD ST,10458,1200,1200.0,0,1200.0,convenience or deli,1,
2023,739536,JAC,DELICIOUS DELIGHTS JUIC,206 CANDY & CONVENIENCE INC,206,W 231ST STREET,10463,0,,1,1200.0,other grocery,1,
2023,741339,A,J & K SMOKE SHOP,J & K SMOKE SHOP CORP,3051,VALENTINE AVE,10458,0,,0,,,0,food service or non-food retail
2023,743245,JAC,L&N GOURMET DELI,L&N GOURMET DELI LLC,6119,BROADWAY #21,10471,1000,1000.0,0,1000.0,convenience or deli,1,
2023,604597,A,ISMAEL HUSSEIN&ALHAJAJ,ISMAEL HUSSEIN&ALHAJAJ AHMED,3812,DYRE AVE,10466,600,600.0,0,600.0,other grocery,1,
2023,608656,JAC,WEST FARM FRUIT MARKET,WEST FARM FRUIT MARKET CORP,1001,E 167TH ST,10459,1000,1000.0,0,1000.0,specialty,1,
2023,602284,JAC,BENS MARKET,ROSEMARIE INC,19,KNOLLS CRESCENT,10463,3000,3000.0,0,3000.0,other grocery,1,
2023,741035,JAC,BENEDICIA LOPEZ MARTINE,MANGOS FISH MEAT CORP,2300,RANDALLS AVE,10473,700,700.0,0,700.0,other grocery,1,
2023,718851,JAC,LA TINFORA GROCERY,LA TINFORA GROCERY CORP,2386,WEBSTER AVE,10458,1200,1200.0,0,1200.0,convenience or deli,1,
2023,753946,JAC,2405 PROSPECT DELI,2405 PROSPECT DELI CORP,2405,PROSPECT AVE,10458,0,,1,1000.0,convenience or deli,1,
2023,732026,JAC,MAX PIZZA FOOD CENTER,MAX PIZZA FOOD CENTER INC,45,RICHMAN PLAZA,10453,0,,1,1200.0,other grocery,1,
2023,734129,JAC,SHOPRITE OF BRUCKNER BL,VILLAGE SUPER MARKET OF NY LLC,1994,BRUCKNER BLVD,10473,45000,45000.0,0,45000.0,supermarket,1,
2023,744013,JAC,G & M FRIENDS DELI GROC,G & M FRIENDS DELI GROCERY LLC,1614,WESTCHESTER AVE,10472,2000,2000.0,0,2000.0,convenience or deli,1,
2023,752102,A,FAMILY DOLLAR #32473,FAMILY DOLLAR STORES OF NEW YORK,130,E BURNSIDE AVE,10453,0,,0,,,0,general merchandise or dollar store
2023,727729,JAC,SANTI'S DELI GROCERY,SANTI'S DELI GROCERY CORP,1190,CROMWELL AVE,10452,0,,1,1000.0,convenience or deli,1,
2023,751622,A,BOB MARLEY CONVENIENCE,NY 167 CONVENIENCE STORE INC,98,E 167TH STREET,10452,700,700.0,0,700.0,convenience or deli,1,
2023,750482,JAC,OGDEN GROCERY,OGDEN GROCERY CORP,1053,OGDEN AVE,10452,0,,1,1000.0,convenience or deli,1,
2023,748426,JAC,3 BROS GOURMET DELI,3 BROS GOURMET DELI INC,1570B,BATHGATE AVE,10457,1400,1400.0,0,1400.0,convenience or deli,1,
2023,713250,JAC,BOSTON ROAD GROCERY & D,TONIALEE & ASSOCIATES,3399,BOSTON RD,10469,0,,1,1000.0,convenience or deli,1,
2023,751498,A,KOMEME,KOMEME CORP,4135,WHITE PLAINS RD,10466,0,,1,1200.0,other grocery,1,
2023,712289,JAC,BRAVO SUPERMARKET,MD 210 FOOD CORP,210,E 170TH ST,10456,15000,15000.0,0,15000.0,supermarket,1,
2023,746647,JAC,HG MEAT MARKET,HG MEAT MARKET INC,514,EAST 134TH STREET,10454,0,,1,1200.0,specialty,1,
2023,747903,JAC,RICHMAN PLZ DELI,RICHMAN PLZ DELI CORP,43,RICHMAN PLAZA,10453,1500,1500.0,0,1500.0,convenience or deli,1,
2023,609621,JAC,1158 GROCERY & DELI,1158 GROCERY & DELI INC,1158,ST LAWRENCE AVE,10472,500,500.0,0,500.0,convenience or deli,1,
2023,705539,A,STARLING DELI&GROCERY,STARLING DELI&GROCERY INC,2172,STARLING AVE,10462,500,500.0,0,500.0,convenience or deli,1,
2023,749950,JAC,GROCERY STORE,ROYALTY DELI GROCERY,1171,NELSON AVE,10452,0,,1,1000.0,convenience or deli,1,
2023,718309,JAC,FINE FARE,EDWARD FOOD INC,4725,WHITE PLAINS RD,10470,4500,4500.0,0,4500.0,supermarket,1,
2023,725843,JAC,CONCOURSE VILLAGE DELI,CONCOURSE VILLAGE DELI MARKET INC,3100,PARK AVE,10451,2400,2400.0,0,2400.0,convenience or deli,1,
2023,735667,JAC,SWEET BRONX DELI GOURME,SWEET BRONX DELI GOURMET INC,2245,WESTCHESTER AVE UNIT E,10462,0,,1,1000.0,convenience or deli,1,
2023,755526,JAC,HEALTHY SHACK DELI GROC,HEALTHY SHACK DELI GROCERY CORP,1086,SOUTHERN BLVD. STORE #2,10459,0,,1,1000.0,convenience or deli,1,
2023,751809,JAC,LAITH GOURMET DELI,LAITH GOURMET DELI INC,1286,WASHINGTON AVE,10456,0,,1,1000.0,convenience or deli,1,
2023,719270,A,LUCKY STAR DISCOUNT,LUCKY STAR DISCOUNT AND 99 CENTS,930,E 174TH ST,10460,0,,0,,,0,general merchandise or dollar store
2023,607498,JAC,T FAMOUS GOURMET DELI C,T FAMOUS GOURMET DELI CORP,34-31,BAYCHESTER AVE,10469,1800,1800.0,0,1800.0,convenience or deli,1,
2023,728045,JAC,BIG SAL DELI,BIG SAL DELI INC,1361,OGDEN AVE,10452,0,,1,1000.0,convenience or deli,1,
2023,609623,JAC,BOSTON ROAD CANDY,BOSTON ROAD CANDY INC,1737,BOSTON RD,10460,900,900.0,0,900.0,convenience or deli,1,
2023,713333,JAC,BJS WHOLESALE CLUB #363,BJS WHOLESALE CLUB INC,184,237TH ST,10463,0,,0,,,0,general merchandise or dollar store
2023,741723,JAC,TULCIMEX DELI II,TULCIMEX DELI II INC,1305,ROSEDALE AVE,10472,0,,1,1000.0,convenience or deli,1,
2023,746008,JAC,1681 GROCERY,1681 GROCERY INC,4127,LACONIA AVE,10466,1000,1000.0,0,1000.0,convenience or deli,1,
2023,609410,JAC,AJB DELI GROCERY,AJB DELI GROCERY INC,701,COSTER ST,10474,1200,1200.0,0,1200.0,convenience or deli,1,
2023,752886,JAC,Y N CAMPUS GOURMET DELI,Y N CAMPUS GOURMET DELI INC,386,E 161ST STREET,10451,0,,1,1000.0,convenience or deli,1,
2023,717515,JAC,1459 MIA DELI & GROCERY,1459 MIA DELI & GROCERY LLC,1459,- 1463 STORY AVE,10473,1000,1000.0,0,1000.0,convenience or deli,1,
2023,608637,JABC,BONAVITA KEY FOOD 1329,BELFIORE FOOD CORP,4171,WHITE PLAINS RD,10466,24000,24000.0,0,24000.0,supermarket,1,
2023,604783,JAC,JL MEAT MARKET,JL MEAT MARKET CORP,26,E 167TH ST,10452,1000,1000.0,0,1000.0,specialty,1,
2023,732263,JAC,WANDA RP,WANDA RP CORP,104,ELLIOT PLACE,10452,1200,1200.0,0,1200.0,other grocery,1,
2023,601621,JAC,KEY FOODS,MK FOOD CORP,1535,UNIONPORT RD,10462,9000,9000.0,0,9000.0,supermarket,1,
2023,741363,JAC,RSJ DELI GROCERY,RSJ DELI GROCERY CORP,109,EAST TREMONT AVENUE,10453,0,,1,1000.0,convenience or deli,1,
2023,742206,JAC,EZEQUIEL DELI GROCERY,TACOS EL TORITO VERSATILE LLC,688,COURTLANDT AVE,10451,1000,1000.0,0,1000.0,convenience or deli,1,
2023,724176,JAC,NEW ANDREWS DELI GROCER,NEW ANDREWS DELI GROCERY CORP,1899,ANDREWS AVE.,10453,1800,1800.0,0,1800.0,convenience or deli,1,
2023,605091,A,TE AMO-CONVENIENCE STOR,UMK INC,5582,BROADWAY,10463,1000,1000.0,0,1000.0,convenience or deli,1,
2023,744300,A,LARA GROCERY,LARA GROCERY CORP,343,E 138TH ST,10454,1000,1000.0,0,1000.0,convenience or deli,1,
2023,737575,JAC,1217 GUZMAN DELI FOOD,1217 GUZMAN DELI FOOD CORP,1217,SHERMAN AVENUE,10456,1100,1100.0,0,1100.0,convenience or deli,1,
2023,606620,A,DOLLAR TREE 3096,DOLLAR TREE STORES INC,2047,BARTOW AVE,10475,6000,6000.0,0,,,0,general merchandise or dollar store
2023,745368,A,FORDHAM MARKET,FORDHAM MARKET CORP,600,E FORDHAM RD,10458,600,600.0,0,600.0,other grocery,1,
2023,729127,A,DISCOUNT CORP AND 99 CE,DISCOUNT CORP AND 99 CENT,545,A SOUTHERN BLVD,10455,0,,0,,,0,general merchandise or dollar store
2023,745012,A,J STOP 1 CANDY & GROCER,J STOP 1 CANDY & GROCERY CORP,515,E 183RD ST,10458,800,800.0,0,800.0,convenience or deli,1,
2023,734154,A,G & R VARIETY DISCOUNT,G & R VARIETY DISCOUNT INC,1106,BOYNTON AVE,10472,2500,2500.0,0,,,0,general merchandise or dollar store
2023,745115,JAC,314 FORDHAM DELI,314 FORDHAM DELI CORP,314,E KINGSBRIDGE RD,10458,1000,1000.0,0,1000.0,convenience or deli,1,
2023,609026,JAC,SAVEMORE DELI GROCERY,SAVEMORE DELI GROCERY CORP,1363,WEBSTER AVE,10456,1800,1800.0,0,1800.0,convenience or deli,1,
2023,606222,JAC,RINCON GROCERY & DELI,RINCON GROCERY & DELI INC,3047,3RD AVE,10451,2100,2100.0,0,2100.0,convenience or deli,1,
2023,704148,A,240 VALENTINE DISCOUNT,240 VALENTINE DISCOUNT INC,240,E 204TH ST,10458,1000,1000.0,0,,,0,general merchandise or dollar store
2023,608623,JAC,7S FISH MARKET,PARK JONG SEOK,3123,BAINBRIDGE AVE,10467,1000,1000.0,0,1000.0,specialty,1,
2023,751064,JAC,MTB HALAL,MTB HALAL INC,1104,WEBSTER AVE,10456,0,,1,1200.0,other grocery,1,
2023,736398,JAC,FRONTIER FOOD MART,FRONTIER FOOD MART CORP,4122,WHITE PLAINS RD,10466,1000,1000.0,0,1000.0,convenience or deli,1,
2023,608510,JABC,SUGARBOY BAKERY,CARIDAD BAKERY CAFE INC,3071,BAILEY AVE,10463,2000,2000.0,0,2000.0,specialty,1,
2023,740837,JAC,NEW BEGINNING DELI GROC,NEW BEGINNING DELI GROCERY LLC,673,ALLERTON AVENUE,10467,1000,1000.0,0,1000.0,convenience or deli,1,
2023,729904,JAC,YUMMY DELI GROCERY,YUMMY DELI GROCERY CORP,743,BURKE AVE,10467,1000,1000.0,0,1000.0,convenience or deli,1,
2023,753888,JAC,FOOD DYNASTY SPMKT,JRI JEROME FOOD CORP,2343,JEROME AVE,10468,14000,14000.0,0,14000.0,supermarket,1,
2023,754993,JAC,AMAR DELI GROCERY,AMAR DELI GROCERY CORP,554,MORRIS AVE FRONT 1,10451,0,,1,1000.0,convenience or deli,1,
2023,740015,JAC,ITTADI BAZAAR HALAL FOO,HALAL FOOD BAZAAR INC,2111,STARLING AVENUE,10462,2500,2500.0,0,2500.0,other grocery,1,
2023,727260,JAC,FRESH DIRECT,FRESH DIRECT LLC,2,ST. ANN'S AVENUE C/O FOOD SAFET,10454,40000,40000.0,0,,,0,"online, wholesale or warehouse"
2023,751362,JAC,ARPAN ENTERPRISE,ARPAN ENTERPRISE INC,1885,WESTCHESTER AVE,10472,0,,1,1200.0,other grocery,1,
2023,600514,JAC,PREMIER FOOD,PREMIER FOOD INC,738,LYDIG AVE,10462,1300,1300.0,0,1300.0,other grocery,1,
2023,607755,JACDHK,WORLD WIDE DIRECT SEAFD,WORLD WIDE DIRECT SEAFOOD LLC,800,FOOD CENTER DR  UNIT 13,10474,5500,5500.0,0,,,0,"warehouse, wholesale or plant license"
2023,753685,JAC,166 GOURMET GROCERY,166 GOURMET GROCERY INC,1097,BOSTON RD,10456,0,,1,1000.0,convenience or deli,1,
2023,607867,JAC,ALLERTON DELI GROCERY,ALLERTON DELI GROCERY INC,801,ALLERTON AVE,10467,800,800.0,0,800.0,convenience or deli,1,
2023,609272,JAC,ALAND GOURMET DELI,GHALEB NAGEE A,1851,ARCHER ST,10460,700,700.0,0,700.0,convenience or deli,1,
2023,743363,JAC,AFAA  AFRICAN SUPERMARK,AFAA ENTERPRISE INCORPORATION,2544,B WHITE PLAIN ROAD,10467,1000,1000.0,0,1000.0,supermarket,1,
2023,607810,A,S&T 99 & MORE,MOHAMED TALIM,851,E 180TH ST,10460,2500,2500.0,0,2500.0,other grocery,1,
2023,751083,JAC,784 DELI GROCERY,784 DELI GROCERY INC,784,E 163RD STREET,10456,0,,1,1000.0,convenience or deli,1,
2023,733666,JAC,CITGO,LOTUS JACKSON AVE GAS CORP,250,JACKSON AVENUE,10454,1000,1000.0,0,,,0,gas station
2023,750497,JAC,HUNTS POINT DELI,HUNTS POINT DELI CORP,1331,SENECA AVE,10474,0,,1,1000.0,convenience or deli,1,
2023,752895,JAC,VEG-FRESH NY,VEG-FRESH NY INC,810,EDGEWATER RD,10474,10000,10000.0,0,10000.0,other grocery,1,
2023,743709,A,BP,MAA TARA GAS INC,2350,JEROME AVE,10468,1000,1000.0,0,,,0,gas station
2023,739734,JAC,KINGSBRIDGE DELI,KINGSBRIDGE DELI CORP,69,W. KINGSBRIDGE ROAD,10468,900,900.0,0,900.0,convenience or deli,1,
2023,738169,JAC,CRUGER DELI & CANDY,CRUGER DELI & CANDY INC,722,ALLERTON AVENUE,10467,0,,1,1000.0,convenience or deli,1,
2023,725879,A,LYDIG DOLLAR DEALS,LYDIG DOLLAR DEALS INC,744,LYDIG AVE,10462,2000,2000.0,0,,,0,general merchandise or dollar store
2023,710805,JAC,M BARRIE AFRICAN MARKET,BARRIE MOHAMED,3818,WHITE PLAINS RD,10467,1000,1000.0,0,1000.0,other grocery,1,
2023,711868,JAC,2350 DELI GROCERY,2350 DELI GROCERY CORP,2350,TIEBOUT AVE,10458,1000,1000.0,0,1000.0,convenience or deli,1,
2023,720371,JAC,4185 ENTERPRISE,4185 ENTERPRISE CORP,4185,WHITE PLAINS ROAD,10466,1500,1500.0,0,1500.0,other grocery,1,
2023,752066,JAC,362 GROCERY,362 GROCERY CORP,362,WILLIS AVE,10454,0,,1,1000.0,convenience or deli,1,
2023,747682,JAC,WATSON FOOD MARKET,WATSON FOOD MARKET CORP,1755,WATSON AVENUE,10472,0,,1,1200.0,other grocery,1,
2023,732845,JAC,TAQUERIA RODRIGUEZ 2,TAQUERIA RODRIGUEZ 2 CORP,1152,SHERIDAN AVENUE,10456,1800,1800.0,0,1800.0,other grocery,1,
2023,600709,JAC,FOOD TOWN,AJC FOOD MARKET CORP,4332,WHITE PLAINS RD,10466,24000,24000.0,0,24000.0,supermarket,1,
2023,750815,JAC,LITTLE YEMEN MARKET,LITTLE YEMEN WHOLESALE & RETAIL M,1887,WHITE PLAINS RD,10462,1800,1800.0,0,1800.0,other grocery,1,
2023,745193,JAC,DOMINICANO DELI,DOMINICANO DELI INC,1836,NEREID AVE,10466,800,800.0,0,800.0,convenience or deli,1,
2023,741700,JAC,EVERGREEN HALAL MEAT,MUNNA MANABRATA D,1215,GRANDVIEW PL,10452,1500,1500.0,0,1500.0,specialty,1,
2023,723207,JAC,LA ESTRELLITA MEXICAN G,LA ESTRELLITA MEXICAN GROCERY INC,213,E 198TH STREET,10458,0,,1,1200.0,other grocery,1,
2023,743716,A,LOPEZ QUICK STOP DELI,LOPEZ QUICK STOP DELI INC,651,ELTON AVE,10455,800,800.0,0,800.0,convenience or deli,1,
2023,755883,JAC,YDHNY,YDHNY INC,301,MORRIS AVENUE (IN WESTERN BEE,10451,300,300.0,0,300.0,other grocery,1,
2023,734291,A,562 MORRIS 99 CENTS PLU,562 MORRIS 99 CENTS PLUS CORP,562,MORRIS AVE,10451,1300,1300.0,0,,,0,general merchandise or dollar store
2023,719249,JAC,AL QUDS TRADING,AL QUDS TRADING CORP,1827,WHITE PLAINS RD,10462,0,,1,1200.0,other grocery,1,
2023,738206,A,FORDHAM DELI #2,FORDHAM DELI #2 CORP,2573,WEBSTER AVE,10458,1000,1000.0,0,1000.0,convenience or deli,1,
2023,727691,JAC,SUPERSTAR 1 DELI AND &,SUPERSTAR 1 DELI AND & GROCERY CO,2801,WHITE PLAINS ROAD,10467,1600,1600.0,0,1600.0,convenience or deli,1,
2023,609115,JAC,EXOTIC CONVENIENCE,WHITE PLAINS FOOD INC,3766,A WHITE PLAINS RD.,10467,1100,1100.0,0,1100.0,convenience or deli,1,
2023,733306,JAC,549 GROCERY,549 GROCERY INC,549,SOUTHERN BLVD,10455,700,700.0,0,700.0,convenience or deli,1,
2023,740648,JAC,STOP & GO 2 DELI,STOP & GO 2 DELI CORP,801,PROSPECT AVENUE,10455,2000,2000.0,0,2000.0,convenience or deli,1,
2023,703503,JAC,LOS TRES HERMANITOS DEL,LOS TRES HERMANITOS DELI GROCERY,654,MORRIS PARK AVE,10462,1100,1100.0,0,1100.0,other grocery,1,
2023,746768,A,RAW SMOKE SHOP,RAW SMOKE SHOP CORP,73,E KINGSBRIDGE RD,10468,1200,1200.0,0,,,0,food service or non-food retail
2023,740387,JAC,KELVINS DELI GROCERY,KELVINS DELI GROCERY CORP,1754,E 172ND STREET,10472,1400,1400.0,0,1400.0,convenience or deli,1,
2023,716612,A,HOT TOPIC #758,HOT TOPIC INC,200,BAYCHESTER AVE SP#221,10475,1200,1200.0,0,1200.0,other grocery,1,
2023,607547,JAC,MEGA SEAFOOD,MEGA SEAFOOD CORP,1181,MORRISON AVE,10472,1200,1200.0,0,1200.0,specialty,1,
2023,741206,JAC,35 BUS STOP DELI,35 BUS STOP DELI CORP,899,EAST 169TH STREET,10459,0,,1,1000.0,convenience or deli,1,
2023,743564,A,DARDANIA EUROPEAN MARKE,DARDANIA EUROPEAN MARKET INC,2000,CONTINENTAL AVENUE,10461,600,600.0,0,600.0,other grocery,1,
2023,737160,JAC,M & L FOOD CENTER,M & L FOOD CENTER CORP,131,TERRACE VIEW AVE,10463,0,,1,1200.0,other grocery,1,
2023,740361,JAC,WHITE PLAINS GOOD FARM,WHITE PLAINS GOOD FARM INC,3754,WHITE PLAINS ROAD,10467,1300,1300.0,0,1300.0,other grocery,1,
2023,719168,JAC,ZUBAIDI DELI GROCERY,ZUBAIDI DELI GROCERY INC,288,E 174TH ST,10457,800,800.0,0,800.0,convenience or deli,1,
2023,606071,JABC,JLT 156 FOOD,JLT 156 FOOD CORP,156,W 170TH ST,10452,8000,8000.0,0,8000.0,other grocery,1,
2023,606339,JAC,CCA FOOD,CCA FOOD CORP,1623,E 172ND ST,10472,1200,1200.0,0,1200.0,other grocery,1,
2023,715101,A,FOS MINI MARKET,FOS MINI MARKET INC,920,EAST 173RD ST,10460,1200,1200.0,0,1200.0,convenience or deli,1,
2023,607283,JAC,TONY FRUITS & GROCERY,TONY FRUITS & GROCERY CORP,1004,E 174TH ST,10460,1100,1100.0,0,1100.0,convenience or deli,1,
2023,744852,JAC,GDM DELI GROCERY,GDM DELI GROCERY INC,1026,PROSPECT AVENUE,10459,600,600.0,0,600.0,convenience or deli,1,
2023,702401,A,FANE GROCERY,FANE GROCERY INC,609,COURTLANDT AVE,10451,1300,1300.0,0,1300.0,convenience or deli,1,
2023,733031,JAC,COMPARE FOODS,151 E TREMONT FOOD CORP,151,E TREMONT AVE,10453,0,,1,8000.0,supermarket,1,
2023,603833,JAC,OWUO ENTERPRISES,OWUO ENTERPRISES INC,60,E 174TH ST,10452,1500,1500.0,0,1500.0,other grocery,1,
2023,605860,JACDK,GIORDANOS BIG G,GIORDANOS BIG G INC,1554,PAULDING AVE,10462,5000,5000.0,0,,,0,"warehouse, wholesale or plant license"
2023,745102,JAC,GOLD COAST TRADING CO,FIRST GOLD COAST CORP,3400,PARK AVE,10456,0,,1,1200.0,other grocery,1,
2023,749470,JACDK,POLLI TRADING,POLLI TRADING INC,1236,EAST GUN HILL RD,10469,0,,0,,,0,"warehouse, wholesale or plant license"
2023,715264,JAC,ESPINAL GROCERY,ESPINAL GROCERY INC,2820,MARION AVE,10458,900,900.0,0,900.0,convenience or deli,1,
2023,713714,JAC,R&M 1 DELI GROCERY,R&M 1 DELI GROCERY CORP,2425,GRAND AVE,10468,1000,1000.0,0,1000.0,convenience or deli,1,
2023,745227,A,M&S CANDY GROCERY,M&S CANDY GROCERY CORP,790,E 152 STREET,10455,600,600.0,0,600.0,convenience or deli,1,
2023,736860,A,WALGREENS #18198,WALGREEN EASTERN CO INC,1710,CROSBY AVE,10461,6000,6000.0,0,,,0,pharmacy
2023,608882,JAC,FIREHOUSE CRNR DELI GRY,FIREHOUSE CORNER DELI GRCY CORP,240,CITY ISLAND AVE,10464,800,800.0,0,800.0,convenience or deli,1,
2023,711356,JACDH,FOODFEST DEPOT,FOODFEST DEPOT LLC,500,E 132ND ST,10454,80000,80000.0,0,,,0,"warehouse, wholesale or plant license"
2023,731899,A,WHITE PLAINS DELI,WHITE PLAINS DELI CORP,2901A,WHITE PLAINS RD,10467,1000,1000.0,0,1000.0,convenience or deli,1,
2023,716130,JAC,VALENCIA BAKERY,HURRIKANE ENTERPRISES UNLIMITED L,499,E 138TH ST,10454,900,900.0,0,900.0,specialty,1,
2023,609352,JAC,180TH ST FAMILY DELI-GR,ORTIZ SANDY A,676,E 180TH,10457,1200,1200.0,0,1200.0,convenience or deli,1,
2023,733139,JAC,E & R DELI GROCERY,E & R DELI GROCERY CORP,1492,VYSE AVE,10460,2000,2000.0,0,2000.0,convenience or deli,1,
2023,753628,JAC,MI FINQUITA MINI MARKET,MI FINQUITA MINI MARKET 2 CORP,276,SAINT ANNS AVE,10454,1500,1500.0,0,1500.0,convenience or deli,1,
2023,754913,A,SAM CONVENIENT,SAM CONVENIENT INC,2420,WILLIAMSBRIDGE RD,10469,1200,1200.0,0,1200.0,other grocery,1,
2023,604037,JAC,ILIANA DELI GROCERY,ILIANA DELI GROCERY LLC,25,E 176TH ST,10453,1800,1800.0,0,1800.0,convenience or deli,1,
2023,749222,JAC,GUN HILL GOURMET,GUN HILL GOURMET CORP,234,E GUN HILL ROAD,10467,0,,1,1200.0,other grocery,1,
2023,702614,JAC,2001 GOURMET DELI,2001 GOURMET DELI INC,2001,CLINTON AVE,10457,2000,2000.0,0,2000.0,convenience or deli,1,
2023,747352,JAC,1223 IE DELI GROCERY,1223 IE DELI GROCERY CORP,1223,BOSTON RD,10456,0,,1,1000.0,convenience or deli,1,
2023,721681,JAC,FINE FARE SUPERMARKET,149 STREET FOOD CORP,459,EAST 149TH STREET,10455,0,,1,8000.0,supermarket,1,
2023,715672,JAC,FRUIT MARKET OF KINGS,FRUIT MARKET OF KINGS LLC,31-26,PERRY AVE,10467,0,,1,1200.0,specialty,1,
2023,747939,JAC,GOLDEN PRODUCE II,GOLDEN PRODUCE II LLC,2108-2110,GRA ND CONCOURSE,10457,1250,1250.0,0,1250.0,specialty,1,
2023,717416,JAC,WEBSTER ONE GOURMET DEL,WEBSTER ONE GOURMET DELI CORP,3117,WEBSTER AVE,10467,0,,1,1200.0,other grocery,1,
2023,716068,JAC,MAN BRONXWOOD DELI,MAN BRONXWOOD DELI CORP,871,E 220TH ST,10467,1000,1000.0,0,1000.0,convenience or deli,1,
2023,728955,JAC,728 EAST FOOD,728 EAST FOOD CORP,728,E 149TH STREET,10455,800,800.0,0,800.0,other grocery,1,
2023,754670,A,1 S&F DELI GROCERY,1 S&F DELI GROCERY CORP,260,BROOK AVE,10454,800,800.0,0,800.0,convenience or deli,1,
2023,603793,JAC,CRUZ FOOD MARKET,CRUZ FOOD MARKET LLC,273,E 198TH ST,10458,1200,1200.0,0,1200.0,other grocery,1,
2023,606538,JAC,FOOD BAZAAR,BOGOPA BRUCKNER INC,1630,BRUCKNER BLVD,10473,35000,35000.0,0,35000.0,supermarket,1,
2023,736230,JAC,WILTON AVE DELI & GROCE,WILTON AVE DELI & GROCERY INC,143,E 149TH STREET,10451,0,,1,1000.0,convenience or deli,1,
2023,603070,JAC,FINE FARE SUPERMARKET,1654 METROPOLITAN FOOD CORP,1654,METROPOLITAN AVE,10462,16000,16000.0,0,16000.0,supermarket,1,
2023,712097,JAC,1460 GOURMET DELI,1460 GOURMET DELI INC,1460,SOUTHERN BLVD,10460,1200,1200.0,0,1200.0,convenience or deli,1,
2023,609065,JAC,1105 TINTON DELI GRCY,1105 TINTON DELI GROCERY CORP,1105,TINTON AVE,10456,1200,1200.0,0,1200.0,convenience or deli,1,
2023,737351,JAC,JANDINGA DELI GROCERY,JANDINGA DELI GROCERY CORP,900,HOE AVENUE,10459,800,800.0,0,800.0,convenience or deli,1,
2023,742961,JAC,NY SUPERMARKET DELI,NY SUPERMARKET DELI INC,4200,BAYCHESTER AVE,10466,0,,1,8000.0,supermarket,1,
2023,738579,JAC,P AND P MEAT MARKET,P AND P MEAT MARKET INC,90,WEST 165TH STREET,10452,2000,2000.0,0,2000.0,specialty,1,
2023,711554,JAC,251 SUNSHINE DELI GROCE,251 SUNSHINE DELI GROCERY CORP,251,W 231ST ST,10463,1800,1800.0,0,1800.0,convenience or deli,1,
2023,710862,A,BEBE CONVENIENCE SHOPS,BEBE CONVENIENCE SHOPS INC,70B,EAST 184TH ST,10468,300,300.0,0,300.0,convenience or deli,1,
2023,746140,JAC,ALBEES HALAL GROCERY,ALBEES HALAL GROCERY INC,2029,WESTCHESTER AVE,10462,600,600.0,0,600.0,convenience or deli,1,
2023,746094,JAC,SOUNDVIEW DELI & MARKET,SOUNDVIEW DELI & MARKET LLC,1980,GILDERSLEEVE AVE,10473,1100,1100.0,0,1100.0,convenience or deli,1,
2023,606842,JAC,COFACI FOODS,COFACI FOODS INC,436,BROOK AVE,10454,2500,2500.0,0,2500.0,other grocery,1,
2023,716190,JAC,PIONEER,2400 C&F FOOD CORP,2400,RYER AVE,10458,9000,9000.0,0,9000.0,supermarket,1,
2023,604464,JAC,BIANCARDI MEATS,A BIANCARDI&SONS INC,2350,ARTHUR AVE,10458,2000,2000.0,0,2000.0,specialty,1,
2023,744218,JAC,UPTOWN HALAL MEAT AND F,UPTOWN HALAL MEAT AND FISH MARKET,3722,WHITE PLAINS RD,10467,1200,1200.0,0,1200.0,specialty,1,
2023,740891,JAC,POWER MART,POWER MART INC,3925,WHITE PLAINS ROAD,10466,800,800.0,0,800.0,other grocery,1,
2023,605104,JAC,MASWARAH GROCERY & DELI,MASWARAH GROCERY & DELI INC,3613,KINGSBRIDGE AVE,10463,1200,1200.0,0,1200.0,convenience or deli,1,
2023,726451,JAC,EUROPEAN GOURMET & DELI,M.A.Z.D CORP,5622,MOSHOLU AVE,10471,1000,1000.0,0,1000.0,convenience or deli,1,
2023,717914,JAC,ADOLFOS DELIGHTS,ANDREWS DELIGHTS CORP,2349,ANDREWS AVE,10468,900,900.0,0,900.0,other grocery,1,
2023,738131,JAC,MOTHERS GROCERY & DELI,MOTHERS GROCERY & DELI LLC,3019,WEBSTER AVE,10458,1000,1000.0,0,1000.0,convenience or deli,1,
2023,737531,JAC,WESTFIELD MARKET & DELI,PARATPAR INC,3202,AMPERE AVENUE,10465,1700,1700.0,0,1700.0,convenience or deli,1,
2023,741596,JAC,BEST FRESH FRUIT & FISH,BEST FRESH FRUIT & FISH MARKET CO,1392,GUN HILL ROAD,10469,0,,1,1200.0,specialty,1,
2023,748519,JACD,CONSVEESFA ENTERPRISE,CONSVEESFA ENTERPRISE INC,602,TIFFANY ST,10474,5000,5000.0,0,,,0,"warehouse, wholesale or plant license"
2023,736120,A,WALGREENS #19196,WALGREEN EASTERN CO INC,3040-44,EASTCHESTER RD,10469,0,,0,,,0,pharmacy
2023,725712,A,BEST 1 SMOKE SHOP,BEST 1 SMOKE SHOP CORP,585,E 168TH STREET,10456,700,700.0,0,,,0,food service or non-food retail
2023,743073,JAC,ARCHER CONVENIENCE STOR,FOAD MUTHANA & MOHAMAD RASHEED,1501,WHITEPLAINS ROAD,10462,0,,1,1000.0,convenience or deli,1,
2023,725544,JAC,QUICK STOP 1 MINI MARKE,QUICK STOP 1 MINI MARKET CORP,685,MORRIS PARK AVE,10462,1500,1500.0,0,1500.0,other grocery,1,
2023,608789,JAC,YAFFA DELI GROCERY,YAFFA DELI GROCERY CORP,719A,LYDIG AVE,10462,1800,1800.0,0,1800.0,convenience or deli,1,
2023,600770,JABC,FINE FARE,C & CBROTHERS OF NY,59,E 167TH ST,10452,20000,20000.0,0,20000.0,supermarket,1,
2023,755996,JAC,SHOPNO BAZAR,SHOPNO BAZAR INC,1430,ST PETERS AVE,10461,1000,1000.0,0,1000.0,other grocery,1,
2023,743101,JAC,NEW ANANSEKROM AFRICAN,NEW ANANSEKROM AFRICAN MARKET INC,504,E 180TH ST,10457,500,500.0,0,500.0,other grocery,1,
2023,725703,JAC,LUCKY DELI AND MEAT,LUCKY DELI AND MEAT CORP,523,EAST 137TH STREET,10454,0,,1,1000.0,convenience or deli,1,
2023,737508,JAC,NEW TASTE DELI,NEW TASTE DELI CORP,1888,JEROME AVENUE,10453,1000,1000.0,0,1000.0,convenience or deli,1,
2023,755224,JAC,GLOBAL GOURMET DELI,GLOBAL GOURMET DELI CORP,2109,SOUTHERN BLVD,10460,850,850.0,0,850.0,convenience or deli,1,
2023,722675,JAC,LAMBERT DELI GROCERY,LAMBERT DELI GROCERY CORP,2131,BRYANT AVENUE,10460,1000,1000.0,0,1000.0,convenience or deli,1,
2023,747622,JAC,229 MOTT HAVEN,229 MOTT HAVEN INC,229,SAINT ANNS AVE,10454,0,,1,1200.0,other grocery,1,
2023,601129,JAC,502 SOUTHERN BLVD GRCY,502 SOUTHERN BLVD GROCERY CORP,502,SOUTHERN BLVD,10455,1000,1000.0,0,1000.0,other grocery,1,
2023,705332,JAC,CO OP CITY AFRICAN MARK,CO OP CITY AFRICAN MARKET INC,2829,E EDSON AVE,10469,1200,1200.0,0,1200.0,other grocery,1,
2023,715834,JAC,BG FRUIT MARKET,BARAQUIEL GUERRERO,857,PROSPECT AVE,10459,1500,1500.0,0,1500.0,specialty,1,
2023,735503,A,157TH DISCOUNT & VARIET,157TH DISCOUNT & VARIETY INC,131,E 157TH ST,10451,900,900.0,0,,,0,general merchandise or dollar store
2023,602697,JABC,STOP&SHOP 504,STOP&SHOP SUPERMARKET CO LLC THE,691,CO-OP CITY BLVD,10475,58000,58000.0,0,58000.0,supermarket,1,
2023,752020,A,LUCKYZ CONVENIENCE,LUCKYZ CONVENIENCE CORP,218,E 170TH ST,10456,0,,1,1000.0,convenience or deli,1,
2023,609098,JAC,FRESH FOOD DELI GROCERY,TEJEDA JUAN,2179,WASHINGTON AVE,10457,891,891.0,0,891.0,convenience or deli,1,
2023,602545,JAC,KEY FOOD,BATFER FOOD CORP,256,E 167TH ST,10456,12000,12000.0,0,12000.0,supermarket,1,
2023,724700,A,1517 DELI & DISCOUNT,1517 DELI & DISCOUNT INC,1519,WESTCHESTER AVE.,10472,2000,2000.0,0,2000.0,convenience or deli,1,
2023,713802,JAC,MORRIS AVE DELI & GROCE,MORRIS AVE DELI & GROCERY CORP,928,MORRIS AVE,10451,1200,1200.0,0,1200.0,convenience or deli,1,
2023,751090,JAC,LONGWOOD FISH MARKET #1,LONGWOOD FISH MARKET #1 INC,410,E 148TH STREET,10455,0,,1,1200.0,specialty,1,
2023,751864,JAC,LA CHAPEL DELI GROCERY,LA CHAPEL DELI GROCERY CORP,3429,THIRD AVE,10456,0,,1,1000.0,convenience or deli,1,
2023,609927,JAC,C TOWN,R&E CORP,809,SOUTHERN BLVD,10459,7500,7500.0,0,7500.0,supermarket,1,
2023,604380,A,99 CENTS TEAM,DOLLAR GOAL DISCOUNT INC,870-888,HUNTS POINT AVE,10474,1100,1100.0,0,,,0,general merchandise or dollar store
2023,733557,A,NOR BRONX RIVER,NOR BRONX RIVER INC,1810,CROSS BRONX EXPRESSWAY,10472,600,600.0,0,600.0,other grocery,1,
2023,723700,A,SEHAM DISCOUNT,SEHAM ENTERPRISES INC,1811,WHITE PLAINS RD,10462,2000,2000.0,0,,,0,general merchandise or dollar store
2023,751068,JAC,RH DELI GROCERY,RH DELI GROCERY CORP,1971,GRAND AVENUE,10453,1200,1200.0,0,1200.0,convenience or deli,1,
2023,739736,JAC,1 DELI BRONX,1 DELI BRONX LLC,2897,SEDGWICK AVE,10468,0,,1,1000.0,convenience or deli,1,
2023,750779,JAC,MAXX GROCERY MARKET,MAXX MINI MARKET LLC,759,GERARD AVENUE,10451,0,,1,1000.0,convenience or deli,1,
2023,735951,A,COUSINS MEATS AND FISH,COUSINS MEATS AND FISH MARKET LLC,1443,WEBSTER AVE #A,10456,800,800.0,0,800.0,specialty,1,
2023,752187,JAC,2708 GOURMET DELI,2708 GOURMET DELI CORP,2708,E TREMONT AVE,10461,1100,1100.0,0,1100.0,convenience or deli,1,
2023,703183,A,FAMILY DEAL DISCOUNT,FAMILY DEAL DISCOUNT INC,18,W FORDHAM RD,10468,2500,2500.0,0,,,0,general merchandise or dollar store
2023,607802,JAC,ULTIMATE GAS,WEST GAS INC,2276,WESTCHESTER AVE,10462,700,700.0,0,,,0,gas station
2023,605982,A,JD CONVENIENCE STORE,JD CONVENIENCE STORE LLC,5595,BROADWAY,10463,1800,1800.0,0,1800.0,convenience or deli,1,
2023,604998,A,RITE AID PHARMACY 02669,RITE AID OF NEW YORK INC,2063,BARTOW AVE,10475,4000,4000.0,0,,,0,pharmacy
2023,728438,A,ALI & SON CANDY & GROCE,ALI & SON CANDY & GROCERY CORP,738,EAST 182ND STREET,10457,700,700.0,0,700.0,convenience or deli,1,
2023,744891,JAC,FOOD UNIVERSE,2080 MARKET CORP,2080-2082,WHITE PLAINS RD,10462,0,,1,8000.0,supermarket,1,
2023,738680,JAC,N & Y CLASSIC DELI,N & Y CLASSIC DELI INC,3155,VILLA AVE,10468,900,900.0,0,900.0,convenience or deli,1,
2023,753981,JAC,ALIAS DELI GROCERY,ALIAS DELI GROCERY CORP,1918,LACOMBE AVE,10473,1000,1000.0,0,1000.0,convenience or deli,1,
2023,606690,JAC,F&K FOOD CENTER,F&K FOOD CENTER CORP,2837-2839,GRAND CONCOURSE,10468,2000,2000.0,0,2000.0,other grocery,1,
2023,734580,JAC,CASTILLO DELI MINI MARK,CASTILLO DELI MINI MARKET INC,2239,ADAMS PLACE,10457,450,450.0,0,450.0,convenience or deli,1,
2023,749018,A,LIVEWELL PHARMACY,LIVEWELL PHARMACY INC,1432E,GUNHILL ROAD,10469,0,,0,,,0,pharmacy
2023,608578,JAC,BRONX VIEW DELI & GROCE,BRONX VIEW DELI & GROCERY INC,717,ALLERTON AVE,10467,1200,1200.0,0,1200.0,convenience or deli,1,
2023,710899,JAC,S&H FRUIT AND VEGETABLE,S&H FRUIT AND VEGETABLE INC,731,E TREMONT AVE,10457,700,700.0,0,700.0,specialty,1,
2023,716899,JAC,2918 GAS,2918 GAS CORP,2918,BOSTON RD,10469,0,,0,,,0,gas station
2023,714883,JAC,QUALITY 99 CENTS STORE,QUALITY 99 CENTS STORE INC,286,E 204TH ST,10467,4000,4000.0,0,,,0,general merchandise or dollar store
2023,715006,JAC,LA FAMILIA DELI MARKET,LA FAMILIA DELI MARKET CORP,281,EAST 170TH ST,10456,1800,1800.0,0,1800.0,convenience or deli,1,
2023,752389,JAC,DAVIEL DELI GROCERY,DAVIEL DELI GROCERY CORP,740,GERARD AVENUE,10451,0,,1,1000.0,convenience or deli,1,
2023,740367,JAC,PILILA DELI GROCERY,PILILA DELI GROCERY CORP,89-91,W 170TH STREET,10452,1200,1200.0,0,1200.0,convenience or deli,1,
2023,747919,JAC,SANTANA DELI GROCERY,SANTANA DELI GROCERY CORP,837,HOME ST,10459,0,,1,1000.0,convenience or deli,1,
2023,721868,JAC,C-TOWN,PONGO FOOD CORP,3690,THIRD AVENUE,10456,6000,6000.0,0,6000.0,supermarket,1,
2023,738591,JAC,2193 DELI GROCERY MARKE,2193 DELI GROCERY MARKET INC,2193,GRAND CONCOURSE,10453,0,,1,1000.0,convenience or deli,1,
2023,755702,JAC,TWIN CORNER DELI GROCER,TWIN CORNER DELI GROCERY CORP,809,E 156TH ST.,10455,0,,1,1000.0,convenience or deli,1,
2023,605382,A,BP GAS STATION,NURI FOOD SHOP INC,836,E 233RD ST,10466,500,500.0,0,,,0,gas station
2023,755347,JAC,A&Y DELI,A&Y DELI CORPORATION,73,WESTCHESTER SQUARE,10461,0,,1,1000.0,convenience or deli,1,
2023,718452,JAC,LA REYNA DE WESTCHESTER,LA REYNA DE WESTCHESTER DELI GROC,1218,WESTCHESTER AVE,10459,0,,1,1200.0,other grocery,1,
2023,609108,A,DOLLAR EXPO,DOLLAR EXPO LLC,1750,JEROME AVE,10453,5000,5000.0,0,,,0,general merchandise or dollar store
2023,741657,JAC,FOOD BAZAAR,BOGOPA BTM LLC,610,EXTERIOR STREET,10451,83000,83000.0,0,83000.0,supermarket,1,
2023,753779,JAC,163RD DELI GROCERY,163RD DELI GROCERY CORP,928,MORRIS AVE,10451,0,,1,1000.0,convenience or deli,1,
2023,748420,JAC,NEW JUABEN AFRICAN MKT,NEW JUABEN AFRICAN MKT LLC,4234,WHITE PALINS RD,10466,0,,1,1200.0,other grocery,1,
2023,715873,JAC,VARGAS MEAT MARKET,VARGAS MEAT MARKET CORP,1531,WATSON AVE,10472,800,800.0,0,800.0,specialty,1,
2023,747060,JAC,WHOLESOME DELI GROCERY,WHOLESOME DELI GROCERY CORP,49,W 181 STREET,10453,600,600.0,0,600.0,convenience or deli,1,
2023,713763,JAC,ARMEND MEAT MARKET,ARMEND MEAT MARKET CORP,91,W FORDHAM RD,10468,800,800.0,0,800.0,specialty,1,
2023,720283,JAC,EL FLACO GROCERY STORE,EL FLACO GROCERY STORE NO 2 INC,804,E 178TH STREET,10460,0,,1,1000.0,convenience or deli,1,
2023,746090,JAC,1665 JUSTIN DELI & GROC,1665 JUSTIN DELI & GROCERY CORP,1665,TOPPING AVE,10457,1200,1200.0,0,1200.0,convenience or deli,1,
2023,752021,JAC,BOTANICAL MARKET,JK BOTANICAL MARKET INC,2220,BOSTON ROAD,10467,0,,1,1200.0,other grocery,1,
2023,748083,JAC,JVY DELI GROCERY,JVY DELI GROCERY CORP,1685,UNIVERSITY AVENUE,10453,0,,1,1000.0,convenience or deli,1,
2023,752469,JAC,DUA GOURMET MARKET,ILLYRIA GOURMET MARKET LLC,2344,ARTHUR AVENUE. STORE #6,10458,800,800.0,0,800.0,other grocery,1,
2023,745556,JAC,BRONX DELI GROCERY,BRONX DELI GROCERY CORP,285,E 165TH ST,10456,1200,1200.0,0,1200.0,convenience or deli,1,
2023,730638,JAC,MERRIAM FOOD CENTER,MERRIAM FOOD CENTER CORP,1440,UNIVERSITY AVENUE,10452,900,900.0,0,900.0,other grocery,1,
2023,736442,JAC,J & R SUPER DELI GROCER,J & R SUPER DELI GROCERY CORP,1292,WASHINGTON AVENUE,10456,1500,1500.0,0,1500.0,convenience or deli,1,
2023,608248,JAC,ALESRAA HALAL MEAT MRKT,ALESRAA HALAL MEAT MARKET INC,1903,WHITE PLAINS RD,10462,1000,1000.0,0,1000.0,specialty,1,
2023,603058,JAC,520 EAST GROCERY,520 EAST GROCERY CORP,520-522,BROOK AVE,10455,1200,1200.0,0,1200.0,convenience or deli,1,
2023,740178,JAC,ALANNA GROCERY STORE,ALANNA GROCERY STORE INC,342,DEVOE AVENUE,10460,1700,1700.0,0,1700.0,convenience or deli,1,
2023,745662,A,RISAS BROADWAY DISCOUNT,RISAS TRADING CORP,5657A,BROADWAY,10463,1000,1000.0,0,,,0,general merchandise or dollar store
2023,755042,A,AMAZING VALUES,ALAWDI ALI K & WADDAH,2383,WESTCHESTER AVE,10461,1300,1300.0,0,1300.0,other grocery,1,
2023,752467,JAC,BRONX DELI MART,BRONX DELI MART CORP,834,OLMSTED AVE,10473,1000,1000.0,0,1000.0,convenience or deli,1,
2023,601041,JABC,BILLYS DELI&GROCERY STR,GONZALEZ BILLY G,83,W FORDHAM RD,10468,1500,1500.0,0,1500.0,convenience or deli,1,
2023,741383,A,188 GROCERY,188 GROCERY CORP,163A,E 188TH ST,10468,500,500.0,0,500.0,convenience or deli,1,
2023,705830,A,174 GROCERY,SALEH ALAWALQI,927,174TH ST,10460,75,,1,1000.0,convenience or deli,1,
2023,728049,A,A & G DELI GROCERY III,A & G DELI GROCERY III CORP,948,E 163RD ST,10459,1200,1200.0,0,1200.0,convenience or deli,1,
2023,753606,JAC,SHOP FAIR SUPERMARKET,207 MEAT CORP,3917,WHITE PLAINS RD,10466,0,,1,8000.0,supermarket,1,
2023,736441,JAC,SWEENEYS DELI,OCEAN VIEW DELI GROCERY CORP,3136,MILES AVENUE,10465,900,900.0,0,900.0,convenience or deli,1,
2023,731582,JAC,LA PLACITA FRUIT AND DE,LA PLACITA FRUIT AND DELI CORP,777,ELTON AVE,10451,0,,1,1200.0,specialty,1,
2023,607324,A,FAMILY DOLLAR #5364,FAMILY DOLLAR STORES OF NY INC,2105,CLINTON AVE,10457,4000,4000.0,0,,,0,general merchandise or dollar store
2023,749729,JAC,C&L DELI GROCERY,C&L DELI GROCERY CORP,190,WEST TREMONT AVE,10453,1000,1000.0,0,1000.0,convenience or deli,1,
2023,705348,JAC,MAR FRUIT MARKET & DELI,MAR FRUIT MARKET&DELI CORP,2445A,CRESTON AVE,10468,500,500.0,0,500.0,convenience or deli,1,
2023,609116,JAC,LUPITAS MEXICAN GROCERY,LUPITAS MEXICAN GROCERY INC,9,E GUN HILL ROAD,10467,1000,1000.0,0,1000.0,convenience or deli,1,
2023,600580,JAC,MATA E CANA DELI & GRCY,GOMEZ EDWARD,911,E 156TH ST,10455,1500,1500.0,0,1500.0,convenience or deli,1,
2023,712305,JAC,COLLAGE AVENUE DELI & M,COLLAGE AVE DELI & MARKETS INC,288,EAST 168TH ST,10456,0,,1,1000.0,convenience or deli,1,
2023,601293,JAC,VAN VAN GROCERY,VAN VAN GROCERY CORP,523,VAN NEST AVE.,10460,1500,1500.0,0,1500.0,convenience or deli,1,
2023,605320,JAC,RANDAZZOS FISH MARKET,RANDAZZOS SEAFOOD INC,2327,ARTHUR AVE,10458,800,800.0,0,800.0,specialty,1,
2023,712691,JAC,ALEX FOOD II,ALEX FOOD II CORP,1615,UNIVERSITY AVE,10453,2400,2400.0,0,2400.0,other grocery,1,
2023,734246,JAC,MARRAN CONVENIENT DELI,MARRAN CONVENIENT DELI CORP,8,E MT EDEN AVE,10452,1100,1100.0,0,1100.0,convenience or deli,1,
2023,609226,JAC,BONOFUL GROCERY,BONOFUL GROCERY INC,7,E 182ND ST,10453,1200,1200.0,0,1200.0,convenience or deli,1,
2023,710098,JACD,EMERALD FOOD,EMERALD FOOD LLC,2711,BRIGGS AVE,10458,2000,2000.0,0,,,0,"warehouse, wholesale or plant license"
2023,752490,JAC,809 FAMILY DELI,809 FAMILY DELI CORP,809,E 156TH ST,10455,0,,1,1000.0,convenience or deli,1,
2023,607841,JAC,C TOWN,HJ FAMILY FOOD CORP,1580,UNION PORT RD,10462,12000,12000.0,0,12000.0,supermarket,1,
2023,732828,JAC,TU MUNDO DELI GROCERY,TU MUNDO DELI GROCERY CORP,860,EAST 180TH STREET,10460,1300,1300.0,0,1300.0,convenience or deli,1,
2023,729963,A,243 VALENTINE DISCOUNT,243 VALENTINE DISCOUNT INC,243,E 198TH ST,10458,0,,0,,,0,general merchandise or dollar store
2023,740991,JAC,LOS CANE DELI GROCERY,LOS CANE DELI GROCERY CORP,12-14,E 199TH STREET,10468,500,500.0,0,500.0,convenience or deli,1,
2023,751490,A,BROOK AVE CONVENIENCE,BROOK AVE CONVENIENCE CORP,487,BROOK AVE,10455,0,,1,1000.0,convenience or deli,1,
2023,747358,JAC,361 DELI GROCERY,361 DELI GROCERY LLC,361,E 204 STREET,10467,0,,1,1000.0,convenience or deli,1,
2023,752385,JAC,CALLOS MEAT MARKET,CALLOS MEAT MARKET CORP,3933,WHITE PLAINS RD,10456,0,,1,1200.0,specialty,1,
2023,605288,JAC,BANESA DELI GROCERY 2,RODRIGUEZ BANESA,2007,ANTHONY AVE,10457,700,700.0,0,700.0,convenience or deli,1,
2023,607764,JAC,ASSOCIATED,WEST EAST FOOD CORP,35,RICHMAN PLAZA,10453,20000,20000.0,0,20000.0,supermarket,1,
2023,608595,JAC,635 GOURMET EXPRESS DEL,635 GOURMET EXPRESS DELI INC,635,E 169TH ST,10456,1200,1200.0,0,1200.0,other grocery,1,
2023,719254,JAC,CAMILOS DELI NO 2,CAMILOS DELI NO 2 CORP,610,CASTLE HILL AVE,10473,1200,1200.0,0,1200.0,convenience or deli,1,
2023,736110,A,WALGREENS #18988,WALGREENS EASTERN CO INC,2750,BOSTON RD,10469,0,,0,,,0,pharmacy
2023,732309,JAC,LATIN DELI GROCERY,LATIN DELI GROCERY LLC,1700,ZEREGA AVENUE,10462,1200,1200.0,0,1200.0,convenience or deli,1,
2023,751642,JAC,OCK EXOTIC DELI,OCK EXOTIC DELI CORP,732-734,ASTOR AVE,10467,0,,1,1000.0,convenience or deli,1,
2023,748258,JAC,TEMPTATION DELI,MVT MARKETING INC,2851,WEBSTER AVE,10458,0,,1,1000.0,convenience or deli,1,
2023,720851,JAC,2 & 5 LINE DELI GROCERY,2 & 5 LINE DELI GROCERY INC,2196,WHITE PLAINS RD,10462,1200,1200.0,0,1200.0,convenience or deli,1,
2023,609239,JAC,MORENITA DELI&GROCERY,MORENITA  DELI & GROCERY CORP,1274,BRONX RIVER AVE,10472,700,700.0,0,700.0,convenience or deli,1,
2023,748045,JAC,KIMS FISH MARKET,BRONX FISH MARKET INC,555,MORRIS AVE,10451,0,,1,1200.0,specialty,1,
2023,740457,JAC,PALMAS MEAT MARKET,PALMAS MEAT MARKET CORP,1541,WESTCHESTER AVE,10472,500,500.0,0,500.0,specialty,1,
2023,740112,JAC,MI COMPADRE DELI GROCER,MI COMPADRE DELI GROCERY CORP,16,EAST 213TH STREET,10467,1200,1200.0,0,1200.0,convenience or deli,1,
2023,754277,A,FAMILY 2 CANDY AND GROC,FAMILY 2 CANDY AND GROCERY CORP,287,E 170TH ST,10456,0,,1,1000.0,convenience or deli,1,
2023,736895,A,WALGREENS #19889,WALGREEN EASTERN CO INC,32,E 170TH ST,10452,0,,0,,,0,pharmacy
2023,607590,JACD,IMPORT&EXPORT FAL,FAL AISSATOU,1466,INWOOD AVE,10452,250,250.0,0,,,0,"warehouse, wholesale or plant license"
2023,722714,JAC,JOEY EXPRESS,JOEY EXPRESS DELI INC,1951,SOUTHERN BLVD,10460,1000,1000.0,0,1000.0,other grocery,1,
2023,755426,JAC,SOLUTION DELI GROCERY,SOLUTION DELI GROCERY CORP,305,E 166TH STREET,10456,1000,1000.0,0,1000.0,convenience or deli,1,
2023,704851,JAC,SHELL SERVICE STATION,FAIRFIELD FOOD INC,2525,3RD AVE,10451,1200,1200.0,0,,,0,gas station
2023,744657,JAC,MOMMY JAMAICAN MARKET 1,MOMMY JAMAICAN MARKET 1 CORP,3508,WHITE PLAINS ROAD,10467,2000,2000.0,0,2000.0,other grocery,1,
2023,749519,JAC,TOP GOURMET DELI,TOP GOURMET DELI INC,3506,WHITE PLAINS RD,10467,0,,1,1000.0,convenience or deli,1,
2023,602448,JAC,LUCKY LELAND,LUCKY LELAND CORP,1859,ARCHER ST,10460,1600,1600.0,0,1600.0,other grocery,1,
2023,746117,JAC,JOHARA PRODUCE,JOHARA PRODUCE CORP,350,E GUN HILL RD,10467,0,,1,1200.0,specialty,1,
2023,751125,JAC,TINOS SEAFOOD,TINOS SEAFOOD LTD,540,WEST 235TH STREET,10463,0,,1,1200.0,specialty,1,
2023,733142,JAC,GARDEN FRESH GOURMET,GARDEN FRESH GOURMET DELI CORP,969,MORRIS PARK AVENUE,10462,2500,2500.0,0,2500.0,other grocery,1,
2023,748813,JAC,ECUATORIANITAS DELI,ECUATORIANITAS DELI CORP,978,LONGWOOD AVE,10459,0,,1,1000.0,convenience or deli,1,
2023,725571,JAC,BAEZ DELI GROCERY,BAEZ DELI GROCERY CORP,751,HOME STREET,10456,0,,1,1000.0,convenience or deli,1,
2023,755956,A,165 CONVENIENCE,165 CONVENIENCE CORP,200,E 165TH STREET,10456,800,800.0,0,800.0,convenience or deli,1,
2023,607315,JAC,TU GENTE DELI & GROCERY,TU GENTE DELI & GROCERY CORP,1801,UNIVERSITY AVE,10453,1500,1500.0,0,1500.0,convenience or deli,1,
2023,734568,JAC,LOS MOROCHOS,LOS MOROCHOS GROCERY STORE INC,1973,WALTON AVENUE,10453,1000,1000.0,0,1000.0,other grocery,1,
2023,725221,JAC,MUSA GOURMET DELI,MUSA GOURMET DELI CORP,1211,JEROME AVE,10452,2400,2400.0,0,2400.0,convenience or deli,1,
2023,608131,A,STAR DRUG,STAR TREK PHARMACY INC,57,EAST KINGSBRIDGE RD,10468,2500,2500.0,0,,,0,pharmacy
2023,720269,JAC,SPEEDWAY #07599,SPEEDWAY LLC,610,NERIED AVE,10470,800,800.0,0,,,0,gas station
2023,603147,JAC,2690 GROCERY,2690 GROCERY CORP,2690,3RD AVE,10454,4000,4000.0,0,4000.0,convenience or deli,1,
2023,728579,JAC,REGINA MEAT&DELI GROCER,REGINA MEAT&DELI GROCERY INC,1801,WESTCHESTER AVE,10472,1200,1200.0,0,1200.0,convenience or deli,1,
2023,752701,JAC,MANNY & SAMMY DELI GROC,MANNY & SAMMY DELI GROCERY CORP,2009,CRUGER AVENUE,10462,700,700.0,0,700.0,convenience or deli,1,
2023,608983,JAC,REAL SUPERMARKET,PROSPECT SUPERMARKET OF NY INC,795,PROSPECT AVE,10455,4000,4000.0,0,4000.0,supermarket,1,
2023,717495,JAC,ADAMS DELI,AHMED ADAM,239,BEDFORD PK BLVD,10458,700,700.0,0,700.0,convenience or deli,1,
2023,608950,JAC,HA-MAKOLET (SHOSHI MARK,U&S ALLON LLC,3714,RIVERDALE AVE,10463,3000,3000.0,0,3000.0,other grocery,1,
2023,710374,JAC,I & C MEAT MARKET,I & C MEAT MARKET INC,541,EAST 183RD ST.,10458,1000,1000.0,0,1000.0,specialty,1,
2023,607759,JAC,7 ELEVEN 39084A,SS ENTERPRISES NY INC,577,GRAND CONCOURSE AVE,10451,2000,2000.0,0,2000.0,convenience or deli,1,
2023,748738,JAC,LILIS DELI GROCERY,LILIS DELI GROCERY CORP,995,"KELLY STREET, STORE 16",10459,600,600.0,0,600.0,convenience or deli,1,
2023,708878,JAC,ALEX MINI MARKET,ALEX MINI MARKET CORP,2865,WHITE PLAINS RD,10467,1100,1100.0,0,1100.0,convenience or deli,1,
2023,726039,JAC,165 STREET MARKET,CHOI HAE S,245,EAST 165TH STREET,10456,2200,2200.0,0,2200.0,other grocery,1,
2023,704115,A,VALUE DISCOUNT,VALUE DISCOUNT OF 237 INC,4366,WHITE PLAINS RD,10466,900,900.0,0,,,0,general merchandise or dollar store
2023,601536,JAC,FINE FARE SUPERMARKET,EAST 233 FOOD CORP,1197-99,E 233RD ST,10466,14000,14000.0,0,14000.0,supermarket,1,
2023,708028,JAC,PARADISE MEAT,PARADISE MEAT CORP,2476,WILLIAMS BRIDGE RD,10469,6500,6500.0,0,6500.0,specialty,1,
2023,609583,JAC,2300 DELI,2300 DELI CORP,2300,CROTONA AVE,10458,2000,2000.0,0,2000.0,convenience or deli,1,
2023,741936,A,J&C GAS & AUTO REPAIR,J&C GAS & AUTO REPAIR INC,1198,EAST TREMONT AVE,10460,500,500.0,0,,,0,gas station
2023,605067,A,CVS PHARMACY 7067,CVS ALBANY LLC,1916,WILLIAMSBRIDGE RD,10461,6000,6000.0,0,,,0,pharmacy
2023,604004,JAC,SALGADOS SUPERETTE,SALGADO JOSE A,1131,W FARMS RD,10459,650,650.0,0,650.0,other grocery,1,
2023,718839,JAC,323 GUN HILL DELI,323 GUN HILL DELI & GROCERY CORP,323,E GUN HILL ROAD,10467,1200,1200.0,0,1200.0,convenience or deli,1,
2023,731782,JAC,KADIJA SUPERMARKET,KADIJA SUPERMARKET INC,1034,MORRIS AVE,10456,1200,1200.0,0,1200.0,supermarket,1,
2023,607007,A,ROSA FRASCA GROCERY,FRASCA ROSA,1028,MORRIS PARK AVE,10461,2000,2000.0,0,2000.0,convenience or deli,1,
2023,741359,JAC,WALLYS DELI,WALLYS DELI CORP,664,E 233 STREET,10466,0,,1,1000.0,convenience or deli,1,
2023,714220,A,M & K 99 CENTS PLUS,KONATEH MUSTAPHA,776,MELROSE AVE,10451,1800,1800.0,0,,,0,general merchandise or dollar store
2023,727181,JAC,RED APPLE DELI,RED APPLE DELI CORP,294,E 204TH STREET,10467,1100,1100.0,0,1100.0,convenience or deli,1,
2023,604311,JAC,1359 OGDEN GROCERY,1359 OGDEN GROCERY CORP,1359,OGDEN AVE,10452,2500,2500.0,0,2500.0,convenience or deli,1,
2023,741143,JAC,EDWIN DELI GROCERY 1,EDWIN DELI GROCERY 1 CORP,1151,OLMSTEAD AVE,10472,1500,1500.0,0,1500.0,convenience or deli,1,
2023,608331,JAC,PECHAMBAY MINI MART,JHER INC,3287A,WESTCHESTER AVE,10461,1000,1000.0,0,1000.0,convenience or deli,1,
2023,732833,JAC,838 180TH DELI GROCERY,838 180TH DELI GROCERY CORP,838,E 180TH STREET,10460,750,750.0,0,750.0,convenience or deli,1,
2023,742674,JAC,KN MARKET,KN MARKET INC,9,KNOLLS CRESENT,10463,0,,1,1200.0,other grocery,1,
2023,715688,JAC,AMBER DELI GROCERY,AMBER DELI GROCERY CORP,565,PROSPECT AVE,10455,1000,1000.0,0,1000.0,convenience or deli,1,
2023,751495,A,SMA GROCERY,SMA GROCERY CORPORATION,4643,WHITE PLAINS RD,10470,700,700.0,0,700.0,convenience or deli,1,
2023,743956,JAC,C-TOWN/YOUNG'S MARKET,DRAGONFLY MARKET CORP,154,E 170TH ST.,10452,1200,1200.0,0,1200.0,supermarket,1,
2023,705744,JAC,SOUNDVIEW 99CENT PLUS,SOUNDVIEW  99CENT PLUS INC,253-263,SOUNDVIEW AVENUE,10473,2000,2000.0,0,,,0,general merchandise or dollar store
2023,739014,JAC,JB GOURMET DELI,JB GOURMET DELI CORP,1822-1824,ARCHER STREET,10460,0,,1,1000.0,convenience or deli,1,
2023,745532,JAC,PIONEER SUPERMARKET,RJ CASTLE HILL FOOD CORP,1345,CASTLE HILL AVE,10462,85000,85000.0,0,85000.0,supermarket,1,
2023,745842,JAC,ANGEL'S COFFEE DELI GRO,ANGELS COFFEE DELI GROCERY CORP,250,E BURNSIDE AVE STORE #7,10457,1100,1100.0,0,1100.0,convenience or deli,1,
2023,743421,A,AAA 99 CENTS,210 FOOD CORP,210,E 188TH ST,10458,2000,2000.0,0,,,0,general merchandise or dollar store
2023,735258,JAC,LEIDY MINI MARKET,LEIDY MINI MARKET INC,31-33,E VAN CORTLAND AVENUE,10468,2000,2000.0,0,2000.0,convenience or deli,1,
2023,730503,A,DOLLAR GENERAL # 19207,DOLGEN NEW YORK LLC,2500,WHITE PLAINS RD,10467,7800,7800.0,0,,,0,general merchandise or dollar store
2023,724314,JAC,FIVE BROTHERS DELI GROC,FIVE BROTHERS DELI GROCERY CORP,788,EAST 214TH ST,10467,1000,1000.0,0,1000.0,convenience or deli,1,
2023,738423,JAC,MOSES DELI GROCERY,MOSES DELI GROCERY INC,3438,BOSTON ROAD,10469,0,,1,1000.0,convenience or deli,1,
2023,748069,JAC,4577 YAMILKA DELI GROCE,4577 YAMILKA DELI GROCERY CORP,4577,MATILDA AVENUE,10470,1300,1300.0,0,1300.0,convenience or deli,1,
2023,732196,JAC,901 GOURMET DELI,901 GOURMET DELI CORP,901,SOUTHERN BLVD,10459,1000,1000.0,0,1000.0,convenience or deli,1,
2023,739456,JAC,GOLDEN STAR GOURMET,GOLDEN STAR GOURMET CORP,3511,EAST TREMONT AVENUE,10465,500,500.0,0,500.0,other grocery,1,
2023,601816,JAC,A&A EXPRESS DELI&GRCY,AHMED ALI M&ABDO M,3101,WESTCHESTER AVE,10461,1100,1100.0,0,1100.0,convenience or deli,1,
2023,609064,JAC,MOBIL MART,M&I PETROLEUM CORP,688,E GUNHILL RD,10467,2200,2200.0,0,,,0,gas station
2023,712256,JAC,DYRE FISH MARKET,DYRE FISH MARKET CORP,3901,DYRE AVE,10466,2125,2125.0,0,2125.0,specialty,1,
2023,754765,JAC,ZEREGA MINI MARKET,WZ DELI MINI MARKET INC,2366,WESTCHESTER AVE,10462,1200,1200.0,0,1200.0,convenience or deli,1,
2023,756026,JAC,Z DELI,Z DELI CORP,99,E 198TH STREET,10468,0,,1,1000.0,convenience or deli,1,
2023,603092,JABK,TERRANOVA BAKERY,TERRANOVA BREAD INC,691,E 187TH ST,10458,2000,2000.0,0,2000.0,specialty,1,
2023,752311,JAC,MARVIN'S GOURMET DELI,MARVINS GOURMET DELI INC,1963,GRAND CONCOURSE A,10453,0,,1,1000.0,convenience or deli,1,
2023,600205,JAC,CARINO GROCERY,CARINO DELI GROCERY CORP,643,E 182ND ST.,10457,1200,1200.0,0,1200.0,convenience or deli,1,
2023,749902,JAC,BROTHER PRODUCE FARM,BROTHER PRODUCE FARM CORP,1154,E GUN HILL RD,10469,2400,2400.0,0,2400.0,specialty,1,
2023,604092,JAC,FOODTOWN  #647,C MARKET FOOD CORP,3734-36,WHITE PLAINS RD,10467,8000,8000.0,0,8000.0,supermarket,1,
2023,751094,JAC,CROTONA DELI GROCERY,CROTONA DELI GROCERY CORP,715,E 187TH ST.,10458,0,,1,1000.0,convenience or deli,1,
2023,740318,JAC,HUNTS POINT FINEST DELI,HUNTS POINT FINEST DELI CORP,1101,GARRISON AVE,10474,800,800.0,0,800.0,convenience or deli,1,
2023,608451,JAC,219 FISH MARKET,219 FISH MARKET INC,219,ST ANNS AVE,10454,900,900.0,0,900.0,specialty,1,
2023,712505,JAC,PAL DELI AND GROCERY,PAL DELI AND GROCERY INC,3438,E TREMONT AVE,10465,1000,1000.0,0,1000.0,convenience or deli,1,
2023,737992,JAC,LUCERO BAKERY,LUCERO BAKERY  CORP,2392,ARTHUR AVE,10458,1200,1200.0,0,1200.0,specialty,1,
2023,725779,JAC,DARU SALAM FOOD & MEAT,DARU SALAM FOOD & MEAT MARKET INC,669,ELTON AVE,10455,0,,1,1200.0,specialty,1,
2023,752767,JAC,M&M PRODUCE,M&M PRODUCE CORP,576,MORRIS PARK AVE,10460,1600,1600.0,0,1600.0,specialty,1,
2023,747049,JAC,FAMOUS GOURMET AND GRIL,FAMOUS GOURMET AND GRILL CORP,772,HUNTS POINT AVENUE,10474,1100,1100.0,0,1100.0,other grocery,1,
2023,714528,JAC,1890 DELI GROCERY,1890 DELI GROCERY CORP,1890,ARCHER ST.,10462,1000,1000.0,0,1000.0,convenience or deli,1,
2023,600057,JABCHK,S&S CHEESECAKE,S&S CHEESECAKE INC,222,W 238TH ST,10463,4000,4000.0,0,,,0,"warehouse, wholesale or plant license"
2023,737254,A,NW COOP CITY,NW COOP CITY INC,691,COOP CITY BLVD,10475,50000,50000.0,0,50000.0,other grocery,1,
2023,745575,JAC,MR CHOPPED CHEESE & GRO,MR CHOPPED CHEESE & GROCERY CORP,53,W FORDHAM RD,10468,1000,1000.0,0,1000.0,specialty,1,
2023,735764,JAC,ALBANIAN MARKET & DELI,ALBANIAN MARKET & DELI CORP,2009,WILLIAMSBRIDGE RD,10461,600,600.0,0,600.0,convenience or deli,1,
2023,753323,A,CAZARES GROCERY,CAZARES JUANA,344,E 148TH ST,10451,0,,1,1000.0,convenience or deli,1,
2023,752131,JAC,AL ZAID DELI & GROCERY,AL ZAID DELI & GROCERY CORP,1539,WESTCHESTER AVE,10472,1800,1800.0,0,1800.0,convenience or deli,1,
2023,731244,JAC,ISMAIL DELI GROCERY,ISMAIL DELI GROCERY CORP,2026,LAFONTAINE AVENUE,10457,1200,1200.0,0,1200.0,convenience or deli,1,
2023,722504,JAC,CRYSTAL JAIDA GROCERY,CRYSTAL JAIDA GROCERY CORP,1090,LONGFELLOW AVE,10459,1000,1000.0,0,1000.0,convenience or deli,1,
2023,735773,A,ZIG & ZAG CANDY STORE,ZIG & ZAG CANDY CORP,896,MELROSE AVE,10451,850,850.0,0,850.0,convenience or deli,1,
2023,710841,JAC,MYKONOS FOOD,MYKONOS FOOD CORP,216,E 175TH ST,10457,0,,1,1200.0,other grocery,1,
2023,603788,JAC,VASQUEZ DELI GROCERY,VASQUEZ FELIX B,1959,CLINTON AVE,10457,1500,1500.0,0,1500.0,convenience or deli,1,
2023,607931,JAC,H&M FOOD CORP,H&M FOOD CORP I,131,EINSTEIN LOOP,10475,2000,2000.0,0,2000.0,other grocery,1,
2023,605622,JAC,FINE FARE SUPERMARKET,2556 BOSTON FOOD CORP,2556,BOSTON RD,10467,20000,20000.0,0,20000.0,supermarket,1,
2023,720545,JAC,RICHY DELI GROCERY,RICHY DELI GROCERY CORP,2334,WASHINGTON AVE,10458,1000,1000.0,0,1000.0,convenience or deli,1,
2023,744788,JAC,ANTILLANA 167 FRUIT&VEG,ANTILLANA 167 FRUIT&VEGETABLES IN,212,167TH ST,10456,3000,3000.0,0,3000.0,specialty,1,
2023,748879,A,BEST 99C DISCOUNT & HAR,BEST 99C DISCOUNT & HARDWHERE INC,695,E GUN HILL RD,10467,0,,0,,,0,general merchandise or dollar store
2023,743364,A,RIVERDALE VAPE & CANDY,RIVERDALE VAPE & CANDY SHOP INC,215,W 231ST STREET,10463,0,,0,,,0,food service or non-food retail
2023,727310,JAC,JB GAS & FOOD,JB FUEL CORP,2947,JEROME AVE,10468,1200,1200.0,0,,,0,gas station
2023,731107,A,CO2 TOBACCO CANDY,CO2 TOBACCO CANDY CORP,2278,JEROME AVE,10453,750,750.0,0,,,0,food service or non-food retail
2023,728657,JAC,MOJALI DELI & GROCERY,MOJALI DELI & GROCERY INC,664,E 187TH STREET,10458,0,,1,1000.0,convenience or deli,1,
2023,718204,JAC,EDIBLE ARRANGEMENTS,MOS DISA CORP,3530,JOHNSON AVE,10463,0,,0,,,0,food service or non-food retail
2023,736966,JAC,ISAAC FISH MARKET,ISAAC FISH MARKET INC,28,W BURNSIDE AVE,10453,750,750.0,0,750.0,specialty,1,
2023,730403,JAC,FRESH MARKET DELI,FRESH MARKET DELI INC,1690,GLEASON AVE,10472,2500,2500.0,0,2500.0,supermarket,1,
2023,746792,JAC,3720 DELI AND GRILL,3720 DELI AND GRILL CORP,3720,3RD AVE,10456,0,,1,1000.0,convenience or deli,1,
2023,728588,JAC,PEGHES DELI & GROCERY,PEGHES DELI & GROCERY INC,3273,WESTCHESTER AVE,10461,1400,1400.0,0,1400.0,convenience or deli,1,
2023,752976,JAD,CHAYANNE DELI GROCERY,CHAYANNE DELI GROCERY CORP,351,E 198TH ST (AKA:2820 MARION A,10458,0,,0,,,0,"warehouse, wholesale or plant license"
2023,739172,A,DOLLAR DEALS,ABC DISCOUNT STORE INC,1945,UNIVERSITY AVE,10453,0,,0,,,0,general merchandise or dollar store
2023,750099,JAC,AURORA & AARON MEAT & P,AURORA & AARON MEAT & PRODUCE COR,1932,BRYANT AVENUE,10460,10000,10000.0,0,10000.0,specialty,1,
2023,753974,JAC,JSR GOURMET DELI,JSR GOURMET DELI CORP,1712-1714,UNIVERSITY AVE,10453,1500,1500.0,0,1500.0,convenience or deli,1,
2023,729203,A,L&M EUROPEAN GROCERY,L&M EUROEAN GROCERY CORP,1005,MACE AVENUE,10469,950,950.0,0,950.0,convenience or deli,1,
2023,608181,JAC,MAKEY DELI GROCERY,MAKEY DELI GROCERY #1 INC,2704,THIRD AVE,10454,1500,1500.0,0,1500.0,convenience or deli,1,
2023,719646,A,NICKS DRUGS STORE,URVI PHARMACY INC,3060,BOSTON ROAD,10469,0,,0,,,0,pharmacy
2023,727526,JAC,178 GOURMET DELI,178 GOURMET DELI CORP,1930,GRAND CONCOURSE,10457,1100,1100.0,0,1100.0,convenience or deli,1,
2023,743077,JAC,GRAND DELI GROCERY,GRAND DELI GROCERY CORP,1718,SOUTHERN BLVD,10460,1400,1400.0,0,1400.0,convenience or deli,1,
2023,742022,JAC,PEACH PIT,PEACH PIT INC,1719,CROSBY AVE,10461,1300,1300.0,0,1300.0,other grocery,1,
2023,754192,JAC,QTBAN DELI & GROCERY,QTBAN DELI & GROCERY LLC,1623,WESTCHESTER AVENUE,10472,1000,1000.0,0,1000.0,convenience or deli,1,
2023,603960,A,CVS 03096,CVS ALBANY LLC,3775,E TREMONT AVE,10465,1000,1000.0,0,,,0,pharmacy
2023,754853,A,AOSAN CONVENIENCE,AOSAN CONVENIENCE CORP,1040,GRANT AVE,10456,800,800.0,0,800.0,convenience or deli,1,
2023,713952,A,DISCOUNT CRAZE,DISCOUNT CRAZE INC,940,MORRIS AVE,10456,2200,2200.0,0,,,0,general merchandise or dollar store
2023,602258,JAC,KEY FOOD,PRINCE FOOD CORP,2044,BOSTON RD,10460,14000,14000.0,0,14000.0,supermarket,1,
2023,730450,JAC,SALAM DELI,SALAM DELI INC,939,MORRIS PARK AVE,10462,900,900.0,0,900.0,convenience or deli,1,
2023,607001,JAC,MANUEL DELI GROCERY,MANUEL DELI GROCERY CORP,625,E 137TH ST,10454,1500,1500.0,0,1500.0,convenience or deli,1,
2023,754419,JAC,CONTIS PASTRY SHOPPE,CONTIS BAKING COMPANY INC,784-788,MORRIS PARK AVE,10462,0,,1,1200.0,specialty,1,
2023,747814,JAC,C&A DELI MART,C&A DELI MART CORP,966,WOODMANSTEN PL.,10462,600,600.0,0,600.0,convenience or deli,1,
2023,744354,A,JEROME SERVICE,JEROME SERVICE INC,2895,JEROME AVE,10468,700,700.0,0,700.0,other grocery,1,
2023,718082,A,BRONX DELI,BRONX DELI CORP,772,E 161ST ST,10456,800,800.0,0,800.0,convenience or deli,1,
2023,745708,JAC,141 GROCERY & DELI,141 GROCERY AND DELI CORP,2628,3RD AVENUE,10451,0,,1,1000.0,convenience or deli,1,
2023,719063,JAC,EL GIRASOL MINI MARKET,EL GIRASOL MINI MARKET CORP,3214,WHITE PLAINS RD,10467,1000,1000.0,0,1000.0,convenience or deli,1,
2023,729082,JAC,A & Y GROCERY,A & Y GROCERY INC,301,E 204TH STREET,10467,1200,1200.0,0,1200.0,convenience or deli,1,
2023,607115,JABC,BIG BRONX DELI,BRUCKNER GULF INC,1419,BRUCKNER BLVD,10472,1000,1000.0,0,1000.0,convenience or deli,1,
2023,745072,JAC,KARAM SERVICE STATION,KARAM SERVICE STATION INC,600,PELHAM PKWY S,10462,800,800.0,0,,,0,gas station
2023,748547,A,NILE CONVENIENCE,NILE CONVENIENCE STORE CORP,2639,JEROME AVE,10468,1500,1500.0,0,1500.0,convenience or deli,1,
2023,608900,JAC,1307 CORP,1307 CORP,1307,CROSBY AVE,10461,600,600.0,0,600.0,other grocery,1,
2023,605928,JABC,C TOWN,1040 SHERMAN AVENUE SUPERMKT INC,1040,SHERMAN AVE,10456,16000,16000.0,0,16000.0,supermarket,1,
2023,742918,JAC,LA ROMANA DELI-GROCERY,LA ROMANA DELI-GROCERY INC,212,WEST KINGSBRIDGE ROAD,10463,0,,1,1000.0,convenience or deli,1,
2023,737088,JAC,DIALA GOURMET,DIALA GOURMET CORP,3214,3RD AVE,10451,0,,1,1200.0,other grocery,1,
2023,738747,JAC,146 DELI,146 DELI CORP,461,WILLIS AVE,10455,1000,1000.0,0,1000.0,convenience or deli,1,
2023,724960,JAC,RAY'S #1 DELI GROCERY,RAY'S #1 DELI GROCERY LLC,3925,BARNES AVENUE,10466,0,,1,1000.0,convenience or deli,1,
2023,717082,A,ICE HOUSE,GONZALES CARLOS,894,HOME ST,10459,200,200.0,0,200.0,other grocery,1,
2023,715309,A,FAMILY DOLLAR STORE #31,FAMILY DOLLAR STORES,3150,WEBSTER AVE,10467,5000,5000.0,0,,,0,general merchandise or dollar store
2023,724565,JAC,NEW WHITE SAILS FISH MA,NEW WHITE SAILS FISH MARKET INC,748,LYDIG AVE,10462,1000,1000.0,0,1000.0,specialty,1,
2023,737958,JAC,EL TROPICO GROCERY DELI,EL TROPICO GROCERY DELI CORP,1841,GRAND CONCOURSE,10453,0,,1,1000.0,convenience or deli,1,
2023,608934,JAC,NEW EUROPEAN MARKET,NEW EUROPEAN INC,810,MORRIS PARK AVE,10462,600,600.0,0,600.0,other grocery,1,
2023,721512,JAC,K&D MERRICK BLVD/GULF,K&D MERRICK BLVD INC,1243,E TREMONT AVE,10460,800,800.0,0,,,0,gas station
2023,704877,JAC,GRACE SEAFOOD,GRACE SEAFORD CORP,4363,WHITE PLAINS ROAD,10466,800,800.0,0,800.0,specialty,1,
2023,731384,A,A-Z HAVEN MARKET,A-Z HAVEN MARKET INC,784,E 152ND STREET,10455,0,,1,1200.0,other grocery,1,
2023,608755,JAC,PIONEER SUPERMARKET,3035 WHITE PLAINS FOOD CORP,3035,WHITE PLAINS RD,10467,17000,17000.0,0,17000.0,supermarket,1,
2023,609069,JAC,REYES MEXICAN DELI,REYES MEXICAN DELI INC,998,LONGWOOD AVE #6,10459,400,400.0,0,400.0,convenience or deli,1,
2023,740870,JAC,056 DELI & GROCERY,056 DELI & GROCERY CORP,2075,GRAND CONCOURSE,10453,0,,1,1000.0,convenience or deli,1,
2023,735844,JAC,CANA ARRIBA GROCERY 2,CANA ARRIBA GROCERY 2 INC,3868,BARNES AVENUE,10467,800,800.0,0,800.0,convenience or deli,1,
2023,747382,JAC,SALLY GOURMET DELI,SALLY GOURMET DELI CORP,3550,WHITE PLAINS RD,10467,1200,1200.0,0,1200.0,convenience or deli,1,
2023,724792,A,180 CANDY GROCERY TOBAC,180 CANDY GROCERY TOBACCO CORP,535A,EAST 180TH STREET,10457,800,800.0,0,800.0,convenience or deli,1,
2023,735931,A,708 DELI GROCERY,708 DELI GROCERY INC,708,CASTLE HILL AVE,10473,800,800.0,0,800.0,convenience or deli,1,
2023,606883,JAC,HAPPY DAYS GROCERY FOOD,HAPPY DAYS GROCERY FOOD CORP,379,BEDFORD PARK BLVD,10458,2000,2000.0,0,2000.0,convenience or deli,1,
2023,607983,A,DOLLAR LINK,DREAM ON CORP,4707,WHITE PLAINS RD,10470,2400,2400.0,0,,,0,general merchandise or dollar store
2023,715955,JAC,732 COURTLANDT DELI,732 COURTLANDT DELI CORP,732,COURTLANDT AVE,10451,1800,1800.0,0,1800.0,convenience or deli,1,
2023,734013,JAC,SAGAL FOOD,DD&S MEAT FISH & PRODUCE INC,3430,JEROME AVE,10467,2100,2100.0,0,2100.0,other grocery,1,
2023,707183,A,WALGREENS #11267,WALGREEN EASTERN CO INC,244,E 161ST ST,10451,11094,11094.0,0,,,0,pharmacy
2023,751478,A,PUGSLEY CONVENIENCE TOB,HEMPIRE CONVENIENCE CORP,1209,PUGSLEY AVENUE,10472,0,,1,1000.0,convenience or deli,1,
2023,743973,JAC,BELLA TEJALPA DELI GROC,BELLA TEJALPA DELI GROCERY INC,2424,HUGHES AVE,10458,1000,1000.0,0,1000.0,convenience or deli,1,
2023,600951,JAC,FOODTOWN,1489 FOOD CORP,1477-1489,WEST AVE,10462,5000,5000.0,0,5000.0,supermarket,1,
2023,747815,JAC,SAMMY 194 DELI,SAMMY 194 DELI INC,2629,MARION AVE,10458,0,,1,1000.0,convenience or deli,1,
2023,731476,JAC,EZ N DELI GROCERY,EZ N DELI GROCERY INC,3998,WHITE PLAINS RD,10466,1,,1,1000.0,convenience or deli,1,
2023,727973,JAC,BBC DELI GROCERY,BBC DELI GROCERY CORP,51,EAST TREMONT AVENUE,10453,1800,1800.0,0,1800.0,convenience or deli,1,
2023,608814,JAC,152 VM GROCERY,152 VM GROCERY CORP,152,E 171ST ST,10452,1200,1200.0,0,1200.0,convenience or deli,1,
2023,730761,A,DOLLAR TREE # 07139,DOLLAR TREE STORES INC,4660,3RD AVE,10458,0,,0,,,0,general merchandise or dollar store
2023,600350,JAC,RODRIGUEZ GROCERY,RODRIGUEZ RAMON A,753,FOX ST,10455,1500,1500.0,0,1500.0,convenience or deli,1,
2023,751032,JAC,CARIBBEAN DELI GROCERY,CARIBBEAN DELI GROCERY CORP,646,EAST 241ST ST.,10470,1300,1300.0,0,1300.0,convenience or deli,1,
2023,754663,JAC,DUA BALKAN MARKET,DUA BALKAN MARKET LLC,371,E 204TH STREET,10467,900,900.0,0,900.0,other grocery,1,
2023,744112,A,FAMILY 99 CENT,FAMILY 99 CENT INC,53,W FORDHAM RD,10468,1090,1090.0,0,,,0,general merchandise or dollar store
2023,725116,JAC,3460 BOSTON GOURMET DEL,3460 BOSTON GOURMET DELI GROC INC,3460,BOSTON ROAD,10469,1501,1501.0,0,1501.0,other grocery,1,
2023,608135,JAC,CACHEO FOOD,CACHEO FOOD CORP,1011,SHERIDAN AVE,10456,1500,1500.0,0,1500.0,other grocery,1,
2023,753450,JAC,BEBE DELI GROCERY,BEBE DELI GROCERY CORP,3118,BAILEY AVENUE,10463,0,,1,1000.0,convenience or deli,1,
2023,608476,JAC,MEX DELI GROCERY,MEX DELI GROCERY CORP,576,E 187TH ST,10458,400,400.0,0,400.0,convenience or deli,1,
2023,707889,A,FAISAL EXPRESS ONE DELI,FAISAL EXPRESS ONE DELI CORP,3083,MIDDLETOWN RD,10461,700,700.0,0,700.0,convenience or deli,1,
2023,755969,JAC,GOLDEN PRODUCE III,GOLDEN PRODUCE III CORP,368,E 204TH ST,10467,0,,1,1200.0,specialty,1,
2023,742655,JAC,IBERIE DELI GROCERY,IBERIE DELI GROCERY CORP,785,EAST 163RD STREET,10456,1000,1000.0,0,1000.0,convenience or deli,1,
2023,736425,JAC,EL SITIO #2 DELI GROCER,EL SITIO #2 DELI GROCERY CORP,954,PROSPECT AVENUE,10459,1200,1200.0,0,1200.0,convenience or deli,1,
2023,729075,JAC,GREEN STAR DELI GROCERY,GREEN STAR DELI GROCERY CORP,1639,WESTCHESTER AVE,10472,600,600.0,0,600.0,convenience or deli,1,
2023,606115,A,DHAKA DISCOUNT&GROCERY,DHAKA DISCOUNT&GROCERY INC,281,E 204TH ST,10467,1200,1200.0,0,1200.0,convenience or deli,1,
2023,705819,A,833 DISCOUNT,833 DISCOUNT INC,833,E 149TH ST,10455,2000,2000.0,0,,,0,general merchandise or dollar store
2023,705758,JAC,SHOP FAIR,KDA FOOD CORP,306,E 170TH ST,10456,8000,8000.0,0,8000.0,supermarket,1,
2023,730963,A,DEE GROCERY,DEE GROCERY CORP,3201C,WHITE PLAINS ROAD,10467,900,900.0,0,900.0,convenience or deli,1,
2023,748718,JAC,FOOD UNIVERSE MARKETPLA,2358 MEAT CORP,2358,UNIVERSITY AVE,10468,4000,4000.0,0,4000.0,supermarket,1,
2023,717967,A,CASTLE HILL DISCOUNT CE,CASTLE HILL DISCOUNT CENTER INC,917,CASTLE HILL AVE,10473,700,700.0,0,,,0,general merchandise or dollar store
2023,742478,JAC,C TOWN SUPERMARKET,JML&J FOOD CORP,229,E.TREMONT AVE,10457,15000,15000.0,0,15000.0,supermarket,1,
2023,753947,JAC,KAREEM DELI & GROCERY,KAREEM DELI & GROCERY CORP,1126,WESTCHESTER AVE,10459,1500,1500.0,0,1500.0,convenience or deli,1,
2023,742850,JAC,1584 DELI FOOD,1584 DELI FOOD CORP,1584,UNIVERSITY AE,10453,1000,1000.0,0,1000.0,convenience or deli,1,
2023,748499,JAC,ABLAN GROCERY STORE,ABLAN GROCERY STORE CORP,3959,BRONXWOOD AVE,10466,0,,1,1000.0,convenience or deli,1,
2023,755064,JAC,DOWN EAST SEAFOOD,BEL CANTO FOODS LLC,311,MANIDA ST,10474,0,,1,1200.0,specialty,1,
2023,754323,A,CASTLE HILL FRUITS & GR,CASTLE HILL FRUITS & GROCERY INC,2167,CROSS BRONX EXPY #4,10462,700,700.0,0,700.0,specialty,1,
2023,745003,JAC,WESTERN BEEF,WESTERN BEEF RETAIL INC,3629,WHITE PLAINS ROAD,10467,20000,20000.0,0,20000.0,supermarket,1,
2023,750478,JAC,1791 SAN ANTONIO GROCER,1791 SAN ANTONIO GROCERY CORP,1791,GLEASON AVENUE,10472,0,,1,1200.0,other grocery,1,
2023,729565,JAC,JAMAICA RYTHMS FISH MAR,JAMAICA RYTHMS FISH MARKET INC,3963,BRONXWOOD AVE,10466,0,,1,1200.0,specialty,1,
2023,736862,A,WALGREENS #18215,WALGREEN EASTERN CO INC,49,W FORDHAM RD,10468,6000,6000.0,0,,,0,pharmacy
2023,609311,JAC,ALI KINGS DELI GRCY,ALI KINGS DELI CORP,1097,BOSTON ROAD,10456,1200,1200.0,0,1200.0,convenience or deli,1,
2023,746711,JAC,ALBARAKA ENTERPRISE,ALBARAKA ENTERPRISE INC,1011,OGDEN AVE,10452,0,,1,1200.0,other grocery,1,
2023,754960,A,ZACK MINI MARKET DELI &,ZACK MINI MARKET DELI & GROCERY C,105,E 175TH ST,10453,0,,1,1000.0,convenience or deli,1,
2023,744165,JAC,ANA & ALEX MEXICAN DELI,ANA & ALEX MEXICAN DELI GROCERY C,1133,BOSTON RD FRNT 4,10456,900,900.0,0,900.0,convenience or deli,1,
2023,608126,A,C&S VALUE STORES,C&S VALUE STORES INC,60,E KINGSBRIDGE RD,10468,4000,4000.0,0,,,0,general merchandise or dollar store
2023,728645,JAC,LUPITAS MEXICAN GROCERY,LUPITAS MEXICAN GROCERY II INC,654,E 233RD STREET STORE #10-11,10466,0,,1,1000.0,convenience or deli,1,
2023,609302,JAC,J&L FISH MARKET,J&L FISH MARKET INC,3706,3RD AVE #9,10456,1200,1200.0,0,1200.0,specialty,1,
2023,733792,JAC,RAM DELI,RAM DELI CORP,224,WILLIS AVENUE,10454,0,,1,1000.0,convenience or deli,1,
2023,749747,JAC,PRECISE CUTS DELI,PRECISE CUTS DELI CORP,346,E 188TH ST,10458,1000,1000.0,0,1000.0,convenience or deli,1,
2023,748814,JAC,MARIBEL MINI MARKET,MARIBEL MINI MARKET INC,558,COMMONWEALTH AVE,10473,1300,1300.0,0,1300.0,convenience or deli,1,
2023,726877,JAC,3161 NORWOOD DELI,3161 NORWOOD DELI CORP,3161,BAINBRIDGE AVE,10467,1200,1200.0,0,1200.0,convenience or deli,1,
2023,751242,JAC,PELHAM SUPERMARKET,IGNITE USA INC,706,LYDIG AVE,10462,2200,2200.0,0,2200.0,supermarket,1,
2023,606112,JAC,JAS GROCERY,SANCHEZ JULIO,1792,WESTCHESTER AVE,10472,3000,3000.0,0,3000.0,convenience or deli,1,
2023,708761,JAC,BLESSINGS INTERNATIONAL,AZUR INTERNATIONAL DISTRIBUTION I,938,MORRIS AVE,10456,0,,1,1200.0,other grocery,1,
2023,729062,JAC,COMMUNITY GREEN MARKET,TREMONT GREEN MARKET INC,2250,EAST TREMONT AVE,10462,3000,3000.0,0,3000.0,other grocery,1,
2023,753801,JAC,DAMONGO GRILL & COFFEE,DAMONGO GRILL & COFFEE INC,1769,UNIVERSITY AVE,10453,0,,1,1200.0,other grocery,1,
2023,747746,JAC,LA FLOTA DELI GROCERY,LA FLOTA DELI GROCERY CORP,7,EAST 172ND STREET,10452,0,,1,1000.0,convenience or deli,1,
2023,725145,A,99 GRANT,99 GRANT INC,233,E 167 ST,10456,2000,2000.0,0,2000.0,other grocery,1,
2023,609225,JAC,LA POTRA GROCERY,LA POTRA GROCERY CORP,1145,CLAY AVE,10456,1200,1200.0,0,1200.0,convenience or deli,1,
2023,736870,JAC,MOON LIGHT AFRICAN MARK,MOON LIGHT AFRICAN MARKET INC,3648,WHITE PLAINS ROAD,10467,1000,1000.0,0,1000.0,other grocery,1,
2023,714154,JAC,AFRICAN AMERICAN & CARI,KAHO INTERNATIONAL MARKET CORP,285,EAST 170TH ST,10456,1200,1200.0,0,1200.0,other grocery,1,
2023,739595,JAC,IN HIS GRACE,BOATERIG GRACE,50,E 168TH ST.,10452,0,,1,1200.0,other grocery,1,
2023,724178,JAC,LOLAS DELI & GROCERY,LOLAS DELI & GROCERY CORP,4008,BRONXWOOD AVE,10466,0,,1,1000.0,convenience or deli,1,
2023,718670,JAC,MI GENTE DELI GROCERY,MI GENTE DELI GROCERY CORP,1071,ELDER  AVENUE,10472,0,,1,1000.0,convenience or deli,1,
2023,730220,JAC,TREMONT 9 STAR GOURMET,TREMONT 9 STAR GOURMET CORP,303,E TREMONT AVE,10457,1000,1000.0,0,1000.0,other grocery,1,
2023,720340,JAC,SAGAL FOOD,65 BURNSIDE MEAT MARKET CORP,65,E BURNSIDE AVE,10453,5000,5000.0,0,5000.0,other grocery,1,
2023,725894,JAC,ANTILLANA FRESH MEAT MA,A AND J SUPER FOOD INC,1025,WESTCHESTER AVE,10459,3000,3000.0,0,3000.0,specialty,1,
2023,604012,JAC,WESTCHESTER DELI GRCY,WESTCHESTER DELI GROCERY INC,2397,WESTCHESTER AVE,10461,1000,1000.0,0,1000.0,convenience or deli,1,
2023,736507,JAC,LA DURA FOOD,LA DURA FOOD CORP,73,FEATHERBED LANE,10452,1600,1600.0,0,1600.0,other grocery,1,
2023,716932,JAC,TS QUEENSLAND,TS QUEENSLAND LLC,3867,WHITE PLAINS RD,10467,1000,1000.0,0,1000.0,other grocery,1,
2023,748242,A,KINGS DRUGS,KINGS DRUGS INC,306,E 149TH ST,10451,0,,0,,,0,pharmacy
2023,731578,JAC,RIVERA DELI,RIVERA DELI CORP,4301,WHITE PLAINS ROAD,10466,0,,1,1000.0,convenience or deli,1,
2023,606738,JAC,CASTILLO FAMILY GROCERY,MEJIA MINI MARKET CORP,1010,LONGWOOD AVE,10459,1500,1500.0,0,1500.0,convenience or deli,1,
2023,724453,A,SUPER DEAL DOLLAR,SUPER DEAL DOLLAR INC,1560,WESTCHESTER AVE,10472,20000,20000.0,0,,,0,general merchandise or dollar store
2023,730506,A,DOLLAR GENERAL # 19205,DOLGEN NEW YORK LLC,1312,SOUTHER BLVD,10459,1500,1500.0,0,,,0,general merchandise or dollar store
2023,608616,A,KRAZY DOLLAR DEALS,KRAZY DOLLAR DEALS INC,270,E BURNSIDE AVE,10457,4000,4000.0,0,,,0,general merchandise or dollar store
2023,749824,A,BRONX ZOO,WILDLIFE CONSERVATION SOCIETY,2300,SOUTHERN BLVD,10460,900,900.0,0,900.0,other grocery,1,
2023,737789,JAC,CONCORD AVE DELI GROCER,JASMINE FLUELLEN LLC,480,CONCORD AVE,10455,0,,1,1000.0,convenience or deli,1,
2023,749997,JAC,LA TIENDITA DONA FIDE,LA TIENDITA DONA FIDE CORP,2210,WESTCHESTER,10462,0,,1,1200.0,other grocery,1,
2023,755598,JAC,SKYLINE 1 FRESH FOOD &,SKYLINE 1 FRESH FOOD & DELI INC,870,PROSPECT AVE,10459,1100,1100.0,0,1100.0,other grocery,1,
2023,742037,JAC,AICHA AFRICAN MARKET,AICHA AFRICAN MARKET INC,218,MCCLELLAN ST,10456,1000,1000.0,0,1000.0,other grocery,1,
2023,753929,JAC,AYHAM DELI GROCERY & GR,AYHAM DELI GROCERY & GRILL CORP,350,BROOK AVE,10454,1100,1100.0,0,1100.0,convenience or deli,1,
2023,608702,JAC,180 PENA GROCERY,PENA JUAN B,180,W 167TH ST,10452,1500,1500.0,0,1500.0,convenience or deli,1,
2023,712095,A,NEYMARE CANDY GROCERY,NEYMARE CANDY GROCERY CORP,1175,VYSE AVE,10459,800,800.0,0,800.0,convenience or deli,1,
2023,711913,JAC,2013 ABIGAIL DELI GROCE,2013 ABIGAIL DELI GROCERY CORP,787,E 185TH ST,10460,1300,1300.0,0,1300.0,convenience or deli,1,
2023,744880,JAC,G&K DELI GROCERY,G&K DELI GROCERY INC,1541,ROSEDALE AVE,10460,1000,1000.0,0,1000.0,convenience or deli,1,
2023,604983,A,RITE AID PHARMACY 04267,RITE AID OF NEW YORK INC,1091,OGDEN AVE,10452,3000,3000.0,0,,,0,pharmacy
2023,750827,JAC,HEALTHY CHOICE MARKET,HEALTHY CHOICE MARKET INC,4505,3RD AVE,10457,1850,1850.0,0,1850.0,other grocery,1,
2023,604381,A,RITE AID 10541,GENOVESE DRUG STORES INC,5825-35,BROADWAY,10463,10000,10000.0,0,,,0,pharmacy
2023,732310,JAC,NEW YORK FISH & VEGETAB,NEW YORK FISH & VEGETABLE INC,44,EAST 167TH STREET,10452,1000,1000.0,0,1000.0,specialty,1,
2023,728610,JAC,EL CHURCHI DELI & GROCE,EL CHURCHI DELI & GROCERY CORP,2890,JEROME AVENUE,10468,1000,1000.0,0,1000.0,convenience or deli,1,
2023,749442,JAC,HIMYAR DELI & GROCERY,HIMYAR DELI & GROCERY CORP,1601,WESTCHESTER AVE,10472,0,,1,1000.0,convenience or deli,1,
2023,607910,JABCK,C TOWN SUPERMARKET,NEW ERA FOODS ONE INC,668,CRESCENT AVE,10458,7000,7000.0,0,7000.0,supermarket,1,
2023,723223,JAC,EL TIO DELI GROCERY,EL TIO DELI GROCERY CORP,1721,EAST 174TH STREET,10472,1100,1100.0,0,1100.0,convenience or deli,1,
2023,744957,JAC,ALEXIS DELI AND GROCERY,RUBY DELI AND GROCERY CORP,945,ALDUS ST,10459,700,700.0,0,700.0,convenience or deli,1,
2023,719348,JABC,STOP & SHOP #2594,STOP & SHOP SUPERMARKET CO LLC TH,1720,E CHESTER RD,10461,60000,60000.0,0,60000.0,supermarket,1,
2023,742913,JAC,SAGAL FISH MARKET,SAGAL FISH MARKET INC,3438,JEROME AVE,10467,750,750.0,0,750.0,specialty,1,
2023,751773,JAC,TIMS DELI & GROCERY,TIMS DELI & GROCERY CORPORATION,804,BURKE AVENUE,10467,2000,2000.0,0,2000.0,convenience or deli,1,
2023,755649,JAC,BRONX 1 DELI GROCERY,BRONX 1 DELI GROCERY CORP,3706,3RD AVE. STORE #8,10456,0,,1,1000.0,convenience or deli,1,
2023,601435,JAC,KEY FOOD,B&ME FOOD CORP,1050,WESTCHESTER AVE,10459,15000,15000.0,0,15000.0,supermarket,1,
2023,730328,JAC,HPA DELI,HPA DELI CORP,803,HUNTS POINT AVE,10474,1200,1200.0,0,1200.0,convenience or deli,1,
2023,607173,JAC,7 ELEVEN STORE 32201B,FARHADI SEAN,3508,E TREMONT AVE.,10465,2000,2000.0,0,2000.0,convenience or deli,1,
2023,731385,A,GUN HILL EXPRESS GROCER,GUN HILL EXPRESS GROCERY CORP,51,E GUN HILL RD,10467,900,900.0,0,900.0,other grocery,1,
2023,748054,JAC,LA POTENCIA 2 DELI GROC,LA POTENCIA 2 DELI GROCERY CORP,1291,CLAY AVENUE,10456,0,,1,1000.0,convenience or deli,1,
2023,607313,JAC,DELI MINI MARKET,DELI MINI MARKET CORP,1472,INWOOD AVE.,10452,1100,1100.0,0,1100.0,convenience or deli,1,
2023,607508,JAC,COMPARE SUPERMARKET,FIFTH TOWER GROCERY CORP,1091,BOSTON RD,10456,2000,2000.0,0,2000.0,supermarket,1,
2023,747752,A,172 FAMILY DISCOUNT,172 FAMILY DISCOUNT CORP,1758E,172ND STREET,10472,1000,1000.0,0,,,0,general merchandise or dollar store
2023,608597,JAC,823 GOURMET GROCERY,823 GOURMET GROCERY INC,823,FREEMAN ST,10459,700,700.0,0,700.0,convenience or deli,1,
2023,721644,JAC,TOP CHOICE MEAT MARKET,TOP CHOICE MEAT MARKET CORP,3600,WHITE PLAINS ROAD,10467,2200,2200.0,0,2200.0,specialty,1,
2023,738915,A,BEER CAVE & MART,BEER CAVE & MART CORP,601,E FORDHAM RD,10458,700,700.0,0,700.0,other grocery,1,
2023,725992,JAC,BONAO MEATS AND PRODUCE,BONAO MEATS AND PRODUCE II INC,82,EAST BURNSIDE AVENUE,10453,3000,3000.0,0,3000.0,specialty,1,
2023,605076,A,CVS PHARMACY 02438,CVS ALBANY LLC,282,E 149TH ST,10451,3500,3500.0,0,,,0,pharmacy
2023,737574,JAC,BOSTON RD MEAT MARKET P,BOSTON RD MEAT MARKET PRODUCE COR,1667,BOSTON RD,10460,0,,1,1200.0,specialty,1,
2023,733018,JAC,LONG RIVER SEAFOOD,LONG RIVER SEAFOOD CORP,1136,OGDEN AVE,10452,60,,1,1200.0,specialty,1,
2023,722119,A,ASH TOWN AFRICAN MARKET,ASANTE MABEL O,93,MCCLELLAN STREET,10452,600,600.0,0,600.0,other grocery,1,
2023,755962,A,EXOTIC CAMPUS CONVENIEN,EXOTIC CAMPUS CONVENIENCE STORE I,1470,WILLIAMSBRIDGE RD,10461,0,,1,1200.0,other grocery,1,
2023,607709,JAC,LITTLE ANNIES,KRISHNA CONVENIENCE NY INC,17,WESTCHESTER SQ,10461,1000,1000.0,0,1000.0,other grocery,1,
2023,734921,JAC,JAMAICA RYTHMS FISH MAR,JAMAICA RYTHMS FISH MARKET INC,3959,BRONXWOOD AVE,10466,9000,9000.0,0,9000.0,specialty,1,
2023,608768,JAC,SANCHEZ GROCERY&BAKERY,SANCHEZ GROCERY&BAKERY STORE INC,3197,BAINBRIDGE AVE,10467,1300,1300.0,0,1300.0,convenience or deli,1,
2023,734085,JAC,G&A DELI GROCERY,G&A DELI GROCERY CORP,129,WEST TREMONT AVENUE,10453,0,,1,1000.0,convenience or deli,1,
2023,717586,JAC,WESTERN BEEF STORE #062,WESTERN BEEF  RETAIL INC,1851,BRUCKNER BLVD.,10472,0,,1,8000.0,supermarket,1,
2023,718578,JAC,EXPRESS MINI MARKET,EXPRESS MINI MARKET CORP,980,MORRIS  AVENUE,10456,0,,1,1000.0,convenience or deli,1,
2023,752757,JAC,J STOP1 CANDY GROCERY,J STOP1 CANDY GROCERY 2 CORP,718,E 180TH ST,10457,0,,1,1000.0,convenience or deli,1,
2023,729940,A,VALENTINE MINI MART 99C,VALENTINE MINI MART 99C CORP,2130,VALENTINE AVE,10457,1000,1000.0,0,,,0,general merchandise or dollar store
2023,604821,JAC,1296 RIVERA GROCERY,1296 RIVERA GROCERY INC,1296,WALTON AVE,10452,1000,1000.0,0,1000.0,convenience or deli,1,
2023,715981,A,ABC 99 CENT NYC,ABC 99 CENT NYC INC,375,E 138TH ST,10454,3000,3000.0,0,,,0,general merchandise or dollar store
2023,753580,A,2 BROTHERS BEST DISCOUN,2 BROTHERS BEST DISCOUNT CORP,536,E 168TH ST,10456,0,,1,1200.0,other grocery,1,
2023,755679,JAC,CHOLULITA LA BELLA DEL,CINTO ASSOCIATES LLC,1950,CROSS BRONX EXPY SERVICE RD,10472,1500,1500.0,0,1500.0,other grocery,1,
2023,748558,JAC,BROTHERS CONVENIENCE ST,BROTHERS CONVENIENCE STORE INC,1461,SOUTHERN BLVD,10460,1400,1400.0,0,1400.0,convenience or deli,1,
2023,716959,JAC,H & F GOURMET DELI,H & F GOURMET DELI CORP,1890,RANDALL AVE,10473,1000,1000.0,0,1000.0,convenience or deli,1,
2023,755269,JAC,NEW STAR DELI,NEW STAR DELI INC,59,W 170TH STREET,10452,0,,1,1000.0,convenience or deli,1,
2023,749121,JAC,WILLIS GROCERY AND DELI,WILLIS GROCERY AND DELI CORP,408,E 138TH STREET,10454,0,,1,1000.0,convenience or deli,1,
2023,602934,JACHK,SARABETHS KITCHEN,SBK PRESERVES INC,1161,E 156TH ST,10474,15000,15000.0,0,,,0,"warehouse, wholesale or plant license"
2023,724739,A,DOLLAR TREE #05191,DOLLAR TREE STORES INC,925,HUNTS POINT AVE,10459,2500,2500.0,0,,,0,general merchandise or dollar store
2023,736742,JAC,OMEGA GRILL 1,OMEGA GRILL 1 CORP,253,E 172ND ST,10457,1100,1100.0,0,1100.0,other grocery,1,
2023,603962,A,RITE AID 4294,RITE AID OF NEW YORK INC,4159,WHITE PLAINS RD,10466,10000,10000.0,0,,,0,pharmacy
2023,745180,JAC,SABA FISH MARKET,SABA FISH MARKET INC,81B,W FORDHAM RD,10468,1000,1000.0,0,1000.0,specialty,1,
2023,746838,JAC,JOBU GROCERY,JOBU GROCERY CORP,1405,TOWNSEND AVE,10452,0,,1,1000.0,convenience or deli,1,
2023,751390,JAC,JJM DELI GROCERY,JJM DELI GROCERY CORP,713,E 138TH STREET,10454,600,600.0,0,600.0,convenience or deli,1,
2023,608215,JAC,FOOD UNIVERSE MARKETPLA,1757 TJM FOOD CORP,1757,RANDALL AVE,10473,30000,30000.0,0,30000.0,supermarket,1,
2023,752655,A,142 CONVENIENCE STORE,142 CONVENIENCE CORP,510,E 142ND STREET,10454,300,300.0,0,300.0,convenience or deli,1,
2023,725880,A,AMEER CONVENIENCE,AMEER CONVENIENCE CORP,730,LYDIG AVENUE,10462,1000,1000.0,0,1000.0,convenience or deli,1,
2023,722559,JAC,358 FAMOUS DELI,358 FAMOUS DELI LLC,1224-1226,MORRIS AVENUE,10456,0,,1,1000.0,convenience or deli,1,
2023,712348,A,99C U S 1,BEST 99C & UP STORE INC,1041,E 163RD ST,10459,3000,3000.0,0,,,0,general merchandise or dollar store
2023,712326,JAC,A 2 Z DELI,A 2 Z DELI INC,3972,WHITE PLAINS RD,10466,0,,1,1000.0,convenience or deli,1,
2023,607713,A,WALGREENS #10989,WALGREEN EASTERN CO INC,2431,BOSTON RD,10467,10000,10000.0,0,,,0,pharmacy
2023,746562,JAC,ORGANIC SOUTHERN FAMILY,ORGANIC SOUTHERN FAMILY DELI CORP,860,SOUTHERN BLVD,10459,0,,1,1200.0,other grocery,1,
2023,719388,JAC,LA ATLETA DELI GROCERY,LA ATLETA DELI GROCERY INC,1177,MORRISON AVE,10472,0,,1,1000.0,convenience or deli,1,
2023,607037,JAC,CLAUDIA DELI,SANTOS CLAUDIA,1207,BEACH AVE,10472,400,400.0,0,400.0,convenience or deli,1,
2023,751235,A,HOBART SMOKE SHOP & GRO,HOBART SMOKE SHOP & GROCERY INC,1823A,HOBART AVENUE,10461,800,800.0,0,800.0,other grocery,1,
2023,746463,JAC,FULTON AVE GROCERY,FULTON AVE GROCERY CORP,1408,FULTON AVE,10456,0,,1,1000.0,convenience or deli,1,
2023,725060,JAC,MARD DELI GROCERY,MARD DELI GROCERY CORP,2280,WEBSTER AVENUE,10457,1000,1000.0,0,1000.0,convenience or deli,1,
2023,748875,A,EVERGREEN DISCOUNT,EVERGREEN DISCOUNT INC,230,EAST 170TH STREET,10456,0,,0,,,0,general merchandise or dollar store
2023,754716,JAC,WORLD DELI AND GROCERY,WORLD DELI AND GROCERY CORP,1560,E 174TH ST,10472,0,,1,1000.0,convenience or deli,1,
2023,704515,JAC,MERCEDES GROCERY,MERCEDES GROCERY CORP,5,W MOSHOLU PKWY,10467,1000,1000.0,0,1000.0,convenience or deli,1,
2023,749191,JAC,GREEN DELI AND MINI MAR,GREEN DELI AND MINI MARKET CORP,683,NEREID AVE,10466,900,900.0,0,900.0,convenience or deli,1,
2023,706504,JAC,A S K DELI GROCERY,A S K DELI GROCERY,1479,BEACH AVE,10460,0,,1,1000.0,convenience or deli,1,
2023,752894,JAC,WHITE PLAINS MINI MART,WHITE PLAINS MINI MART CORPORATIO,3608,WHITE PLAINS ROAD,10467,900,900.0,0,900.0,convenience or deli,1,
2023,754017,JAC,DELI D'LUX,AMEXNY LLC,3223A,WESTCHESTER AVE,10461,800,800.0,0,800.0,convenience or deli,1,
2023,716075,JAC,ANTILLANA MEAT MARKET,123 MEAT FRUIT & VEGETABLE CORP,123,W KINGSBRIDGE RD,10468,1300,1300.0,0,1300.0,specialty,1,
2023,600187,JAC,ALMANZAR GROCERY&FOOD,ALMANZAR GROCERY&FOOD CORP,854,INTERVALE AVE,10459,1000,1000.0,0,1000.0,convenience or deli,1,
2023,719857,JAC,BRAVO SUPERMARKET,RO SUPERMARKET CORP,640,COURTLANDT AVE,10451,8000,8000.0,0,8000.0,supermarket,1,
2023,747908,JAC,198 ST DELI GROCERY,198 ST DELI GROCERY CORP,2840,VALENTINE AVE,10458,0,,1,1000.0,convenience or deli,1,
2023,608780,JABC,KEY FOOD SUPERMARKET,LYDIG FOOD CORP,751,LYDIG AVE,10462,14000,14000.0,0,14000.0,supermarket,1,
2023,751674,JAC,714 COURTLANDT DELI,714 COURTLANDT DELI CORP,714,COURTLANDT AVE,10451,0,,1,1000.0,convenience or deli,1,
2023,730507,A,DOLLAR GENERAL # 19204,DOLGEN NEW YORK LLC,1041,PROSPECT AVE,10459,0,,0,,,0,general merchandise or dollar store
2023,607981,JAC,GENAO FOOD STORE,GENAO BALBINO&MARGARITA,926,INTERVALE AVE,10459,800,800.0,0,800.0,other grocery,1,
2023,736195,A,ESMERALDA GROCERY & CAN,ESMERALDA PAOLA,1345,SOUTHERN BLVD,10459,800,800.0,0,800.0,convenience or deli,1,
2023,721856,JAC,FOOD BAZAAR,BOGOPA WASHINGTON INC,445,EAST 163RD STREET,10451,80000,80000.0,0,80000.0,supermarket,1,
2023,605168,JAC,FOREST DELI GROCERY,DUME JOSE,751,FOREST AVE,10456,1500,1500.0,0,1500.0,convenience or deli,1,
2023,608876,JAC,FINE FARE,675 MORRIS AVE FOOD CORP,675,MORRIS AVE,10451,5000,5000.0,0,5000.0,supermarket,1,
2023,755976,JAC,EL CHILTEPIN DELI GROCE,EL CHILTEPIN DELI GROCERY 3 CORP,1701,CASTLE HILL AVE,10462,400,400.0,0,400.0,convenience or deli,1,
2023,752369,JAC,A & C DELI MINI MARKET,A & C DELI MINI MARKET CORP,885,EAST TREMONT AVENUE,10460,0,,1,1000.0,convenience or deli,1,
2023,712689,JAC,FAMILY PRIDE BUTCHER SH,FAMILY PRIDE BUTCHER SHOP CORP,765,ALLERTON AVE,10467,1500,1500.0,0,1500.0,specialty,1,
2023,740923,JAC,FATBOY MARKET AND DELI,FATBOY MARKET AND DELI INC,3200,WHITE PLAINS ROAD,10467,1200,1200.0,0,1200.0,convenience or deli,1,
2023,745437,JAC,TONY'S MINI MARKET,TONYS MINI MARKET CORP,740,SAINT ANNS AVENUE,10455,0,,1,1000.0,convenience or deli,1,
2023,755735,JAC,DELICIOUS GROCERY DELI,DELICIOUS GROCERY DELI & KITCHEN,3134,MILES AVE,10465,0,,1,1000.0,convenience or deli,1,
2023,743411,JAC,RA JOHNNYS DELI GROCERY,RA JOHNNYS DELI GROCERY LLC,2641,DECATUR AVENUE,10458,0,,1,1000.0,convenience or deli,1,
2023,609624,JAC,99 CENTS FACTORY,99 CENTS FACTORY INC,278,E 149TH ST,10451,5000,5000.0,0,,,0,general merchandise or dollar store
2023,607888,JAC,SANTOS FISH MARKET,SANTOS FISH MARKET INC,2859,WHITE PLAINS RD,10467,1400,1400.0,0,1400.0,specialty,1,
2023,736193,JAC,MUNCHIES DELI GROCERY,MUNCHIES DELI GROCERY CORP,1215,GRAND CONCOURSE,10452,1500,1500.0,0,1500.0,convenience or deli,1,
2023,729925,A,KING 99 CENTS PLUS,KING 99 CENTS PLUS LLC,2571,WEBSTER AVENUE,10458,0,,0,,,0,general merchandise or dollar store
2023,716078,JAC,PARGO FISH MARKET,PARGO FISH MARKET INC,155,E 188TH ST,10468,1200,1200.0,0,1200.0,specialty,1,
2023,714944,A,EXCELLENT,HAMIR FOOD&DISCOUNT INC,1673-1679,MACOMBS RD,10453,3000,3000.0,0,3000.0,other grocery,1,
2023,751853,JAC,BRAODWAY DELI,BRAODWAY DELI INC,5219A,BROADWAY,10463,0,,1,1000.0,convenience or deli,1,
2023,719026,A,FAMILY DOLLAR STORE #31,FAMILY DOLLAR STORES,415,SOUNDVIEW AVE,10473,8000,8000.0,0,,,0,general merchandise or dollar store
2023,608105,A,LEESA CANDY STORE,LEESA CANDY STORE,980,A JENNINGS ST,10460,500,500.0,0,500.0,convenience or deli,1,
2023,754372,JAC,LORRIES DELI GROCERY,LORRIES DELI GROCERY CORP,365,E 193RD ST.,10458,0,,1,1000.0,convenience or deli,1,
2023,735130,JAC,SALCEDO SUPERMARKET,SALCEDO SUPERMARKET CORP,1318,LAFAYETTE AVE STORE 1-2-3,10474,2000,2000.0,0,2000.0,supermarket,1,
2023,748561,JAC,PRAMUKH KRUPA,PRAMUKH KRUPA 4004 INC,4004,EAST TREMONT AVE,10465,0,,1,1200.0,other grocery,1,
2023,738421,JAC,PIONEER SUPERMARKET,WILL GROCERY & MEAT INC,250,WILLIS AVE,10454,10000,10000.0,0,10000.0,supermarket,1,
2023,730500,A,DOLLAR GENERAL # 19208,DOLGEN NEW YORK LLC,3555,WHITE PLAINS RD,10467,7500,7500.0,0,,,0,general merchandise or dollar store
2023,748164,A,EVERYDAY SAVINGS,BAJAJ FOOD CORP,1031,WESTCHESTER AVE,10459,2000,2000.0,0,2000.0,other grocery,1,
2023,607296,JAC,2031 WEBSTER FOOD,2031 WEBSTER FOOD CORP,2031,WEBSTER AVE,10457,1200,1200.0,0,1200.0,other grocery,1,
2023,752969,JAC,F&M CONVENIENCE,F&M CONVENIENCE CORP,511,SOUNDVIEW AVE,10473,1000,1000.0,0,1000.0,convenience or deli,1,
2023,731745,JAC,HIGH BRIDGE DELI AND GR,HIGH BRIDGE DELI AND GROCERY LLC,1150,ANDERSON AVE,10452,0,,1,1000.0,convenience or deli,1,
2023,606972,A,SH&NAGA,SH&NAGA INC,3120,BAINBRIDGE AVE,10467,800,800.0,0,800.0,other grocery,1,
2023,734134,JAC,MIKE 3 DELI GROCERY,MIKE 3 DELI GROCERY CORP,655,COURTLANDT AVENUE,10451,0,,1,1000.0,convenience or deli,1,
2023,732262,JAC,HABIBI FOOD MART,HABIBI FOOD MART CORP,237,W 238TH STREET,10463,0,,1,1000.0,convenience or deli,1,
2023,607919,JABC,BRAVO SUPERMARKET,GAVA FOOD CORP,127,W BURNSIDE AVE,10453,5000,5000.0,0,5000.0,supermarket,1,
2023,705535,A,99 CENTS AMIGO,99 CENTS OF SOUTHERN INC,789,SOUTHERN BLVD,10455,1300,1300.0,0,,,0,general merchandise or dollar store
2023,724556,JAC,NEEROB BAZAR,NEEROB BAZAR INC,2085,STARLING AVE,10462,2200,2200.0,0,2200.0,other grocery,1,
2023,706316,JAC,ALLERTON FISH MARKET,ALLERTON FISH MARKET CORP,718,ALLERTON AVE,10467,1500,1500.0,0,1500.0,specialty,1,
2023,609232,JAC,CALIFORNIA FARMS FRIUT,CALIFORNIA FARMS FRIUT & VEGETABL,234,W 231ST ST,10463,1000,1000.0,0,1000.0,other grocery,1,
2023,748880,A,DCON DISCOUNT,DCON DISCOUNT INC,4412,WHITE PLAINS ROAD,10470,8000,8000.0,0,,,0,general merchandise or dollar store
2023,706962,JAC,VASQUEZ DELI GROCERY,VASQUEZ SANTIAGO LEONARDO,680,MELROSE AVE STORE 4,10455,0,,1,1000.0,convenience or deli,1,
2023,730835,A,CONCOURSE GROCERY,CONCOURSE GROCERY CORP,2356,GRAND CONCOURSE,10458,0,,1,1000.0,convenience or deli,1,
2023,750254,JAC,MOTHERLAND HALAL MARKET,LABADDO HEALTH AND BEAUTY LLC,623,E TREMONT AVE,10457,1500,1500.0,0,1500.0,other grocery,1,
2023,711841,A,99 CENTS BEST,99 CENTS BEST INC,2268,WEBSTER AVE,10457,1300,1300.0,0,,,0,general merchandise or dollar store
2023,706901,A,BOB'S DISCOUNT FURNITUR,BOB'S DISCOUNT FURNITURE LLC,2146,BARTOW AVE,10475,29000,29000.0,0,,,0,general merchandise or dollar store
2023,736888,A,WALGREENS #18990,WALGREEN EASTERN CO INC,3590,E TREMONT AVE,10465,3000,3000.0,0,,,0,pharmacy
2023,746572,JAC,JOHNSON DELI NY,JOHNSON DELI NY INC,561,W 235TH ST,10463,0,,1,1000.0,convenience or deli,1,
2023,606270,JAC,M&G FOOD,M&G FOOD CORP,391,E 167TH ST,10456,1200,1200.0,0,1200.0,other grocery,1,
2023,743875,JAC,FRESCO,VICJONA MARKET 2 INC,62,E 170TH ST,10452,0,,1,1200.0,other grocery,1,
2023,747889,JAC,SWEET DELI GROCERY,SWEET DELI GROCERY CORP,3001,ALBANY CRESCENT,10463,0,,1,1000.0,convenience or deli,1,
2023,719125,JAC,LA POTENCIA DELI GROCER,LA POTENCIA DELI GROCERY STORE CO,320,E 167TH STREET,10456,1000,1000.0,0,1000.0,convenience or deli,1,
2023,607109,JAC,TRY FRUIT&VEGETABLE,EVANS JOSEPH,4237,WHITE PLAINS RD,10466,1800,1800.0,0,1800.0,specialty,1,
2023,725955,JAC,JAMAICA GOURMET DELI,JAMAICA GOURMET DELI INC,1205,COLLEGE AVE,10456,1500,1500.0,0,1500.0,convenience or deli,1,
2023,740052,JAC,WALES DELI GROCERY,WALES DELI GROCERY CORP,785,EAST 151ST STREET,10455,0,,1,1000.0,convenience or deli,1,
2023,739237,JAC,NEW FAMILY MEAT MARKET,NEW FAMILY MEAT MARKET INC,283,A SAINT ANNS AVENUE,10454,750,750.0,0,750.0,specialty,1,
2023,605012,A,ADDEO BAKERS,ADDEO BAKERS INC,2352,ARTHUR AVE,10458,600,600.0,0,600.0,specialty,1,
2023,748444,A,DISCOUNT TREE,DISCOUNT TREE INC,1334,LOUIS NINE BLVD,10459,3000,3000.0,0,,,0,general merchandise or dollar store
2023,704649,JAC,163 ASHLEY DELI GROCERY,163 ASHLEY DELI GROCERY INC,3244,THIRD AVE,10451,1500,1500.0,0,1500.0,convenience or deli,1,
2023,608551,JAC,M&A GOURMET DELI,M&A GOURMET DELI INC,777,ALLERTON AVE,10467,1000,1000.0,0,1000.0,convenience or deli,1,
2023,740339,JAC,MET FRESH,MPK FOOD CORP,775-777,MORRIS PARK AVE,10462,15000,15000.0,0,15000.0,supermarket,1,
2023,745932,A,332 DELI & SMOKE SHIP,332 DELI & SMOKE SHIP CORP,332,E FORDHAM RD,10458,800,800.0,0,800.0,convenience or deli,1,
2023,721590,JAC,TKRC PRODUCTIONS,TKRC PRODUCTIONS LLC,620-630,GERARD AVENUE,10451,10000,10000.0,0,10000.0,other grocery,1,
2023,739729,JAC,MZ MEXICANA GROCERY,MZ MEXICANA GROCERY INC,3121,BAINBRIDGE AVE,10467,0,,1,1000.0,convenience or deli,1,
2023,729459,A,T CONVENIENCE,T CONVENIENCE CORP,1838,ANTHONY AVE,10457,800,800.0,0,800.0,convenience or deli,1,
2023,728237,JAC,1454 MC DELI GROCERY,1454 MC DELI GROCERY CORP,1454,GRAND CONCOURSE,10457,1400,1400.0,0,1400.0,convenience or deli,1,
2023,607967,JACK,VINCENTS MEAT MARKET,DELUCA PETER,2374,ARTHUR AVE,10458,1000,1000.0,0,1000.0,specialty,1,
2023,602868,JAC,ANN CLAIRS SALUMERIA,ANN CLAIRS SALUMERIA INC,1130,MORRIS PARK AVE,10461,1200,1200.0,0,1200.0,other grocery,1,
2023,718850,JAC,69 DELI AND TOBACCO,69 DELI ABD TOBACCO CORP,69-71,FEATHERBERD LN,10452,0,,1,1000.0,convenience or deli,1,
2023,711719,JAC,AF RIVERDALE MEAT MARKE,AF RIVERDALE MEAT MARKET CORP,5587,BROADWAY,10463,1600,1600.0,0,1600.0,specialty,1,
2023,605764,A,ALMO 99 CENTS STORE,ALMO DOLLAR INC,239,E TREMONT AVE,10457,3000,3000.0,0,,,0,general merchandise or dollar store
2023,755943,JAC,856 E 180TH ST FOOD MAR,856 E 180TH ST FOOD MARKET INC,856,EAST 180TH ST,10460,0,,1,1200.0,other grocery,1,
2023,605075,A,CVS PHARMACY 02437,CVS ALBANY LLC,732,ALLERTON AVE,10467,1500,1500.0,0,,,0,pharmacy
2023,724376,JAC,SEANS QUALITY DELI,LOUGHTALT INC,4273,KATONAH AVE,10470,1500,1500.0,0,1500.0,convenience or deli,1,
2023,753204,JAC,NADIA AFRICAN MARKET,NADIA AFRICAN MARKET LLC,259,E 172ND ST.,10457,900,900.0,0,900.0,other grocery,1,
2023,608373,A,MY 99 CENTS #2,MY 99 CENTS #2 INC,111-113,FEATHERBED LN,10452,5000,5000.0,0,,,0,general merchandise or dollar store
2023,708155,JAC,CANA ARRIBA GROCERY STO,CANA ARRIBA GROCERY STORE INC,1465,BRYANT AVE.,10460,1500,1500.0,0,1500.0,convenience or deli,1,
2023,751207,JAC,MI CHAPINCITA QUETZAL,MI CHAPINCITA QUETZAL CORP,1093,SOUTHERN BLVD,10459,0,,1,1200.0,other grocery,1,
2023,715724,JAC,157 MATANZA DELI GROCER,157 MATANZA DELI GROCERY INC,157,WEST 169TH ST,10452,1200,1200.0,0,1200.0,convenience or deli,1,
2023,749715,JAC,DJOBO AFRICAN & MIDDLE,DJOBO AFRICAN & MIDDLE EAST MARKE,984B,INTERVALLE AVENUE,10459,300,300.0,0,300.0,other grocery,1,
2023,709020,A,DOLLAR TREE  #5348,DOLLAR TREE STORES INC,1750,E GUN HILL RD,10469,0,,0,,,0,general merchandise or dollar store
2023,742517,JABC,1240 DELI,1240 DELI CORP,1240,UNION AVE,10459,1200,1200.0,0,1200.0,convenience or deli,1,
2023,743213,A,48 CANDY & SMOKE SHOP,48 CANDY & SMOKE SHOP CORP,48,E KINGSBRIDGE RD,10468,350,350.0,0,,,0,food service or non-food retail
2023,747990,JAC,FOOD FAIR FRESH MARKET,ST MEAT & GROCERY INC,2467,JEROME AVE,10468,15000,15000.0,0,15000.0,supermarket,1,
2023,743719,A,CROTONA LOTTO PLUS,CROTONA LOTTO PLUS INC,1936,CROTONA AVE,10457,200,200.0,0,200.0,other grocery,1,
2023,711355,A,TREMONT SUPERDISCOUNT,TREMONT SUPERDISCOUNT INC,2738,E TREMONT AVE,10461,5000,5000.0,0,,,0,general merchandise or dollar store
2023,735054,JAC,KHAN DELI & GROCERY,KHAN DELI & GROCERY INC,353,E 151ST STREET,10451,2500,2500.0,0,2500.0,convenience or deli,1,
2023,710402,JAC,A M E DELI GROCERY,A M E DELI GROCERY CORP,275,EAST KINGSBRIDGE RD,10458,700,700.0,0,700.0,convenience or deli,1,
2023,754014,A,GODS WAY AFRICAN & JAMA,GODS WAY AFRICAN & JAMAICAN MARKE,1086,E GUN HILL ROAD,10469,0,,1,1200.0,other grocery,1,
2023,739926,JAC,GAUSIA FOODS HALAL SUPE,GAUSIA FOODS INC,367,E 204TH STREET,10467,900,900.0,0,900.0,other grocery,1,
2023,720379,JAC,PHILLIPS GOURMET DELI,AKSHAR 3659 DELI AND GROCERY LLC,3659,EAST TREMONT AVE,10465,1800,1800.0,0,1800.0,convenience or deli,1,
2023,608992,JAC,FINE FARE SUPERMARKET,CAGUEYES FOOD CORP,3315,WHITE PLAINS RD,10467,6000,6000.0,0,6000.0,supermarket,1,
2023,717610,A,IZZY GROCERY,IZZY GROCERY INC,291,E GUN HILL RD,10467,0,,1,1000.0,convenience or deli,1,
2023,729713,JAC,EL TRIANGULO DELI GROCE,EL TRIANGULO DELI GROCERY CORP,2160,TIEBOUT AVE #3,10457,1000,1000.0,0,1000.0,convenience or deli,1,
2023,606363,JAC,CHERRY VALLEY MARKETPLA,IGUA FOOD CORP,421,E 189TH ST,10458,6000,6000.0,0,6000.0,supermarket,1,
2023,753993,JAC,J&B AFRICAN MARKET,J&B AFRICAN MARKET LLC,2649,JEROME AVE,10468,1100,1100.0,0,1100.0,other grocery,1,
2023,718570,JAC,ULERIO DELI & GROCERY,ULERIO DELI & GROCERY CORP.,1001,MACE AVENUE,10469,950,950.0,0,950.0,convenience or deli,1,
2023,608588,JAC,BP,1740 PETROLEUM LLC,1740,JEROME AVE,10453,400,400.0,0,,,0,gas station
2023,607302,JAC,FRIENDS HALAL MT SPRMKT,FRIENDS HALAL MEAT SUPERMRKT INC,2100,STARLING AVE,10462,1800,1800.0,0,1800.0,other grocery,1,
2023,733869,JAC,3 MMM TREE COFFEE DELI,3 MMM TREE COFFEE DELI CORP,874,MORRIS PARK AVE,10462,900,900.0,0,900.0,convenience or deli,1,
2023,607615,JAC,LOS HIJOS DE CHORRO DEL,LOS HIJOS DEL CHORRO DELI GR CORP,701-703,FAILE ST,10474,1400,1400.0,0,1400.0,other grocery,1,
2023,753573,JAC,ONE LOVE BUTCHER SHOP,ONE LOVE BUTHCER SHOP CORP,4206,WHITE PLAINS RD,10466,1000,1000.0,0,1000.0,specialty,1,
2023,754092,A,DIBERSO SUPER-STORE,DIBERSO SUPER-STORE LLC,1965,MARMION AVE,10460,0,,1,1200.0,other grocery,1,
2023,607723,JAC,STAR DELI GROCERY,SHAIBI ABDALLA M&NASR F A,188,"E 167TH ST, STORE#2",10456,1200,1200.0,0,1200.0,convenience or deli,1,
2023,753042,JAC,DARIAN MINI MARKET,DARIAN MINI MARKET CORP,281,EAST 170TH STREET,10456,0,,1,1000.0,convenience or deli,1,
2023,737567,A,KING STORE,KING STORE CORP,117-119,W KINGSBRIDGE RD,10468,280,280.0,0,280.0,other grocery,1,
2023,603808,A,BATCHILLY VARIETY STORE,BATCHILLY HAGI,608,MELROSE AVE,10455,800,800.0,0,,,0,general merchandise or dollar store
2023,724953,A,DEAL FOOD,DEAL FOOD CORP,912,E GUN HILL RD,10469,1300,1300.0,0,1300.0,other grocery,1,
2023,724310,JAC,2056 DELI GROCERY,2056 DELI GROCERY CORP,1398,OGDEN AVE,10452,0,,1,1000.0,convenience or deli,1,
2023,748511,JAC,E C DELI & GROCERY,E C DELI & GROCERY CORP,1388,JESUP AVE,10452,0,,1,1000.0,convenience or deli,1,
2023,730583,JABCDH,DIPLOMAT CATERER,EMUNA 55 INC,2474,BUTLER PLACE,10461,4000,4000.0,0,,,0,"warehouse, wholesale or plant license"
2023,749112,JAC,A&K GOURMET DELI,A&K GOURMET AND SALAD CORP,395,E 149TH ST,10455,0,,1,1000.0,convenience or deli,1,
2023,608720,JAC,STOP&GO GOURMET DELI,STOP&GO GOURMET DELI CORP,839C,PROSPECT AVE,10459,1000,1000.0,0,1000.0,convenience or deli,1,
2023,606860,JACH,SUNLIFE HEALTH FOOD,SUNLIFE TOTAL HEALTH INC,4060,WHITE PLAINS RD,10466,1400,1400.0,0,,,0,"warehouse, wholesale or plant license"
2023,708134,JAC,BLVD FOOD,BLVD FOOD CORP,1917,SOUTHERN BLVD,10460,1200,1200.0,0,1200.0,other grocery,1,
2023,747279,JAC,ASHLEY & WILBIS DELI GR,ASHLEY & WILBIS DELI GROCERY INC,2160,WALTON AVENUE,10453,0,,1,1000.0,convenience or deli,1,
2023,609146,JAC,ASSOCIATED,FRUITS PROD & GROC CORP,1334,LOUIS NINE BLVD,10459,17500,17500.0,0,17500.0,supermarket,1,
2023,738431,JAC,COLGATE DELI & GROCERY,COLGATE DELI & GROCERY CORP,1452,WESTCHESTER AVE,10472,800,800.0,0,800.0,convenience or deli,1,
2023,609600,A,A&H CANDY STORE,A&H CANDY STORE INC,215,W 231ST ST,10463,900,900.0,0,900.0,convenience or deli,1,
2023,754028,A,G-HILL DELI GROCERY,G-HILL DELI GROCERY LLC,751,E GUN HILL ROAD,10467,900,900.0,0,900.0,convenience or deli,1,
2023,738225,JAC,BENNETTS DELI AND SANDW,BENNETTS DELI AND SANDWICH CO LLC,50,E 168TH STREET,10452,0,,1,1000.0,convenience or deli,1,
2023,722693,JAC,B H GOURMET DELI,B H GOURMET DELI CORP,2550,BAINBRIDGE AVENUE STORE 1  #,10458,0,,1,1000.0,convenience or deli,1,
2023,721744,JAC,JS GOURMET DELI GROCERY,JS GOURMET DELI GROCERY CORP,1881,MCGRAW AVENUE,10462,1300,1300.0,0,1300.0,convenience or deli,1,
2023,717675,JAC,FERNANDEZ DELI GROCERY,FERNANDEZ ALCIBIADES A,1086,KELLY ST,10459,1000,1000.0,0,1000.0,convenience or deli,1,
2023,710608,JAC,KJY FRUIT MARKET,KJY FRUIT MARKET INC,137,DREISER LOOP,10475,1200,1200.0,0,1200.0,specialty,1,
2023,754102,JAC,148 EXRESS DELI MARKET,148 EXRESS DELI MARKET CORP,458A,E 149TH ST,10455,1000,1000.0,0,1000.0,convenience or deli,1,
2023,717680,A,BRONX NUTRITIONAL,BRONX NUTRITIONAL CORP,153,EAST 188TH ST,10468,0,,1,1200.0,other grocery,1,
2023,606479,JAC,MATANZA DELI GROCERY,MATANZA DELI GROCERY CORP,4027A,LACONIA AVE,10466,1500,1500.0,0,1500.0,convenience or deli,1,
2023,741691,JAC,YOSEIRY GROCERY STORE,YOSEIRY GROCERY STORE INC,25,W 184 STREET,10468,800,800.0,0,800.0,convenience or deli,1,
2023,703116,JAC,MAZS MART,MAZS MART CORP,2100,WILLIAMSBRIDGE RD,10461,1500,1500.0,0,1500.0,other grocery,1,
2023,608281,JAC,BMCB DELI GROCERY,BMCB DELI GROCERY CORP,931,CASTLE HILL AVE,10473,1100,1100.0,0,1100.0,convenience or deli,1,
2023,755988,JAC,204 GOURMET DELI,204 GOURMET DELI CORP,371,E 204TH ST STORE #1,10467,0,,1,1000.0,convenience or deli,1,
2023,705241,JAC,EBB CONVENIENCE,EBB CONVENIENCE CORP,3968,WHITE PLAINS RD,10466,1200,1200.0,0,1200.0,convenience or deli,1,
2023,727808,A,FOREVER DEAL,FOREVER DEAL INC,1293,BOSTON ROAD,10456,3500,3500.0,0,3500.0,other grocery,1,
2023,750396,JAC,SLOW COCOA,SLOW COCOA LLC,1361,VIELE AVE #201,10474,800,800.0,0,800.0,other grocery,1,
2023,741942,JAC,LA CHAPINCITA DEL BRONX,LA CHAPINCITA DEL BRONX CORP,461,MORRIS PARK AVE,10460,2000,2000.0,0,2000.0,other grocery,1,
2023,606725,A,DUANE READE 14459,DUANE READE ETAL PTRS,58,E FORDHAM RD,10468,8470,8470.0,0,,,0,pharmacy
2023,725962,A,DOLLAR POWER,WHITE PLAINS SUPER DISCOUNT INC,1,EAST 167TH STREET,10452,2500,2500.0,0,,,0,general merchandise or dollar store
2023,708135,A,WESTCHESTER 99,WESTCHESTER 99 INC,1255,WESTCHESTER AVE,10459,3000,3000.0,0,3000.0,other grocery,1,
2023,608220,JAC,LOS HERMANOS MEAT&GRCY,LOS HERMANOS MEAT&GROCERY INC,501B,JACKSON AVE,10455,1500,1500.0,0,1500.0,specialty,1,
2023,716722,JABCK,DAVIDOVICH BAKERY,ALL NATURAL PRODUCTS INC,727,DRAKE ST,10474,10000,10000.0,0,10000.0,specialty,1,
2023,729992,JAC,7 DAYS & 7 NIGHTS DELI,7 DAYS & NIGHTS DELI GROCERY INC,717,E 187TH ST,10458,0,,1,1000.0,convenience or deli,1,
2023,731981,JAC,ZOOM ZOOM,STOP & GO MINI MARKET CORP,4702,WHITE PLAINS ROAD,10470,2500,2500.0,0,2500.0,other grocery,1,
2023,748346,JAC,AGBOGBLOSHIE AFRICAN MA,AGBOGBLOSHIE AFRICAN MARKET INC,1322,E GUN HILL ROAD,10469,1000,1000.0,0,1000.0,other grocery,1,
2023,608918,A,99 CENTS USA,TOUBA GENERAL DISCOUNT INC,3045,3RD AVE,10455,2000,2000.0,0,,,0,general merchandise or dollar store
2023,754117,JAC,AMAZING DELI MARKET,AMAZING DELI MARKET CORP,299,E 158TH STREET,10451,0,,1,1000.0,convenience or deli,1,
2023,749180,JAC,EXPRESS ONE NY,EXPRESS ONE NY INC,1769,SOUTHERN BLVD,10460,750,750.0,0,750.0,other grocery,1,
2023,749087,JAC,PYE SUSHI,PYE 245 CORP,283,E 204TH STREET,10467,100,100.0,0,100.0,other grocery,1,
2023,751666,A,RAYEN DISCOUNT,RAYEN DISCOUNT INC,240,E 204TH ST,10458,0,,0,,,0,general merchandise or dollar store
2023,737165,JAC,314 MATANZA DELI GROCER,314 MATANZA DELI GROCERY #2 CORP,314,EAST 188TH STREET,10458,1000,1000.0,0,1000.0,convenience or deli,1,
2023,706321,JAC,2363 ROSEWOOD GROCERY,2363 ROSEWOOD GROCERY INC,3263,WHITE PLAINS RD,10467,1200,1200.0,0,1200.0,convenience or deli,1,
2023,737053,A,ALLERTON FRUIT STORE,SUNG SHIK CHOI,743,ALLERTON AVE,10469,600,600.0,0,600.0,specialty,1,
2023,731597,JAC,DELI GROCERY EL FOGON,DELI GROCERY EL FOGON 2017 CORP,362,E 146TH ST,10455,0,,1,1000.0,convenience or deli,1,
2023,739679,JAC,ESTRELLA MEATS FRUITS &,ESTRELLA MEATS FRUITS & GROCERY C,276,E 198TH ST.,10458,0,,1,1200.0,specialty,1,
2023,753841,A,HIGHBRIDGE GROCERY,HIGHBRIDGE GROCERY INC,82,W 165TH ST.,10452,0,,1,1000.0,convenience or deli,1,
2023,737282,JAC,JAIVERY DELI GROCERY,JAIVERY DELI GROCERY CORP,907,SOUTHERN BLVD,10459,1000,1000.0,0,1000.0,convenience or deli,1,
2023,609325,JAC,JOSMAR MINI MARKET,JOSMAR MINI MARKET CORP,775,E 149TH ST,10455,2300,2300.0,0,2300.0,convenience or deli,1,
2023,724603,JAC,ANTILLANA SUPERFOOD MAR,1791-93 FOOD CORP,1791,JEROME AVE,10453,4500,4500.0,0,4500.0,supermarket,1,
2023,715619,JAC,C-TOWN SUPERMARKET,2891 FOOD CORP,2891,SEDGWICK AVE,10468,5200,5200.0,0,5200.0,supermarket,1,
2023,748165,JAC,FASO AFRICAN MARKET,FASO AFRICAN MARKET CORP,953A,WESTCHESTER AVE,10459,400,400.0,0,400.0,other grocery,1,
2023,752514,JAC,VARGAS FRUITS & DELI GR,VARGAS FRUITS & DELI GROCERY CORP,2132,MOHEGAN AVENUE,10460,0,,1,1000.0,convenience or deli,1,
2023,729069,JAC,171 WEST CORP,171 WEST CORP,171,W BURNSIDE AVE,10453,1800,1800.0,0,1800.0,other grocery,1,
2023,609462,JAC,MD AFRICAN MKT & DISCOU,DIKO MUHAMADOU,2252,WEBSTER AVE,10457,2000,2000.0,0,2000.0,other grocery,1,
2023,745830,A,388 FAMILY DELI TOBACCO,388 FAMILY DELI TOBACCO CORP,288,EAST 169TH STREET,10456,0,,1,1000.0,convenience or deli,1,
2023,754427,JAC,FAMILY AFRICAN MEAT MAR,FAMILY AFRICAN MEAT MARKET CORPOR,4028,WHITE PLAINS RD,10466,0,,1,1200.0,specialty,1,
2023,734461,JAC,KEY FOOD,881 STADIUM FOOD CORP,881,GERARD AVENUE,10452,0,,1,8000.0,supermarket,1,
2023,751692,JAC,EMILIANOS,EMILIANOS GOURMET MARKET LLC,5626,MOSHOLU AVE,10471,1600,1600.0,0,1600.0,other grocery,1,
2023,745338,JAC,ELIUD FRUIT MARKET,ELIUD FRUIT MARKET CORP,236,E GUN HILL RD,10467,800,800.0,0,800.0,specialty,1,
2023,726841,A,HUA MEI DISCOUNT STORE,HUA MEI DISCOUNT STORE INC,1690,BOSTON RD,10460,5000,5000.0,0,,,0,general merchandise or dollar store
2023,741856,JAC,AGRAMONTE GROCERY STORE,AGRAMONTE GROCERY STORE CORP,1208,STRATFORD AVE,10472,0,,1,1000.0,convenience or deli,1,
2023,754856,JAC,WEST FORDHAM GROCERY,WEST FORDHAM GROCERY INC,150,W FORDHAM ROAD,10468,0,,1,1000.0,convenience or deli,1,
2023,753539,A,JAMNETHAHI ANSARUD DINN,JAMNETHAHI ANSARUD DINNIASS CORP,4049,WHITE PLAINS RD,10466,900,900.0,0,900.0,other grocery,1,
2023,606557,JAC,DE LA CRUZ DELI GROCERY,GENOVEVA DE LA CRUZ-FIGUEROA,694,E 141ST ST,10454,750,750.0,0,750.0,convenience or deli,1,
2023,748651,JAC,ESTRELLITA DELI GROCERY,ESTRELLITA DELI GROCERY LLC,520,E 149TH STREET,10455,750,750.0,0,750.0,convenience or deli,1,
2023,721094,JAC,180 BUS STOP DELI,180 BUS STOP DELI INC,702,E 180TH STREET,10457,0,,1,1000.0,convenience or deli,1,
2023,603478,JAC,AMIGOS GROCERY,AMIGOS GROCERY CORP,551,EAST 172ND ST,10457,80,,1,1000.0,convenience or deli,1,
2023,730494,A,DOLLAR GENERAL STORE #1,DOLGEN NEW YORK LLC,528,JACKSON AVE,10455,0,,0,,,0,general merchandise or dollar store
2023,722523,JAC,ALBANIAN MARKET,ALBANIAN MARKET CORP,3043,BUHRE AVE,10461,600,600.0,0,600.0,other grocery,1,
2023,746330,JAC,RC MEAT MARKET,R&C WHOLESALE MEATS DISTRIBUTOR L,969,OGDEN AVE.- STORE 9 & 10,10452,600,600.0,0,600.0,specialty,1,
2023,746151,A,ONE DOLLAR ZONE,DOLLAR ZONE OF BROADWAY LLC,5675,BROADWAY,10463,0,,0,,,0,general merchandise or dollar store
2023,731084,JACDK,R & J SEAFOOD,R & J SEAFOOD CORP,800,FOOD CENTER DRIVE UNIT 117,10474,1500,1500.0,0,,,0,"warehouse, wholesale or plant license"
2023,722852,JAC,FULTON DELI,FULTON DELI CORP,1225,FULTON AVENUE,10456,0,,1,1000.0,convenience or deli,1,
2023,742932,JAC,A&B DELI,A&B DELI INC,260,E BURNSIDE AVE,10457,450,450.0,0,450.0,convenience or deli,1,
2023,714147,JAC,GENESIS SUPERETTE II,GENESIS SUPERETTE II INC,150,W FORDHAM RD,10468,900,900.0,0,900.0,other grocery,1,
2023,714464,A,Q&S 99 CENTS PLUS,Q&S 99 CENTS PLUS INC,836,HUNTS POINT AVE,10474,600,600.0,0,,,0,general merchandise or dollar store
2023,738320,JAC,WATSON DISCOUNT,WATSON DISCOUNT CORP,1565,WATSON AVE,10472,0,,0,,,0,general merchandise or dollar store
2023,726338,JAC,BUHRE FISH MARKET,BUHRE FISH MARKET INC,3035,BUHRE AVENUE,10461,1000,1000.0,0,1000.0,specialty,1,
2023,742852,JAC,LOS 2 HERMANITOS II DEL,LOS 2 HERMANITOS DELI GROCERY COR,865,EAST 165TH STREET,10459,0,,1,1200.0,other grocery,1,
2023,608591,JAC,DANIEL RODRIGUEZ PRODUC,RODRIGUEZ DANIEL,190,E 166TH ST,10456,1000,1000.0,0,1000.0,other grocery,1,
2023,609482,JAC,LA VICTORIA GROCERY,LA VICTORIA GROCERY CORP,662,E 141ST ST,10454,900,900.0,0,900.0,convenience or deli,1,
2023,715683,JAC,YOUR CHOICE DELI GROCER,YOUR CHOICE DELI GROCERY CORP,2363,VALENTINE AVE,10458,800,800.0,0,800.0,convenience or deli,1,
2023,715818,JAC,AFRICAN MARKET,KARINA ENTERPRISES INC,2075,GRAND CONCOURSE,10453,1000,1000.0,0,1000.0,other grocery,1,
2023,716328,JAC,161 SHADDAD,161 SHADDAD INC,575,E 161 ST,10456,1800,1800.0,0,1800.0,other grocery,1,
2023,754251,JAC,208 GLOBAL DELI,208 GLOBAL DELI INC,9,E 208TH STREET,10467,2000,2000.0,0,2000.0,convenience or deli,1,
2023,746543,JAC,MOTHERS DELI,MOTHERS DELI INC,395,MOSHOLU PARKWAY,10467,0,,1,1000.0,convenience or deli,1,
2023,748830,A,GOPUFF 621,GB LICENSE LLC,3000,JEROME AVE,10468,4000,4000.0,0,,,0,"online, wholesale or warehouse"
2023,725177,JAC,149 WILLIS,149 WILLIS INC,526B,WILLIS AVENUE,10455,0,,1,1200.0,other grocery,1,
2023,718260,JAC,17UP FOOD,17UP FOOD PRODUCT CORP,1378,WALTON AVE,10452,600,600.0,0,600.0,other grocery,1,
2023,748352,A,MOEBUCKS FOOD,MOEBUCKS FOOD CORP,2444,E TREMONT AVE,10461,700,700.0,0,700.0,other grocery,1,
2023,747379,A,BROTHERS & BOBO,BROTHERS & BOBO LLC,902,HUNTS POINT AVENUE,10474,550,550.0,0,550.0,other grocery,1,
2023,609158,JAC,WESTCHESTER CARIBBEAN,WESTCHESTER CARIBBEAN MART INC,1503,WESTCHESTER AVE,10472,1000,1000.0,0,1000.0,other grocery,1,
2023,609111,JAC,PELHAM DELI,PELHAM DELI INC,3026,BUHRE AVE,10461,1000,1000.0,0,1000.0,convenience or deli,1,
2023,737474,JAC,MYG DELI,MYG DELI CORP,656,WERSTCHESTER AVE,10455,950,950.0,0,950.0,convenience or deli,1,
2023,737185,JAC,ROSELYN DELI GROCERY,ROSELYN DELI GROCERY CORP,698,BECK STREET,10455,0,,1,1000.0,convenience or deli,1,
2023,737993,A,SAMMYS CONVIENIENT STOR,SAMMYS CONVIENIENT STORE INC,1772,RANDALL AVE,10473,1000,1000.0,0,1000.0,other grocery,1,
2023,720573,A,STAR DISCOUNTS,STAR DISCOUNTS INC,66,E TREMONT AVE,10453,1500,1500.0,0,1500.0,other grocery,1,
2023,745838,JAC,BEST DAY & NIGHT DELI G,BEST DAY & NIGHT DELI GROCERY COR,1017,LEGGET AVE,10455,0,,1,1000.0,convenience or deli,1,
2023,608418,JAC,OSCAR DELI GROCERY,OSCAR DELI GROCERY CORP,750,E 149TH ST,10455,1800,1800.0,0,1800.0,convenience or deli,1,
2023,609486,JAC,BANGLATOWN SUPERMARKET,ALI SUPERMARKET INC,1860,WESTCHESTER AVE,10472,4600,4600.0,0,4600.0,supermarket,1,
2023,738644,JAC,TASTY CORNER,JOHORA CORPORATION,900,E GUN HILL RD,10469,1600,1600.0,0,1600.0,other grocery,1,
2023,748192,JAC,ROOTS & FRUITS MARKET,TOWN MARKET CORP,700,MORRIS PARK AVE,10462,800,800.0,0,800.0,specialty,1,
2023,603826,JAC,NOBOA GROCERY,846 GROCERY CORP,846,GERARD AVE,10451,3000,3000.0,0,3000.0,convenience or deli,1,
2023,725098,JAC,EAST 169TH GOURMET DELI,EAST 169TH GOURMET DELI CORP,761,EAST 169TH STREET,10456,1100,1100.0,0,1100.0,convenience or deli,1,
2023,748839,A,GOPUFF 637,GB LICENSE LLC,1872,E TREMONT AVE,10460,0,,0,,,0,"online, wholesale or warehouse"
2023,723645,JAC,COURT SIDE DELI II,AMAL DELI CORP,909,SHERDIAN AVE,10451,700,700.0,0,700.0,convenience or deli,1,
2023,722180,JAC,GREEN N GROCERY,GREEN N GROCERY INC,858,FREEMAN ST,10459,1000,1000.0,0,1000.0,convenience or deli,1,
2023,608730,A,OGDEN 99 CENTS STORE,OGDEN 99 CENTS INC,1025,OGDEN AVE,10452,2300,2300.0,0,,,0,general merchandise or dollar store
2023,715814,JAC,WEBSTER AVE GOURMET DEL,WEBSTER AVE GOURMET DELI CORP,375,E 188TH STREET,10458,800,800.0,0,800.0,other grocery,1,
2023,712495,JAC,188 PARK DELI GROCERY,188 PARK DELI GROCERY CORP,2457,UNIVERSITY AVE,10468,1750,1750.0,0,1750.0,convenience or deli,1,
2023,731054,JAC,SELWYN DELI GROCERY,SELWYN DELI GROCERY CORP,261,E 172ND STREET,10457,1300,1300.0,0,1300.0,convenience or deli,1,
2023,608547,A,WHITE PLAINS MEGA DELI,WHITE PLAINS MEGA DELI CORP,4759,WHITE PLAINS RD,10470,1500,1500.0,0,1500.0,convenience or deli,1,
2023,607331,A,FAMILY DOLLAR #6853,FAMILY DOLLAR STORES OF NY INC,3560,JEROME AVE,10467,8000,8000.0,0,,,0,general merchandise or dollar store
2023,609181,JABC,WESTERN BEEF 29,WESTERN BEEF RETAIL INC,2050,WEBSTER AVE,10457,34000,34000.0,0,34000.0,supermarket,1,
2023,739910,A,AARONS CORNER DELI,AARONS CORNER DELI LLC,1251,REV JAMES A POLITE AVE,10459,450,450.0,0,450.0,convenience or deli,1,
2023,608166,A,WALGREENS #13120,WALGREEN EASTERN CO INC,1612,WESTCHESTER AVE,10472,10000,10000.0,0,,,0,pharmacy
2023,752185,JAC,24 HOUR KING DELI,24 HOUR KING DELI CORP,3593,THIRD AVE,10456,0,,1,1000.0,convenience or deli,1,
2023,748720,JAC,RDOS,RDOS INC,553,SOUNDVIEW AVE,10473,600,600.0,0,600.0,other grocery,1,
2023,750001,JAC,MEXICO TACO RICO,MEXICO TACO RICO CORP,264,E GUN HILL RD,10467,0,,1,1200.0,other grocery,1,
2023,730078,JAC,LA PARADA LATINA FOOD,LA PARADA LATINA FOOD CORP,3822,3RD AVE,10457,1500,1500.0,0,1500.0,other grocery,1,
2023,608129,A,WALGREENS #12309,WALGREEN EASTERN CO INC,2504,EASTCHESTER RD,10469,5000,5000.0,0,,,0,pharmacy
2023,733462,JAC,FRESH PRODUCE & MEAT MA,FRESH PRODUCE & MEAT MARKET CORP,106,W 168TH STREET,10452,0,,1,1200.0,specialty,1,
2023,751906,JAC,MAKEME AFRICAN MARKET,MAKEME AFRICAN MARKET CORP,209,EAST 165TH ST,10456,0,,1,1200.0,other grocery,1,
2023,746105,JAC,SUNSHINE SUPERMARKET,SWAMI24 CORP,3830,DYRE AVE,10466,0,,1,8000.0,supermarket,1,
2023,609450,A,AL-TAIR GROCERY STORE,AL-TAIR GROCERY STORE INC,385,"E 194TH ST, FRNT A",10458,600,600.0,0,600.0,convenience or deli,1,
2023,754963,A,TYE ARI,TYE ARI LLC,3820,DYRE AVENUE,10466,0,,1,1200.0,other grocery,1,
2023,741208,JAC,JIMENEZ FRUITS & VEGETA,JIMENEZ FRUITS & VEGETABLES INC,901,SOUTHERN BLVD. STORE B,10459,1200,1200.0,0,1200.0,specialty,1,
2023,720272,JAC,ALANS DELI GROCERY,ALANS DELI GROCERY CORP,1246,SHAKESPEARE AVE,10452,1200,1200.0,0,1200.0,convenience or deli,1,
2023,746829,JAC,BMJ FIRST GOURMET DELI,BMJ FIRST GOURMET DELI CORP,15,WESTCHESTER SQ,10461,2000,2000.0,0,2000.0,convenience or deli,1,
2023,607270,JAC,TRES K DELI GRCY FRT&MT,TRES K DELI GRCY FRUIT&MEAT INC,125,W TREMONT AVE,10453,1200,1200.0,0,1200.0,convenience or deli,1,
2023,606187,JAC,TOLEDO GROCERY STORE,670 TOLEDO GROCERY CORP,670,BARRETTO ST,10474,1000,1000.0,0,1000.0,convenience or deli,1,
2023,719611,JAC,ROYS FRUITS AND VEGETAB,ROYS FRUITS AND VEGETABLES CORP,720,EAST TREMONT AVE STORE #B,10457,0,,1,1200.0,specialty,1,
2023,753622,JAC,STAR CHOP CHEESE DELI,STAR CHOP CHEESE DELI 2,292,E 166TH STREET,10456,1000,1000.0,0,1000.0,convenience or deli,1,
2023,736407,JAC,MONDAY DELI GROCERY,MONDAY DELI GROCERY INC,1480,WESTCHESTER AVE.,10472,0,,1,1000.0,convenience or deli,1,
2023,607924,A,HDL GROCERY DELI,HDL GROCERY DELI CORP,3706-14,3RD AVE,10456,1000,1000.0,0,1000.0,convenience or deli,1,
2023,748734,JAC,SURIEL DELI GROCERY,GUERRERO SURIEL WALTER,595,E 141ST STREET,10454,1000,1000.0,0,1000.0,convenience or deli,1,
2023,715414,A,LOYAL DISCOUNT,LOYAL DISCOUNT INC,2901,WHITE PLAINS RD,10467,1200,1200.0,0,,,0,general merchandise or dollar store
2023,608279,A,BARGAIN TEAM,BARGAIN TEAM INC,216,WILLIS AVE,10454,2500,2500.0,0,,,0,general merchandise or dollar store
2023,753822,JAC,LA MORENA DELI GROCERY,LA MORENA DELI GROCERY CORP,1160,BOYNTON AVE,10472,900,900.0,0,900.0,convenience or deli,1,
2023,602299,JAC,S.A. DELI GROCERY,S.A. DELI GROCERY CORP,29,CLINTON PL,10453,1500,1500.0,0,1500.0,convenience or deli,1,
2023,713538,JAC,MI MEXICO MINI MARKET &,MI MEXICO MINI MARKET & GROCERY I,1528,1528A/1526A WESTCHESTER AVE,10472,2500,2500.0,0,2500.0,convenience or deli,1,
2023,745085,JAC,SAQR DELI GROCERY,SAQR DELI GROCERY INC,24,WEST BURNSIDE AVE,10453,0,,1,1000.0,convenience or deli,1,
2023,753154,JAC,PIONEER SUPERMARKETS,BRONX FRESH FOODS CORP,3035,WHITE PLAINS ROAD,10467,0,,1,8000.0,supermarket,1,
2023,755627,JAC,WINKLEBLACKS,WINKLEBLACKS INC,2020,EASTCHESTER ROAD,10461,0,,1,1200.0,other grocery,1,
2023,718115,JAC,HELLEN DELI GROCERY,HELLEN DELI GROCERY CORP,1420,CLAY AVE,10456,800,800.0,0,800.0,convenience or deli,1,
2023,747491,A,WOODLAWN GIFT SHOP,GHALEB ALI A,4309,KATONAH AVE,10470,1000,1000.0,0,1000.0,other grocery,1,
2023,713909,JAD,HUDSON VALLEY GREENS,HUDSON VALLEY GREENS INC,641,TIMPSON PLACE,10455,12000,12000.0,0,,,0,"warehouse, wholesale or plant license"
2023,745484,JAC,EDIBLE ARRANGEMENTS,VASQUEZ NYC CORP,2021,WILLIAMSBRIDGE RD,10461,900,900.0,0,,,0,food service or non-food retail
2023,708709,JAC,181ST CANDY & DELI,181ST CANDY & DELI CORP,110,E 181ST STREET,10453,800,800.0,0,800.0,convenience or deli,1,
2023,717755,JAC,MODERN MARKET,NEW MODERN INC,2385,ARTHUR AVE,10458,6000,6000.0,0,6000.0,other grocery,1,
2023,737007,A,STOP & GO SMOKE DELI,STOP & GO SMOKE DELI CORP,1398,JEROME AVE,10452,600,600.0,0,600.0,convenience or deli,1,
2023,744742,JAC,#1 BEDFORD DELI,#1 BEDFORD DELI CORP,26,BEDFORD PARK BLVD E,10468,800,800.0,0,800.0,convenience or deli,1,
2023,703339,JAC,FOOD UNIVERSE MARKETPLA,SKYLIGHT HOLDINGS INC,312,EAST 194TH STREET,10458,4000,4000.0,0,4000.0,supermarket,1,
2023,704092,JAC,BX METRO SUPERETTE,BX METRO SUPERETTE CORP,3504,FORT INDEPENDENCE ST,10463,0,,1,1200.0,other grocery,1,
2023,746246,JAC,MICHAELS SPECIALTY DELI,MICHAELS SPECIALTY DELI LLC,3191,E TREMONT AVE,10461,800,800.0,0,800.0,convenience or deli,1,
2023,718972,JAC,245 BROADWAY MARKET,245 BROADWAY MARKET CORP,6029,BROADWAY,10471,1200,1200.0,0,1200.0,other grocery,1,
2023,604974,A,RITE AID PHARMACY 03844,RITE AID OF NEW YORK INC,950-960,SOUTHERN BLVD,10459,5000,5000.0,0,,,0,pharmacy
2023,731915,JAC,MORONTA'S GROCERY & DEL,MORONTA'S GROCERY & DELI CORP,2020,PITMAN AVENUE,10466,0,,1,1000.0,convenience or deli,1,
2023,606834,JAC,JENNINGS FRUITS&VEGTBLS,JENNINGS FRUITS&VEGETABLES INC,937,JENNINGS ST,10460,600,600.0,0,600.0,specialty,1,
2023,600992,JABC,FOODTOWN 582,283 FOOD LLC,283,E 204TH ST,10467,20000,20000.0,0,20000.0,supermarket,1,
2023,725811,JAC,681 DELI GROCERY STORE,681 DELI GROCERY STORE #1 INC,681,E 187TH STREET,10458,1200,1200.0,0,1200.0,convenience or deli,1,
2023,727626,JAC,PIEDRA PARTIDA DELI GRO,PIEDRA PARTIDA DELI GROCERY CORP,229,E KINGSBRIDGE ROAD,10458,1000,1000.0,0,1000.0,convenience or deli,1,
2023,750498,JAC,EAST TREMONT NEW YORK G,EAST TREMONT NEW YORK GRILL CORP,1057,EAST TREMONT AVE,10460,1300,1300.0,0,1300.0,other grocery,1,
2023,605070,A,CVS PHARMACY 02551,CVS ALBANY LLC,3125,BAINBRIDGE AVE,10467,4000,4000.0,0,,,0,pharmacy
2023,604987,JAC,BROTHERS FOOD MARKET,YAFAI HAMOOD A & ELOUDI ABDULRAHM,761,E 182ND ST,10460,3000,3000.0,0,3000.0,other grocery,1,
2023,717853,A,A A SUPER DELI & GROCER,A A SUPER DELI & GROCERY INC,1403,BRONX RIVER AVE,10472,1200,1200.0,0,1200.0,convenience or deli,1,
2023,731870,JAC,AGUILARS MEXICAN GROCER,AGUILARS MEXICAN GROCERY LLC,1060,MORRIS PARK AVENUE,10461,1000,1000.0,0,1000.0,other grocery,1,
2023,742886,A,MEGA DEALS,231 DISCOUNT CORP,191,W 231ST ST,10463,2000,2000.0,0,2000.0,other grocery,1,
2023,601572,A,BHAGDATTS SPICES & SARE,BHAGDATTS SPICES&SAREE CENTER LTD,2081,GRAND CONCOURSE,10453,1800,1800.0,0,1800.0,specialty,1,
2023,722090,JAC,MADINA TRADING,MADINA TRADING CORP,270,E 165TH STREET,10456,800,800.0,0,800.0,other grocery,1,
2023,742275,JAC,SAMMY GROCERY & DELI,SAMMY GROCERY & DELI CORP,4378,THIRD AVENUE,10457,700,700.0,0,700.0,convenience or deli,1,
2023,746831,JAC,BELINDAS AFRICAN CARIBB,AGYARE BELINDA,1163,BOSTON  RD,10456,0,,1,1200.0,other grocery,1,
2023,718237,A,J&J 99 CENTS & UP GIFT,J&J 99 CENTS & UP GIFT INC,402,E 151ST ST,10455,4000,4000.0,0,,,0,general merchandise or dollar store
2023,608055,JAC,654 GREEN MART,654 GREEN MART INC,654,WESTCHESTER AVE,10455,3000,3000.0,0,3000.0,other grocery,1,
2023,720387,JAC,STEVEN DELI & GROCERY,STEVEN DELI & GROCERY CORP,325,CYPRESS AVENUE,10454,0,,1,1000.0,convenience or deli,1,
2023,751962,JAC,EL SITIO DELI GROCERY,EL SITIO DELI GROCERY CORP,1307,EDWARD L GRANT HWY,10452,0,,1,1000.0,convenience or deli,1,
2023,603809,JAC,GRCY DELI KINGSBRIDGE,GROCERY DELI KINGSBRIDGE AVE INC,245,W 230TH ST,10463,1500,1500.0,0,1500.0,convenience or deli,1,
2023,754756,JAC,AMPM # 48357,BP PRODUCTS NORTH AMERICA INC,824,ALLERTON AVENUE,10467,4400,4400.0,0,,,0,gas station
2023,722833,JAC,GNC #8713,H&S NUTRITION LLC,2958,3RD AVENUE,10455,900,900.0,0,,,0,food service or non-food retail
2023,709250,JAC,FOOD CHOICE MARKET,FRANCO PARTNERS INC,2244,WHITE PLAINS RD,10467,18000,18000.0,0,18000.0,other grocery,1,
2023,608343,JAC,TARGET STORE T2475,TARGET CORP,700,EXTERIOR ST,10451,4000,4000.0,0,,,0,general merchandise or dollar store
2023,750941,JAC,KAESAR GOURMET DELI,KAESAR GOURMET DELI CORP,3917,BAY CHESTER AVE,10466,900,900.0,0,900.0,convenience or deli,1,
2023,606816,JACD,C TOWN SUPERMARKETS,M&L MEAT MARKET LLC,3970,LACONIA AVE,10466,2500,2500.0,0,,,0,"warehouse, wholesale or plant license"
2023,724007,JAC,FIRST 1 DELI,FIRST 1 DELI CORP,333,E 138TH ST,10454,0,,1,1000.0,convenience or deli,1,
2023,738327,JAC,53 JM DELI GROCERY,53 JM DELI GROCERY CORP,53,WEST 167TH STREET,10452,0,,1,1000.0,convenience or deli,1,
2023,727295,JAC,ASRA MINI MART AND DELI,ASRA MINI MART AND DELI INC,2801,MIDDLETOWN ROAD,10461,700,700.0,0,700.0,convenience or deli,1,
2023,602807,JAC,HERMANOS DIAZ GROCERY,DIAZ JUAN A,1376,BRONX RIVER AVE,10472,700,700.0,0,700.0,convenience or deli,1,
2023,607596,JAC,MANUEL MINI MART,MANUEL MINI MART CORP,481,E 180TH ST,10457,1000,1000.0,0,1000.0,convenience or deli,1,
2023,604989,A,RITE AID PHARMACY 03774,RITE AID OF NEW YORK INC,2426-34,EASTCHESTER RD,10469,1500,1500.0,0,,,0,pharmacy
2023,746876,JAC,LA ESTACION DELI GROCER,LA ESTACION DELI GROCERY CORP,1393,PLIMPTON AVE,10452,1200,1200.0,0,1200.0,convenience or deli,1,
2023,718838,JAC,DECATUR DELI FOOD,DECATUR DELI FOOD CORP,365,EAST 193RD STREET,10458,0,,1,1000.0,convenience or deli,1,
2023,715843,JAC,157 GERARD,157 GERARD CORP,119,E 157TH ST,10451,1500,1500.0,0,1500.0,other grocery,1,
2023,607769,A,MY 99 CENTS NUMBER ONE,MY 99 CENTS NUMBER ONE INC,500,BERGEN AVE,10455,2000,2000.0,0,,,0,general merchandise or dollar store
2023,737199,JAC,DOMINIC DELI,DOMINIC DELI CORP,1803,MANSION ST.,10460,0,,1,1000.0,convenience or deli,1,
2023,744219,JAC,E 213 ST DELI & GROCERY,E 213 ST DELI & GROCERY CORP,729,E 213TH ST,10467,1200,1200.0,0,1200.0,convenience or deli,1,
2023,746119,A,CROSS BRONX SERVICE STA,CROSS BRONX SERVICE STATION CORP,1730,CROSS BRONX EXPRESSWAY,10472,1900,1900.0,0,1900.0,other grocery,1,
2023,714189,JAC,3226 EXPRESS DELI,3226 EXPRESS DELI CORP,3226,BAINBRIDGE AVE,10467,1000,1000.0,0,1000.0,convenience or deli,1,
2023,752388,JAC,LA MONTRA DELI GROCERY,LA MONTRA DELI GROCERY CORP,1575-1579,WALTON AVENUE,10452,3000,3000.0,0,3000.0,convenience or deli,1,
2023,709086,A,K&M DISCOUNT CENTER,K&M DISCOUNT CENTER LLC,2740,3RD AVE,10455,2300,2300.0,0,,,0,general merchandise or dollar store
2023,736455,JAC,MADINA MUNAWARA GROCERY,MADINA MUNAWARA GROCERY & HALAL M,3110,BAINBRIDGE AVENUE,10467,1200,1200.0,0,1200.0,convenience or deli,1,
2023,736855,A,WALGREENS #17926,WALGREEN EASTERN CO INC,4232,BAYCHESTER AVE,10466,2500,2500.0,0,,,0,pharmacy
2023,608511,JAC,HARDING DELI & GROCERY,HARDING DELI AND GROCERY INC,3009,HARDING AVE,10465,2000,2000.0,0,2000.0,convenience or deli,1,
2023,750978,JAC,949 INTERPRISE,949 INTERPRISE INC,949,OGDEN AVE,10452,900,900.0,0,900.0,other grocery,1,
2023,609529,A,WEBSTER GROCERY & NEWS,WEBSTER GROCERY & NEWSTAND INC,2519,WEBSTER AVE,10458,400,400.0,0,400.0,convenience or deli,1,
2023,605262,JAC,YOUNGS FRUIT MARKET,LEE JIN YOUNG,713,BURKE AVE,10467,800,800.0,0,800.0,specialty,1,
2023,722432,A,99 CENTS RUSH,QUEENS DOLLAR INC,1464-1466,WESTCHESTER AVENUE,10472,2500,2500.0,0,,,0,general merchandise or dollar store
2023,748443,A,DISCOUNT 99 CENTS,DISCOUNT 99 C CORP,545,SOUTHERN BLVD #A,10455,2500,2500.0,0,,,0,general merchandise or dollar store
2023,742707,JAC,SOCO PETRO AMB #2,SOCO PETRO LLC AMB #2,3500,CONNER ST,10475,900,900.0,0,900.0,other grocery,1,
2023,749343,A,CRUZ CONVENIENCE STORE,CRUZ CONVENIENCE STORE INC,1497,WESTCHESTER AVE,10472,0,,1,1000.0,convenience or deli,1,
2023,604008,A,99 CENTS PLUS SUPERSTOR,99 CENTS PLUS SUPERSTORE CORP,4148,WHITE PLAINS RD,10466,2000,2000.0,0,,,0,general merchandise or dollar store
2023,751822,JAC,CASTEL EXPRESS GOURMET,CASTEL EXPRESS GOURMET DELI INC,2170,WESTCHESTER AVE,10462,1400,1400.0,0,1400.0,other grocery,1,
2023,750767,JAC,EL NIETO DE MAMA FIFI D,EL NIETO DE MAMA FIFI DELI FOOD C,660,BEACH AVE,10473,0,,1,1200.0,other grocery,1,
2023,738677,JAC,OJ VALERIO DELI GROCERY,OJ VALERIO DELI GROCERY INC,1331,WEBSTER AVE,10456,0,,1,1000.0,convenience or deli,1,
2023,741167,JAC,ALDALALI DELI,ALDALALI DELI CORP,1484,JEROME AVE,10452,1000,1000.0,0,1000.0,convenience or deli,1,
2023,755697,JAC,LOS MOCANOS 54 DELI GRO,LOS MOCANOS 54 DELI GROCERY CORP,2867,WEBSTER AVE,10458,0,,1,1000.0,convenience or deli,1,
2023,736968,JAC,1150 JOSEPH DELI & GROC,1150 JOSEPH DELI & GROCERY INC,1150,GARRISON AVE,10474,400,400.0,0,400.0,convenience or deli,1,
2023,739911,JAC,TWENTY CITY DELI & GROC,TWENTY CITY DELI & GROCERY CORP,1060,SHERMAN AVE,10456,1000,1000.0,0,1000.0,convenience or deli,1,
2023,727222,JAC,SUAREZ DELI & GROCERY,SUAREZ DELI & GROCERY INC,269,E 188TH STREET,10458,0,,1,1000.0,convenience or deli,1,
2023,600049,JAC,C TOWN,NANIN FOOD CORP,2733,3RD AVE,10451,10000,10000.0,0,10000.0,supermarket,1,
2023,732918,JAC,BANGLATOWN,BANGLATOWN INC,3566B,JEROME AVE,10467,1800,1800.0,0,1800.0,other grocery,1,
2023,750077,A,VALENCIA BAKERY #4,MADRID BAKERY LLC,9,WEST BURNSIDE AVENUE,10453,500,500.0,0,500.0,specialty,1,
2023,727872,JAC,228 MEAT & VEGETABLE,228 MEAT & VEGETABLE CORP,4047,LACONIA AVENUE,10466,0,,1,1200.0,specialty,1,
2023,736829,JAC,RIVERA DELI,RIVERA DELI CORP,400,SOUNDVIEW AVE,10473,1200,1200.0,0,1200.0,convenience or deli,1,
2023,731918,JAC,ROMERO FRUIT MARKET,ROMERO FRUIT MARKET INC,835,E 152ND ST  STORE 4,10455,1000,1000.0,0,1000.0,specialty,1,
2023,742195,JAC,194 NEIGHBORHOOD DELI G,194 NEIGHBORHOOD DELI GROCERY COR,2650,BRIGGS AVENUE,10458,0,,1,1000.0,convenience or deli,1,
2023,752400,A,MIKE & J CANDY GROCERY,MIKE & J CANDY GROCERY CORP,872,HUNTS POINT AVE,10474,900,900.0,0,900.0,convenience or deli,1,
2023,706951,A,METRO CANDY & GROCERY,METRO CANDY & GROCERY INC,1508,METROPOLITAN AVE,10462,1200,1200.0,0,1200.0,convenience or deli,1,
2023,728545,JAC,ZIL ZAL,ZIL ZAL INC,1516,METROPOLITAN AVENUE,10462,0,,1,1200.0,other grocery,1,
2023,741872,A,TWIN 99CENTER VARIETY,TWIN 99CENTER VARIETY CORP,4738,WHITE PLAINS ROAD,10470,1000,1000.0,0,,,0,general merchandise or dollar store
2023,749027,JAC,MPQ BRONX COMMISSARY,MPQ BRONX COMMISSARY LLC,178,BRUCKNER BLVD,10454,0,,1,1200.0,other grocery,1,
2023,607395,JAC,EL PASO DELI,HERNANDEZ GABRIEL,721,VAN NEST AVE,10462,800,800.0,0,800.0,convenience or deli,1,
2023,754228,JAC,M TEJADA,M TEJADA CORP,526,MORRIS PARK AVENUE,10460,650,650.0,0,650.0,other grocery,1,
2023,600956,JAC,S&Y GRACE,S&Y GRACE CORP,4018,BOSTON RD,10475,3500,3500.0,0,3500.0,other grocery,1,
2023,732750,JABC,FOOD UNIVERSE MARKET,ABC FIVE WINGS INC,126,FEATHERBED LANE,10452,7000,7000.0,0,7000.0,supermarket,1,
2023,732380,A,ALDUS ST GROCERY,ALDUS ST GROCERY INC,944,ALDUS ST,10459,800,800.0,0,800.0,convenience or deli,1,
2023,604631,JAC,WEST FARM FISH MARKET,LEE HOJOON,855,E TREMONT AVE,10460,800,800.0,0,800.0,specialty,1,
2023,747954,JAC,1160 TREMONT DISCOUNT,1160 TREMONT DISCOUNT CORP,1160,E TREMONT AVENUE,10460,2200,2200.0,0,,,0,general merchandise or dollar store
2023,608214,JAC,DERLYN FOOD,DERLYN FOOD CORP,150,WEST KINGSBRIDGE RD,10463,0,,1,1200.0,other grocery,1,
2023,713970,A,DOLLAR JUNCTION,WINS DEAL INC,2087,JEROME AVE,10453,3000,3000.0,0,,,0,general merchandise or dollar store
2023,745775,A,ZMM DELI & SMOKE SHOP,ZMM DELI & SMOKE SHOP INC,3607,BRONXWOOD AVE,10469,800,800.0,0,800.0,convenience or deli,1,
2023,752103,JAC,ALI-AMIN SUPERMARKET,RUBI & RINA INC,276,EAST 169TH STREET,10456,0,,1,8000.0,supermarket,1,
2023,719766,A,MUNDY DELI & GROCERY,MUNDY DELI & GROCERY INC,4429,MUNDY LANE AVE,10466,1200,1200.0,0,1200.0,convenience or deli,1,
2023,748553,JAC,3413 MEAT MARKET,3413 MEAT MARKET CORP,3413,BOSTON RD,10469,0,,1,1200.0,specialty,1,
2023,605786,JAC,CASA DELLA MOZZARELLA,CASA DELLA MOZZ ITALIAN DELI INC,604,E 187TH ST,10458,1600,1600.0,0,1600.0,other grocery,1,
2023,740332,JAC,GREEN GARDEN HEALTH FOO,GREEN GARDEN HEALTH FOOD STORE LL,3543,WHITE PLAINS ROAD,10467,2500,2500.0,0,2500.0,other grocery,1,
2023,744027,JAC,THE CARDAMOM MAN,CARDAMON MAN LLC THE,50,EAST 168TH ST,10452,0,,1,1200.0,other grocery,1,
2023,734356,JAC,J & C GRACE,J & C GRACE CORP,3439,BOSTON ROAD,10469,4000,4000.0,0,4000.0,other grocery,1,
2023,704444,JAC,NEW KING GOURMET DELI G,NEW KING GOURMET DELI GROCERY COR,1587,THIERIOT AVE,10460,1200,1200.0,0,1200.0,convenience or deli,1,
2023,601642,JAC,CASTILLO MEAT & PRODUCE,965 CASTILLO MEAT & PRODUCE INC,965,E 172ND ST,10460,1700,1700.0,0,1700.0,specialty,1,
2023,710145,JAC,TREMONT CORNER STORE,TREMONT CORNER STORE CORP,3742,EAST TREMONT AVE,10465,1000,1000.0,0,1000.0,other grocery,1,
2023,737044,JAC,TACOS-VIP,TACOS-VIP CORP,573,EAST 187TH STREET,10458,900,900.0,0,900.0,other grocery,1,
2023,716293,JAC,251 GROCERY & DELI,251 GROCERY & DELI CORP,251,W KINGSBRIDGE RD,10463,2000,2000.0,0,2000.0,convenience or deli,1,
2023,720450,JAC,PALO BLANCO DELI GROCER,PALO BLANCO DELI GROCERY CORP,750,ASTOR AVENUE,10467,1200,1200.0,0,1200.0,convenience or deli,1,
2023,746722,JAC,BETHEL FOOD,BETHEL FOOD CORP,78-80,WEST 183RD STREET,10453,0,,1,1200.0,other grocery,1,
2023,752575,JAC,DON RAUL DELI GROCERY,DON RAUL CORP,301,SOUNDVIEW AVE,10473,0,,1,1000.0,convenience or deli,1,
2023,608721,A,AMIGO DISCT& STATIONARY,ALGHATHI MUHAMED A&ABDULLAH SADIQ,839E,PROSPECT AVE,10459,1200,1200.0,0,1200.0,other grocery,1,
2023,736483,JAC,WAGGYS DELI & GROCERY,WAGGYS DELI & GROCERY CORP,950,ANDERSON AVENUE,10452,1200,1200.0,0,1200.0,convenience or deli,1,
2023,741424,JAC,SORY'S MINI MRKET,SORY'S MINI MARKET CORP,3519,WHITE PLAINS RD,10467,1100,1100.0,0,1100.0,other grocery,1,
2023,731181,A,GLEASON FOODS AND VEGET,GLEASON FOODS AND VEGETABLES INC,1889,GLEASON AVE,10472,500,500.0,0,500.0,other grocery,1,
2023,745568,JAC,MAKILITO SUPER DELI,MAKILITO SUPER DELI CORP,16,EAST 183RD ST,10453,0,,1,1000.0,convenience or deli,1,
2023,714053,JAC,LOS HIJOS DE CHORRO DEL,LOS HIJOS DE CHORRO DELI GROCERY,1278,GRAND CONCOURSE,10456,2000,2000.0,0,2000.0,other grocery,1,
2023,706319,JAC,FREDARLET DELI GROCERY,FREDARLET DELI GROCERY CORP,1575-1579,WALTON AVE,10452,3000,3000.0,0,3000.0,convenience or deli,1,
2023,702445,JAC,JOY'S DELI GROCERY,JOY'S DELI GROCERY CORP,1400,GRAND CONCOURSE,10456,1200,1200.0,0,1200.0,convenience or deli,1,
2023,749465,JAC,RESYAN DELI GROCERY,RESYAN DELI GROCERY CORP,855,PROSPECT AVE,10459,1100,1100.0,0,1100.0,convenience or deli,1,
2023,750227,JAC,YOYA MEAT MINI MARKET,YOYA MEAT MINI MARKET CORP,2434,CRESTON AVENUE,10468,1800,1800.0,0,1800.0,convenience or deli,1,
2023,755190,A,J&E LUCKY 7 CONVENIENCE,J&E LUCKY 7 CONVENIENCE INC,659,MORRIS PARK AVE,10462,1100,1100.0,0,1100.0,convenience or deli,1,
2023,732760,JAC,LOMA DELI GROCERY,LOMA DELI GROCERY CORP,3340-44,FORT INDEPENDENCE STREET,10463,0,,1,1000.0,convenience or deli,1,
2023,746250,JAC,WEST MOCHA DELI & GROCE,WEST MOCHA DELI & GROCERY CORP,1903,WEST FARMS RD,10460,0,,1,1000.0,convenience or deli,1,
2023,753239,JAC,LAST STOP DELI GROCERY,LAST STOP DELI GROCERY CORP THE,1380,E GUN HILL RD,10469,0,,1,1000.0,convenience or deli,1,
2023,750284,JAC,PRINCE ZACHRY DELI GROC,PRINCE ZACHARY DELI GRCY CORP,1898,LONGFELLOW AVE,10460,0,,1,1000.0,convenience or deli,1,
2023,741496,JAC,DARIEL GROCERY,DARIEL GROCERY INC,2085,VALENTINE AVE,10457,1300,1300.0,0,1300.0,convenience or deli,1,
2023,608705,JAC,NUNEZ COUSINS GROCERY,NUNEZ COUSINS GROCERY CORP,1520,WATSON AVE,10472,1000,1000.0,0,1000.0,convenience or deli,1,
2023,732022,JAC,J HOOKAH & DELI GROCERY,J HOOKAH & DELI GROCERY CORP,397,E 167TH STREET,10456,550,550.0,0,550.0,convenience or deli,1,
2023,747609,JAC,FRUITS VEGETABLES & GRO,FRUITS VEGETABLES & GROCERY INC,756,LYDIG AVE,10462,600,600.0,0,600.0,specialty,1,
2023,726264,JAC,1285 ROYALE GOURMET DEL,1285 ROYALE GOURMET DELI AND GROC,1285,SOUTHERN BLVD,10459,800,800.0,0,800.0,other grocery,1,
2023,707075,JAC,JAY FISH MARKET,OCEAN WILD EDIBLE CORP,422A,WESTCHESTER AVE,10455,1500,1500.0,0,1500.0,specialty,1,
2023,714268,JAC,ANDREAS DELI GROCERY,ANDREAS DELI GROCERY CORP,1182,WEST FARM RD,10459,1200,1200.0,0,1200.0,convenience or deli,1,
2023,748178,JAC,BLACK BODEGA,DA OWNERZ BOX LLC,231,E 167TH STREET,10456,0,,1,1000.0,convenience or deli,1,
2023,600405,JAC,TEITEL BROTHERS,TEITEL BROTHERS INC,2372,ARTHUR AVE,10458,1000,1000.0,0,1000.0,other grocery,1,
2023,744542,JAC,EDIBLE ARRANGEMENTS,EDIBLE ARRANGEMENTS LLC,880,EAST 163RD STREET,10459,0,,0,,,0,food service or non-food retail
2023,605533,JAC,VC DELI GROCERY,CEVERINO VERONICA,640,E 180TH STREET,10457,800,800.0,0,800.0,convenience or deli,1,
2023,748248,JAC,FRIENDLY DELI,FRIENDLY DELI INC,671,KELLY STREET,10455,800,800.0,0,800.0,convenience or deli,1,
2023,714430,A,DOLLAR DEAL,2489 GROCERY INC,2489,WEBSTER AVE,10458,0,,0,,,0,general merchandise or dollar store
2023,755268,JAC,DELI STOP SHOP MART,DELI STOP SHOP MART CORP,4702,WHITE PLAINS RD,10470,0,,1,1000.0,convenience or deli,1,
2023,742159,JAC,FINE FARE SUPERMARKET,1481 P & B CORPORATION,1481,BEACH AVE,10460,6000,6000.0,0,6000.0,supermarket,1,
2023,746167,JAC,ESSENTIALS BY HEALTHYHO,HEALTHYHOLIC INC,3200,SCHLEY AVENUE,10465,800,800.0,0,800.0,other grocery,1,
2023,748097,JAC,ZIANSON DELI GROCERY,ZIANSON DELI GROCERY CORP,2614,3RD AVE,10454,2000,2000.0,0,2000.0,convenience or deli,1,
2023,753938,JAC,JAHANGIR GENERAL GROCER,JAHANGIR GENERAL GROCERY CORP,3133,WEBSTER AVENUE,10467,1600,1600.0,0,1600.0,other grocery,1,
2023,754647,JAC,W & M GROCERY,W & M GROCERY INC,1105,MORRISON AVENUE,10472,950,950.0,0,950.0,convenience or deli,1,
2023,609565,JAC,NEW MILLENNIUM DELI GRY,NEW MILLENNIUM DELI GROCERY CORP,1209,WHEELER AVE,10472,1000,1000.0,0,1000.0,convenience or deli,1,
2023,742205,JAC,MAYSA GOURMET DELI 2,MAYSA GOURMET DELI 2 CORP,243,E 138TH STREET,10451,900,900.0,0,900.0,convenience or deli,1,
2023,605866,JABC,FOODTOWN,KINGSBRIDGE MARKETPLACE CORP,5555,BROADWAY,10463,20000,20000.0,0,20000.0,supermarket,1,
2023,730675,JAC,LA MANSION MINI MARKET,LA MANSION MINI MARKET CORP,1809,ARCHER STREET,10460,1000,1000.0,0,1000.0,convenience or deli,1,
2023,606299,JAC,AMERICAN ALBANIAN DELI,AMERICAN ALBANIAN DELI GRCY INC,745,ASTOR AVE.,10467,1000,1000.0,0,1000.0,convenience or deli,1,
2023,755220,JAC,EL PATRON DELI & GROCER,ARMANDO DELI & GROCERY CORP,1761,BRONXDALE AVE,10462,0,,1,1000.0,convenience or deli,1,
2023,748857,JAC,VIDANIA GROCERY STORE,VIDANIA GROCERY STORE CORP,124,EAST 176TH STREET,10453,1000,1000.0,0,1000.0,convenience or deli,1,
2023,727826,JAC,NEW DYRE DELI,NEW DYRE DELI CORP,3805,DYRE AVENUE,10466,0,,1,1000.0,convenience or deli,1,
2023,740373,JAC,WALTON NY DELI GROCERY,WALTON NY DELI GROCERY INC,901,WALTON AVENUE,10452,0,,1,1000.0,convenience or deli,1,
2023,747789,JAC,1161 HOE DELI GROCERY,1161 HOE DELI GROCERY CORP,1161,HOE AVENUE,10459,0,,1,1000.0,convenience or deli,1,
2023,728854,JACDE,GUN HILL BREWING CO,FARLO LLC,3227,LACONIA AVENUE,10469,0,,0,,,0,"warehouse, wholesale or plant license"
2023,737822,JAC,ZIADI BROTHERS DELI & G,ZIADI BROTHERS DELI & GRILL LLC,2326,GRAND CONCOURSE,10458,1000,1000.0,0,1000.0,convenience or deli,1,
2023,719279,JAC,KING GOURMET DELI FOOD,KING GOURMET DELI FOOD CORP,766,MELROSE AVE,10451,1800,1800.0,0,1800.0,convenience or deli,1,
2023,754927,JAC,LA PARA DELI-GROCERY,LA PARA DELI-GROCERY CORP,360,E 197TH ST,10458,0,,1,1000.0,convenience or deli,1,
2023,730798,JAC,165 AND ANDERSON SUPERE,165 AND ANDERSON SUPERETTE INC,64,W 165TH STREET,10452,1200,1200.0,0,1200.0,other grocery,1,
2023,730372,A,M H DELI GROCERY,M H DELI GROCERY LLC,1405,WALTON ST,10452,1100,1100.0,0,1100.0,convenience or deli,1,
2023,705760,JAC,PIONEER FOOD,KAD FOOD CORP,1150-66,WOODYCREST AVE,10452,4000,4000.0,0,4000.0,supermarket,1,
2023,753347,JAC,PAPA CHE DELI,PAPA CHE DELI CORP,759-765,COMMONWEALTH AVENUE,10473,1000,1000.0,0,1000.0,convenience or deli,1,
2023,751781,A,UNIONPORT CANDY,UNIONPORT CANDY LLC,1541,UNIONPORT ROAD,10462,0,,1,1000.0,convenience or deli,1,
2023,607716,JAC,CONVENIENCE MART,CONVENIENCE MART CORP,410,CITY ISLAND AVE,10464,1000,1000.0,0,1000.0,convenience or deli,1,
2023,608802,JAC,NY FAMOUS DELI,CROES AVENUE FAMOUS DELI CORP,1683,E 172ND ST,10472,500,500.0,0,500.0,convenience or deli,1,
2023,607329,A,FAMILY DOLLAR #6851,FAMILY DOLLAR STORES OF NY INC,1081,OGDEN AVE,10452,2000,2000.0,0,,,0,general merchandise or dollar store
2023,755222,A,WATSON GROCERY & TOBACC,WATSON GROCERY & TOBACCO INC,1566,A WATSON AVE,10472,900,900.0,0,900.0,convenience or deli,1,
2023,728815,JAC,LA FINQUITA FRUIT MARKE,LA FINQUITA FRUITS & VEG MRK INC,602,COURTLANDT AVE,10451,900,900.0,0,900.0,specialty,1,
2023,735940,JAC,SAN DIEGO DELI GROCERY,SAN DIEGO DELI GROCERY CORP,1303-1305,BRONX RIVER AVE,10472,800,800.0,0,800.0,convenience or deli,1,
2023,754784,JAC,WATERS ORGANIC DELI,WATERS ORGANIC DELI CORP,1497,WILLIAMSBRIDGE RD,10461,1000,1000.0,0,1000.0,convenience or deli,1,
2023,747649,JAC,SAMTE YALLAH AFRICAN MA,SAMTE YALLAH AFRICAN MARKET CORP,555,E 168 ST,10456,0,,1,1200.0,other grocery,1,
2023,605078,A,CVS PHARMACY 02433,CVS ALBANY LLC,2112,WHITE PLAINS RD,10462,10000,10000.0,0,,,0,pharmacy
2023,608464,JAC,BEST H&H,BEST H&H INC,4368-4370,WHITE PLAINS RD #7D,10466,3000,3000.0,0,3000.0,other grocery,1,
2023,607554,A,DOLLAR TREE #3788,DOLLAR TREE STORES INC,2641,E TREMONT AVE,10461,14000,14000.0,0,,,0,general merchandise or dollar store
2023,606350,JAC,BRONX GOURMET FOOD,BRONX GOURMET FOOD CORP,921A,E 180TH ST,10460,1500,1500.0,0,1500.0,other grocery,1,
2023,704733,JAC,BP SHOP,AAA GAS & STORE INC,91,WESTCHESTER SQ,10461,1000,1000.0,0,,,0,gas station
2023,608572,JAC,KEY FOOD 1327,TREMONT FOOD CORP,2722,E TREMONT AVE,10461,15000,15000.0,0,15000.0,supermarket,1,
2023,736304,A,PAPA 99 CENTS,PAPA 99 CENTS INC,2474,GRAND CONCOURSE,10458,0,,0,,,0,general merchandise or dollar store
2023,744411,JAC,ONE LEGEND DELI,DASOUQI DINA K,275,E GUNHILL ROAD STORE #1,10467,800,800.0,0,800.0,convenience or deli,1,
2023,745076,A,MAHANT 3461,MAHANT 3461 INC,3461,E TREMONT AVE,10465,950,950.0,0,950.0,other grocery,1,
2023,752927,JAC,JEANNINE DELI GROCERY,JEANNINE DELI GROCERY CORP,115E,EAST 184TH ST,10468,1100,1100.0,0,1100.0,convenience or deli,1,
2023,711580,JAC,SOUTHERN FISH MARKET,SOUTHERN SEAFOOD MARKET INC,1037E,163ST,10459,2000,2000.0,0,2000.0,specialty,1,
2023,744441,A,ADEN GROCERY,ADEN GROCERY INC,498,WILLIS AVENUE,10455,800,800.0,0,800.0,convenience or deli,1,
2023,733152,A,2016 WEST FARMS CONVENI,2016 WEST FARMS CONVENIENCE INC,2016,BOSTON ROAD,10460,1400,1400.0,0,1400.0,other grocery,1,
2023,731757,A,DOLLAR K,DOLLAR K-LY INC,773,LYDIG AVE,10462,8000,8000.0,0,,,0,general merchandise or dollar store
2023,603275,JAC,FELU GROCERY,FELU GROCERY CORP,1275,BURKE AVE,10469,2100,2100.0,0,2100.0,convenience or deli,1,
2023,705601,A,A TO Z VALUE STORE,A TO Z VALUE STORE INC,223,E 198TH ST,10458,1500,1500.0,0,,,0,general merchandise or dollar store
2023,751320,A,MCGRAW PHARMACY,MCGRAW PHARMACY INC,2048,MCGRAW AVE,10462,4000,4000.0,0,,,0,pharmacy
2023,718789,JAC,CT GROCERY NY,CT GROCERY NY CORP,869,BRYANT AVE,10474,0,,1,1000.0,convenience or deli,1,
2023,608933,A,TWO STAR GROCERY,SHAMMAKH FAISAL M,3548,BRONX BLVD,10467,700,700.0,0,700.0,convenience or deli,1,
2023,713480,JAC,RAY DELI FOOD,RAY DELI FOOD CORP,4048,WHITE PLAINS RD,10466,0,,1,1000.0,convenience or deli,1,
2023,738257,JAC,PADUA DELI & GROCERY,PADUA DELI & GROCERY CORP,1760,EAST 172ND STREET STORE 1,10472,0,,1,1000.0,convenience or deli,1,
2023,609332,JAC,CITY LINE GROCERY,YOUSEF MEILAD & MASOUED FATHY,6655,BROADWAY,10471,1000,1000.0,0,1000.0,convenience or deli,1,
2023,732085,JAC,LAS YARIS DELI FOOD,LAS YARIS DELI FOOD CORP,374,WILLIS AVENUE,10454,0,,1,1000.0,convenience or deli,1,
2023,724012,JAC,LC GROCERY STORE,LC GROCERY STORE CORP,2155,GRAND CONCOURSE,10453,900,900.0,0,900.0,convenience or deli,1,
2023,608719,A,WALGREENS #12899,WALGREEN EASTERN CO INC,3085,E TREMONT AVE,10461,16666,16666.0,0,,,0,pharmacy
2023,738619,JAC,MELO DELI GROCERY,MELO DELI GROCERY CORP,1304,BOSTON ROAD,10456,900,900.0,0,900.0,convenience or deli,1,
2023,729761,JAC,HICIANO BROTHERS GROCER,HICIANO BROTHERS GROCERY CORP,3017-19,MIDDLETOWN RD,10461,1000,1000.0,0,1000.0,other grocery,1,
2023,600949,JAC,SANTANAS GROCERY,SANTANA FRANCISCO,1975,LAFONTAINE AVE,10457,700,700.0,0,700.0,convenience or deli,1,
2023,602759,JABC,AKS GROCERY,AKS GROCERY CORP,319,E 204TH ST,10467,900,900.0,0,900.0,convenience or deli,1,
2023,740493,JAC,GOOD TIMES DELI,GOOD TIMES DELI CORP,131,ALEXANDER AVE.,10454,0,,1,1000.0,convenience or deli,1,
2023,732768,JAC,DELI & FOOD,DELI & FOOD CORP,222,EAST 198TH STREET,10458,0,,1,1000.0,convenience or deli,1,
2023,726845,A,SANAA SMOKE SHOP,SANAA SMOKE SHOP CORP,3279,WESTCHESTER AVE,10461,400,400.0,0,,,0,food service or non-food retail
2023,710931,JAC,BARBARA DELI FOOD,BARBARA DELI FOOD CORP,1027,WALTON AVENUE,10452,1200,1200.0,0,1200.0,convenience or deli,1,
2023,746963,JAC,PARKCHESTER DELI GROCER,PARKCHESTER DELI GROCERY CORP,1915,WESTCHESTER AVE,10462,800,800.0,0,800.0,convenience or deli,1,
2023,722934,A,3 KINGS GROCERY&SMOKE S,3 KINGS GROCERY & SMOKE SHOP INC,1472,UNION PORT ROAD,10462,650,650.0,0,650.0,convenience or deli,1,
2023,719943,A,TRIPLE A DISCOUNT NEW Y,TRIPLE A DISCOUNT NEW YORK INC,323,E 149TH ST,10451,0,,0,,,0,general merchandise or dollar store
2023,604082,JAC,SALLY FOOD,SALLY FOOD CORP,126-28,W 228TH ST,10463,1200,1200.0,0,1200.0,other grocery,1,
2023,709501,A,ALDI 8,ALDI INC (NEW YORK),3006,THIRD AVE,10455,0,,1,8000.0,supermarket,1,
2023,609574,A,BRIANELLY DELI GROCERY,BRIANELLY DELI GROCERY INC,480,E 184TH ST,10458,1200,1200.0,0,1200.0,convenience or deli,1,
2023,715252,JAC,FULTON FISH MARKET,MEADE DIGITAL ENTERPRISES CORP,800,FOOD CENTER DRIVE UNIT 3-4,10474,3000,3000.0,0,3000.0,specialty,1,
2023,740073,A,PAPA FOOD MARKET DOLLAR,PAPA FOOD MARKET DOLLAR DEALS INC,1562,E 174TH ST,10472,5000,5000.0,0,5000.0,other grocery,1,
2023,605984,JAC,JIN SUN PRODUCE,JIN SUN PRODUCE CORP,5590,BROADWAY,10463,2000,2000.0,0,2000.0,specialty,1,
2023,730509,A,DOLLAR GENERAL # 19211,DOLGEN NEW YORK LLC,900,SOUTHERN BLVD,10459,1500,1500.0,0,,,0,general merchandise or dollar store
2023,741308,JAC,MAREA FISH MARKET,MAREA FISH MARKET INC,5219,BROADWAY,10463,0,,1,1200.0,specialty,1,
2023,607829,JAC,LA FRUTICA VEG&MEAT MKT,JIMENEZ AMABLE E,920,E 174TH ST,10460,1200,1200.0,0,1200.0,specialty,1,
2023,739717,JAC,1500 AMERICAN GOURMET C,1500 AMERICAN GOURMET CORP,1500,CASTLE HILL AVE,10462,1000,1000.0,0,1000.0,other grocery,1,
2023,602513,JAC,ASSOCIATED 867,FRANCO FOOD CORP,1585,WESTCHESTER AVE,10472,8000,8000.0,0,8000.0,supermarket,1,
2023,608753,JAC,LUCKY 3 CONVENIENCE&DEL,LUCKY 3 CONVENIENCE & DELI CORP,16,W 177TH ST,10453,950,950.0,0,950.0,convenience or deli,1,
2023,729229,JAC,GUABA DELI GROCERY,GUABA DELI GROCERY CORP,774,EAST 149TH STREET STORE 4,10459,1200,1200.0,0,1200.0,convenience or deli,1,
2023,719865,A,SAMMY 194 GROCERY CANDY,SAMMY 194 GROCERY CANDY CORP,341,EAST 194TH ST,10458,0,,1,1000.0,convenience or deli,1,
2023,604942,JAC,BIG DEAL SUPERMARKET,MORRIS PARK SUPERMARKET FOOD CORP,1018,MORRIS PARK AVE,10462,8500,8500.0,0,8500.0,supermarket,1,
2023,607719,JAC,SY STRAWBERRY FARMS,SY STRAWBERRY FARMS AND GROCERY,2403,WESTCHESTER AVE,10461,1800,1800.0,0,1800.0,other grocery,1,
2023,738785,JAC,C&V DELI GROCERY,C&V DELI GROCERY CORP,1668,ZEREGA AVENUE,10462,700,700.0,0,700.0,convenience or deli,1,
2023,753448,JAC,EL OSO DELI GROCERY,EL OSO DELI GROCERY INC,756,UNION AVE,10455,0,,1,1000.0,convenience or deli,1,
2023,600155,JAC,C&G ESPINOSA,C&G ESPINOSA FOOD INC,794,COURTLANDT AVE,10451,1500,1500.0,0,1500.0,other grocery,1,
2023,605082,JABC,BATTAGLIA'S MARKET,EASTCHESTER MEAT MARKET INC,2503,EASTCHESTER RD,10469,2000,2000.0,0,2000.0,other grocery,1,
2023,710423,JAC,965 A & A DELI GROCERY,965 A & A DELI GROCERY CORP,965,MORRIS PARK AVE,10462,800,800.0,0,800.0,convenience or deli,1,
2023,609259,JAC,RIVERDALE DELI & GROCER,RIVERDALE DELI & GROCERY INC,5991,BROADWAY,10471,600,600.0,0,600.0,convenience or deli,1,
2023,733263,JAC,ZK BAKERY,SAZIA CORPORATION,1567,SAINT PETERS AVE,10461,1000,1000.0,0,1000.0,specialty,1,
2023,609562,JAC,NY FINEST DELI,NY FINEST DELI INC,3103,3RD AVE,10451,1800,1800.0,0,1800.0,convenience or deli,1,
2023,750154,JAC,Y&K LARA GROCERY,Y&K LARA  GROCERY CORP,3945,CARPENTER AVE,10466,0,,1,1000.0,convenience or deli,1,
2023,737924,JAC,LA VEGA FOOD,LA VEGA FOOD CORP,70-72,EAST 183RD STREET,10453,1200,1200.0,0,1200.0,other grocery,1,
2023,707475,JAC,EYE ADOM,OSEI KROM AFRICAN CARRIBEAN MARKE,2255,GRAND CONCOURSE,10453,850,850.0,0,850.0,other grocery,1,
2023,753331,JAC,675 MORRIS GOURMET DELI,675 MORRIS GOURMET DELI CORP,675,MORRIS AVE,10451,0,,1,1000.0,convenience or deli,1,
2023,745812,A,HICKSVILLE FUNDING,HICKSVILLE FUNDING LLC,1220,E 233RD ST,10466,700,700.0,0,700.0,other grocery,1,
2023,741508,JAC,3656 BAILEY DELI & GROC,3656 BAILEY DELI & GROCERY CORP,3656,BAILEY AVE,10463,0,,1,1000.0,convenience or deli,1,
2023,755529,JAC,ARW DELI GROCERY,ARW DELI GROCERY CORP,165,LINCOLN AVE,10454,0,,1,1000.0,convenience or deli,1,
2023,749145,JAC,LOS BRAVOS FRUIT MARKET,LOS BRAVOS FRUIT MARKET LLC,14,BEDFORD PARK BLVD E,10468,1300,1300.0,0,1300.0,specialty,1,
2023,753762,JAC,SPICE UP SUPERMARKET,1002 CASTLEHILL INDIAN CORP,1002,CASTLE HILL AVE,10472,2200,2200.0,0,2200.0,supermarket,1,
2023,743488,JAC,CANCUN DELI GROCERY 1,CPR DELI & GROCERY CORP,908,EAST 163RD STREET,10459,500,500.0,0,500.0,convenience or deli,1,
2023,710743,JAC,SANO HALAL FOOD,SANO HALAL FOOD CORP,3982,WHITE PLAINS RD,10466,3250,3250.0,0,3250.0,other grocery,1,
2023,731695,JAC,947 DELI GROCERY,947 DELI GROCERY CORP,947,EAST 163RD ST,10459,1000,1000.0,0,1000.0,convenience or deli,1,
2023,737835,JAC,LOCAL EXPRESS STOP,LOCAL EXPRESS STOP INC,1705,DR MARTIN LUTHER KING BLVD,10453,1500,1500.0,0,1500.0,other grocery,1,
2023,751372,A,ALLERTON GROCERY & CONV,ALLERTON GROCERY & CONVENIENCE CO,685,ALLERTON AVENUE,10467,1800,1800.0,0,1800.0,convenience or deli,1,
2023,721995,JAC,PRIMIUM HALAL MEAT & FI,PREMIUM HALAL MEAT & FISH INC,1500,OLMSTEAD AVE,10462,2500,2500.0,0,2500.0,specialty,1,
2023,721532,JAC,SKY VIEW CAFE & DELICAT,SKY VIEW CAFE & DELICATESSEN CORP,5691,RIVERDALE AVENUE,10471,1200,1200.0,0,1200.0,other grocery,1,
2023,703060,JAC,10 NEIGHBORHOOD CANDY G,10 NEIGHBORHOOD CANDY GROCERY COR,10,W. GUN HILL RD.,10467,1000,1000.0,0,1000.0,convenience or deli,1,
2023,607075,JAC,S&K WORLD OF SPICE,JAIJAIRAM JULIET,4404,WHITE PLAINS RD,10470,1100,1100.0,0,1100.0,specialty,1,
2023,600103,JAC,SCALINADA MEAT GROC&DEL,SILJKOVIC RABA&VEZIRA,667,E 187TH ST,10458,800,800.0,0,800.0,specialty,1,
2023,753570,A,YAAD AND ABROAD GRCOERY,FERRON DEVON,4375,WHITE PLAINS RD,10466,1000,1000.0,0,1000.0,other grocery,1,
2023,739642,JAC,LA FUENTE FOOD CENTER,LA FUENTE FOOD CENTER INC,111,EAST BURNSIDE AVENUE,10453,0,,1,1200.0,other grocery,1,
2023,748105,A,1781 WESTCHESTER GROCER,1781 WESTCHESTER GROCERY & CANDY,1795,WESTCHESTER AVE,10472,800,800.0,0,800.0,other grocery,1,
2023,729514,A,DOLLAR TREE #05624,DOLLAR TREE STORES INC,3560,WHITE PLAINS RD,10467,0,,0,,,0,general merchandise or dollar store
2023,749044,JAC,CLINTON DELI GROCERY PI,CLINTON DELI GROCERY PIZZA INC,1309,CLINTON AVE,10456,1000,1000.0,0,1000.0,convenience or deli,1,
2023,740695,JAC,EAST PARK BRONX DELI,EAST PARK BRONX DELI INC,1976,BIRCHALL AVE,10462,900,900.0,0,900.0,convenience or deli,1,
2023,755665,JAC,RANCH MINI MARKET & DEL,RANCH MINI MARKET & DELI INC,2739,WHITE PLAINS ROAD,10467,1000,1000.0,0,1000.0,convenience or deli,1,
2023,605198,JAC,MELO MANIA DELI FOOD,MELO MANIA DELI FOOD CORP,663,ALLERTON AVE,10467,1100,1100.0,0,1100.0,convenience or deli,1,
2023,729909,A,THREE STAR CANDY STORE,MUNASAR OMER & NAHI FADHLE,1673,METROPOLITAN AVE,10462,300,300.0,0,300.0,convenience or deli,1,
2023,600618,JAC,E SMOKE & VAPOR,SCHUYLER DELI CORP,3610,E TREMONT AVE,10465,2000,2000.0,0,,,0,food service or non-food retail
2023,735261,JAC,WHITE PLAINS BROTHERS M,WHITE PLAINS BROTHERS MEAT MARKET,4384,WHITE PLAINS ROAD,10466,1500,1500.0,0,1500.0,other grocery,1,
2023,736203,JAC,1537 GROCERY,1537 GROCERY CORP,1537,BRUCKNER BLVD,10472,750,750.0,0,750.0,convenience or deli,1,
2023,746252,JAC,TR DELI GROCERY,TR DELI GROCERY CORP,942,E GUN HILL RD,10469,0,,1,1000.0,convenience or deli,1,
2023,704399,JABCK,ORWASHERS,OVEN ARTISANS INC,1187,E 156TH ST,10474,8000,8000.0,0,8000.0,other grocery,1,
2023,722531,JAC,WOODLAWN & JEROME,WOODLAWN & JEROME CORP,3598,JEROME AVE,10467,800,800.0,0,800.0,other grocery,1,
2023,736427,JAC,MORRIS AVE DELI,MORRIS AVE DELI CORP,1274,MORRIS AVE,10456,1200,1200.0,0,1200.0,convenience or deli,1,
2023,750192,JAC,COMMUNITY GREEN MARKET,BRONX GOLDEN APPLE FARM INC,2228,WHITE PLAINS ROAD,10467,2500,2500.0,0,2500.0,other grocery,1,
2023,605135,JABC,EL RANCHITO TWO,CAZARES GUALBERTO,456,E 138TH ST,10454,800,800.0,0,800.0,other grocery,1,
2023,608293,JAC,C KIMS FRUIT&VEG,C KIMS FRUIT & VEGETABLE INC,75,E KINGSBRIDGE RD,10468,700,700.0,0,700.0,specialty,1,
2023,745871,A,BRAVO COFFEE & MARKET,BRAVO COFFEE & MARKET CORP,605,E 187TH ST,10458,800,800.0,0,800.0,supermarket,1,
2023,608507,JAC,MARIANOS FRUIT MARKET,MARIANOS FRUIT MARKET INC,745-747,LYDIG AVE,10462,1500,1500.0,0,1500.0,specialty,1,
2023,752764,A,U & K GROCERY & CANDY,U & K GROCERY & CANDY CORP,2690,UNIVERSITY AVE,10468,0,,1,1000.0,convenience or deli,1,
2023,603764,JAC,1029 SIMPSON DELI&GROCE,1029 SIMPSON DELI & GROCERY CORP,1029,WESTCHESTER AVE,10459,1800,1800.0,0,1800.0,convenience or deli,1,
2023,741286,A,DOLLAR DEALS,BERGEN DISCOUNT INC,410,EAST 148TH STREET,10455,0,,0,,,0,general merchandise or dollar store
2023,716951,JAC,DELI N GROCERY WITH A D,DELI N GROCERY WITH A DIFFERENCE,1724,BUSSING AVE,10466,500,500.0,0,500.0,convenience or deli,1,
2023,723891,JAC,MIDDLETOWN DELI AND CON,BHAKTI DELI AND CONVENIENCE INC,2959,MIDDLETOWN ROAD,10461,1400,1400.0,0,1400.0,convenience or deli,1,
2023,752506,JAC,GALAXY GOURMET DELI,GALAXY GOURMET DELI CORP,300,E 170TH ST,10456,0,,1,1000.0,convenience or deli,1,
2023,752123,A,FEEL GOOD PHARMACY,JEFFERSON PHARMA LLC,3058,THIRD AVE,10451,0,,0,,,0,pharmacy
2023,728544,JAC,MORGAN GOURMET DELI,MORGAN GOURMET DELI CORP,1418,E GUN HILL ROAD,10469,1500,1500.0,0,1500.0,convenience or deli,1,
2023,751359,JAC,FINEST FOOD VEGAN GRILL,MY DELI & GRILL INC,1201,CASTLE HILL AVE,10462,0,,1,1200.0,other grocery,1,
2023,705401,JAC,180 LA DELI GROCERY,180 LA DELI GROCERY CORP,180,MCLELLAN ST,10456,1100,1100.0,0,1100.0,convenience or deli,1,
2023,736981,JAC,SUPER DELI & MINI MART,SUPER DELI & MINI MART INC,1796,E TREMONT AVE,10460,1500,1500.0,0,1500.0,convenience or deli,1,
2023,749892,JAC,RODRIGUEZ PRODUCTOS MEX,RODRIGUEZ PRODUCTOS MEXICANOS INC,190,EAST 166TH STREET,10456,0,,1,1200.0,other grocery,1,
2023,725691,JAC,JAGJIT SINGH,TREMONT GAS INC,3305,E TREMONT AVE,10461,400,400.0,0,400.0,other grocery,1,
2023,608355,JAC,MCDAVE 1738,MCDAVE 1738 INC,2280,TILLOTSON AVE,10475,1000,1000.0,0,1000.0,other grocery,1,
2023,609022,JAC,JJN CORP,JJN CORPORATION,1512,WASHINGTON AVE,10457,0,,1,1200.0,other grocery,1,
2023,606243,JAC,YOONS FISH MARKET,LEE YOON BEON,79,W KINGSBRIDGE RD,10468,700,700.0,0,700.0,specialty,1,
2023,721529,JAC,NEW KUKUS MARKET,NEW KUKUS MARKET CORP,111,EAST 167TH STREET,10452,1200,1200.0,0,1200.0,other grocery,1,
2023,751051,JAC,N&R DELI GROCERY,N&R DELI GROCERY CORP,2258,MORRIS AVENUE,10453,0,,1,1000.0,convenience or deli,1,
2023,718140,JAC,BEST BROTHERS DELI & GR,BEST BROTHERS DELI & GROCERY CORP,195,W BURNSIDE AVE,10453,1200,1200.0,0,1200.0,convenience or deli,1,
2023,721919,JAC,C-TOWN SUPERMARKET,E&D 204 FOOD CORP,264,E 204TH STREET,10458,7000,7000.0,0,7000.0,supermarket,1,
2023,734126,JAC,SAMMY 1 DELI GROCERY,SAMMY 1 DELI GROCERY CORP,51,W 183RD STREET,10453,0,,1,1000.0,convenience or deli,1,
2023,749746,JAC,BRYANT DELI,BRYANT DELI CORP,1766,BRYANT,10460,750,750.0,0,750.0,convenience or deli,1,
2023,600477,JAC,GREEN OCEAN FISH MARKET,GREEN OCEAN FISH MARKET CORP,67,E KINGSBRIDGE RD,10468,1200,1200.0,0,1200.0,specialty,1,
2023,751211,JAC,JORDAN DELICATE DELI,JORDAN DELICATE DELI 3 CORP,211,ST ANNS AVENUE,10454,1000,1000.0,0,1000.0,convenience or deli,1,
2023,736772,JAC,JEROME HALAL MEAT AND G,JEROME HALAL MEAT AND GROCERY COR,1876,JEROME AVE,10453,2000,2000.0,0,2000.0,specialty,1,
2023,740869,JAC,CHARO FOOD,CHARO FOOD CORP,237,EAST 194TH STREET,10458,0,,1,1200.0,other grocery,1,
2023,750536,JAC,5 CORNERS GROCERY,5 CORNERS GROCERY CORP,1701,UNIONPORT ROAD,10462,800,800.0,0,800.0,convenience or deli,1,
2023,742731,JAC,PEACE AND LOVE DELI MAR,PEACE AND LOVE DELI MARKET CORP,950,LONGWOOD AVENUE,10459,0,,1,1000.0,convenience or deli,1,
2023,730349,JAC,SOSUA FOOD CENTER,SOSUA FOOD CENTER CORP,2634,3RD AVENUE,10454,0,,1,1200.0,other grocery,1,
2023,713695,A,ALDI 5,ALDI INC (NEW YORK),5532,BROADWAY,10463,0,,1,8000.0,supermarket,1,
2023,607815,JAC,MARINS GROCERY & CANDY,MARINS GROCERY & CANDY STORE INC,42,E167TH ST,10452,500,500.0,0,500.0,convenience or deli,1,
2023,755174,A,ZAMZAM DRUGS,ZAMZAM DRUGS INC,3105,BAINBRIDGE AVENUE,10467,3400,3400.0,0,,,0,pharmacy
2023,747626,JAC,DELI TAQUERIA XOCHITLAL,JUAN DIAZ MARTINEZ & MARGARITO CI,1507,WHITE PLAINS ROAD,10462,300,300.0,0,300.0,convenience or deli,1,
2023,710422,JAC,C-TOWN SUPERMARKET,KATONAH FOOD MARKET CORP,4265,KATONAH AVE,10470,4000,4000.0,0,4000.0,supermarket,1,
2023,609231,JAC,DOUBLE A SUPER DELI,DOUBLE A SUPER DELI INC,350,E 204TH ST,10467,1200,1200.0,0,1200.0,convenience or deli,1,
2023,716833,A,8 KINGSBRIDGE DELI AND,8 KINGSBRIDGE DELI AND GRCERY INC,8,W KINGSBRIDGE RD,10468,400,400.0,0,400.0,convenience or deli,1,
2023,603423,JAC,STAR CITY FRUIT&VEG,LEE UIDUK,676,ALLERTON AVE,10467,1200,1200.0,0,1200.0,specialty,1,
2023,602475,JAC,LA OAXAQUENA PRODUCE,LA OAXAQUENA CORP,2276,JEROME AVE,10453,1800,1800.0,0,1800.0,specialty,1,
2023,752283,JAC,IRON GRILL,IRON GRILL CORP,596,SOUTHERN BLVD,10455,0,,1,1200.0,other grocery,1,
2023,750926,JAC,EDDIES PACE AFRICAN MKE,EDDIES PLACE AFRICAN MKET 2 INC,1221,E 233RD ST,10466,0,,1,1200.0,other grocery,1,
2023,747053,JAC,SHOP FAIR,BROOK MEAT & PRODUCE CORP,228,BROOK AVENUE,10454,10000,10000.0,0,10000.0,supermarket,1,
2023,604384,JAC,LONGWOOD ONE FISH,LONGWOOD ONE FISH CORP,838,WESTCHESTER AVE,10455,1000,1000.0,0,1000.0,specialty,1,
2023,702892,A,MASJID WAHAB STORE,TUNKARA AMIE,248,E 169TH ST,10456,200,200.0,0,200.0,other grocery,1,
2023,755591,JAC,LA CENIZA DELI GROCERY,LA CENIZA DELI GROCERY INC,551,B COMMONWEALTH AVE,10473,0,,1,1000.0,convenience or deli,1,
2023,735907,A,STADIUM SNACKS & MORE,STADIUM SNACKS & MORE INC,895,WALTON AVE,10452,500,500.0,0,500.0,other grocery,1,
2023,753577,A,AMAZING PHARMACY,AMAZING COMMUNITY PHARMACY LLC,595,EAST TREMONT AVENUE,10457,0,,0,,,0,pharmacy
2023,742901,A,USEF GROCERY,USEF GROCERY CORP,5,E GUN HILL ROAD,10467,600,600.0,0,600.0,convenience or deli,1,
2023,724181,JAC,NELLYS DELI GROCERY,NELLYS DELI GROCERY CORP,1240,SPOFFORD AVE,10474,1000,1000.0,0,1000.0,convenience or deli,1,
2023,606156,JAC,FOOD UNIVERSE,D&A 724 FOOD CORP,724,HUNTS PT AVE,10474,8000,8000.0,0,8000.0,supermarket,1,
2023,733944,A,SNACKS & CONVENIENCE ST,SNACKS & CONVENIENCE STORE INC,3826,WHITE PLAINS ROAD,10467,800,800.0,0,800.0,convenience or deli,1,
2023,609436,A,HEALTHCARE PHARMACY,ARYA PHARMACY CORP,567,COURTLANDT AVE,10451,2500,2500.0,0,,,0,pharmacy
2023,742477,JAC,CITY LINE FRUIT STORE,CITY LINE FRUIT STORE CORP,4710,WHITE PLAINS ROAD,10470,1200,1200.0,0,1200.0,specialty,1,
2023,749387,JAC,238 CORNER STORE,MAHADAV ENTERPRISES INC,5818,BROADWAY,10463,0,,1,1200.0,other grocery,1,
2023,727185,JAC,OGDEN COFFEE SHOP,OGDEN COFFEE SHOP INC,1373A,OGDEN AVE,10452,0,,1,1200.0,other grocery,1,
2023,602229,JAC,FINE FARE SUPERMARKET,C&R FOOD CORP,708,E TREMONT AVE,10457,14000,14000.0,0,14000.0,supermarket,1,
2023,608673,A,GOOD VALUE 99 CENTS STR,FADHLE NAGI & SAMED MUTHANA,105A,E 183RD ST,10453,2200,2200.0,0,,,0,general merchandise or dollar store
2023,606785,JAC,STOP ONE,B-A DELIMART INC,1360,E GUN HILL RD,10469,1700,1700.0,0,1700.0,other grocery,1,
2023,609161,JAC,MOES 2 DELI&GROCERY,MOES 2 DELI&GROCERY CORP,105,E 175TH ST,10453,1500,1500.0,0,1500.0,convenience or deli,1,
2023,745141,A,DISCOUNT DEAL,WESTCHESTER DISCOUNT INC,642,WESTCHESTER AVE,10455,0,,0,,,0,general merchandise or dollar store
2023,733156,JAC,SUPER BEST DELI,SUPER BEST DELI CORP,201,W 242ND STREET,10471,1000,1000.0,0,1000.0,convenience or deli,1,
2023,606201,A,WALGREENS 07627,WALGREEN EASTERN CO INC,3575,BOSTON RD,10469,1500,1500.0,0,,,0,pharmacy
2023,724859,JAC,SOL CACAO,SOL CACAO LLC,780,E 133 ST. SUITE 205,10454,0,,1,1200.0,other grocery,1,
2023,741497,A,241 DELI GROCERY,241 DELI GROCERY CORP,4655,WHITE PLAINS ROAD,10470,450,450.0,0,450.0,convenience or deli,1,
2023,603652,JAC,FOOD FAIR FRESH MARKET,FT MEAT CORP,1065,E 163RD ST,10459,13000,13000.0,0,13000.0,supermarket,1,
2023,608587,JAC,EL REY DELI GROCERY,EL REY DELI GROCERY LLC,3002,BAILEY AVE,10463,1800,1800.0,0,1800.0,convenience or deli,1,
2023,608731,JAC,MI PUEBLITO ZUMPANGO,LEONARDO SANTIAGO,615,MELROSE AVE STORE #2,10455,1200,1200.0,0,1200.0,other grocery,1,
2023,755568,A,ST LOREN MULTI SERVICES,ST LOREN MULTI SERVICES INC,219,EAST TREMONT AVE,10457,0,,1,1200.0,other grocery,1,
2023,602817,JAC,FOOD BAZAAR,BOGOPA-CONCOURSE INC,238,E 161ST ST,10451,54000,54000.0,0,54000.0,supermarket,1,
2023,746009,JAC,BRAVO SUPERMARKET,MARCELO FOOD CORP,309,E BURNSIDE AVENUE,10457,7000,7000.0,0,7000.0,supermarket,1,
2023,747541,JAC,W 170 ST DELI GROCERY,W 170 ST DELI GROCERY CORP,1346,EDWARD L GRANT HWY,10452,0,,1,1000.0,convenience or deli,1,
2023,747748,JAC,ABU YEMEN MEAT MARKET,ABU YEMEN MEAT MARKET CORP,1202,WHITE PLAINS ROAD,10472,0,,1,1200.0,specialty,1,
2023,609250,JAC,MONTERIA FOOD,MONTERIA FOOD CORP,7,E 172ND ST,10452,1500,1500.0,0,1500.0,other grocery,1,
2023,608862,JAC,GREEN LAND FARM DELI&GR,GREEN LAND FARM DELI&GROCERY CORP,4313,KATONAH AVE,10470,1800,1800.0,0,1800.0,convenience or deli,1,
2023,751288,JAC,MK HALAL  FOOD MARKET,MK HALAL AND TRADING CORPORATION,2610,THIRD AVE,10454,0,,1,1200.0,other grocery,1,
2023,723673,JAC,VEGANO SUPERMARKET,VEGANO SUPERMARKET CORP,234-238,E 181 ST,10457,0,,1,8000.0,supermarket,1,
2023,716117,JAC,SHAKESPEARE DELI & GROC,SHAKESPEARE DELI & GROCERY INC,1174,SHAKESPEARE AVE,10452,1500,1500.0,0,1500.0,convenience or deli,1,
2023,725218,JAC,EXCEL FOOD MART,EXCEL FOOD MART LLC,1264,RANDALL AVE,10474,1200,1200.0,0,1200.0,convenience or deli,1,
2023,728814,JAC,NAGI DELI,NAGI DELI CORP,99,E 198TH STREET,10468,650,650.0,0,650.0,convenience or deli,1,
2023,712427,JAC,GUN HILL ROAD DELI & GR,GUN HILL ROAD DELI & GROCERY INC,362,E GUN HILL RD,10467,1200,1200.0,0,1200.0,convenience or deli,1,
2023,747477,JAC,2143 BARNES DELI GROCER,2143 BARNES DELI GROCERY CORP,2143,BARNES AVENUE,10462,600,600.0,0,600.0,convenience or deli,1,
2023,722979,JAC,NICKY DELI,NICKY DELI GROCERY CORP,1147,RIVER AVENUE,10452,1000,1000.0,0,1000.0,convenience or deli,1,
2023,604052,JAC,LA BONITA GROCERY,LA BONITA GROCERY STORE CORP,231,E 183RD ST,10458,1200,1200.0,0,1200.0,convenience or deli,1,
2023,601770,JAC,20/20 DELI,MOKBEL AHMED H,1120,SOUTHERN BLVD,10459,1100,1100.0,0,1100.0,convenience or deli,1,
2023,716813,A,ENTENMANN BAKERY OUTLET,BIMBO BAKERIES USA INC,5625,BROADWAY,10463,1500,1500.0,0,1500.0,specialty,1,
2023,716943,JAC,SUSHI BENTO NY,SUSHI BENTO NY INC,540,W 235TH ST,10463,100,100.0,0,100.0,other grocery,1,
2023,755960,A,LA FARMACIA,LA PHARMACY FITNESS LLC,709,EAST TREMONT AVE,10457,0,,0,,,0,pharmacy
2023,605014,JABCK,C TOWN,MR SUPER FOOD CORP,30,E 198TH ST,10468,10000,10000.0,0,10000.0,supermarket,1,
2023,742456,A,HIP HOP CANDY GROCERY,HIP HOP CANDY GROCERY CORP,1300,LAFAYETTE AVE,10474,300,300.0,0,300.0,convenience or deli,1,
2023,718539,JAC,FRANCO FRUIT& VEGETABLE,FRANCO FRUIT&VEGETABLE INC,121,EAST BURNSIDE AVE,10453,2400,2400.0,0,2400.0,specialty,1,
2023,748793,JAC,NEW GREENLAND TROPICAL,NEW GREENLAND TROPICAL DELI & GRO,1737,DR MARTIN L KING JR BLVD #,10453,0,,1,1200.0,other grocery,1,
2023,719176,A,M A ROYAL DELI FOOD,M A ROYAL DELI FOOD CORP,103,E MOUNT EDEN AVE,10452,950,950.0,0,950.0,convenience or deli,1,
2023,754119,JAC,PASCUAL MINI MARKET,PASCUAL MINI MARKET CORP,959,OGDEN AVE,10452,0,,1,1000.0,convenience or deli,1,
2023,741677,JAC,K & E MOBIL,K & E MOBIL LLC,1764,DR. MARTIN LUTHER KING JR BL,10453,0,,0,,,0,gas station
2023,707580,JAC,BRIDGE DELI & GROCERY,BRIDGE DELI & GROCERY INC,2690,WEBB AVE,10468,600,600.0,0,600.0,convenience or deli,1,
2023,731246,JAC,ROSSIS DELI GROCERY,ROSSIS DELI GROCERY INC,253,EAST 188TH STREET,10458,0,,1,1000.0,convenience or deli,1,
2023,732003,JAC,LA PRESUMIDA GROCERY,LA PRESUMIDA GROCERY CORP,1386,NELSON AVENUE,10452,1500,1500.0,0,1500.0,convenience or deli,1,
2023,753694,JAC,HUGOS GOURMET MARKET,DRAFT SNEAKERS INC,6469,BROADWAY,10471,1400,1400.0,0,1400.0,other grocery,1,
2023,720877,JAC,FORDHAM FRUITS & VEGTAB,FORDHAM FRUITS & VEGTABLES INC,2450,CRESTON AVE,10468,800,800.0,0,800.0,specialty,1,
2023,754533,JAC,SESE FAMILY DELI,SESE FAMILY DELI CORP,531,E TREMONT AVE,10457,1000,1000.0,0,1000.0,convenience or deli,1,
2023,738695,JAC,MOCHA COFFEE EXPRESS,MOCHA COFFEE EXPRESS LLC,481,MORRIS PARK AVENUE (TRAIN STA,10460,0,,1,1200.0,other grocery,1,
2023,747213,JAC,CASTLE MINI MARKET & DE,CASTLE MINI MARKET & DELI CORP,668,CASTLE HILL AVE,10473,1000,1000.0,0,1000.0,convenience or deli,1,
2023,732717,JAC,ADRIAN GROCERY STORE,ADRIAN GROCERY STORE INC,51,E 183RD STREET,10453,0,,1,1000.0,convenience or deli,1,
2023,707564,JAC,M&M GOURMET DELI,M&M GOURMET DELI INC,2102,EASTCHESTER AVE,10461,1100,1100.0,0,1100.0,convenience or deli,1,
2023,730957,A,CLINTON EXPRESS DELI,CLINTON EXPRESS DELI CORP,732,E TREMONT AVE,10457,1000,1000.0,0,1000.0,convenience or deli,1,
2023,748243,A,PEOPLES DRUG RX,PEOPLES DRUG RX INC,3176,BAINBRIDGE AVE,10467,0,,0,,,0,pharmacy
2023,706808,JAC,FOOD UNIVERSE MARKET PL,FERNANDEZ 224 FOOD CORP,3942,WHITE PLAINS RD,10466,20000,20000.0,0,20000.0,supermarket,1,
2023,754531,JAC,BUY & BUY DELI,BUY & BUY DELI CORP,798,LYDIG AVE,10462,1000,1000.0,0,1000.0,convenience or deli,1,
2023,708020,JAC,FEATHERBED LANE GROCERY,FEATHERBED LANE GROCERY CORP,117A,FEATHERBED LANE,10452,2000,2000.0,0,2000.0,convenience or deli,1,
2023,607421,JAC,FRESH CITY MARKET,VILLA JUANA PRODUCE INC,2477,VALENTINE AVE,10458,4000,4000.0,0,4000.0,other grocery,1,
2023,607684,JAC,LA COLONIA FOOD,LA COLONIA FOOD INC,594,MORRIS AVE,10451,750,750.0,0,750.0,other grocery,1,
2023,725372,JAC,LOS MELLIZOS GROCERY ST,LOS MELLIZOS GROCERY STORE CORP,199,E 165TH STREET,10456,0,,1,1000.0,convenience or deli,1,
2023,748211,A,JASMINE GROCERY,JASMINE GROCERY INC,317,ALEXANDER AVENUE,10454,1000,1000.0,0,1000.0,convenience or deli,1,
2023,710644,JAC,WESTCHESTER GROCERY & C,WESTCHESTER GROCERY & CANDY CORP,1849,WESTCHESTER AVE,10472,500,500.0,0,500.0,convenience or deli,1,
2023,714888,JAC,FRESH FISH MARKET,FRESH FISH MARKET INC,217,E TREMONT AVE,10457,0,,1,1200.0,specialty,1,
2023,755223,JAC,JORDAN DELICATESSEN 3,JORDAN DELICATESSEN 3 CORP,206,WILLIS AVE,10454,950,950.0,0,950.0,other grocery,1,
2023,733519,A,DOLLAR JACKPOT OF WESTC,DOLLAR JACKPOT OF WESTCHESTER INC,899,WESTCHESTER AVE,10459,0,,0,,,0,general merchandise or dollar store
2023,748828,A,GOPUFF 620,GB LICENSE LLC,780,ST ANNS AVE,10456,0,,0,,,0,"online, wholesale or warehouse"
2023,753572,JAC,YAAD MAN DELI,YAAD MAN DELI INC,943,WESTCHESTER AVE,10459,700,700.0,0,700.0,convenience or deli,1,
2023,718738,A,MEGA DISCOUNT,MEGA DISCOUNT CORP,1509,WESTCHESTER AVE.,10472,0,,0,,,0,general merchandise or dollar store
2023,735690,A,SEHAM 99 CENTS,SEHAM 99 CENTS INC,1741,LAFAYETTE AVE,10473,4000,4000.0,0,,,0,general merchandise or dollar store
2023,740314,JAC,MAYFLOWER DELI & GROCER,MAYFLOWER DELI & GROCERY CORP,1869,MAYFLOWER AVE,10461,1200,1200.0,0,1200.0,convenience or deli,1,
2023,707148,JAC,FORDHAM SERVICES CENTER,FORDHAM SERVICES CENTER INC,730,E FORDHAM RD,10458,500,500.0,0,500.0,other grocery,1,
2023,608019,A,WALGREENS 11172,WALGREEN EASTERN CO INC,1371,METROPOLITAN AVE,10462,3000,3000.0,0,,,0,pharmacy
2023,608643,JAC,156 FOOD MARKET,156 FOOD MARKET INC,760,GRAND CONCOURSE,10451,1800,1800.0,0,1800.0,other grocery,1,
2023,607261,JAC,ASSOCIATED,EMPORIUM SUPERMARKET CORP,148,E 170TH ST,10452,8000,8000.0,0,8000.0,supermarket,1,
2023,717351,JAC,OMEGA SEAFOOD & GREEN M,OMEGA SEAFOOD & GREEN MARKET INC,168,W TREMONT AVE,10453,2400,2400.0,0,2400.0,specialty,1,
2023,731205,JAC,QUALITY NEW YORK MEAT A,QUALITY NEW YORK MEAT AND FISH MA,1678,BOSTON ROAD,10460,1800,1800.0,0,1800.0,specialty,1,
2023,717658,JAC,JEN DELI GROCERY,JEN DELI GROCERY CORP,1665,LONGFELLOW AVE,10460,600,600.0,0,600.0,convenience or deli,1,
2023,752996,JAC,393 MUNCHIES DELI GROCE,393 MUNCHIES DELI GROCERY CORPORA,393,E 168TH STREET,10456,0,,1,1000.0,convenience or deli,1,
2023,749372,JAC,UVERAL MEAT MARKET & GR,UVERAL MEAT MARKET & GROCERY CORP,2558,GRAND CONCOURSE,10458,0,,1,1200.0,specialty,1,
2023,755175,JAC,LALA'S GROCERY,LALAS GROCERY INC,1553,A WESTCHESTER AVENUE,10472,700,700.0,0,700.0,convenience or deli,1,
2023,741530,JAC,MICKLIND CAKE BOUTIQUE,MICKLIND CAKE BOUTIQUE INC,3397,BOSTON ROAD,10469,0,,1,1200.0,specialty,1,
2023,604622,JAC,TREMONT FISH,TREMONT FISH CORP,725,E TREMONT AVE,10457,1400,1400.0,0,1400.0,specialty,1,
2023,741742,A,COMERCIAL MEXICANA,COMERCIAL MEXICANA CORP,1182,ELDER AVE,10472,700,700.0,0,700.0,other grocery,1,
2023,731565,JAC,INTERVALE DELI,INTERVALE DELI CORP,1103,INTERVALE AVE,10459,900,900.0,0,900.0,convenience or deli,1,
2023,707227,A,99 CENTS PAPA,99 CENTS PAPA INC,512,E 149TH ST,10455,4000,4000.0,0,,,0,general merchandise or dollar store
2023,606216,JAC,JONY FOOD,JONY FOOD CORP,2487,UNIVERSITY AVE,10468,1100,1100.0,0,1100.0,other grocery,1,
2023,739138,JAC,NEW CANDY GROCERY,NEW CANDY GROCERY CORP,937,E 172ND STREET,10460,0,,1,1000.0,convenience or deli,1,
2023,716721,JAC,749 HAPPY DELI GROCERY,749 HAPPY DELI GROCERY CORP,749,E 187TH ST,10458,750,750.0,0,750.0,convenience or deli,1,
2023,712179,A,MAX SAVINGS,SAVE  ALOT INC,1967,CROTONA AVE.,10457,2500,2500.0,0,2500.0,other grocery,1,
2023,752370,JAC,MIA A DELI GROCERY,MIA A DELI GROCERY INCORPORATED,2641,DECATUR AVE,10458,0,,1,1000.0,convenience or deli,1,
2023,750569,JAC,PACE'S ITALIAN MARKET,PACES ITALIAN MARKET INC,2314,ARTHUR AVE,10458,0,,1,1200.0,other grocery,1,
2023,709024,JAC,LACONIA DISCOUNT & GRIL,LACONIA DISCOUNT & GRILL INC,4043,LACONIA AVE,10466,0,,0,,,0,general merchandise or dollar store
2023,751606,JAC,SOUNDVIEW DISCOUNT GAS,PALISADES FUELS INC,902,SOUNDVIEW AVE.,10473,0,,0,,,0,general merchandise or dollar store
2023,602726,JAC,PASCUAL MINI MARKET,PASCUAL MINI MARKET CORP,951,OGDEN AVE,10452,2000,2000.0,0,2000.0,convenience or deli,1,
2023,753340,JAC,THOMMY MEAT MARKET,STARBRO N SONS MEAT CORP,116,E 170TH STREET,10452,1000,1000.0,0,1000.0,specialty,1,
2023,739051,JAC,2470 EL DUKE GOURMET DE,2470 EL DUKE GOURMET DELI CORP,2470,BEAUMONT AVENUE,10458,1200,1200.0,0,1200.0,other grocery,1,
2023,749538,A,WEBSTER CONVENIENCE MAR,WEBSTER CONVENIENCE MART CORP,11439B,WEBSTER AVE,10456,0,,1,1000.0,convenience or deli,1,
2023,705333,JAC,MEXICAN DELI INC,GUERRERO UBALDO,1302-1304,LAFAYETTE AVE,10474,600,600.0,0,600.0,convenience or deli,1,
2023,746806,JAC,EL PUEBLO MEXICANO FRUI,EL PUEBLO MEXICANO FRUIT CORP,530,EAST 138TH STREET,10454,600,600.0,0,600.0,other grocery,1,
2023,751093,JAC,EMPIDE DELI GROCERY,EMPIDE DELI GROCERY INC,511,EAST 138TH STREET,10454,0,,1,1000.0,convenience or deli,1,
2023,755057,JAC,1420 DELI FOOD,1420 DELI FOOD CORP,1420,CLAY AVENUE,10456,0,,1,1000.0,convenience or deli,1,
2023,741533,JAC,YEDELINE DELI & GROCERY,YEDELINE DELI & GROCERY CORP 2,271,EAST 166TH STREET,10456,1200,1200.0,0,1200.0,convenience or deli,1,
2023,704248,JAC,19 W BRONX DELI GROCERY,19 W BRONX DELI GROCERY CORP,19,W 183RD ST,10453,1800,1800.0,0,1800.0,convenience or deli,1,
2023,742503,JAC,SOUTHERN DELI GROCERY,SOUTHERN DELI GROCERY CORP,1081,SOUTHERN BLVD,10459,1300,1300.0,0,1300.0,convenience or deli,1,
2023,732141,JAC,FORDHAM OF THE BRONX DE,FORDHAM OF THE BRONX DELI INC,152,E 188TH STREET,10468,1200,1200.0,0,1200.0,other grocery,1,
2023,718757,A,AMIGOS GROCERY & CANDY,AMIGOS GROCERY & CANDY STORE CORP,760,ALLERTON AVE,10467,700,700.0,0,700.0,convenience or deli,1,
2023,607459,JAC,168TH SUPERIOR MARKET,168TH SUPERIOR MARKET INC,108,W 168TH ST,10452,1300,1300.0,0,1300.0,other grocery,1,
2023,731794,JAC,GOLDEN DELI FOOD,GOLDEN DELI FOOD CORP,267,E TREMONT AVE,10457,1000,1000.0,0,1000.0,convenience or deli,1,
2023,605580,JABC,WESTERN BEEF 35,WESTERN BEEF RETAIL INC,831,ROSEDALE AVE,10473,25000,25000.0,0,25000.0,supermarket,1,
2023,706947,JAC,3N CONVENIENCE STORE,3N CONVENIENCE STORE INC,950,ALLERTON AVE,10469,0,,1,1000.0,convenience or deli,1,
2023,716865,JAC,CROES GROCERY DELI,CROES GROCERY DELI CORP,1701,E 174TH ST,10472,900,900.0,0,900.0,convenience or deli,1,
2023,744461,JAC,1160 FT DELI GROCERY,1160 FT DELI GROCERY CORP,1160,FTELEY AVE,10472,2200,2200.0,0,2200.0,convenience or deli,1,
2023,738735,JAC,MOBIL MART,ALVIN AND BORA INC,1106,METCALF AVE,10472,1800,1800.0,0,,,0,gas station
2023,743163,A,GULF,CB GAS CORP,1805,WEBSTER AVE,10457,400,400.0,0,,,0,gas station
2023,754377,JAC,233RD CARRIBEAN MEAT MA,233RD CARRIBEAN MEAT MARKET CORP,4206,WHITE PLAINS RD,10466,0,,1,1200.0,specialty,1,
2023,727233,JAC,JOY'S DELI GROCERY II,JOY'S DELI GROCERY II CORP,1481,WESTCHESTER AVENUE,10472,1400,1400.0,0,1400.0,convenience or deli,1,
2023,747376,JAC,BROTHER'S CONVENIENCE S,BROTHER'S CONVENIENCE STORE INC,1460,SOUTHERN BLVD,10460,1500,1500.0,0,1500.0,convenience or deli,1,
2023,733189,JAC,BELLA DELI MARKET,BELLA DELI MARKET CORP,4011,E TREMONT AVE,10465,1800,1800.0,0,1800.0,convenience or deli,1,
2023,710802,A,BRIONNE DISCOUNT,BRIONNE DISCOUNT CORP,1801,ARCHER ST,10460,1800,1800.0,0,,,0,general merchandise or dollar store
2023,607271,JAC,A TO Z GROCERY & DELI,A TO Z GROCERY & DELI INC,1450,CROSBY AVE,10461,1200,1200.0,0,1200.0,convenience or deli,1,
2023,727620,JAC,LOS CASTILLOS MINI MARK,LOS CASTILLOS MINI MARKET CORP,1601,UNIVERSITY AVENUE,10453,3000,3000.0,0,3000.0,other grocery,1,
2023,724958,JAC,LA PLAZA DELI MINI MARK,LA PLAZA DELI MINI MARKET CORP,885,E TREMONT AVE,10460,1000,1000.0,0,1000.0,convenience or deli,1,
2023,742746,JAC,SHOPLAND MINIMART,SHOPLAND MINIMART CORP,25,W TREMONT AVE,10453,1300,1300.0,0,1300.0,convenience or deli,1,
2023,607800,JAC,CITGO MINI MART,N&I VENTURE CORP,6571,BROADWAY,10471,700,700.0,0,,,0,gas station
2023,740085,JAC,KADIA DRINKS,CISSE KADIA,50,E 168TH ST,10452,0,,1,1200.0,other grocery,1,
2023,604249,JAC,S&J DELI,AHMON FOOD INC,1572,WILLIAMSBRIDGE RD,10461,1800,1800.0,0,1800.0,convenience or deli,1,
2023,713369,JAC,JESSICA SUPERMARKET,JESSICA SUPERMARKET CORP,1645,GRAND AVE.,10453,1500,1500.0,0,1500.0,supermarket,1,
2023,609649,JAC,24 DELI GROCERY,24 DELI GROCERY INC,1801,WILLIAMSBRIDGE RD,10461,700,700.0,0,700.0,convenience or deli,1,
2023,713368,JAC,CHICKEN DELI GROCERY TH,CHICKEN DELI GROCERY CORP THE,555,EAST 180TH ST,10457,0,,1,1000.0,convenience or deli,1,
2023,608539,JAC,SWEET HOME AFRICAN MKT,SWEET HOME AFRICAN MKT INC,15,E. BEDFORD PARK BLVD #17,10468,2000,2000.0,0,2000.0,other grocery,1,
2023,742941,JAC,VISIONARY FOOD,VISIONARY FOOD CORP,1077,WHITE PLAINS RD,10472,1500,1500.0,0,1500.0,other grocery,1,
2023,709985,JAC,MUKTI E 163RD PETROLEUM,MUKTI E 163RD PETROLEUM INC,481,E 163RD ST,10451,3000,3000.0,0,,,0,gas station
2023,754734,JAC,OLIVES FOOD MARKET,OLIVES FOOD MARKET CORP,4200,BAYCHESTER AVE,10466,0,,1,1200.0,other grocery,1,
2023,714507,JABC,BARAKA AFRICAN MKT STOR,MAMDOU BAH & ABDOULAYE BARRIE,1345,WEBSTER AVE,10456,1800,1800.0,0,1800.0,other grocery,1,
2023,608652,JAC,ANGELOS DELI-GROCERY,ANGELOS DELI-GROCERY NO 2 CORP,120,E MOUNT EDEN AVE,10452,950,950.0,0,950.0,convenience or deli,1,
2023,725107,JAC,HALAL DELI MART,DELI R US FOOD MARKET INC,1475,WEST AVENUE,10462,1000,1000.0,0,1000.0,convenience or deli,1,
2023,749042,JAC,JP MEAT MARKET & PRODUC,JP MEAT MARKET & PRODUCTS CORP,489,E TREMONT AVE,10457,1600,1600.0,0,1600.0,specialty,1,
2023,607865,JAC,ALANTE ALANTE DELI GRCY,207 ALANTE ALANTE DELI GRCY CORP,207,MT HOPE PL,10457,1000,1000.0,0,1000.0,convenience or deli,1,
2023,707982,JAC,571 EXPRESS DELI GROCER,571 EXPRESS DELI GROCERY INC,571,EAST 139TH ST,10454,1200,1200.0,0,1200.0,convenience or deli,1,
2023,712509,JAC,347 CHABELY DELI GROCER,347 CHABELY DELI GROCERY CORP,347,E 173RD ST,10457,0,,1,1000.0,convenience or deli,1,
2023,603878,JACH,HILLSIDE MEAT MARKET,HILLSIDE MEAT MARKET INC,3117,BAINBRIDGE AVE,10467,1875,1875.0,0,,,0,"warehouse, wholesale or plant license"
2023,718489,JAC,PIERCE AVE MINI MARKET,PIERCE AVE MINI MARKET INC,1595,WILLIAMSBRIDGE RD,10461,1200,1200.0,0,1200.0,convenience or deli,1,
2023,748272,JAC,7-ELEVEN STORE 39365H,7 ELEVEN INC,590,E FORDHAM RD,10458,1000,1000.0,0,1000.0,convenience or deli,1,
2023,748636,A,LEROY PHARMACY,LEROY PHARMACY II,239,E  198TH ST,10458,0,,0,,,0,pharmacy
2023,732915,JAC,LOS CASTILLOS MEAT & FI,CARLITOS PIZZERIA & JUICE BAR COR,1601,DR MARTIN LUTHER KING JR BLV,10453,0,,1,1200.0,specialty,1,
2023,745130,JAC,H&B FRESH PRODUCE,H&B FRESH PRODUCE CORP,20,E GUN HILL ROAD,10467,2000,2000.0,0,2000.0,specialty,1,
2023,723786,JAC,198 BAINBRIDGE DELI & G,198 BAINBRIDGE DELI & GROCERY COR,2839,BAINBRIDGE AVE,10458,0,,1,1000.0,convenience or deli,1,
2023,607090,JAC,1296 SHERIDAN DELI GRCR,1296 SHERIDAN DELI GROCERY CORP,1296,SHERIDAN AVE,10456,1500,1500.0,0,1500.0,convenience or deli,1,
2023,747188,JAC,3433 DELI GRILL & JUICE,3433 DELI GRILL & JUICE BAR INC,3433,BOSTON ROAD,10469,1400,1400.0,0,1400.0,convenience or deli,1,
2023,713638,A,SUPER 99 C,288 SUPER 99 C PLUS LLC,288-290,E KINGSBRIDGE RD,10458,800,800.0,0,,,0,general merchandise or dollar store
2023,608493,A,548 CANDY GROCERY,548 CANDY GROCERY CORP,548,E 138TH ST,10454,750,750.0,0,750.0,convenience or deli,1,
2023,608530,JAC,875 E TREMONT GRCY DELI,875 E TREMONT GROCERY DELI CORP,875,E TREMONT AVE,10460,750,750.0,0,750.0,convenience or deli,1,
2023,731693,JAC,DIAMOND FISH AND MEAT M,DIAMOND FISH AND MEAT MARKET INC,381,E 169TH STREET,10456,1100,1100.0,0,1100.0,specialty,1,
2023,752518,JAC,SB DELI GROCERY,SB DELI GROCERY CORP,337,E 146TH STREET,10451,0,,1,1000.0,convenience or deli,1,
2023,742494,A,SEVEN BROTHERS AFRICAN,AMOAKOHENE PRINCE,228,EAST 181ST ST,10457,900,900.0,0,900.0,other grocery,1,
2023,738120,JAC,D & F MEAT MARKET,D & F MEAT MARKET CORP,83,EAST 184TH STREET,10468,1200,1200.0,0,1200.0,specialty,1,
2023,755006,A,SOMIR DAY & NIGHT DELI,SOMIR DAY & NIGHT DELI GROCY INC,2167,CROSS BRONX EXPY,10462,500,500.0,0,500.0,convenience or deli,1,
2023,728571,JAC,LA BODEGUITA DE ROSA,LA BODEGUITA DE ROSA CORP,160,EAST 174TH STREET,10457,0,,1,1200.0,other grocery,1,
2023,738329,JAC,YANKEL DELI GROCERY,YANKEL DELI GROCERY CORP,266,EAST 143RD STREET,10451,0,,1,1000.0,convenience or deli,1,
2023,748505,JAC,EL RANCHO MARKET,EL RANCHO MARKET CORP,19,E KINGSBRIDGE RD,10468,1300,1300.0,0,1300.0,other grocery,1,
2023,716246,JAC,MB HALAL MARKET,MB HALAL MARKET CORP,440,E 161ST ST #2,10451,1200,1200.0,0,1200.0,other grocery,1,
2023,603400,JAC,FINE FARE SUPERMARKET,VARGAS&RODRIGUEZ SUPERMARKET INC,3131,GRAND CONCOURSE,10468,5000,5000.0,0,5000.0,supermarket,1,
2023,735802,A,SOUTHERN PHARMACY,SOUTHERN PHARMACY INC,1301,SOUTHERN BLVD,10459,0,,0,,,0,pharmacy
2023,608884,JAC,LA GRANJA MEAT MARKET,LA GRANJA MEAT MARKET INC,1111,E TREMONT AVE STORE D,10460,800,800.0,0,800.0,specialty,1,
2023,746653,JAC,BAILEY'S HARVEST FRESH,BAILEY'S HARVEST FRESH MARKET COR,3000,BAILEY AVE,10463,1000,1000.0,0,1000.0,other grocery,1,
2023,606638,JAC,GREEN TERMINAL,GREEN TERMINAL LLC,3010,RIVERDALE AVE,10463,700,700.0,0,700.0,other grocery,1,
2023,730030,JAC,DEGNORA DELI GROCERY,DIGNORA DELI GROCERY INC,1299,FRANKLIN AVE,10456,1500,1500.0,0,1500.0,convenience or deli,1,
2023,732219,A,DOLLAR TREE #07224,DOLLAR TREE STORES INC,600,138TH ST,10454,4000,4000.0,0,,,0,general merchandise or dollar store
2023,713760,JAC,RWAA DELI & GROCERY,RWAA DELI & GROCERY CORP,56,W 183RD ST,10453,1200,1200.0,0,1200.0,convenience or deli,1,
2023,713630,A,DOLLAR TREE #5069,DOLLAR TREE STORES INC,250,E 144TH ST,10451,10000,10000.0,0,,,0,general merchandise or dollar store
2023,600246,JABC,C TOWN,564 GROCERY INC,564,SOUTHERN BLVD,10455,8000,8000.0,0,8000.0,supermarket,1,
2023,752573,A,SMOKE HOUSE 2,SMOKE HOUSE 2 CORP,2861,THIRD AVE,10455,0,,0,,,0,food service or non-food retail
2023,737492,JAC,MILO FISH & VEGETABLES,MILO FISH & VEGETABLES CORP,3618,WHITE PLAINS ROAD,10467,0,,1,1200.0,specialty,1,
2023,608221,JAC,SWEET DELI & GROCERY,SWEET GROCERY & CANDY CORP,956,INTERVALE AVE,10459,1000,1000.0,0,1000.0,convenience or deli,1,
2023,743914,A,LUK OIL,SPEEDX GROUP INC,2173,GRAND CONCOURSE,10453,500,500.0,0,500.0,other grocery,1,
2023,605123,JAC,YAMASA DELI GROCERY III,YAMASA DELI&GROCERY III LLC,99,MCCLELLAN ST,10452,800,800.0,0,800.0,convenience or deli,1,
2023,732767,JAC,MG DELI GROCERY,MG DELI GROCERY CORP,917,SHERIDAN AVENUE,10451,0,,1,1000.0,convenience or deli,1,
2023,608541,JAC,QUICK HERO CITY DELI GR,QUICK HERO CITY DELI GROCERY INC,617,E FORDHAM RD,10458,0,,1,1000.0,convenience or deli,1,
2023,736839,A,WALGREENS #17499,WALGREEN EASTERN CO INC,691,CO-OP CITY BLVD,10475,2500,2500.0,0,,,0,pharmacy
2023,713771,JAC,TENARES GOURMET DELI GR,TENARES GOURMET DELI GROCERY CORP,642,E 233RD ST STORE 2&4,10466,0,,1,1000.0,convenience or deli,1,
2023,704036,JAC,GOLDEN PRODUCE,GOLDEN PRODUCE LLC,364,EAST 204TH ST,10467,2700,2700.0,0,2700.0,specialty,1,
2023,749048,JAC,LARA MINI MARKET,LARA MINI MARKET CORP,1382,CROTONA AVE,10456,0,,1,1000.0,convenience or deli,1,
2023,601900,JAC,LA PLACITA DE PONCE,LA PLACITA DE PONCE FOOD CORP,459,BROOK AVE,10455,2100,2100.0,0,2100.0,other grocery,1,
2023,703250,JAC,ANTILLANA SUPERMARKET,124 MEAT FOOD CORP,122-124,W FORDHAM RD,10468,3900,3900.0,0,3900.0,supermarket,1,
2023,713735,JAC,LA MINA MINI MARKET,LA MINA MINI MARKET CORP,1000,HOE AVE,10459,1500,1500.0,0,1500.0,convenience or deli,1,
2023,746560,JAC,CITY GOURMET DELI,568 MINI MARKET CORP,568,169TH ST,10456,1200,1200.0,0,1200.0,convenience or deli,1,
2023,724498,JAC,183RD FOOD CENTER,183RD FOOD CENTER CORP,9A,WEST 183RD STREET,10453,900,900.0,0,900.0,other grocery,1,
2023,603138,JAC,JOSELYN GROCERY,JOSELYN GROCERY CORP,2238,MORRIS AVE,10453,1800,1800.0,0,1800.0,convenience or deli,1,
2023,600961,JAC,A WORLD OF SPICE,YASSIN MOHAMED W,2164,WESTCHESTER AVE,10462,1500,1500.0,0,1500.0,specialty,1,
2023,747907,JAC,MARLEY 2 GROCERY,MARLEY 2 GROCERY CORP,4236,WHITE PLAINS RD,10466,0,,1,1000.0,convenience or deli,1,
2023,748013,A,CANDY & GROCERY,CANDY & GROCERY INC,330,E GUN HILL RD,10467,0,,1,1000.0,convenience or deli,1,
2023,743233,JAC,WICKHAM DELI AND GROCER,WICKHAM DELI AND GROCERY,4400,WICKHAM AVE #A,10466,900,900.0,0,900.0,convenience or deli,1,
2023,732835,JAC,SPINNER DELI,SPINNER DELI CORP,374,E 188TH STREET,10458,0,,1,1000.0,convenience or deli,1,
2023,723219,JAC,2220 ONE WAY DELI GROCE,2220 ONE WAY DELI GROCERY CORP,2218-2220,OLINVILLE AVENUE,10467,1200,1200.0,0,1200.0,convenience or deli,1,
2023,708149,A,CVS PHARMACY #8969,CVS ALBANY LLC,50-56,E 167TH ST,10452,9000,9000.0,0,,,0,pharmacy
2023,711862,A,99C STORE PLUS MORE,ROVERSY & YARIEL 99C STORE PLUS M,4033,LACONIA AVE,10466,0,,0,,,0,general merchandise or dollar store
2023,608190,JAC,I&C DELI MINI MARKET,I&C DELI MINI MARKET CORP,531-533,E 183RD ST,10458,1500,1500.0,0,1500.0,convenience or deli,1,
2023,605377,JABC,FINE FARE SUPERMARKET,AC&L FOOD CORP,3680,E TREMONT AVE,10465,10000,10000.0,0,10000.0,supermarket,1,
2023,607747,JAC,G&R DELI,G&R DELI CORP,1928,WILLIAMSBRIDGE RD,10461,800,800.0,0,800.0,convenience or deli,1,
2023,743247,JAC,TEHUACAN DELI GROCERY,TEHUACAN DELI GROCERY INC,1837,WESTCHESTER AVE,10472,1500,1500.0,0,1500.0,convenience or deli,1,
2023,711905,JAC,ESPINAL MEAT MARKET,ESPINAL MEAT MARKET CORP,1039,OGDEN AVE,10452,1500,1500.0,0,1500.0,specialty,1,
2023,744717,JAC,LOPEZ FAMILY DELI,LOPEZ FAMILY DELI CORP,555,SOUNDVIEW AVE,10473,300,300.0,0,300.0,convenience or deli,1,
2023,720086,JAC,LADY AFRIQUE INT MKT,LARBI FLORENCE,1406,CASTLE HILL AVE,10462,0,,1,1200.0,other grocery,1,
2023,706551,JAC,WALTON DELI AND GROCERY,ALHANSHALI NASSR&YASER,975,WALTON AVE,10452,300,300.0,0,300.0,convenience or deli,1,
2023,717998,A,165 WOODYCREST GROCERY,165 WOODYCREST GROCERY INC,82,W 165TH STREET,10452,0,,1,1000.0,convenience or deli,1,
2023,751417,JAC,HEALTHY EATS DELI,HEALTHY EATS DELI CORP,527,E 137TH ST,10454,0,,1,1000.0,convenience or deli,1,
2023,735125,JAC,KINGS FINEST DELI,KINGS FINEST DELI INC,25,E GUN HILL RD,10467,1100,1100.0,0,1100.0,convenience or deli,1,
2023,743802,JAC,MUMCEE AFRICAN & CARIBB,MUMCEE AFRICAN & CARIBBEAN MKT IN,3493,BOSTON ROAD,10469,1200,1200.0,0,1200.0,other grocery,1,
2023,607238,JAD,GUN HILL BEER DIS,JFP BEER DISTRIBUTORS INC,2850,MICKLE AVE,10469,0,,0,,,0,"warehouse, wholesale or plant license"
2023,602272,JAC,SAMMY GROCERY,SAMMY 2500 GROCERY CORP,2500,ARTHUR AVE,10458,700,700.0,0,700.0,convenience or deli,1,
2023,755339,JAC,137 TITA MINI MARKET,137 TITA MINI MARKET CORP,137,E GUN HILL RD,10467,0,,1,1000.0,convenience or deli,1,
2023,711606,JAC,KINGSBRIDGE SMOKE SHOP,KINGSBRIDGE SMOKE SHOP & CANDY IN,5625,BROADWAY  ST #5,10463,1300,1300.0,0,,,0,food service or non-food retail
2023,750144,JAC,FRIENDSHIP DELI & TOBAC,FRIENDSHIP DELI & TOBACCO LLC,3650,WHITE PLAINS RD,10467,0,,1,1000.0,convenience or deli,1,
2023,748552,A,5 STARZ CANDY AND GROCE,5 STARZ CANDY AND GROCERY CORP,159,E 170TH STREET,10452,600,600.0,0,600.0,convenience or deli,1,
2023,707009,JAC,PASCUAL FOOD,PASCUAL FOOD CORP,1020,OLMSTEAD AVE,10472,600,600.0,0,600.0,other grocery,1,
2023,731113,A,NEW KINGSBRIDGE CONVENI,NEW KINGSBRIDGE CONVENIENCE 1 INC,40,W KINGSBRIDGE ROAD,10468,800,800.0,0,800.0,other grocery,1,
2023,739866,JAC,JEROME DELI,JEROME DELI INC,2366,JEROME AVE,10468,1200,1200.0,0,1200.0,convenience or deli,1,
2023,606390,JAC,SUNOCO,AS & R PETROLEUM INC,5914,RIVERDALE AVE,10471,500,500.0,0,,,0,gas station
2023,733326,A,WALTON CONVENIENCE STOR,WALTON CONVENIENCE STORE CORP,68,E 174TH STREET,10452,0,,1,1000.0,convenience or deli,1,
2023,607012,JAC,MARIA PABLITO GROCERY,MARIA PABLITO GROCERY CORP,1551,SHERIDAN AVE.,10457,2000,2000.0,0,2000.0,convenience or deli,1,
2023,721652,JAC,3RD AVE STOP SHOP,3RD AVE STOP SHOP CORP,3754,3RD AVE,10456,4000,4000.0,0,4000.0,other grocery,1,
2023,731853,JAC,SUPER STOP DELI & GROCE,SUPER STOP DELI & GROCERY CORP,211,E TREMONT AVE,10457,1000,1000.0,0,1000.0,convenience or deli,1,
2023,734716,JAC,555 ALCIBIADES DELI,555 ALCIBIADES DELI CORP,555,EAST 169TH STREET,10456,1500,1500.0,0,1500.0,convenience or deli,1,
2023,609227,JAC,RIVERDALE KOSHER MARKET,BLUSHAN FOODS LLC,5683,RIVERDALE AVE,10471,12000,12000.0,0,12000.0,other grocery,1,
2023,734975,JAC,0113 FOOD,0113 FOOD CORP,184,W 231ST STREET,10463,0,,1,1200.0,other grocery,1,
2023,607551,JAC,EUROPEAN FRESH PRODUCE,EUROPEAN FRESH PRODUCE INC,720,LYDIG AVE.,10462,1000,1000.0,0,1000.0,specialty,1,
2023,739700,JAC,C TOWN SUPERMARKET,MASK GROCERY LLC,5686,MOSHOLU AVENUE,10471,0,,1,8000.0,supermarket,1,
2023,740372,JAC,WILLYS GROCERY STORE,WILLYS GROCERY STORE INC,699,BECK STREET,10455,1100,1100.0,0,1100.0,convenience or deli,1,
2023,718022,A,OBAAPA AFRICAN & CARIBE,AGYEMAN NANA A,2347,GRAND CONCOURSE,10468,450,450.0,0,450.0,other grocery,1,
2023,601477,JABC,STOP&SHOP 503,STOP&SHOP SUPERMARKET CO LLC THE,5716,BROADWAY,10463,27000,27000.0,0,27000.0,supermarket,1,
2023,607360,A,TOTAL CARE PHARMACY,TOTAL CARE PHARMACY BX INC,1721,CROSBY AVE,10461,1800,1800.0,0,,,0,pharmacy
2023,607979,JAC,FOOD CHOICE NO 1,FOOD CHOICE NO 1 CORP,333,E 184TH ST,10458,1300,1300.0,0,1300.0,other grocery,1,
2023,724590,JAC,NELLY MINI MARKET,NELLY MINI MARKET CORP,1055,UNIVERSITY AVE,10452,1500,1500.0,0,1500.0,convenience or deli,1,
2023,609420,A,ALDI #19,ALDI INC,1750,E GUN HILL RD STORE B,10469,0,,1,8000.0,supermarket,1,
2023,716756,JAC,PIONEER,ESPERANZA SUPERMARKET LLC,107,FEATHERBED LANE,10452,8000,8000.0,0,8000.0,supermarket,1,
2023,755952,JAC,F&M GOURMET DELI,F&M GOURMET DELI CORP,1903,WILLIAMSBRIDGE ROAD,10461,1000,1000.0,0,1000.0,convenience or deli,1,
2023,734340,JAC,ACERO PRODUCE,ACERO PRODUCE INC,1171,STRATFORD AVENUE,10472,700,700.0,0,700.0,specialty,1,
2023,754859,JAC,TASTY DELI,TASTY DELI CORP,2538,MARION AVE,10458,0,,1,1000.0,convenience or deli,1,
2023,708901,A,DOLLAR TREE  #5345,DOLLAR TREE STORES INC,612,WESTCHESTER AVE,10455,5200,5200.0,0,,,0,general merchandise or dollar store
2023,721909,JAC,TWO STARS LUCKY DELI,TWO STARS LUCKY DELI INC,856,E 180TH ST,10460,700,700.0,0,700.0,convenience or deli,1,
2023,739049,JAC,GRACE GRAND GROCERY,GRACE GRAND GROCERY CORP,2241,GRAND AVE,10453,0,,1,1000.0,convenience or deli,1,
2023,731655,JAC,C&C FARM,C&C FARM BRONX INC,681,ALLERTON AVE,10467,1800,1800.0,0,1800.0,other grocery,1,
2023,743460,JAC,MERAN DELI GROCERY,MERAN DELI GROCERY CORP,1082,OLMSTEAD AVENUE,10472,0,,1,1000.0,convenience or deli,1,
2023,751996,JAC,CORNER FRESH MARKET,CORNER FRESH MARKET CORP,1133,MORRIS AVE,10456,0,,1,8000.0,supermarket,1,
2023,752860,JAC,GREEN BRYANT DELI & GRO,GREEN BRYANT DELI & GROCERY CORP,1950,BRYANT AVE,10460,600,600.0,0,600.0,convenience or deli,1,
2023,706759,JAC,LA CHARRITA DELI GROCER,LA CHARRITA DELI GROCERY CORP,416,WILLIS AVE,10454,1200,1200.0,0,1200.0,convenience or deli,1,
2023,604870,JAC,FOODTOWN,MADDAJ A&J INC,1000,ALLERTON AVE,10469,3000,3000.0,0,3000.0,supermarket,1,
2023,741532,JAC,WCE DELI,WCE DELI CORP,695,E. 187TH ST.,10458,0,,1,1000.0,convenience or deli,1,
2023,715815,JAC,NEW WORLD DELI GROCERY,NEW WORLD DELI GROCERY CORP,4150,WHITE PLAINS RD,10466,900,900.0,0,900.0,convenience or deli,1,
2023,753382,JAC,RANDY'S DELI GROCERY,RANDYS DELI GROCERY CORP,218,WEST TREMONT AVE,10453,0,,1,1000.0,convenience or deli,1,
2023,729219,A,CIRCLE PHARMACY,CIRCLE PHARMACY CORP,116,HUGH J GRANT CIRCLE,10472,1300,1300.0,0,,,0,pharmacy
2023,732046,JAC,LO TIGER GROCERY,LO TIGER GROCERY CORP,230,E 174TH STREET,10457,1000,1000.0,0,1000.0,convenience or deli,1,
2023,606919,JAC,LICEY DELI GROCERY,MAYOR JOSE F,1493,ZEREGA AVE,10462,1100,1100.0,0,1100.0,convenience or deli,1,
2023,607475,JAC,MOSES DELI,ALI RAMI O & HAIMED FAWAZ A M,682,ALLERTON AVE,10467,900,900.0,0,900.0,convenience or deli,1,
2023,742860,JAC,LA FAMILIA MARKET,JACKSON KENNETH,3113,BAINBRIDGE AVE,10467,1200,1200.0,0,1200.0,other grocery,1,
2023,747394,JAC,ANDY'S DELI USA,ANDYS DELI USA CORP,3890,SEDGWICK AVE,10463,0,,1,1000.0,convenience or deli,1,
2023,720428,JAC,SEA BREEZE FISH & SEAFO,SBF FISHERY INC,2050,WEBSTER AVE,10457,150,150.0,0,150.0,specialty,1,
2023,601906,JAC,LA INDIA MINI MARKET,LA INDIA MINI MARKET INC,1942,MARMION AVE,10460,800,800.0,0,800.0,convenience or deli,1,
2023,728920,JAC,37 DELI GROCERY 06/01/1,37 DELI GROCERY INC,37,WEST 183RD STREET,10453,1800,1800.0,0,1800.0,convenience or deli,1,
2023,713298,A,UNIVERSAL CANDY & GROCE,UNIVERSAL CANDY & GROCERY CORP,1521,WESTCHESTER AVE,10472,1000,1000.0,0,1000.0,convenience or deli,1,
2023,752169,JAC,KING CHOP CHEESE DELI A,KING CHOP CHEESE DELI AND GROCERY,620,EAST 178TH ST (AKA 1977 HUGHE,10457,800,800.0,0,800.0,convenience or deli,1,
2023,608233,A,GENERAL NUTRITION 1041,GENERAL NUTRITION CORP,2154,WHITE PLAINS RD,10462,3000,3000.0,0,,,0,food service or non-food retail
2023,749891,JAC,JORDAN SUPERMARKET,JORDAN SUPERMARKET INC,940,E 174TH STREET,10460,1300,1300.0,0,1300.0,supermarket,1,
2023,605648,JAC,WESTERN BEEF 36,WESTERN BEEF RETAIL INC,1564,SOUTHERN BLVD,10460,15000,15000.0,0,15000.0,supermarket,1,
2023,754204,JAC,NO 2 VARIEDADES DE MI C,NO 2 VARIEDADES DE MI CULTURA EBE,1553,WESTCHESTER AVE B,10472,0,,1,1200.0,other grocery,1,
2023,603773,A,PARKCHESTER PHARMACY,PARKCHESTER NATURAL HLTH CTR INC,1663,METROPOLITAN AVE,10462,600,600.0,0,,,0,pharmacy
2023,609551,JAC,R&C FISH MARKET,R&C FISH MARKET CORP,12,E 183RD ST,10453,1200,1200.0,0,1200.0,specialty,1,
2023,738959,JAC,3 JS DELI GROCERY,3 JS DELI GROCERY INC,1098,ANDERSON AVE,10452,0,,1,1000.0,convenience or deli,1,
2023,750738,JAC,AZABACHE BEER,AZABACHE BEER CORP,2480,BELMONT AVE,10458,0,,1,1200.0,other grocery,1,
2023,739152,JAC,PERLA MARINA DELI GROCE,PERLA MARINA DELI GROCERY CORP,766,EAST 152ND STREET,10455,1200,1200.0,0,1200.0,convenience or deli,1,
2023,755509,JAC,BLUE BEAR SEAFOOD,BLUE BEAR SEAFOOD CORP,1018,MORRIS PARK AVE,10462,400,400.0,0,400.0,specialty,1,
2023,705623,A,BRADY DELI GROCERY,BRADY DELI GROCERY INC,2068,WALLACE AVE,10462,1000,1000.0,0,1000.0,convenience or deli,1,
2023,744398,JAC,BAHAGA AFRICAN MARKET,BAHAGA AFRICAN MARKET LLC,1734,TOWNSEND AVE,10453,500,500.0,0,500.0,other grocery,1,
2023,731053,JAC,MHC SUPERMARKET,MHC SUPERMARKET LLC,616,MELROSE AVENUE,10455,0,,1,8000.0,supermarket,1,
2023,602339,JAC,LOS HERMANOS DELI,RICARDITO&ANTHONY DELI GRCRY INC,2019,VYSE AVE,10460,1800,1800.0,0,1800.0,convenience or deli,1,
2023,737837,JAC,MELROSE COMMUNITY DELI,MELROSE COMMUNITY DELI GROCERY IN,911,MELROSE AVE,10451,0,,1,1000.0,convenience or deli,1,
2023,720609,A,PAPELETA AUTO SERVICE,PAPELETA AUTO SERVICE CORP,1133,JEROME AVENUE,10452,200,200.0,0,200.0,other grocery,1,
2023,734506,JAC,FINE FARE,195 WEBSTER MEAT & PRODUCE CORP,2645,WEBSTER AVENUE,10458,7500,7500.0,0,7500.0,supermarket,1,
2023,755698,JAC,FAHID HALAL MEAT FISH F,FAHID HALAL MEAT FISH FRUITS AND,2128,JEROME AVENUE,10453,0,,1,1200.0,specialty,1,
2023,609488,JAC,ROMANA GROCERY,ROMANA GROCERY CORP,3851,BRONXWOOD AVE,10469,1200,1200.0,0,1200.0,convenience or deli,1,
2023,604984,A,RITE AID PHARMACY 04258,RITE AID OF NEW YORK INC,1516-1518,WESTCHESTER AVE,10472,3000,3000.0,0,,,0,pharmacy
2023,607328,A,FAMILY DOLLAR #6737,FAMILY DOLLAR STORES OF NY INC,1227,WEBSTER AVE,10456,3000,3000.0,0,,,0,general merchandise or dollar store
2023,725378,JAC,AMOR SUPERMARKET,AMOR SUPERMARKET CORP,35,W 183RD STREET,10453,2400,2400.0,0,2400.0,supermarket,1,
2023,706291,JAC,AKRAM DELI GROCERY,4192 AKRAM DELI & GROCERY CORP,4192,WHITE PLAINS RD,10466,0,,1,1000.0,convenience or deli,1,
2023,607617,A,DISCOUNT BAZAAR,DISCOUNT BAZAAR INC,1181,WEBSTER AVE,10456,3000,3000.0,0,,,0,general merchandise or dollar store
2023,731243,JAC,BROTHERS BRONXWOOD DELI,BROTHERS BRONXWOOD DELI GROCERY C,3846,BRONXWOOD AVENUE,10469,800,800.0,0,800.0,convenience or deli,1,
2023,756094,JAC,1498 GOURMET DELI,1498 GOURMET DELI CORP,1498,WESTCHESTER AVE,10472,0,,1,1000.0,convenience or deli,1,
2023,607249,JAC,COMMUNITY DELI FOOD MKT,COMMUNITY DELI FOOD MARKET CORP,3861,CARPENTER AVE,10467,1100,1100.0,0,1100.0,convenience or deli,1,
2023,746827,JAC,BRONX BAZAR,BRONX BAZAR INC,2550,BOSTON RD,10467,0,,1,1200.0,other grocery,1,
2023,755281,JAC,SUMMIT FOOD & DELI,SUMMIT FOOD & DELI CORP,1090,SUMMIT AVE,10452,1000,1000.0,0,1000.0,convenience or deli,1,
2023,743351,JAC,CROSSWAY FUEL,CROSSWAY FUEL INC,1724,WEBSTER AVE,10457,900,900.0,0,,,0,gas station
2023,730704,JAC,E & M FOOD MARKET,E & M FOOD MARKET CORP,760,MELROSE AVENUE,10451,0,,1,1200.0,other grocery,1,
2023,722660,JAC,NEW RAMS DELI PLUS,NEW RAMS DELI PLUS INC,574,E FORDHAM RD,10458,0,,1,1000.0,convenience or deli,1,
2023,748980,JAC,3181 GREEN DELI,3181 GREEN DELI CORP,3187,WEBSTER AVE,10467,0,,1,1000.0,convenience or deli,1,
2023,740274,JAC,GRAND CONCOURSE FOOD,GRAND CONCOURSE FOOD CORP,50A,W BURNSIDE AVENUE,10453,0,,1,1200.0,other grocery,1,
2023,749074,JAC,RAMA FOOD,RAMA FOOD CORP,605,E 168TH STREET,10456,0,,1,1200.0,other grocery,1,
2023,608225,JAC,LA VINA FOOD,LA VINA FOOD CORP,89,W KINGSBRIDGE RD,10468,1600,1600.0,0,1600.0,other grocery,1,
2023,607837,JAC,BUTCHERS CHOICE THE,HUB MEAT MARKET LLC,448,E 149TH ST,10455,1400,1400.0,0,1400.0,other grocery,1,
2023,708895,JAC,ANTILLANA & METRO SUPER,ANTILLANA & METRO SUPERMARKET COR,1339,JEROME AVE,10452,8500,8500.0,0,8500.0,other grocery,1,
2023,607052,JAC,LEIDY DELI GROCERY,VENTURA-ALCANTARA LEIDY,501,E 176TH ST,10457,1000,1000.0,0,1000.0,convenience or deli,1,
2023,728456,A,LINDA 99 CENTS,PROSPECT 99 CENTS CORP,859,PROSPECT AVE,10459,1000,1000.0,0,,,0,general merchandise or dollar store
2023,729965,JAC,MODERN FRUIT & VEGETABL,FRUTERIA SAN MIGUEL CORP,3822,E TREMONT AVE,10465,1500,1500.0,0,1500.0,specialty,1,
2023,748050,A,DEALS R US OUTLET,DEALS R US OUTLET LLC,1000,MORRIS AVE,10452,0,,1,1200.0,other grocery,1,
2023,720356,JAC,HAILEY DELI GROCERY,HAILEY DELI GROCERY INC,824,E 181ST ST STORE #1,10460,800,800.0,0,800.0,convenience or deli,1,
2023,752531,JAC,YDHNY SEAFOOD,YDHNY INC,1851,BRUCKNER BLVD,10472,300,300.0,0,300.0,specialty,1,
2023,746173,JAC,FOOD UNIVERSE MARKETPLA,183 MEAT CORP,60,WEST 183RD STREET,10453,8000,8000.0,0,8000.0,supermarket,1,
2023,713869,JAC,VILLA DELI GROCERY,VILLA DELI GROCERY INC,3130,VILLA AVENUE,10468,500,500.0,0,500.0,convenience or deli,1,
2023,755918,JAC,Z SANCHEZ CHICHARRONES,Z SANCHEZ CHICHARRONES LLC,1381,OGDEN AVE,10452,0,,1,1200.0,other grocery,1,
2023,609843,JAC,BRISKA GROCERY,MUSOVIC SUNAN,2333,ARTHUR AVE,10458,700,700.0,0,700.0,convenience or deli,1,
2023,748377,JAC,GOD PROMISE AFR & CARIB,GOD PROMISE INC,2364,JEROME AVE,10468,1800,1800.0,0,1800.0,other grocery,1,
2023,743950,JAC,3 HERMANOS GROCERY,3 HERMANOS GROCERY CORP,1231,WHITEPLAINS RD,10472,0,,1,1000.0,convenience or deli,1,
2023,605747,JABC,S&W SUPERMARKET,S&W SUPERMARKET INC,4028,E TREMONT AVE,10465,3000,3000.0,0,3000.0,supermarket,1,
2023,743595,A,1 FRANKIE GOURMET DELI,1 FRANKIE GOURMET DELI CORP,2772,WEBSTER AVE,10458,900,900.0,0,900.0,convenience or deli,1,
2023,720604,JAC,SOUTHERN BLVD FARM,SOUTHERN BLVD FARM CORP,1700,SOUTHERN BLVD,10460,900,900.0,0,900.0,other grocery,1,
2023,720203,JAC,C TOWN,SHUNA FOODS LLC,1761,SOUTHERN BOULEVARD,10460,0,,1,8000.0,supermarket,1,
2023,727058,JAC,SADEQ GOURMET DELI,SADEQ GOURMET DELI INC,2664,GRAND CONCOURSE,10458,0,,1,1000.0,convenience or deli,1,
2023,603904,JAC,C TOWN,RIVERDALE MEAT&PRODUCE CORP,5249,BROADWAY,10463,8000,8000.0,0,8000.0,supermarket,1,
2023,747730,A,ST JOHN MARKET,ST JOHN MARKET INC,639,SOUTHERN BLVD,10455,0,,1,1200.0,other grocery,1,
2023,606619,JAC,FELINO GROCERY,FELINO GROCERY CORP,1836,ANTHONY AVE,10457,1500,1500.0,0,1500.0,convenience or deli,1,
2023,749399,JAC,1679 MONROE DELI GROCER,1679 MONROE DELI GROCERY INC,1679,MONNROE AVENUE,10457,800,800.0,0,800.0,convenience or deli,1,
2023,727881,A,GET IT OF YOUR CHEST,GET IT OF YOUR CHEST INC,4129,WHITE PLAINS RD,10466,0,,1,1200.0,other grocery,1,
2023,603659,JAC,FOOD BAZAAR,BOGOPA 170TH INC,535,E 170TH ST,10456,10000,10000.0,0,10000.0,supermarket,1,
2023,607822,JAC,775 MENA GROCERY,775 MENA GROCERY CORP,775,LYDIG AVE,10462,1200,1200.0,0,1200.0,convenience or deli,1,
2023,732335,JAC,2020 HEALTHY DELI,2020 HEALTHY DELI CORP,649,ALLERTON AVE,10467,800,800.0,0,800.0,convenience or deli,1,
2023,724729,JAC,729 JACKSON DELI GROCER,729 JACKSON DELI GROCERY INC,729,WESTCHESTER AVE,10455,1000,1000.0,0,1000.0,convenience or deli,1,
2023,739150,JAC,LOS MORONTAS SUPERMARKE,LOS MORONTAS SUPERMARKET CORP,475,CASTLE HILL AVENUE,10473,1000,1000.0,0,1000.0,supermarket,1,
2023,745186,A,EMPIRE PHARMACY,EMPIRE DRUGSTORE INC,401,E 147TH STREET,10455,1500,1500.0,0,,,0,pharmacy
2023,728921,JAC,VIVI DELI GROCERY,VIVI DELI GROCERY CORP,890,EAST 180TH STREET,10460,1200,1200.0,0,1200.0,convenience or deli,1,
2023,708115,JAC,LA MEXICANA FRUIT AND G,LA MEXICANA FRUIT AND GROCERY COR,1322,JEROME AVE,10452,1500,1500.0,0,1500.0,specialty,1,
2023,746335,A,EAST 219 GOURMET DELI,EAST 219 GOURMET DELI CORP,3801,WHITE PLAINS ROAD,10467,1200,1200.0,0,1200.0,convenience or deli,1,
2023,746832,JAC,EL COLMADITO GROCERY DE,EL COLMADITO GROCERY DELI CORP,280,SAINT ANNS AVENUE,10454,700,700.0,0,700.0,convenience or deli,1,
2023,754567,JAC,4457 NATURAL DELI,4457 NATURAL DELI INC,4457,3RD AVE,10457,800,800.0,0,800.0,convenience or deli,1,
2023,735798,A,DOLLAR TREE #06183 10/4,DOLLAR TREE STORES INC,259,E 138TH ST,10451,0,,0,,,0,general merchandise or dollar store
2023,738539,JAC,BRAVO SUPERMARKET,ROYAL REAL INC,745,WESTCHESTER AVENUE,10455,10000,10000.0,0,10000.0,supermarket,1,
2023,730005,JAC,EL CHATO DELI GROCERY,EL CHATO DELI GROCERY CORP,2002,ELLIS AVE,10472,800,800.0,0,800.0,convenience or deli,1,
2023,600413,JAC,BORGATTIS,BORGATTIS RAVIOLI&EGG NOODLES INC,632,E 187TH ST,10458,1000,1000.0,0,1000.0,other grocery,1,
2023,603841,JAC,KEY FOOD SUPERMARKET,BRONX 656 FOOD CORP,656,CASTLE HILL AVE,10473,35000,35000.0,0,35000.0,supermarket,1,
2023,718784,JAC,ZEREGA BAZAR HALAL MEAT,NEW ZEREGA BAZAR INC,2409,WESTCHESTER AVE,10461,1200,1200.0,0,1200.0,specialty,1,
2023,748501,JAC,SAMY MINI MARKET AND DE,SAMY MINI MARKET AND DELI CORP,2444,WILLIAMSBRIDGE,10469,0,,1,1000.0,convenience or deli,1,
2023,609255,JAC,FOOD DYNASTY,A&C FOUR WINGS INC,1470,WESTCHESTER AVE,10472,2000,2000.0,0,2000.0,supermarket,1,
2023,609578,JAC,EL BODEGON DELI GROCERY,EL BODEGON DELI GROCERY CORP,663,MELROSE AVE,10455,0,,1,1000.0,convenience or deli,1,
2023,608559,JAC,BAYCHESTER EXPRESS DELI,BAYCHESTER EXPRESS DELI INC,3929,BAYCHESTER AVE,10466,1400,1400.0,0,1400.0,convenience or deli,1,
2023,606228,JAC,1029 FOOD PLAZA,1029 FOOD PLAZA INC,122,E 181ST ST,10453,2000,2000.0,0,2000.0,supermarket,1,
2023,720092,A,BAINBRIDGE MART,BAINBRIDGE MART CORP,3200,BAINBRIDGE AVE,10467,700,700.0,0,700.0,other grocery,1,
2023,733173,JAC,HOT CORNER MEAT MARKET,HOT CORNER MEAT MARKET INC,205,EAST 167TH STREET,10456,1800,1800.0,0,1800.0,specialty,1,
2023,739539,JAC,PRUKO MARKET,SANTO P RUIZ LARA,672,E 180TH ST,10457,200,200.0,0,200.0,other grocery,1,
2023,736854,JAC,UNION DELI & GROCERY NY,UNION DELI & GROCERY NY CORP,805,E 163RD STREET,10456,2000,2000.0,0,2000.0,convenience or deli,1,
2023,717528,JAC,SUSANS GREEN GREEN MARK,SUSANS GREEN GREEN GREEN MARKET I,3002,BUHRE AVE,10461,2000,2000.0,0,2000.0,other grocery,1,
2023,737420,JAC,BRONX GOURMET DELI,BRONX GOURMET DELI CORP,1680,CLAY AVE,10457,240,240.0,0,240.0,convenience or deli,1,
2023,607152,JABC,EATWELL BAKERY&RESTRNT,EATWELL BAKERY&RESTAURANT INC,1658,CASTLE HILL AVE,10462,1800,1800.0,0,1800.0,specialty,1,
2023,742708,JAC,JEFFERY DELI GROCERY,JEFFERY DELI GROCERY INC,2149,VALENTINE AVENUE,10457,1500,1500.0,0,1500.0,convenience or deli,1,
2023,601880,JADX,ROBT T COCHRAN&CO,ROBT T COCHRAN&CO INC,,UNT 408-412 NYC TERMINAL MKT,10474,0,,0,,,0,"warehouse, wholesale or plant license"
2023,606220,JAC,PIONEER SUPERMARKET,CRUZ MEAT CORP,2262,JEROME AVE,10453,5000,5000.0,0,5000.0,supermarket,1,
2023,753279,JAC,BAKAMO DUKUREH,BAHAWAYA DISCOUNT MARKET INC,456,E TREMONT AVE,10457,2000,2000.0,0,2000.0,other grocery,1,
2023,608872,JAC,PAULINO DELI GROCERY,PAULINO DELI GROCERY INC,798,HUNTS PT AVE,10474,1100,1100.0,0,1100.0,convenience or deli,1,
2023,717180,A,SAMADAN DELI GROCERY,SAMADAN DELI GROCERY INC,1760,WESTCHESTER AVE,10472,0,,1,1000.0,convenience or deli,1,
2023,741390,JAC,ANTILLANA SUPERFOOD MAR,2285 GROCERY & FOOD CORP/ANTILLAN,2285,GRAND CONCOURSE,10453,7000,7000.0,0,7000.0,supermarket,1,
2023,748556,JAC,AAA DISCOUNT,AAA DISCOUNT INC,1398,GRAND CONCOURSE,10456,0,,0,,,0,general merchandise or dollar store
2023,608127,JAC,ELDER AVE #2 GROCERY,ELDER AVE #2 GROCERY CORP,1206,ELDER AVE,10472,1500,1500.0,0,1500.0,convenience or deli,1,
2023,753621,JAC,LACONIA DELI GROCERY,LACONIA DELI GROCERY CORP,3952,LACONIA AVE,10466,0,,1,1000.0,convenience or deli,1,
2023,608944,JAC,58 BURNSIDE FOOD,58 BURNSIDE FOOD CORP,58-60,W BURNSIDE AVE,10453,2700,2700.0,0,2700.0,other grocery,1,
2023,725369,JAC,ROYAL DELI,ROYAL DELI INC,980,INTERVALE AVE,10459,0,,1,1000.0,convenience or deli,1,
2023,737828,JAC,MELROSE DELI & GROCERY,MELROSE DELI AND GROCERY CORP,769,MELROSE AVE,10451,0,,1,1000.0,convenience or deli,1,
2023,603223,JAC,C TOWN,CHARISSE&CHRISTINE ENT LTD,1750,UNIVERSITY AVE,10453,10000,10000.0,0,10000.0,supermarket,1,
2023,755872,JAC,MORRIS PARK DELI &GROCE,MORRIS PARK DELI &GROCERY CORP,803,MORRIS PARK AVE,10462,900,900.0,0,900.0,convenience or deli,1,
2023,710091,JACDE,THE BRONX BREWERY,BRONX BREWERY LLC THE,856,E 136TH ST,10454,0,,0,,,0,"warehouse, wholesale or plant license"
2023,744076,JAC,HOME FRESH BAKERY,HOME FRESH BAKERY INC,800,E 182ND ST.,10460,0,,1,1200.0,specialty,1,
2023,755178,JAC,COLUMBIA CONVENIENCE MA,COLUMBIA CONVENIENCE MART CORP,2207,JEROME AVE,10453,1200,1200.0,0,1200.0,convenience or deli,1,
2023,730652,JAC,RICHARD VEGETABLES AND,RICHARD VEGETABLES AND FRUITS COR,493,BROOK AVENUE,10455,0,,1,1200.0,specialty,1,
2023,734877,A,WALGREENS #19458,WALGREEN EASTERN CO INC,2158,WHITE PLAINS RD,10462,7000,7000.0,0,,,0,pharmacy
2023,604316,JAC,MERCY GAS,MERCY GAS INC,4220,BRONX BLVD,10466,500,500.0,0,,,0,gas station
2023,744718,A,LUCKY SPOT CONVENIENCE,LUCKY SPOT CONVENIENCE CORP,3401,JEROME AVE,10467,0,,1,1000.0,convenience or deli,1,
2023,718908,JAC,J & E DELI GROCERY,7 H GROUP INC.,3321,3RD AVENUE,10456,0,,1,1000.0,convenience or deli,1,
2023,735052,JAC,EXTRA JUMBO MARKET PLAC,ALRA CORP,1384,NELSON AVENUE,10452,25000,25000.0,0,25000.0,supermarket,1,
2023,721266,JAC,COB DELI & GROCERY,COB DELI & GROCERY INC,2616,JEROME AVE,10468,1100,1100.0,0,1100.0,convenience or deli,1,
2023,754842,JAC,B&B FOOD AND FRIED CHIC,B&B FOOD AND FRIED CHICKEN INC,755,WHITE PLAINS RD,10473,1400,1400.0,0,1400.0,other grocery,1,
2023,749183,JAC,JJ SOUTHERN FARM FRUIT,S WON PROVISIONS INC,1046,SOUTHERN BLVD,10459,1600,1600.0,0,1600.0,specialty,1,
2023,607793,JAC,EAST TREMONT DELI GRCY,EAST TREMONT DELI GROCERY 1 INC,660,E TREMONT AVE,10457,1100,1100.0,0,1100.0,convenience or deli,1,
2023,605358,JAC,SPANISH AMERICAN GRCY,SENCION VILLEGAS MORALES,655,BURKE AVE #1,10467,1000,1000.0,0,1000.0,other grocery,1,
2023,753575,A,NEW KINGS FINEST,NEW KINGS FINEST INC,25,E GUN HILL ROAD,10467,0,,1,1200.0,other grocery,1,
2023,748331,JAC,DAYLAN DELI,DAYLAN DELI CORP,100,WEST 168TH ST,10452,0,,1,1000.0,convenience or deli,1,
2023,602221,JAZ,BOIANO FOODS,BOIANO FOODS INC,2344,ARTHUR AVE RETAIL MKT,10458,200,200.0,0,200.0,other grocery,1,
2023,606469,JAC,NEW MORRIS DELI GROCERY,NEW MORRIS DELI GROCERY INC,744,MORRIS PARK AVE,10462,1600,1600.0,0,1600.0,convenience or deli,1,
2023,726154,JAC,NICKS EUROPEAN MARKET,NICKS EUROPEAN MARKET INC,2137A,WILLIAMSBRIDGE RD,10461,1000,1000.0,0,1000.0,other grocery,1,
2023,721818,JAC,FLIPPER DELI & GROCERY,FLIPPER DELI & GROCERY INC,3967,LACONIA AVENUE,10466,800,800.0,0,800.0,convenience or deli,1,
2023,749205,JAC,K & C FRUIT & VEGETABLE,ROON INC,4026,WHITE PLAINS RD,10466,0,,1,1200.0,specialty,1,
2023,717541,JAC,O AND V DELI GROCERY,O AND V DELI GROCERY CORP,1397,FRANKLIN AVE 1ST FLOOR,10456,12000,12000.0,0,12000.0,convenience or deli,1,
2023,752640,A,MELROSE CORNER,MELROSE CORNER INC,406,E 161 STREET,10451,0,,1,1200.0,other grocery,1,
2023,607336,A,FAMILY DOLLAR STORE #26,FAMILY DOLLAR STORES OF NY INC,1315,BOSTON RD,10456,3000,3000.0,0,,,0,general merchandise or dollar store
2023,608434,A,WEBSTER BARGAIN,WEBSTER BARGAIN INC,1971,WEBSTER AVE,10457,6500,6500.0,0,,,0,general merchandise or dollar store
2023,714261,JAC,NEW BEST DELI,NEW BEST DELI CORP,73,WESTCHESTER SQ,10461,1100,1100.0,0,1100.0,convenience or deli,1,
2023,608555,A,DOLLAR HEAVEN & DISCOUT,DOLLAR HEAVEN & DISCOUNT STORE IN,1657,METROPOLITAN AVE,10462,4500,4500.0,0,,,0,general merchandise or dollar store
2023,707170,JAC,ALDUS 99 CENTS DISCOUNT,ALDUS 99 CENT DISCOUNT STORE CORP,951,HOE AVE,10459,0,,0,,,0,general merchandise or dollar store
2023,753117,JAC,LA FLOTA #1 DELI GROCER,LA FLOTA #1 DELI GROCERY CORP,663,MELROSE AVENUE,10455,0,,1,1000.0,convenience or deli,1,
2023,754197,JAC,HABANA 1957 FOOD HOUSE,ALEY LUISA LLC,1865,EAST TREMONT AVENUE,10460,900,900.0,0,900.0,other grocery,1,
2023,604863,A,WALGREENS 5074,WALGREEN EASTERN CO INC,55,WESTCHESTER SQ,10461,3500,3500.0,0,,,0,pharmacy
2023,749945,JAC,BP,1930 BARTOW AVE PETROLEUM LLC,1930,BARTOW AVE,10469,1500,1500.0,0,,,0,gas station
2023,731661,A,BARGAIN CENTER,BARGAIN CENTER INC,600,EAST 138TH STREET,10454,0,,0,,,0,general merchandise or dollar store
2023,747802,JAC,FLOYD DELI,FLOYD DELI CORP,2260,WASHINGTON AVE,10457,400,400.0,0,400.0,convenience or deli,1,
2023,743771,JAC,ADAB FOODS,ADAB FOODS LLC,3861,WHITE PLAINS RD,10467,2000,2000.0,0,2000.0,other grocery,1,
2023,743090,JAC,930-CLARIBEL DELI,930-CLARIBEL DELI INC,6665,BROADWAY,10471,1000,1000.0,0,1000.0,convenience or deli,1,
2023,732280,JAC,FOREST DELI NY,FOREST DELI NY CORP,782,E163RD STREET,10456,1500,1500.0,0,1500.0,convenience or deli,1,
2023,746903,JAC,R&D GOURMET DELI,R&D GOURMET DELI INC,920,E TREMONT AVENUE,10460,1100,1100.0,0,1100.0,convenience or deli,1,
2023,723511,A,ES CANDY GROCERY,ES CANDY GROCERY CORP,641,COURTLANDT AVE,10451,700,700.0,0,700.0,convenience or deli,1,
2023,752801,JAC,COMMUNITY DELI GROCERY,COMMUNITY DELI GROCERY 1 INC,951,EAST 180TH STREET,10460,1500,1500.0,0,1500.0,convenience or deli,1,
2023,605536,JAC,PRODUCTOS CENTROAMERICA,PRODUCTOS CENTROAMERICANOS CORP,800,E 149TH STREET,10455,1000,1000.0,0,1000.0,other grocery,1,
2023,751569,JAC,NEW SPRING DELI,NEW SPRING DELI CORP,651,EAST 187TH STREET,10458,0,,1,1000.0,convenience or deli,1,
2023,726484,JAC,ADUM AFRICAN MARKET,ADUM AFRICAN MARKET INC,261,EAST 167TH STREET,10456,4000,4000.0,0,4000.0,other grocery,1,
2023,606652,JAC,LA REYNA MINI MARKET,LA REYNA MINI MARKET CORP,3224,YATES AVE,10469,1100,1100.0,0,1100.0,convenience or deli,1,
2023,705001,JAC,NEW PRINCE GROCERY & CA,NEW PRINCE GROCERY & CANDY STORE,131,WEST KINGSBRIDGE  RD,10468,900,900.0,0,900.0,convenience or deli,1,
2023,729370,JABC,NEIGHBORHOOD BAKERY,SANDG BAKING INC,909,E 135TH STREET,10454,850,850.0,0,850.0,specialty,1,
2023,601211,JAC,MT CARMEL GOURMET FOOD,MOUNT CARMEL GOURMET FOOD INC,2344,ARTHUR AVE,10458,200,200.0,0,200.0,other grocery,1,
2023,709830,JACH,KENKEY HUT,KANESHIE KENKEY HUT INC,2427-11,WEBSTER AVE,10458,500,500.0,0,,,0,"warehouse, wholesale or plant license"
2023,739600,JAC,1088 GOURMET DELI,1088 GOURMET DELI CORP,1088,WASHINGTON AVE,10456,0,,1,1000.0,convenience or deli,1,
2023,720551,JAC,NEILL GOURMET DELI,NEILL GOURMET DELI LLC,1074,NEILL AVE,10461,1000,1000.0,0,1000.0,convenience or deli,1,
2023,747132,JAC,BLUESTAR DELI,BLUESTAR DELI CORP,1616,BRUCKNER BLVD,10473,1500,1500.0,0,1500.0,convenience or deli,1,
2023,743262,JAC,CONTE PARK DELI GROCERY,CONFE PARK DELI GROCERY CORP,4666,PARK AVE,10458,1000,1000.0,0,1000.0,convenience or deli,1,
2023,718374,JAC,ADEN 1 DELI GROCERY,ADEN 1 DELI GROCERY CORP,3060,EASTCHESTER RD,10469,0,,1,1000.0,convenience or deli,1,
2023,603491,A,BATTAMBANG MARKET 2,TEK VANSY,229,E KINGSBRIDGE RD,10458,1200,1200.0,0,1200.0,other grocery,1,
2023,719777,JAC,MORONTAS SUPERMARKET,MORONTAS SUPERMARKET CORP,3294,HULL AVE,10467,1300,1300.0,0,1300.0,supermarket,1,
2023,756105,JAC,NEW STAR DELI AND FOOD,NEW STAR DELI AND FOOD CORP,45,RICHMAN PLZ,10453,0,,1,1000.0,convenience or deli,1,
2023,745875,A,W CONVENIENCE STORE,W CONVENIENCE STORE LLC,2381,WESTCHESTER AVE,10461,800,800.0,0,800.0,convenience or deli,1,
2023,601227,JAC,CASADO DELI GROCERY STR,672 E 138TH STREET FOOD CORP,672,E 138TH ST,10454,1500,1500.0,0,1500.0,convenience or deli,1,
2023,742189,A,P & J DISCOUNT STORE,P & J DISCOUNT STORE INC,900,E. TREMONT AVE.,10460,3000,3000.0,0,,,0,general merchandise or dollar store
2023,755352,JAC,ABES GOURMET DELI,ABES GOURMET DELI CORP,1741,EAST 172ND STREET,10472,0,,1,1000.0,convenience or deli,1,
2023,703145,JAC,FOOD DINASTY SUPERMKT,24 WEST FOOD CORP,24-30,WEST FORDHAM ROAD,10468,5000,5000.0,0,5000.0,supermarket,1,
2023,730702,JAC,T&G FINEST DELI&GROCERY,T&G FINEST DELI&GROCERY INC,3211,PHILLIP AVE,10465,3000,3000.0,0,3000.0,convenience or deli,1,
2023,751846,JAC,RAMS DELI & PIZZA,RAMS DELI & PIZZA INC,574,E FORDHAM RD,10458,0,,1,1000.0,convenience or deli,1,
2023,736782,JAC,FRESH MEATS ON WEBSTER,LEAN & FRESH CUTS LLC,1385,WEBSTER AVENUE,10456,2070,2070.0,0,2070.0,specialty,1,
2023,746939,A,99 CENTS PARK PLUS,99 CENTS PARK PLUS INC,24,E BEDFORD PARK BLVD,10468,1300,1300.0,0,,,0,general merchandise or dollar store
2023,606820,A,FAMILY DOLLAR #7270,FAMILY DOLLAR STORES OF NY INC,2863,WEBSTER AVE,10458,3000,3000.0,0,,,0,general merchandise or dollar store
2023,742727,A,BARRY GROCERY,BARRY GROCERY LLC,1167,CASTLE HILL AVENUE,10462,0,,1,1000.0,convenience or deli,1,
2023,606808,JAC,SAYES DELI GROCERY,SAYES DELI GROCERY CORP,1309,W FARMS RD,10459,1000,1000.0,0,1000.0,convenience or deli,1,
2023,733389,JAC,EMPINE DELI GROCERY,EMPIRE  DELI GROCERY INC,511,EAST 138TH STREET,10454,1000,1000.0,0,1000.0,convenience or deli,1,
2023,706409,JAC,CLAREMONT PARK DELI GRO,CLAREMONT PARK DELI GROCERY CORP,1570,WEBSTER AVENUE STORE 1,10457,2500,2500.0,0,2500.0,convenience or deli,1,
2023,728684,JAC,SAM CONVENIENCE DELI GR,SAM CONVENIENCE DELI GROCERY CORP,180,E 174TH ST,10457,900,900.0,0,900.0,convenience or deli,1,
2023,748550,JAC,S&A 99 CENTS PLUS,S&A 99 CENTS PLUS CORP,248,W 231ST STREET,10463,0,,0,,,0,general merchandise or dollar store
2023,754503,JAC,FROZEN DELI & GROCERY,FROZEN DELI & GROCERY INC,79,EAST BURNSIDE AVENUE,10453,2000,2000.0,0,2000.0,convenience or deli,1,
2023,608800,JAC,CACAO DELI GROCERY,CACAO DELI GROCERY CORP,918,FAILE ST #1,10474,1200,1200.0,0,1200.0,convenience or deli,1,
2023,609456,A,PARKCHESTER CONVENIENCE,PARKCHESTER CONVENIENCE STORE INC,2001,WESTCHESTER AVE #F,10462,1200,1200.0,0,1200.0,convenience or deli,1,
2023,737467,JAC,VEREDA MEXICAN DELI,VEREDA MEXICAN DELI INC,656,COURTLANDT AVE,10451,0,,1,1000.0,convenience or deli,1,
2023,746886,JAC,FOOD UNIVERSE MARKET PL,MIANDAV FOOD CORP,1187,JEROME AVENUE,10452,8000,8000.0,0,8000.0,supermarket,1,
2023,748313,JAC,LIZZIE'S SUPERMARKET,LAYTON AVENUE FOOD CORP,3201,LAYTON AVENUE,10465,3000,3000.0,0,3000.0,supermarket,1,
2023,741851,JABK,VALENCIA BAKERY,MADRID BAKERY LLC,801,EDGEWATER RD,10474,5000,5000.0,0,5000.0,specialty,1,
2023,732136,JAC,COURTLANDT DELI,COURTLANDT DELI CORP,714,COURTLANDT AVENUE,10451,0,,1,1000.0,convenience or deli,1,
2023,737762,JAC,DAR ALHAJR MARKETS,DAR ALHAJR MARKETS LTD,666,MORRIS PARK AVE,10462,1600,1600.0,0,1600.0,other grocery,1,
2023,737166,JAC,AMAYA GREEN DELI,AMAYA GREEN DELI CORP,219,EAST BURNSIDE AVE,10457,450,450.0,0,450.0,convenience or deli,1,
2023,740840,JAC,EAST BURNSIDE KING DELI,EAST BURNSIDE KING DELI INC,2,E BURNSIDE AVE,10453,0,,1,1000.0,convenience or deli,1,
2023,751375,JAC,J & D NUTRITION,J & D NUTRITION CORP,1601,WILLIAMSBRIDGE RD,10461,800,800.0,0,800.0,other grocery,1,
2023,706134,A,DOLLAR TREE  #5004,DOLLAR TREE STORES INC,4225,WHITE PLAINS RD,10466,8000,8000.0,0,,,0,general merchandise or dollar store
2023,609135,JAC,3052 VALENTINE GROCERY,3052 VALENTINE GROCERY CORP,3052,VALENTINE AVE,10458,500,500.0,0,500.0,convenience or deli,1,
2023,745892,A,GRAB & GO PLAZA,GRAB & GO PLAZA CORP,2810,3RD AVE,10455,1000,1000.0,0,1000.0,other grocery,1,
2023,601943,JAC,A1 GROCERY STOP,A1 GROCERY STOP INC,3124,E TREMONT AVE,10461,1200,1200.0,0,1200.0,convenience or deli,1,
2023,607876,JAC,NONGSA FRUIT & VEG MKT,NONGSA CORP,14,W 183RD ST,10453,1200,1200.0,0,1200.0,specialty,1,
2023,708150,A,CX TREMONT DISCOUNT,CX TREMONT DISCOUNT INC,815,E TREMONT AVE,10460,0,,0,,,0,general merchandise or dollar store
2023,604230,JACHK,COSENZAS FISH MARKET,JJC FISH MARKET INC,2354,ARTHUR AVE,10458,800,800.0,0,,,0,"warehouse, wholesale or plant license"
2023,715599,JAC,CONCOURSE GOURMET,SAL 845 INC,845,CONCOURSE VILLAGE WEST,10451,1600,1600.0,0,1600.0,other grocery,1,
2023,725574,A,A & M 145 CONVENIENT,A & M 145 CONVENIENT INC,145,E 149TH STREET,10451,900,900.0,0,900.0,other grocery,1,
2023,740982,A,MIKE DELI & GROCERY,MIKE DELI & GROCERY CORP,202,W FORDHAM RD,10468,300,300.0,0,300.0,convenience or deli,1,
2023,607763,A,99 CENTS VALUE,A Z  DISCOUNT INC,3251,3RD AVE,10456,2000,2000.0,0,,,0,general merchandise or dollar store
2023,744765,JAC,AMAZON FRESH-UNY2 (3/22,PRIME NOW LLC,1080,LEGGETT AVE,10474,0,,0,,,0,"online, wholesale or warehouse"
2023,717671,JAC,ISSOWAZENA AFRICAN MARK,AGBANDJALA RABIETOU,1158,SOUTHERN BLVD,10459,1200,1200.0,0,1200.0,other grocery,1,
2023,743856,JAC,ZAKS SNACKS,ZAKS SNACKS CORP,1447,WEBSTER AVE,10456,1000,1000.0,0,1000.0,other grocery,1,
2023,742993,JAC,LSW SEAFOOD,LSW 245 CORPORATION,283,E 204TH STREET,10467,200,200.0,0,200.0,specialty,1,
2023,730930,JAC,HIZAM HABIBI DELI GROC,HIZAM HABIBI DELI GROCERY INC,576,EAST 187TH STREET,10458,0,,1,1000.0,convenience or deli,1,
2023,719799,JAC,REYES DELI GROCERY,REYES DELI GROCERY CORP,676,CASTLE HILL AVE,10473,1200,1200.0,0,1200.0,convenience or deli,1,
2023,743037,JAC,ALEX DELI GROCERY,ALEX DELI GROCERY CORP,1278,MORRISON AVE,10472,1800,1800.0,0,1800.0,convenience or deli,1,
2023,755971,JAC,ALLERTON MARKET,ALLERTON MARKET LLC,766,ALLERTON AVE,10467,0,,1,1200.0,other grocery,1,
2023,743369,JAC,BOSTON FISH MARKET,BOSTON FISH MARKET CORP,3717,BOSTON ROAD,10466,700,700.0,0,700.0,specialty,1,
2023,717459,JAC,J-MARKET,JEREMY'S GROCERY INC,1260,MORRISON AVE,10472,0,,1,1200.0,other grocery,1,
2023,708782,JAC,CCAM DELI GROCERY,CCAM DELI GROCERY CORP,798,E 170TH ST,10459,1000,1000.0,0,1000.0,convenience or deli,1,
2023,600493,A,GENERAL NUTRITION 3057,GENERAL NUTRITION CORP,5625,BROADWAY&232ND ST,10463,2000,2000.0,0,,,0,food service or non-food retail
2023,737792,JAC,AL BARAKAH YUMMY MUHAMS,BAH FATOUMATA,50,EAST 168TH STREET,10452,0,,1,1200.0,other grocery,1,
2023,722910,JAC,TAVAREZ DELI GROCERY,TAVAREZ DELI GROCERY CORP,620,E 188TH STREET,10458,1200,1200.0,0,1200.0,convenience or deli,1,
2023,702655,JAC,K & L FRUIT & VEGETABLE,K & L FRUIT & VEGETABLE CORP,558,MORRIS AVE,10451,2000,2000.0,0,2000.0,specialty,1,
2023,715546,JAC,SP BRONX,SP BRONX INC,104,E BURNSIDE AVE,10453,1800,1800.0,0,1800.0,other grocery,1,
2023,603933,JABC,FINE FARE SUPERMARKET,GREEN FOREST FOOD CORP,1136,OGDEN AVE,10452,20000,20000.0,0,20000.0,supermarket,1,
2023,735274,JAC,LOS TRES AMIGOS DELI &,LOS TRES AMIGOS DELI & GROCERY CO,751,ALLERTON AVENUE,10467,1100,1100.0,0,1100.0,convenience or deli,1,
2023,600701,JAC,L&V FOOD CENTER,2676 MORRIS FOOD CORP,2676,MORRIS AVE,10468,1500,1500.0,0,1500.0,other grocery,1,
2023,754094,JAC,OZONO DELI GROCERY,OZONO DELI GROCERY CORP,430,E 138TH STREET,10454,1000,1000.0,0,1000.0,convenience or deli,1,
2023,605957,JAC,12E 196TH STREET FOOD,12E 196TH STREET FOOD INC,12E,196TH ST,10468,1800,1800.0,0,1800.0,other grocery,1,
2023,608898,JAC,LA NUEVA FAMOSA GROCERY,LA GRAN FAMOSA FOOD MARKET CORP,1704,GRAND AVE,10453,3000,3000.0,0,3000.0,convenience or deli,1,
2023,721145,A,FAMILY DOLLAR STORE #31,FAMILY DOLLAR STORES OF NY INC,475,SOUTHERN BLVD,10455,0,,0,,,0,general merchandise or dollar store
2023,747428,JAC,EASTCHESTER GOURMET DEL,EASTCHESTER GOURMET DELI INC,3001,EASTCHESTER ROAD,10469,0,,1,1200.0,other grocery,1,
2023,741631,JAC,LA BODEGA DE LA CHAMA D,LA BODEGA DE LA CHAMA DELI CORP,1160,BOYNTON AVE,10472,0,,1,1000.0,convenience or deli,1,
2023,722574,A,EZ SHOP OF BRONX,EZ SHOP OF BRONX INC,18,W KINGSBRIDGE ROAD,10468,4000,4000.0,0,4000.0,other grocery,1,
2023,606782,JABCK,CAKE MASTERS,CAKE MASTERS LTD,1212,BROOK AVE,10456,3500,3500.0,0,3500.0,specialty,1,
2023,752118,JAC,ALEX'S MARKET,LOJA GROCERY LLC,2639,JEROME AVE,10468,1600,1600.0,0,1600.0,other grocery,1,
2023,600307,A,WALGREENS 1013,WALGREEN EASTERN CO INC,5564,BROADWAY,10463,20000,20000.0,0,,,0,pharmacy
2023,603248,JAC,EDDIES DELI,ATE DELI INC,3165,BAINBRIDGE AVE,10467,1200,1200.0,0,1200.0,convenience or deli,1,
2023,720879,JAC,DYLAN SUPER BODEQUITA D,DYLAN SUPER BODEGUITA DELI GROCER,1152,OGDEN AVENUE,10452,1200,1200.0,0,1200.0,other grocery,1,
2023,749781,JAC,WESTCHESTER GROCERY,WESTCHESTER GROCERY CORP,987,WESTCHESTER AVE,10459,1300,1300.0,0,1300.0,convenience or deli,1,
2023,745822,A,N-DEEN DELI,N-DEEN DELI CORP,621,E 169TH ST,10456,1000,1000.0,0,1000.0,convenience or deli,1,
2023,601535,JAC,FOOD DYNASTY SUPERMARKE,48 BURNSIDE FOOD CORP,40-48,W BURNSIDE AVE,10453,15000,15000.0,0,15000.0,supermarket,1,
2023,751020,JAC,B DELI GROCERY PLUS,B DELI GROCERY PLUS INC THE,1738,E GUN HILL RD,10469,0,,1,1000.0,convenience or deli,1,
2023,742074,A,B & R CANDY GROCERY,B & R CANDY GROCERY CORP,4700,B WHITEPLAINS RD,10470,700,700.0,0,700.0,convenience or deli,1,
2023,731523,JABC,TULCINGO BAKERY,LA CHILANGUITA MEXICAN FOOD CORP,3421,JEROME AVE,10467,1200,1200.0,0,1200.0,specialty,1,
2023,750272,JAC,4040 DELI & GROCERY,4040 DELI & GROCERY INC,975,E 167TH ST,10459,0,,1,1000.0,convenience or deli,1,
2023,705986,JAC,MT EDEN GROCERY,MT EDEN GROCERY CORP,5,EAST MT EDEN AVE,10452,1200,1200.0,0,1200.0,convenience or deli,1,
2023,727424,A,ELLIOT DELI AND GROCERY,ELLIOT DELI AND GROCERY CORP,45,ELLIOT PL,10452,1000,1000.0,0,1000.0,convenience or deli,1,
2023,748247,JACK,FRESHLY MADE,CARMENLAND LLC,1341,GARRISON AVENUE,10474,0,,1,1200.0,other grocery,1,
2023,704371,JAC,EL GUANO DELI GROCERY,EL GUANO DELI GROCERY LLC,81,W 162ND STREET,10452,1800,1800.0,0,1800.0,convenience or deli,1,
2023,754609,JAC,DOLLY DELI,DOLLY DELI CORP,2001,SOUTHERN BLVD,10460,900,900.0,0,900.0,convenience or deli,1,
2023,604124,JAC,TWIN MOUNT SERVICE,TWIN MOUNT SERVICE STATION INC,3333,E TREMONT AVE,10461,800,800.0,0,800.0,other grocery,1,
2023,608515,A,PEGGYS STATIONERY,PEGGYS STATIONERY LLC,2216,WHITE PLAINS RD,10467,1000,1000.0,0,1000.0,other grocery,1,
2023,718974,JAC,A & G DELI GROCERY II,A&G DELI GROCERY II CORP,976,PROSPECT AVE,10459,0,,1,1000.0,convenience or deli,1,
2023,730975,JAC,EL MANDO DELI,EL MANDO DELI INC,611,GRAND CONCOURSE,10451,0,,1,1000.0,convenience or deli,1,
2023,740303,JAC,MONTHER FOOD MART AND D,MONTHER FOOD MART AND DELI CORP,1078,E 165TH STREET,10459,1200,1200.0,0,1200.0,convenience or deli,1,
2023,738717,JAC,MO & HAMZA DELI,MO & HAMZA DELI CORP,976,LONGWOOD AVE,10459,1000,1000.0,0,1000.0,convenience or deli,1,
2023,604944,A,R K M CARD AND GIFTS,R K M LLC,620,CASTLE HILL AVE,10473,600,600.0,0,600.0,other grocery,1,
2023,747893,JAC,NEW FORDHAM FOOD PLAZA,NEW FORDHAM FOOD PLAZA 1 CORP,2487,CRESTON AVE,10468,1200,1200.0,0,1200.0,supermarket,1,
2023,742713,JAC,BESA MEAT AND GROCERY,BESA MEAT AND GROCERY INC,2902,MIDDLETOWN ROAD,10461,720,720.0,0,720.0,convenience or deli,1,
2023,729609,A,M&S CONVENIENCE SHOP,M&S CONVENIENCE SHOP CORP,1549,WATSON AVE,10472,600,600.0,0,600.0,convenience or deli,1,
2023,717253,JAC,CAMILLA GROCERY STORE,CAMILLA GROCERY STORE INC,1665,BOSTON RD.,10460,1200,1200.0,0,1200.0,convenience or deli,1,
2023,739416,JAC,BRONX GOURMET,BRONX GOURMET LTD,760,E. TREMONT AVENUE,10460,0,,1,1200.0,other grocery,1,
2023,737188,A,LUCKY CANDY & GROCERY,LUCKY CANDY & GROCERY CORP,918,FREEMAN STREET,10459,0,,1,1000.0,convenience or deli,1,
2023,736560,A,JOSHUA CONVENIENCE,JOSHUA CONVENIENCE CORP,85,W FORDHAM RD STE 12,10468,300,300.0,0,300.0,convenience or deli,1,
2023,744418,JAC,RICHARDS DELI GROCERY,RICHARDS DELI GROCERY &MEX PRODUC,1356,JEROME AVE.,10452,0,,1,1000.0,convenience or deli,1,
2023,715100,JAC,CITY BEST DELI GROCERY,THE CITYS BEST DELI GROCERY CORP,1660,SOUTERN BLVD,10460,1200,1200.0,0,1200.0,convenience or deli,1,
2023,753794,JAC,COMPARE FRESH,125 MAIN ESSENTIALS FOOD CORP,125,W KINGSBRIDGE RD. STORE 4&5,10468,0,,1,1200.0,other grocery,1,
2023,605830,JAC,REEMYS DELI&CONVENIENCE,ABDULKADER RASHAD A & WADAH A,1669,METROPOLITAN AVE,10462,1000,1000.0,0,1000.0,convenience or deli,1,
2023,605400,JAC,C TOWN,FAMA FOOD CORP,2276,CRESTON AVE,10453,5000,5000.0,0,5000.0,supermarket,1,
2023,735944,JAC,2272 WEBSTER DELI GROCE,2272 WEBSTER DELI GROCERY CORP,2272,WEBSTER AVE,10457,1000,1000.0,0,1000.0,convenience or deli,1,
2023,736841,A,WALGREENS #17604,WALGREEN EASTERN CO INC,541,W 235TH ST,10463,0,,0,,,0,pharmacy
2023,747346,JAC,R & E DELI GROCERY,R & E DELI GROCERY LLC,2773,A WEBSTER AVENUE,10458,100,100.0,0,100.0,convenience or deli,1,
2023,705781,JAC,ROYAL ONE STOP SUPERMAR,ROYAL ONE STOP SUPERMARKET CORP,1230A,JEROME AVE,10452,2500,2500.0,0,2500.0,other grocery,1,
2023,741641,JAC,AD&M SUPERMARKET,AD&M SUPERMARKET CORP,210,SOUNDVIEW AVENUE,10473,2800,2800.0,0,2800.0,supermarket,1,
2023,606987,JAC,DIA DELI GROCERY,DIA DELI GROCERY CORP,1155,E TREMONT AVE,10460,1000,1000.0,0,1000.0,convenience or deli,1,
2023,709429,JAC,ZAM ZAM HALAL GROCERY,WORLD GROCERY INC,229,E KINGSBRIDGE RD,10458,1500,1500.0,0,1500.0,convenience or deli,1,
2023,752684,JAC,192 DELI GROCERY,192 DELI GROCERY CORP,2587,JEROME AVE,10468,0,,1,1000.0,convenience or deli,1,
2023,731590,JAC,MORRIS PARK DELI FOOD C,MORRIS PARK DELI FOOD CENTER INC,1185,LEBANON STREET,10460,1000,1000.0,0,1000.0,convenience or deli,1,
2023,719016,JAC,REEMYS DELI & GRILL,REEMYS INC,1524,UNIONPORT RD,10462,1500,1500.0,0,1500.0,convenience or deli,1,
2023,707987,A,MKX 99 CENTS&UP,MKX 99 CENTS&UP INC,736,EAST TREMONT AVE,10457,0,,0,,,0,general merchandise or dollar store
2023,710953,JAC,LUCKY CORNER GROCERY,"SHAIBI,YASEEN A & SHAIBI, TAHA A",793,LYDIG AVE,10462,800,800.0,0,800.0,convenience or deli,1,
2023,736219,A,JEROME VARIETY STORE,JEROME VARIETY STORE CORP,3404,JEROME AVE,10467,800,800.0,0,,,0,general merchandise or dollar store
2023,749190,A,BEYOND SNACKS,BEYOND SNACKS INC,575,E 161ST STREET,10456,0,,1,1200.0,other grocery,1,
2023,753540,JAC,FRANKIES FREE RANGE MEA,FRANKIES FREE RANGE MEATS LLC,1443,FERRIS PLACE,10461,3000,3000.0,0,3000.0,other grocery,1,
2023,735600,JAC,A&K DELI GROCERY,A&K DELI GROCERY CORP,788,E 163RD STREET,10456,900,900.0,0,900.0,convenience or deli,1,
2023,708261,JABC,TACO GRANDE,ROJAS FELIX,1257,SAINT LAWRENCE AVE,10472,800,800.0,0,800.0,other grocery,1,
2023,744139,JAC,ISSOWAZENA AFRICAN MARK,ISSOWAZENA AFRICAN MARKET LLC,1458,BOSTON RD,10460,1000,1000.0,0,1000.0,other grocery,1,
2023,603265,JAC,PINKY QUICK STOP,PINKY QUICK STOP INC,2934,WILKINSON AVE,10461,685,685.0,0,685.0,other grocery,1,
2023,745371,A,SSS M DELI & GROCERY,SSS M DELI & GROCERY CORP,2351,WASHINGTON AVE,10458,1000,1000.0,0,1000.0,convenience or deli,1,
2023,749416,JAC,1901 SAFEWAY GOURMET DE,1901 SAFEWAY GOURMET DELI CORP,1901,STORY AVE,10473,0,,1,1200.0,other grocery,1,
2023,729276,JAC,THE BEST BEACH GROCERY,THE BEST BEACH GROCERY & DELI COR,1461,BEACH AVE,10460,1300,1300.0,0,1300.0,convenience or deli,1,
2023,726967,JAC,COURTSIDE GOURMET,COURTSIDE GOURMET CORP,906,MORRIS AVE,10451,1100,1100.0,0,1100.0,other grocery,1,
2023,754288,JAC,EL MECIA GROCERY,EL MECIA GROCERY CORP,1299,SAINT LAWRENCE AVENUE,10472,2000,2000.0,0,2000.0,convenience or deli,1,
2023,749583,JAC,GREEN DELI MARKETPLACE,GREEN DELI MARKETPLACE INC,2254,E TREMONT AVENUE,10462,600,600.0,0,600.0,supermarket,1,
2023,745191,JAC,3960 GRAB & GO,3960 GRAB AND GO CORP,3960,WHITE PLAINS RD,10466,1000,1000.0,0,1000.0,other grocery,1,
2023,742388,A,PIT STOP GROCERY,PIT STOP GROCERY INC,3473,BOSTON ROAD,10469,950,950.0,0,950.0,convenience or deli,1,
2023,730106,JAC,CONVENIENT DELI GROCERY,CONVENIENT DELI GROCERY CORP,942,EAST 179TH ST,10460,600,600.0,0,600.0,convenience or deli,1,
2023,724557,JAC,SABOR LATINO DELI SUPER,SABOR LATINO DELI SUPERMARKET COR,1000,LONGWOOD AVENUE,10459,2000,2000.0,0,2000.0,convenience or deli,1,
2023,608788,A,LEROY PHARMACY,AVS PHARMACY INC,314,E 204TH ST,10467,8400,8400.0,0,,,0,pharmacy
2023,608767,JAC,BROTHERHOOD GOURMET DEL,BROTHERHOOD GOURMET DELI CORP,703,SOUTHERN BLVD,10455,1800,1800.0,0,1800.0,other grocery,1,
2023,735084,JAC,SUSHILOVER,SUSHILOVER INC,1994,BRUCKNER BLVD,10473,80,,1,1200.0,other grocery,1,
2023,742787,JAC,HOSTOS DELI & GROCERY,HOSTOS DELI & GROCERY CORP,430,GRAND CONCOURSE,10451,0,,1,1000.0,convenience or deli,1,
2023,607909,JAC,JPS PETROLEUM,JPS PETROLEUM INC,4090,BOSTON RD,10475,1000,1000.0,0,,,0,gas station
2023,733464,JAC,RUANES DELI OF EDGEWATE,RUANES DELI OF EDGEWATER INC,2,CENTER EDGE WATER PARK DR,10465,1000,1000.0,0,1000.0,convenience or deli,1,
2023,606596,JAC,ASTOR PRIME MEATS,ROSSI MICHAEL,1117,ASTOR AVE,10469,1000,1000.0,0,1000.0,specialty,1,
2023,751850,JAC,FIRE GRILL & DELI,FIRE GRILL & DELI INC,720,COURTLANDT AVE,10451,0,,1,1000.0,convenience or deli,1,
2023,708951,JAC,F&Y DELI GROCERY,F&Y DELI GROCERY CORP,1213,PUGSLEY AVE,10472,1300,1300.0,0,1300.0,convenience or deli,1,
2023,606478,JAC,LORENA DELI&GROCERY,LORENA DELI&GROCERY INC,611,E 183RD ST,10458,1100,1100.0,0,1100.0,convenience or deli,1,
2023,755909,JAC,AL INSAF HALAL GROCERY,AL INSAF HALAL GROCERY LLC,1430,ZEREGA AVENUE,10462,900,900.0,0,900.0,convenience or deli,1,
2023,608136,A,TWO STARS EXPRESS GRCY,TWO STARS EXPRESS GROCERY INC,6A,E 167TH ST,10452,700,700.0,0,700.0,other grocery,1,
2023,609368,JAC,POU KOU HALAL FOOD,DIALLO ELHADJ M,585,"TINTON AVE, STORE #1",10455,1500,1500.0,0,1500.0,other grocery,1,
2023,710930,JAC,VIVI DELI FOOD  DMART,VIVI DELI FOOD MART CORP,724-728,EAST 187TH STREET,10458,1000,1000.0,0,1000.0,convenience or deli,1,
2023,719683,A,JEROME SUPER DISCOUNT,JEROME SUPER DISCOUNT INC,2025,JEROME AVE,10453,6500,6500.0,0,,,0,general merchandise or dollar store
2023,738787,JAC,SALAH MARKET,SALAH MARKET CORP,700A,GRAND CONCOURSE,10451,750,750.0,0,750.0,other grocery,1,
2023,606908,JAC,3600 BRONXWOOD FOOD CTR,3600 BRONXWOOD FOOD CENTER CORP,3600,BRONXWOOD AVE,10469,1000,1000.0,0,1000.0,other grocery,1,
2023,728188,A,WELCOME MARKET II,WELCOME MARKET II INC,1852,ARCHER STREET,10460,1500,1500.0,0,1500.0,other grocery,1,
2023,601470,JABCHK,LLOYDS CARROT CAKE,LLOYDS CARROT CAKE INC,6087,BROADWAY,10471,800,800.0,0,,,0,"warehouse, wholesale or plant license"
2023,745166,JAC,YAYA DELI AND GROCERY,YAYA DELI AND GROCERY CORP,851,MELROSE AVE,10451,950,950.0,0,950.0,convenience or deli,1,
2023,721962,JAC,OKODIEBA AFRICAN MARKET,OKODIEBA AFRICAN MARNKET INC.,751,COMMONWEALTH AVENUE,10473,1000,1000.0,0,1000.0,other grocery,1,
2023,744075,JAC,JORDAN DELI GROCERY,JORDAN DELI GROCERY INC,106,E 165TH ST,10452,900,900.0,0,900.0,convenience or deli,1,
2023,755100,A,MOTHERLAND AFRICAN & CA,MOTHERLAND AFRICAN & CARIBBEAN FO,667,ALLERTON AVE,10467,0,,1,1200.0,other grocery,1,
2023,604498,JAC,MEGA FOOD STORE,MEGA FOOD STORE INC,1405,WEBSTER AVE,10456,1200,1200.0,0,1200.0,other grocery,1,
2023,742649,A,SEDGWICK STATIONARY,SEDGWICK STATIONARY CORP,3890,SEDGWICK AVE,10463,500,500.0,0,500.0,other grocery,1,
2023,733576,JAC,1605 GROCERY AND DELI M,1605 GROCERY AND DELI MARKET CORP,1605,INWOOD AVENUE,10452,0,,1,1000.0,convenience or deli,1,
2023,748100,JAC,FAST SEAFOOD,FAST SEAFOOD LLC,976,MORRIS AVE,10456,1200,1200.0,0,1200.0,specialty,1,
2023,749449,A,HABIBI SMOKE SHOP,HABIBI MART CORP,1357,E GUN HILL RD,10469,900,900.0,0,,,0,food service or non-food retail
2023,739107,JAC,GUIDY DELI AND GROCERY,GUIDY DELI AND GROCERY INC,909,E 230TH ST,10466,1000,1000.0,0,1000.0,convenience or deli,1,
2023,741231,JAC,1815 SAVANNAH FOOD,1815 SAVANNAH FOOD CORP,1815,GRAND CONCOURSE AVE,10453,0,,1,1200.0,other grocery,1,
2023,706744,JAC,DELIMANIA GROCERY,DELIMANIA GROCERY CORP,2780,KINGSBRIDGE TERRACE,10463,0,,1,1000.0,convenience or deli,1,
2023,725506,JAC,1798 LOS PRIMOS GROCERY,1798 LOS PRIMOS GROCERY CORP,1798,CROTONA AVE,10457,1400,1400.0,0,1400.0,convenience or deli,1,
2023,608454,JAC,CHOCOLATE PLACE,MORRIS PARK CHOCOLATE DIST INC,839,MORRIS PARK AVE,10462,1200,1200.0,0,1200.0,specialty,1,
2023,724308,JAC,BROADWAY CONVENIENCE DE,BROADWAY CONVENIENCE DELI GROCERY,5219,BROADWAY,10463,0,,1,1000.0,convenience or deli,1,
2023,728759,JAC,KING 3RD DELI,KING 3RD DELI CORP,3251,3RD AVE,10456,0,,1,1000.0,convenience or deli,1,
2023,744787,A,FAMILY 99 DISCOUNT,FAMILY 99 DISCOUNT INC,2290,CROTONA AVE,10458,1200,1200.0,0,,,0,general merchandise or dollar store
2023,725381,JAC,GRAND FISH MARKET,167 PARKS FISH MARKET INC,214,E 167TH STREET,10456,1500,1500.0,0,1500.0,specialty,1,
2023,713777,JAC,NEW BRONX HALAL MEAT MA,NEW BRONX HALAL MEAT MARKET INC,3387,THIRD AVE,10456,1800,1800.0,0,1800.0,specialty,1,
2023,743409,JAC,FRANCIS DELI GROCERY,FRANCIS DELI GROCERY CORP,1229,FRANKLIN AVENUE,10456,1400,1400.0,0,1400.0,convenience or deli,1,
2023,604994,A,RITE AID PHARMACY 03429,RITE AID OF NEW YORK INC,1540,GRAND CONCOURSE,10457,3000,3000.0,0,,,0,pharmacy
2023,741041,JAC,EXPRESS CANDY,ALKAIFI MUAAMAR A,797,SOUTHERN BLVD,10455,950,950.0,0,950.0,convenience or deli,1,
2023,606667,JAC,MAMA FIFI GROCERY,MELO PABLO,595,TAYLOR AVE,10473,1200,1200.0,0,1200.0,convenience or deli,1,
2023,607936,JAC,JSR DELI,JSR DELI INC,994,MORRIS PARK AVE,10462,1500,1500.0,0,1500.0,convenience or deli,1,
2023,737588,JAC,K'S EUROPEAN JAMS,K'S EUROPEAN JAMS LLC,50,EAST 168TH STREET,10452,0,,1,1200.0,other grocery,1,
2023,603458,JAC,FAMOUS DELI&GROCERY,AL RUFA SAMIR MN,706,E 138TH ST,10454,1500,1500.0,0,1500.0,convenience or deli,1,
2023,734661,JAC,ZNN DELI GROCERY,ZNN DELI GROCERY LLC,3433,3RD AVE,10456,1300,1300.0,0,1300.0,convenience or deli,1,
2023,706621,A,NY 99 CENTS AND MORE,NY 99 CENTS AND MORE CORP,5213,BROADWAY,10463,1100,1100.0,0,,,0,general merchandise or dollar store
2023,739945,JAC,HERMANOS TRONCOSO DELI,HERMANOS TRONCOSO DELI GROCERY CO,765,EAST 175TH STREET,10460,0,,1,1000.0,convenience or deli,1,
2023,738906,JAC,LA GAVIOTA DELI GROCERY,CRUZ CORDERO RAMON A,565,EAST 188TH STREET,10458,0,,1,1000.0,convenience or deli,1,
2023,749109,JAC,LOS 4 CHAROS DELI GROCE,LOS 4 CHAROS DELI GROCERY CORP,1437,BEACH AVE,10460,1600,1600.0,0,1600.0,convenience or deli,1,
2023,717951,JAC,EDDIES PLACE AFRICAN MA,EDDIES PLACE AFRICAN MARKET INC,5,E 167TH ST,10452,0,,1,1200.0,other grocery,1,
2023,734660,JAC,EDDY DELI GROCERY,EDDY DELI GROCERY INC,396,E 171 ST AKA 1477 WEBSTER AVE,10457,1000,1000.0,0,1000.0,convenience or deli,1,
2023,753826,JAC,LA FIERITA MINI MARKET,LA FIERITA MINI MARKET CORP,172,W BURNSIDE AVENUE,10453,1500,1500.0,0,1500.0,convenience or deli,1,
2023,736188,JAC,WEBSTER DELI,WEBSTER DELI INC,363,E 180TH STREET,10457,400,400.0,0,400.0,convenience or deli,1,
2023,735537,JAC,PENA DELI GROCERY,PENA DELI GROCERY CORP,2337,GRAND CONCOURSE,10468,1400,1400.0,0,1400.0,convenience or deli,1,
2023,745832,JAC,RAYMOND DELI & GROCERY,RAYMOND DELI & GROCERY CORP,297,BROOK AVE,10454,1200,1200.0,0,1200.0,convenience or deli,1,
2023,604501,JAC,A&G DELI GROCERY,A&G DELI GROCERY CORP,931,FOX ST,10459,1600,1600.0,0,1600.0,convenience or deli,1,
2023,749368,JAC,BRONX 99 DISCOUNT FOOD,BRONX 99 DICOUNT FOOD CORP,1530,UNIVERSITY AVENUE,10452,900,900.0,0,900.0,other grocery,1,
2023,739921,JAC,FRESH SMOOTHIES CAFE &,FRESH SMOOTHIES CAFE & GRILL CORP,2491,JEROME AVENUE,10468,1000,1000.0,0,1000.0,other grocery,1,
2023,609502,JAC,AMEER FOOD GROCERY,AMEER FOOD GROCERY CORP,1964,GRAND CONCOURSE,10457,700,700.0,0,700.0,convenience or deli,1,
current,768373,A,2490 GROCERY HOUSEWARE,2490 GROCERY HOUSEWARE CORP,2490,WILLIAMSBRIDGE RD,10469,,,1,1100.0,convenience or deli,1,
current,767877,AC,BANGLA HALAL FOOD MARKET,BANGLA HALAL FOOD MARKET INC,1002,CASTLE HILL AVE ##,10472,2200,2200.0,0,2200.0,other grocery,1,
current,767797,AC,A&Z GOURMET DELI,A&Z GOURMET DELI CORP,772,HUNTS POINT AVE,10474,,,1,1100.0,convenience or deli,1,
current,767608,A,1892A DELI GROCERY,1892A DELI GROCERY CORP,1892,ARCHER STREET,10462,,,1,1100.0,convenience or deli,1,
current,767536,A,MANDELA DELI MART,MANDELA DELI MART CORP,3660,WHITE PLAINS RD,10467,,,1,1100.0,convenience or deli,1,
current,767311,A,TOP 5 DELI GROCERY,TOP 5 DELI GROCERY CORP,1074,NEILL AVE,10461,,,1,1100.0,convenience or deli,1,
current,766917,AC,BEST HOOD DELI & GROCERY,BEST HOOD DELI & GROCERY INC,839,TRINITY AVE,10456,1100,1100.0,0,1100.0,convenience or deli,1,
current,766916,AC,BRONX FRESH DELI,BRONX FRESH DELI CORP,1307,BOSTON ROAD ####,10456,800,800.0,0,800.0,convenience or deli,1,
current,766541,AC,RAYALIS DELI GROCERY,RAYALIS DELI GROCERY INC,385,E 194TH STREET,10458,,,1,1100.0,convenience or deli,1,
current,766454,AC,FANTASY 188 DELI GROCERY,FANTASY 188 DELI GROCERY CORP,3460,E 188TH STREET,10458,,,1,1100.0,convenience or deli,1,
current,766381,AC,188 VALENTINE CONVENIENCE,188 VALENTINE CONVENIENCE CORP,221,EAST 188TH STREET,10458,,,1,1100.0,convenience or deli,1,
current,766339,AC,3022 E TREMONT DELI GROCERY,3022 E TREMONT DELI GROCERY CORP,3022,E TREMONT AVE,10461,750,750.0,0,750.0,convenience or deli,1,
current,766338,AC,ELDERS GOURMET & CREPES,ELDERS GOURMET & CREPES CORP,1513,WESTCHESTER AVE,10472,,,1,1200.0,other grocery,1,
current,766218,A,PELHAM CANDY STORE,PELHAM CANDY STORE CORP,3040,BUHRE AVE,10461,700,700.0,0,700.0,convenience or deli,1,
current,766176,AC,1054 UNITED DELI & SALAD,1054 UNITED DELI & SALAD INC,1054,SOUTHERN BLVD,10459,900,900.0,0,900.0,convenience or deli,1,
current,766169,AC,EHAB DELI & GROCERY,EHAB DELI & GROCERY CORP,2865,WHITE PLAINS RD,10467,,,1,1100.0,convenience or deli,1,
current,766161,AC,YADIEL GROCERY STORE,YADIEL GROCERY STORE CORP,670,BARRETTO STREET,10474,1000,1000.0,0,1000.0,convenience or deli,1,
current,766148,AC,1524 S&A GOURMET DELI,1524 S&A GOURMET DELI INC,1524-1526,MAYFLOWER AVE ####,10461,800,800.0,0,800.0,convenience or deli,1,
current,766137,AC,EURO MARKET DIASPORA 2,EURO MARKET DIASPORA 2 INC,1058,MORRIS PARK AVE,10461,1000,1000.0,0,1000.0,other grocery,1,
current,766108,AC,BRONX CHOPPED CHEESE & GRILL,BRONX CHOPPED CHEESE & GRILL CORP,4800,WHITE PLAINS RD ####,10470,,,1,1200.0,specialty,1,
current,766033,AC,FRESH START BODEGA,FRESH START BODEGA INC,2777,WEBSTER AVE,10458,800,800.0,0,800.0,convenience or deli,1,
current,766017,AC,1203 WEST INDIAN GROCERY,1203 WEST INDIAN GROCERY INC,1203,ROSEDALE AVE,10472,800,800.0,0,800.0,convenience or deli,1,
current,765976,AC,NEW CASTILE DELI AND GROCERY,NEW CASTILE DELI AND GROCERY CORP,1105,CASTLE HILL AVE ####,10472,600,600.0,0,600.0,convenience or deli,1,
current,765882,AC,DHAKA FOOD EXPRESS & DELI,DHAKA MART LLC,368,E 204TH ST,10467,2200,2200.0,0,2200.0,convenience or deli,1,
current,765825,AC,EL NUEVO CORRAL MEAT MARKET,EL NUEVO CORRAL MEAT MARKET & GROCERY,75,E KINGSBRIDGE RD,10468,1900,1900.0,0,1900.0,specialty,1,
current,765782,A,82 GROCERY CANDY,82 GROCERY CANDY INC,82,W 165TH STREET,10452,1000,1000.0,0,1000.0,convenience or deli,1,
current,765762,AC,CELINE T GROCERY,CELINE T GROCERY INC,3900,WHITE PLAINS ROAD,10466,800,800.0,0,800.0,convenience or deli,1,
current,765753,AC,ILYAS GOURMET DELI,ILYAS GOURMET DELI CORP,3998,WHITE PLAINS RD,10466,,,1,1100.0,convenience or deli,1,
current,765715,AC,AMG #192,AMG RETAIL I LLC,281,BRUCKNER BLVD ##,10454,950,950.0,0,950.0,other grocery,1,
current,765506,AC,APEX PETROLEUM 91,APEX PETROLEUM 91 INC,91,WESTCHESTER SQUARE,10461,1000,1000.0,0,,,0,gas station
current,765456,A,SH&N AGA INC,SH&N AGA INC,3120,BAINBRIDGE AVENUE,10467,,,1,1200.0,other grocery,1,
current,765408,AC,TOWN FOOD MARKET,TOWN FOOD MARKET CORP,4702,WHITE PLAINS ROAD,10470,,,1,1200.0,other grocery,1,
current,765394,ACDK,KADOSH FOODS,KADOSH TRADING INC,490,HUNTS POINT AVE,10474,5000,5000.0,0,,,0,"warehouse, wholesale or plant license"
current,765292,A,USA NATIONWIDE WAREHOUSE,NATIONWIDE COOOP CITY BLVD INC,691,COOP CITY BLVD,10475,,,0,,,0,"online, wholesale or warehouse"
current,765177,AC,HOT GRILL DELI & MART,HOT GRILL DELI & MART CORP,1745,RANDALL AVE,10473,1000,1000.0,0,1000.0,convenience or deli,1,
current,765131,AC,SUAVE DELI GROCERY,SUAVE DELI GROCERY INC,794,COURTLANDT AVENUE ####,10451,1500,1500.0,0,1500.0,convenience or deli,1,
current,765129,AC,BARNES AVENUE DELI GROCERY,BARNES AVENUE DELI GROCERY INC,3868,BARNES AVENUE ####,10467,900,900.0,0,900.0,convenience or deli,1,
current,765025,AC,WEAM,WEAM CORPORATION,3822,E TREMONT AVE,10465,1200,1200.0,0,1200.0,other grocery,1,
current,765011,AC,LUCKY ONE DELI,LUCKY ONE DELI CORP,1400,CROSBY AVE ####,10461,,,1,1100.0,convenience or deli,1,
current,765009,AC,GREEN APPLE GOURMET & MORE 1,GREEN APPLE GOURMET & MORE 1 CORP,2197,WHITE PLAINS RD,10462,1000,1000.0,0,1000.0,other grocery,1,
current,765005,AC,GOLD MINE GOURMET DELI,GOLD MINE GOURMET DELI CORP,3460,BOSTON RD,10469,1000,1000.0,0,1000.0,convenience or deli,1,
current,765004,AC,R & N CARIBBEAN MEAT,R & N CARIBBEAN MEAL LLC,4206,WHITE PLAINS RD,10466,,,1,1200.0,specialty,1,
current,764952,AC,AINARA DELI GROCERY,AINARA DELI GROCERY CORP,15,MARCY PLACE,10452,,,1,1100.0,convenience or deli,1,
current,764933,AC,BANGLA BAZAR SUPERMARKET,BANGLA BAZAR SUPERMARKET INC,1450,ST PETERS AVE ##,10462,2000,2000.0,0,2000.0,supermarket,1,
current,764881,A,VALENTINE 181 MINI MART,VALENTINE 181 MINI MART CORP #1,2130,VALENTINE AVE,10457,2000,2000.0,0,2000.0,convenience or deli,1,
current,764879,A,1 NEYMAR CANDY GROCERY,1 NEYMAR CANDY GROCERY CORP,1175,VYSE AVE,10459,,,1,1100.0,convenience or deli,1,
current,764829,AC,MOON LIGHT 1 DELI,MOON LIGHT 1 DELI CORP,751,E GUN HILL RD,10467,,,1,1100.0,convenience or deli,1,
current,764822,AC,R ECHAVARRIA DELI & GROCERIES,R ECHAVARRIA DELI & GROCERIES CORP,1888,WALTON AVE,10453,1700,1700.0,0,1700.0,convenience or deli,1,
current,764813,A,BARAKAH BAZAR,BARAKAH BAZAR LLC,731,BURKE AVE,10467,,,1,1200.0,other grocery,1,
current,764806,AC,FORDHAM FRESH FISH,SEA MART LLC,155,E 188TH ST,10468,500,500.0,0,500.0,specialty,1,
current,764771,AC,235 FRESH BITES DELI,235 FRESH BITES DELI CORP,560,W 235TH ST,10463,,,1,1100.0,convenience or deli,1,
current,764768,AC,FRESH UP DELI AND GRILL,FRESH UP DELI AND GRILL CORP,3844,WHITE PLAINS RD,10467,,,1,1100.0,convenience or deli,1,
current,764706,A,AMENAZEL HALAL MARKET,AMENAZEL HALAL MARKET INC,744,ALLERTON AVENUE,10467,2100,2100.0,0,2100.0,other grocery,1,
current,764698,AC,MI BODEGA DELI FOOD,MI BODEGA DELI FOOD CORP,663,ALLERTON AVE,10467,1100,1100.0,0,1100.0,convenience or deli,1,
current,764672,A,NOOR DISCOUNT CONVENIENCE,NOOR DISCOUNT CONVENIENCE CORP,276,SAINT ANNS AVE,10454,,,0,,,0,general merchandise or dollar store
current,764665,AC,BOSTON RD GROCERY DELI & MORE,BOSTON RD GROCERY DELI & MORE CORP,1682,BOSTON ROAD,10460,1100,1100.0,0,1100.0,convenience or deli,1,
current,764646,AC,ORGANIC DELI 2,ORGANIC DELI 2 INC,550,TRINITY AVE,10455,1200,1200.0,0,1200.0,convenience or deli,1,
current,764586,AC,EASY STOP SHOP,KABORE LLC,1134,CASTLE AVENUE,10462,400,400.0,0,400.0,other grocery,1,
current,764554,AC,MART 33 CONVENIENCE STORE,33 MART DELI CORP,259,E 167TH ST  ####,10456,1400,1400.0,0,1400.0,convenience or deli,1,
current,764544,A,CASA FRESH,CASA FRESH INC,720,E TREMONT AVE STORE B,10457,1300,1300.0,0,1300.0,other grocery,1,
current,764530,AC,844 MINI MARKET FISH,844 MINI MARKET FISH AND FRIES INC,844,HUNTS POINT AVE,10474,,,1,1100.0,convenience or deli,1,
current,764527,AC,A & A MARKET DELI & GROCERY,A & A MARKET DELI & GROCERY CORP,1513,WATSON AVE ##,10472,1000,1000.0,0,1000.0,convenience or deli,1,
current,764455,AC,D LORA,D LORA CORP,814,HEWITT PLACE,10459,,,1,1200.0,other grocery,1,
current,764447,AC,ORLANDO 7,ORLANDO 7 CORP,1190,CROMWELL AVENUE,10452,900,900.0,0,900.0,other grocery,1,
current,764429,A,ROSEDALE 99 CENTS,ROSEDALE 99 CENTS INC,1741,LAFAYETTE AVE,10473,,,0,,,0,general merchandise or dollar store
current,764420,AC,MILA DELI & GROCERY,MILA DELI & GROCERY CORP,684,E 189 ST ####,10458,,,1,1100.0,convenience or deli,1,
current,764345,AC,S&Y FISH & MEAT CARIBBEAN SUPERMARKET,TENTEN FOOD CORP,4008,BOSTON RD,10475,15000,15000.0,0,15000.0,supermarket,1,
current,764331,A,CONVENIENCE ON CONCOURSE,CONVENIENCE ON CONCOURSE INC,1398,GRAND CONCOURSE,10456,900,900.0,0,900.0,convenience or deli,1,
current,764322,AC,MARGARITAS GROCERY STORE,FERNANDEZ MARGARITA,926,INTERVALE AVE,10459,1000,1000.0,0,1000.0,convenience or deli,1,
current,764315,AC,PANADERIA MEXICANA GUADALUPANA,PANADERIA MEXICANA GUADALUPANA CORP,735,LYDIG AVE,10462,1000,1000.0,0,1000.0,specialty,1,
current,764313,AC,SUNDARBAN HALAL MEAT &,MIM DELI & GROCERY INC,1404,UNIONPORT ROAD ####,10462,1600,1600.0,0,1600.0,specialty,1,
current,764306,AC,GOLLO GROCERY STORE & DELI,GOLLO GROCERY STORE & DELI CORP,212,W KINGSBRIDGE RD ##,10463,750,750.0,0,750.0,convenience or deli,1,
current,764246,AC,FAMILY GRILL 1,FAMILY GRILL 1 CORP,1712,UNIVERSITY AVE,10453,1300,1300.0,0,1300.0,other grocery,1,
current,764232,AC,TASTY BITES DELI,TASTY BITES DELI INC,1560,GRAND CONCOURSE,10457,1900,1900.0,0,1900.0,convenience or deli,1,
current,764211,AC,EL SABOR CHAPIN,EL SABOR CHAPIN CORP,1484,WESTCHESTER AVE,10472,1000,1000.0,0,1000.0,other grocery,1,
current,764182,AC,DELI TAQUERIA XOCHITLALLI 2,JUAN DIAZ MARTINEZ & MARGARITO CITLAME P,680,ALLERON AVENUE,10467,,,1,1100.0,convenience or deli,1,
current,764179,AC,R&R CORTES DE PESCADO,R&R CORTES DE PESCADO CORP,301,MORRIS AVE ##,10451,100,100.0,0,100.0,other grocery,1,
current,764154,AC,ELY MOUNA,ELY MOUNA INC,3925,WHITE PLAINS RD,10466,,,1,1200.0,other grocery,1,
current,764147,AC,BINC & BEYOND UNIVERSAL MARKET,BINC FOOD CORP,1346,E GUNHILL RD,10469,800,800.0,0,800.0,other grocery,1,
current,764141,AC,Q GOURMET DELI,Q GOURMET DELI CORP,1798,WESTCHESTER AVE ####,10472,1300,1300.0,0,1300.0,convenience or deli,1,
current,764136,AC,PRINCE GROCERY STORE,PRINCE GROCERY STORE CORP,237,EAST 203RD ST ####,10458,1000,1000.0,0,1000.0,convenience or deli,1,
current,764126,AC,PRINCE DELI & GROCERY 1,PRINCE DELI & GROCERY CORP 1,211,ST ANNS AVE,10454,1000,1000.0,0,1000.0,convenience or deli,1,
current,764095,AC,2 EAST BURNSIDE KING DELI,2 EAST BURNSIDE KING DELI INC,2,EAST BURNSIDE AVE,10453,1400,1400.0,0,1400.0,convenience or deli,1,
current,764062,AC,HEALTHY 1 DELI,HEALTHY 1 DELI CORP,4521,3RD AVE,10457,1500,1500.0,0,1500.0,convenience or deli,1,
current,764061,AC,QUIK STOP DELI,QUIK STOP DELI CORP,3401,OLINVILLE AVE,10467,600,600.0,0,600.0,convenience or deli,1,
current,763989,AC,MACE DELI & GRILL,MACE DELI & GRILL INC,2500,WHITE PLAINS RD ##,10467,1400,1400.0,0,1400.0,convenience or deli,1,
current,763988,AC,ASHA GROCERY & HALAL MEAT,ASHA GROCERY & HALAL MEAT INC,3110,BAINBRIDGE AVE ####,10467,,,1,1100.0,convenience or deli,1,
current,763987,AC,CITY STAR MINI MARKET,CITY STAR MINI MARKET CORP I,1203,WHITE PLAINS RD  ####,10472,1200,1200.0,0,1200.0,convenience or deli,1,
current,763975,AC,SUGAR GIRL BAKERY,MOMS ANGEL KISSES CORP,3071,BAILEY AVE,10463,1500,1500.0,0,1500.0,specialty,1,
current,763967,A,1811 DISCOUNT,1811 DISCOUNT INC,1811,WHITE PLAINS RD,10462,,,0,,,0,general merchandise or dollar store
current,763964,A,TAYLOR MINI MARKET,TAYLOR MINI MARKET CORP,1703,TAYLOR AVE,10460,,,1,1100.0,convenience or deli,1,
current,763945,AC,ORGANIC DELI & CONVENIENCE,ORGANIC DELI & CONVENIENCE CORP,3124,TREMONT AVE ####,10461,1200,1200.0,0,1200.0,convenience or deli,1,
current,763926,AC,LIDL #1574,LUS LICENSING LLC,700,EXTERIOR STREET,10451,10000,10000.0,0,10000.0,supermarket,1,
current,763916,AC,NEW BEST FISH MARKET,NEW BEST FISH MARKET INC,422A,WESTCHESTER AVE,10455,1200,1200.0,0,1200.0,specialty,1,
current,763865,A,ALDI #153,ALDI INC,4720,THIRD AVE,10458,,,1,8250.0,supermarket,1,
current,763790,AC,OS DELI & GROCERY,OS DELI & GROCERY CORP,99,E 198TH STREET,10468,1000,1000.0,0,1000.0,convenience or deli,1,
current,763787,AC,CRESTON CONVENIENCE & MORE,CRESTON CONVENIENCE & MORE CORP,2449,CRESTON AVE,10468,,,1,1100.0,convenience or deli,1,
current,763770,AC,IZZY GOURMET DELI,IZZY GOURMET DELI CORP,2481,"CROTONA AVE, STORE #4",10458,,,1,1100.0,convenience or deli,1,
current,763757,A,PRICELESS DISCOUNT,PRICELESS DISCOUNT CORP,125,W KINGSBRIDGE RD ####,10468,1800,1800.0,0,,,0,general merchandise or dollar store
current,763723,AC,BAINBRIDGE FISH MARKET,BAINBRIDGE FISH MARKET CORP,3163,BAINBRIDGE AVE ##,10467,1200,1200.0,0,1200.0,specialty,1,
current,763718,AC,STAY COOL GORUMET DELI,STAY COOL GOURMET DELI CORP,69,BRUCKNER BLVD,10454,1500,1500.0,0,1500.0,convenience or deli,1,
current,763696,AC,CHANA DELI GROCERY,CHANA DELI GROCERY CORP,2386,WEBSTER AVE,10458,,,1,1100.0,convenience or deli,1,
current,763685,AC,BENS MARKET,JUNIOR MARKET CORP,19,"KNOLLS CRESCENT, STORE B",10463,,,1,1200.0,other grocery,1,
current,763682,AC,EATHUB DELI,EATHUB DELI INCC,1838,WESTCHESTER AVE,10472,1200,1200.0,0,1200.0,convenience or deli,1,
current,763663,AC,NEW FORDHAM MEAT MARKET,NEW FORDHAM MEAT MARKET CORP,91,W FORDHAM RD #8,10468,1100,1100.0,0,1100.0,specialty,1,
current,763636,A,B AND K BLESSING,99C B AND K BLESSING CORP,512,EAST 149 STREET,10455,1000,1000.0,0,1000.0,other grocery,1,
current,763630,AC,1 FORDHAM CONVENIENCE,1 FORDHAM CONVENIENCE CORP,605,B EAST 187TH STREET,10458,650,650.0,0,650.0,convenience or deli,1,
current,763602,AC,VARIEDADES DE MI CULTURA EBENEZER,VARIEDADES DE MI CULTURA EBENEZER CORP,1087-1093,SOUTHERN BLVD,10459,,,1,1200.0,other grocery,1,
current,763585,AC,PRIME GROCERY AND VEGETABLE,PRIME GROCERY AND VEGETABLE CORP,145,E GUN HILL ROAD,10467,,,1,1100.0,convenience or deli,1,
current,763573,AC,BRIELLA DELI & GROCERY,BRIELLA DELI & GROCERY CORP,1420,GRAND CONCOURSE ####,10456,1600,1600.0,0,1600.0,convenience or deli,1,
current,763552,A,MEGA STAR DISCOUNT,MEGA STAR DISCOUNT CORP,1509,WESTCHESTER AVE ####,10472,,,0,,,0,general merchandise or dollar store
current,763544,AC,J&J DELI GROCERY STORE,J&J DELI GROCERY STORE CORP,699,BECK STREET ##,10455,1000,1000.0,0,1000.0,convenience or deli,1,
current,763525,A,ZEEDAN FOODS,ZEEDAN FOODS INC,1455,UNIONPORT RD ##,10462,,,1,1200.0,other grocery,1,
current,763448,AC,HALAL GYRO KING 3,HALAL GYRO KING 3 INC,319,E 204 STREET,10467,,,1,1200.0,other grocery,1,
current,763440,AC,LEGEND DELI GROCERY,LEGEND DELI GROCERY CORP,282,E GUN HILL RD,10467,1100,1100.0,0,1100.0,convenience or deli,1,
current,763410,AC,UNION MEATS MARKET,UNION MEATS MARKET INC,810,E 180TH STREET,10460,,,1,1200.0,specialty,1,
current,763396,AC,183 FISH MARKET,183 FISH MARKET CORP,7,W 183RD ST ####,10453,1300,1300.0,0,1300.0,specialty,1,
current,763341,AC,AH VARIETY DISCOUNT STORE,53W 167 VARIETY 99 CENT DISCOUNT STORE,53,W 167 ST ####,10452,1800,1800.0,0,,,0,general merchandise or dollar store
current,763290,AC,LEILE DELI CORP,LEILE DELI CORP,486,E 138TH STREET ####,10454,900,900.0,0,900.0,convenience or deli,1,
current,763288,AC,444 FUEL,444 FUEL CORP,444,SOUNDVIEW AVE,10473,,,0,,,0,gas station
current,763274,AC,MOE GOURMET SHOP DELI & GRILL,MOE GOURMET SHOP DELI & GRILL INC,610,CASTLE HILL AVE ####,10473,,,1,1100.0,convenience or deli,1,
current,763271,A,MAARS BROADWAY DISCOUNT KING,MAARS BROADWAY DISCOUNT KING CORP,5657A,BROADWAY FRONT A,10463,2300,2300.0,0,,,0,general merchandise or dollar store
current,763267,AC,SAMA PARADISE MARKET,DRAMMEH LLC,3840,WHITEPLAINS ROAD,10467,1000,1000.0,0,1000.0,other grocery,1,
current,763217,AC,DOMINICANA DELI,DOMINICANA DELI INC,1836,NEREID AVE,10466,,,1,1100.0,convenience or deli,1,
current,763176,AC,1269 BRONX DELI,GRAND B DELI GROCERY CORP,1269,GRAND CONCOURSE ####,10452,1100,1100.0,0,1100.0,convenience or deli,1,
current,763153,ABC,AL AMEEN BAKERY,AL AMEEN BAKERY LLC,1742,UNIONPORT RD,10462,485,485.0,0,485.0,specialty,1,
current,763145,AC,DIANA MINI MARKET,DIANA MINI MARKET CORP,701,COSTER STREET ####,10474,1200,1200.0,0,1200.0,convenience or deli,1,
current,763143,AC,SEYMOUR DELI GROCERY,SEYMOUR DELI GROCERY CORP,3438,BOSTON RD,10469,,,1,1100.0,convenience or deli,1,
current,763142,AC,BAILEY GOURMET DELI,BAILEY GOURMET DELI INC,3654,BAILEY AVE,10463,1500,1500.0,0,1500.0,convenience or deli,1,
current,763136,AC,FINE FARE SUPERMARKET,3040 EASTCHESTER FOOD CORP,3040,EASTCHESTER ROAD,10469,,,1,8250.0,supermarket,1,
current,763132,A,BENJAMINS PHARMACY & SURGICAL,ARDENT PHARMACY INC,987-989,ALLERTON AVE ####,10469,,,0,,,0,pharmacy
current,763102,AC,LA GRAND GROCERY,LA GRAND GROCERY CORP,2241,GRAND AVE,10453,1200,1200.0,0,1200.0,convenience or deli,1,
current,763097,AC,FINE FARE SUPERMARKET,J & E GRAND CONCOURSE RETAIL LLC,2530,GRAND CONCOURSE ####,10458,,,1,8250.0,supermarket,1,
current,763089,AC,LA ECONOMICA MEAT MARKET,LA ECONOMICA MEAT MARKET INC,1717,UNIVERSITY AVE ####,10453,1200,1200.0,0,1200.0,specialty,1,
current,763082,AC,GORDO DELI DELIGHT,GORDO DELI DELIGHT INC,5189,BROADWAY,10463,1500,1500.0,0,1500.0,convenience or deli,1,
current,763061,AC,FAMILY MEXICAN DELI,FAMILY MEXICAN DELI CORP,1865,E TREMONT AVE,10460,1300,1300.0,0,1300.0,convenience or deli,1,
current,763059,AC,AZTECA DELI,AZTECA DELI LLC,1207,BEACH AVE,10472,600,600.0,0,600.0,convenience or deli,1,
current,763023,AC,BRONX DELI & MINI MARKET,BRONX DELI & MINI MARKET INC,3645,BRUCKNER BLVD,10461,1200,1200.0,0,1200.0,convenience or deli,1,
current,763020,AC,MR SAM DELI,MR SAM DELI CORP,1950,BRYANT AVE,10460,,,1,1100.0,convenience or deli,1,
current,763012,AC,BALDE FAMILY GENERAL MERCHANDISING,BALDE FAMILY GENERAL MERCHANDISING LLC,756,BURKE AVENUE ##,10467,,,1,1200.0,other grocery,1,
current,763011,A,ESTRELLA MEATS FRUITS & GROCERY 2,ESTRELLA MEATS FRUITS & GROCERY 2 CORP,350,E GUN HILL RD,10467,1000,1000.0,0,1000.0,convenience or deli,1,
current,762996,A,ALEX CANDY STORE,ALEX CANDY STORE CORP,1373A,OGDEN AVE,10452,,,1,1100.0,convenience or deli,1,
current,762990,AC,BETWEEN THE BUN DELI 4,BETWEEN THE BUN DELI 4 CORP,439,E 162ND ST###,10451,,,1,1100.0,convenience or deli,1,
current,762971,AC,787 DELI GROCERY,787 DELI GROCERY CORP,787,EAST 185TH STREET ####,10460,,,1,1100.0,convenience or deli,1,
current,762938,AC,SHOP FRESH FOOD MARKETPLACE,1000 MEAT AND FOOD CORP,1000,MORRIS AVE,10456,30000,30000.0,0,30000.0,supermarket,1,
current,762916,AC,ROLLIE FOOD,ROLLIE FOOD CORP,3690,3RD AVE,10456,,,1,1200.0,other grocery,1,
current,762915,AC,SAAM DELI AND GROCERY,SAAM DELI AND GROCERY CORP,45,RICHMAN PLAZA,10453,140000,140000.0,0,,,0,"over 100,000 sq ft"
current,762907,AC,STOP 1 MINI MARKET & DELI,STOP 1 MINI MARKET & DELI INC,1360,E GUN HILL ROAD,10469,,,1,1100.0,convenience or deli,1,
current,762906,AC,ANTILLANA MARKET PLACE,DTJ 1727 CORP,1725,UNIVERSITY AVE,10453,12000,12000.0,0,12000.0,supermarket,1,
current,762888,AC,TREMONT FOOD MARKET,TREMONT FOOD MARKET INC,920,E TREMONT AVE,10460,1000,1000.0,0,1000.0,other grocery,1,
current,762887,A,SANAA DISCOUNT,SANAA DISCOUNT INC,778,MORRIS PARK AVE,10462,,,0,,,0,general merchandise or dollar store
current,762822,AC,TOP DELI CONVENIENCE,TOP DELI CONVENIENCE CORP,4125,WHITE PLAINS RD,10466,1000,1000.0,0,1000.0,convenience or deli,1,
current,762804,AC,BELLA FE MARKET,BELLA FE MARKET CORP,571,E 184TH STREET ####,10458,,,1,1200.0,other grocery,1,
current,762802,AC,ANTILLANA SUPERFOOD MARKETPLACE,2750 FOOD CORP,2750,EAST TREMONT AVENUE,10461,4,,1,8250.0,supermarket,1,
current,762791,AC,GALINDO FARM,GALINDO FARM INC,4160,WHITE PLAINS ROAD,10467,,,1,1200.0,other grocery,1,
current,762749,AC,GREENLAND FARM DELI MART,GREENLAND FARM DELI MART CORP,5670,RIVERDALE,10471,,,1,1100.0,convenience or deli,1,
current,762731,AC,METRO D DELICATESSEN THE,METRO D DELICATESSEN THE INC,2231,GRAND CONCOURSE ####,10453,2000,2000.0,0,2000.0,other grocery,1,
current,762653,AC,ALLERTONN DELI MARKET,ALLERTONN DELI MARKET CORPORATION,1305,ALLERTON AVE,10469,,,1,1100.0,convenience or deli,1,
current,762645,AC,KRK BENDICION DELI GROCERY,KRK BENDICION DELI GROCERY CORP,1721,EAST 174TH STREET ####,10472,1100,1100.0,0,1100.0,convenience or deli,1,
current,762631,AC,ROASTING ROOM THE,BUUNNI COFFEE LLC,542,BARRETTO ST,10474,5000,5000.0,0,5000.0,other grocery,1,
current,762597,A,JOSE MINI MARKET,JOSE MINI MARKET INC,549,SOUTHERN BLVD,10455,,,1,1100.0,convenience or deli,1,
current,762585,AC,E & Y DELI GROCERY,E & Y DELI GROCERY CORP,1312,JEROME AVE,10452,1800,1800.0,0,1800.0,convenience or deli,1,
current,762584,AC,1007 GOURMET DELI,1007 GOURMET DELI INC,1007,SOUTHERN BLVD,10459,,,1,1100.0,convenience or deli,1,
current,762527,AC,LUZ VEGETABLE MARKET,LUZ VEGETABLE FRUIT & GROCERY LLC,350A,EAST 204TH STREET ####,10467,500,500.0,0,500.0,specialty,1,
current,762509,AC,CHERRY VALLEY MARKET PLACE,FAITH SUPERMARKET CORP,2852,WEBSTER AVENUE,10458,,,1,8250.0,supermarket,1,
current,762506,A,A1 HEALTH PHARMACY,LA FARMA LLC,1003,OGDEN AVE,10452,2000,2000.0,0,,,0,pharmacy
current,762499,AC,ONE KING DELI,ONE KING DELI INC,65,W KINGBRIDGE RD###,10468,,,1,1100.0,convenience or deli,1,
current,762487,AC,CASITA MARIA DELI,CASITA MARIA DELI CORP,1020-1022,EAST 163RD STREET,10459,,,1,1100.0,convenience or deli,1,
current,762444,AC,80 BRONX FINEST MARKET,80 BRONX FINEST MARKET INC,2109,SOUTHERN BLVD,10460,1750,1750.0,0,1750.0,other grocery,1,
current,762393,AC,QUALITY NY MEAT & FISH,QUALITY NY MEAT &FISH MRKT 2 CORP,3722,WHITE PLAINS RD,10467,1200,1200.0,0,1200.0,specialty,1,
current,762387,AC,RANCH DELI,RANCH DELI CORP,3511,E TREMONT AVE,10465,,,1,1100.0,convenience or deli,1,
current,762385,AC,CIARAS DELI,CIARAS DELI CORP,89,W 170TH STREET,10452,1800,1800.0,0,1800.0,convenience or deli,1,
current,762381,AC,77 SWIPER DELI,77 SWIPER DELI CORP,2742,E TREMONT AVE,10461,,,1,1100.0,convenience or deli,1,
current,762380,AC,MUNCHIES DELI,MUNCHIES DELI CORP,500,BAYCHESTER AVE,10475,,,1,1100.0,convenience or deli,1,
current,762372,AC,4158 MEAT MARKET,4158 MEAT MARKET INC,4158,WHITE PLAINS RD,10466,,,1,1200.0,specialty,1,
current,762350,AC,LA TIA DELI GROCERY,LA TIA DELI GROCERY INC,253,E 188TH STREET ####,10458,900,900.0,0,900.0,convenience or deli,1,
current,762315,AC,LAS 3'S DELI GROCERY,LAS 3S R DELI GROCERY CORP,1001,E 167TH ST,10459,1000,1000.0,0,1000.0,convenience or deli,1,
current,762264,AC,EL NAZARENO MEAT PRODUCT,EL NAZARENO MEAT PRODUCT CORP,152,E 171ST STREET,10452,1200,1200.0,0,1200.0,specialty,1,
current,762254,AC,A1 GOURMET DELI,A1 GOURMET DELI INC,1800-02,CEDAR AVE,10453,1100,1100.0,0,1100.0,convenience or deli,1,
current,762227,AC,MUNCH'N OUT FOOD & CONVENIENCE,MUNCHN OUT FOOD & CONVENIENCE CORP,1215,GRAND CONCOURSE,10452,900,900.0,0,900.0,convenience or deli,1,
current,762217,AC,FRESH & TASTY SUSHI,FRESH & TASTY SUSHI INC,2870,WEBSTER AVE,10458,,,1,1200.0,other grocery,1,
current,762215,AC,PELLE MEAT & PRODUCE MARKET,JIMENEZ AMABLE,931,EAST 174TH STREET,10460,,,1,1200.0,specialty,1,
current,762205,AC,GEES GOURMET DELI,GEES GOURMET DELI INC,4028,BOSTON RD,10475,1000,1000.0,0,1000.0,convenience or deli,1,
current,762199,AC,VALENTINO DELI GROCERY,VALENTINO DELI GROCERY CORP,3321,3RD AVE,10456,,,1,1100.0,convenience or deli,1,
current,762164,AC,ALMADENAH HALAL MEAT MA,MACCA HALAL MARKET 2 INC,869,MORRIS PARK AVE,10462,2500,2500.0,0,2500.0,specialty,1,
current,762159,AC,FAMILIA CONVENIENCE,FAMILIA CONVENIENCE CORP,2112,WESTCHESTER AVE,10462,,,1,1100.0,convenience or deli,1,
current,762149,AC,EL TORITO MEAT MARKET,EL TORITO MEAT MARKET CORP,577,EAST 187TH ST,10458,,,1,1200.0,specialty,1,
current,762137,AC,FERNANDEZ DELI GROCERY II,FERNANDEZ DELI GROCERY II CORP,986,ROGERS PLACE,10459,,,1,1100.0,convenience or deli,1,
current,762106,AC,GUATELINDA DELI,GUATELINDA DELI CORP,1526,WESTCHESTER AVE,10472,1000,1000.0,0,1000.0,convenience or deli,1,
current,762099,AC,INJ DELI & GROCERY,INJ DELI & GROCERY CORP,292,E 166TH ST,10456,1400,1400.0,0,1400.0,convenience or deli,1,
current,762092,A,ALLYSSIA DISCOUNTS,ALLYSSIA DISCOUNTS CORP,172,W FORDHAM RD ####,10468,700,700.0,0,700.0,other grocery,1,
current,762035,AC,DELI GROCERY MANA DEL CIELO,DELI GROCERY MANA DEL CIELO INC,1305,ROSEDALE AVE,10472,1000,1000.0,0,1000.0,convenience or deli,1,
current,762019,AC,3RD AVE FISH MARKET,3RD AVE FISH MARKET CORP,3240,THIRD AVE ####,10451,900,900.0,0,900.0,specialty,1,
current,761990,AC,CARNICERIA EL TORITO,CARNICERIA EL TORITO CORP,513,EAST 180TH STREET ####,10457,1200,1200.0,0,1200.0,specialty,1,
current,761943,AC,WICKHAM MINI MARKET,WICKHAM MINI MARKET CORP,4400,WICKHAM AVE  STORE A,10466,,,1,1100.0,convenience or deli,1,
current,761934,AC,M&M SUPERMARKET AND HALAL MEAT,M&M SUPERMARKET AND HALAL MEAT INC,239,E KINGSBRIDGE RD,10458,900,900.0,0,900.0,supermarket,1,
current,761933,A,99 CENT DREAMS,DREAMS 1 99C CORPORATION,874,HUNTS POINT AVE,10474,,,0,,,0,general merchandise or dollar store
current,761914,AC,AM FAMILY SUPERMARKET,AM FAMILY SUPERMARKET CORP,1025,MORRIS PARK AVE,10461,3000,3000.0,0,3000.0,supermarket,1,
current,761834,AC,YEDELINE DELI & GROCERY 3,YEDELINE DELI & GROCERY 3 CORP,900,HOE AVE,10459,,,1,1100.0,convenience or deli,1,
current,761832,AC,AISLYN MEAT MARKET,AISLYN MEAT MARKET INC,3981,LACONIA AVE,10466,1200,1200.0,0,1200.0,specialty,1,
current,761803,AC,EL CIELO MEXICANO DELI GROCERY,EL CIELO MEXICANO DELI GROCERY CO,1701,CASTLE HILL AVE,10462,400,400.0,0,400.0,convenience or deli,1,
current,761788,AC,3001 PLAZA LIBRE FOOD,3001 PLAZA LIBRE FOOD CORP,3001,KINGSBRIDGE TERRACE,10463,1200,1200.0,0,1200.0,other grocery,1,
current,761784,AC,FRESH & TASTY SUSHI,FRESH & TASTY SUSHI INC,421,E 189TH STREET,10458,30,,1,1200.0,other grocery,1,
current,761772,A,CHULAMEX,CHULAMEX LLC,3622,WHITE PLAINS ROAD,10467,,,1,1200.0,other grocery,1,
current,761699,AC,FREEMAN DEL GROCERY,FREEMAN DELI GROCERY CORP,854,FREEMAN ST,10459,,,1,1100.0,convenience or deli,1,
current,761637,AC,HOE CANDY GROCERY,HOE CANDY GROCERY CORP,937,E 172ND ST,10460,1000,1000.0,0,1000.0,convenience or deli,1,
current,761626,AC,HALAL MEAT & GROCERY,HALAL MEAT & GROCERY LLC,1152,SHERMAN AVE STORE 2,10456,800,800.0,0,800.0,convenience or deli,1,
current,761622,AC,ULISESS BUTCHER SHOP NY,ULISESS BUTCHER SHOP NY INC,956,LONGWOOD AVE###,10459,,,1,1200.0,specialty,1,
current,761605,A,HEALTH PLUS SPECIALTY PHARMACY,UTC PHARMACY INC,516,E 149TH ST,10455,,,0,,,0,pharmacy
current,761596,AC,JK & SONS,JK & SONS CORPORATION,952,FREEMAN STREET,10459,,,1,1200.0,other grocery,1,
current,761553,AC,732 FOOD,732 FOOD CORP,732,COURTLANDT AVE,10451,1200,1200.0,0,1200.0,other grocery,1,
current,761523,AC,ARIES FISH MARKET,ARIES FISH MARKET INC,748,LYDIG AVE ##,10462,3000,3000.0,0,3000.0,specialty,1,
current,761520,AC,HONEST KING DELI GROCERY,HONEST KING DELI GROCERY CORP,1587,THIERIOT AVE,10460,1800,1800.0,0,1800.0,convenience or deli,1,
current,761508,AC,165 CONVENIENCE & MORE,165 CONVENIENCE & MORE CORP,1036,SHERIDAN AVE,10456,,,1,1100.0,convenience or deli,1,
current,761447,AC,WB SEAFOOD,WB SEAFOOD INC,1041,PROSPECT AVE,10459,,,1,1200.0,specialty,1,
current,761416,AC,10 DAYS GROCERY,10 DAYS GROCERY CORP,459,BROOK AVE,10455,1800,1800.0,0,1800.0,convenience or deli,1,
current,761410,AC,MOSES BAGELS & MORE,MOSES BAGELS & MORE CORP,674,ALLERTON AVE,10467,,,1,1200.0,other grocery,1,
current,761405,AC,K&M GOURMET DELI,K&M GOURMET DELI CORP,69,FEATHERBED LN,10452,1000,1000.0,0,1000.0,convenience or deli,1,
current,761392,AC,MANA DELI & GROCERY,MANA DELI & GROCERY CORP,1680,GLEASON AVE###,10472,800,800.0,0,800.0,convenience or deli,1,
current,761388,AC,A & E HEALTHY CHOICE,A & E HEALTHY CHOICE CORP,237,WILLIS AVE,10454,,,1,1200.0,other grocery,1,
current,761378,A,SKYLINER CONVENIENCE,SKYLINER CONVENIENCE CORP,3815,E TREMONT AVE ####,10465,,,1,1100.0,convenience or deli,1,
current,761376,AC,LA TIENDITA DONA FIDE 2,LA TIENDITA DONA FIDE 2 CORP,2589,ST RAYMOND AVENUE,10461,800,800.0,0,800.0,other grocery,1,
current,761373,A,BRONX MINI MART,BRONX MINI MART CORP,3324,3RD AVE ####,10456,1000,1000.0,0,1000.0,convenience or deli,1,
current,761360,AC,MUSA MEAT MARKET,SIMREEN PACKING ENTERPRISE INC,1260,WESTCHESTER AVE,10459,,,1,1200.0,specialty,1,
current,761313,AC,MOTT HAVEN'S MARKETPLACE,MOTT HAVENS MARKETPLACE INC,441,GERARD AVE ##,10451,1800,1800.0,0,1800.0,supermarket,1,
current,761307,AC,KIMBERLY DELI GROCERY,KIMBERLY DELI GROCERY CORP,3340-44,FORT INDEPENDENCE STREET,10463,2000,2000.0,0,2000.0,convenience or deli,1,
current,761303,AC,M&A DELI GROCERY 1,M&A DELI GROCERY 1 INC,374,E 188TH ST,10458,700,700.0,0,700.0,convenience or deli,1,
current,761224,AC,MAX FRESH FOOD DELI,MAX FRESH FOOD DELI CORP,870,PROSPECT AVE,10459,,,1,1100.0,convenience or deli,1,
current,761206,AC,BEST DELI & GRILL II,BEST DELI & GRILL II CORP,201,W 242ND ST,10471,1500,1500.0,0,1500.0,convenience or deli,1,
current,761204,AC,MI TEHUACAN,MI TEHUACAN CORP,2446,E TREMONT AVE ##,10461,,,1,1200.0,other grocery,1,
current,761197,AC,OLINVILLE DELI PLAZA,OLINVILLE DELI PLAZA CORP,2220,OLINVILLE AVE,10467,1200,1200.0,0,1200.0,convenience or deli,1,
current,761150,AC,EL TRIANGULO DELI MARKET,EL TRIANGULO DELI MARKET INC,2160,TIEBOUT AVENUE ##,10457,1800,1800.0,0,1800.0,convenience or deli,1,
current,761136,A,HUSSIENS 99 CENTS AND UP,HUSSIENS 99 CENTS AND UP INC,2128,JEROME AVENUE FRNT 3 ##,10453,800,800.0,0,,,0,general merchandise or dollar store
current,761132,A,W CANDY,W CANDY CORP,641,COURTLANDT AVE,10451,,,1,1100.0,convenience or deli,1,
current,761118,AC,1285 ROYALTY GOURMET,1285 ROYALTY GOURMET DELI & GROC CORP,1285,SOUTHERN BLVD,10459,2000,2000.0,0,2000.0,other grocery,1,
current,761096,AC,GUNHILL MEXICAN DELI GROCERY,GUNHILL MEXICAN DELI GROCERY LLC,751,E GUN HILL ROAD STE B,10467,800,800.0,0,800.0,convenience or deli,1,
current,761074,AC,53 CHOPPED CHEESE,53 CHOPPED CHEESE CORP,53,W FORDHAM RD,10468,1400,1400.0,0,1400.0,specialty,1,
current,761067,AC,6052 DOLPHINS GOURMET DELI,6052 DOLPHINS GOURMET DELI CORP,6052,RIVERDALE AVE,10471,1700,1700.0,0,1700.0,convenience or deli,1,
current,761066,AC,TREMONT 10 STAR GOURMET,TREMONT 10 STAR GOURMET CORP,303,E TREMONT AVE,10457,,,1,1200.0,other grocery,1,
current,761055,AC,HALA DELI,HALA DELI CORP,2086,ARTHUR AVE,10457,900,900.0,0,900.0,convenience or deli,1,
current,761023,AC,TACO GRANDE DELI,TACO GRANDE DELI CORP,1257,ST LAWRENCE AVE,10472,800,800.0,0,800.0,convenience or deli,1,
current,760985,AC,H&S CONVENIENCE,H&S CONVENIENCE CORP,288,EAST 174TH STREET ###,10457,1000,1000.0,0,1000.0,convenience or deli,1,
current,760984,AC,BLACK OLIVE GOURMET,BLACK OLIVE GOURMET INC,1318,JEROME AVE,10452,1200,1200.0,0,1200.0,other grocery,1,
current,760983,AC,9 STAR DELI AND GROCERY,9 STAR DELI AND GROCERY CORP,900,ALLERTON AVE,10469,,,1,1100.0,convenience or deli,1,
current,760979,AC,UNITY AFRICAN MARKET,UNITY AFRICAN MARKET LLC,60,E 174TH ST.,10452,1000,1000.0,0,1000.0,other grocery,1,
current,760974,AC,NUEVA ESPERANZA DELI,NUEVA ESPERANZA DELI 2 CORP,1374,SHERIDAN AVE ##,10456,500,500.0,0,500.0,convenience or deli,1,
current,760938,AC,NAJIM GOURMET DELI,NAJIM GOURMET DELI INC,526,MORRIS PARK AVE,10460,,,1,1100.0,convenience or deli,1,
current,760895,AC,MORRIS MINI MARKET,MORRIS MINI MARKET CORP,554,MORRIS AVENUE,10451,1200,1200.0,0,1200.0,convenience or deli,1,
current,760883,AC,SAM 4 DELI GROCERY,SAM 4 DELI GROCERY INC,2039,GRAND CONCOURSE,10453,1000,1000.0,0,1000.0,convenience or deli,1,
current,760864,AC,SKANDERBEG ALBANIAN MARKET,SKANDERBEG ALBANIAN MARKET LLC,2000,CONTINENTAL AVE,10461,600,600.0,0,600.0,other grocery,1,
current,760782,AC,ONE BEST DELI & MORE,ONE BEST DELI & MORE CORP,3807,E TREMONT FL 1 ##,10465,1000,1000.0,0,1000.0,convenience or deli,1,
current,760773,AC,KPODA CT SERVICES,KPODA CT SERVICES LLC,383,E 169TH ST,10456,600,600.0,0,600.0,other grocery,1,
current,760772,AC,U-RAY HALAL MEAT & FISH,U-RAY HALAL MEAT & FISH CORP,1378,BOSTON ROAD,10456,,,1,1200.0,specialty,1,
current,760662,AC,WHEELER DELI GROCERY,WHEELER DELI GROCERY CORPORATION,1209,WHEELER AVE,10472,1000,1000.0,0,1000.0,convenience or deli,1,
current,760633,AC,BRONX FAMOUS DELI,BRONX FAMOUS DELI CORP,782,E 163RD ST,10456,,,1,1100.0,convenience or deli,1,
current,760617,AC,174TH GRAND FOODMART,174TH GRAND FOODMART CORP,1645,GRAND AVE,10453,1800,1800.0,0,1800.0,other grocery,1,
current,760539,A,TOP HELL MINI MART MARKET,TOP HELL MINI MART MARKET CORP,708,CASTLE HILL AVE,10473,,,1,1100.0,convenience or deli,1,
current,760512,AC,3RD AVE BLUE STAR,3RD AVE BLUE STAR CORP,2614,3RD AVE,10454,1300,1300.0,0,1300.0,other grocery,1,
current,760509,AC,3 X 3 KITCHEN PROVISIONS,3 X 3 KITCHEN PROVISIONS LLC,3601,FIELDSTON RD,10463,1000,1000.0,0,1000.0,other grocery,1,
current,760507,AC,TOP DELI & MORE,TOP DELI & MORE CORP,743,BURKE AVE,10467,,,1,1100.0,convenience or deli,1,
current,760464,AC,BROTHERS GROCERY & CONVENIENCE,BROTHERS GROCERY & CONVENIENCE INC,271,EAST 161ST ST,10451,1800,1800.0,0,1800.0,convenience or deli,1,
current,760457,AC,SOCOTRA MEAT MARKET,SOCOTRA MEAT MARKET LLC,762,ALLERTON AVE,10467,1000,1000.0,0,1000.0,specialty,1,
current,760455,A,DOLLAR DEALS,MAX DEALS OGDEN INC,1049,OGDEN AVE ####,10452,,,0,,,0,general merchandise or dollar store
current,760453,A,MOODY GROCERY,MOODY GROCERY CORP,2660,3RD AVE,10454,800,800.0,0,800.0,convenience or deli,1,
current,760451,A,MORRO DELI GROCERY,MORRO DELI GROCERY CORP,602,MORRIS AVE #3,10451,800,800.0,0,800.0,convenience or deli,1,
current,760449,A,DELI GROCERY 137A,DELI GROCERY 137A CORP,575,E 137TH ST,10454,800,800.0,0,800.0,convenience or deli,1,
current,760435,AC,GLOBAL FRUIT MARKET,GLOBAL FRUIT MARKET CORP,722,BURKE AVE,10467,1000,1000.0,0,1000.0,specialty,1,
current,760402,AC,JP DELI AND GROCERY,JP BXWOOD GROCERY CORP,884,E 233RD STREET ###,10466,,,1,1100.0,convenience or deli,1,
current,760386,AC,WALES AVE GROCERY,WALES AVE GROCERY CORP,481,WALES AVE ####,10455,,,1,1100.0,convenience or deli,1,
current,760377,AC,LA MIA DELI,LA MIA DELI INC,1398,OGDEN AVENUE,10452,,,1,1100.0,convenience or deli,1,
current,760358,AC,BAKERY AND TAQUERIA ZITALALY,BAKERY AND TAQUERIA ZITALALY CORPORATION,34,W 183RD ST,10453,1400,1400.0,0,1400.0,specialty,1,
current,760356,AC,MONTER SEAFOOD,MONTER SEAFOOD CORP,3824,WHITE PLAINS RD,10467,,,1,1200.0,specialty,1,
current,760341,AC,DELY GROCERY METRO LOS REYES,DELY GROCERY METRO LOS REYES INC,531,E 184TH ST,10458,800,800.0,0,800.0,convenience or deli,1,
current,760337,AC,MARCS DELI & GROCERY,MARCS DELI & GROCERY CORP,1126,WESTCHESTER AVE,10459,,,1,1100.0,convenience or deli,1,
current,760309,A,AMIGO FOOD FOR LESS,WESTCHESTER AMIGO 99 INC,1255,WESTCHESTER AVE,10459,,,1,1200.0,other grocery,1,
current,760290,AC,STAR ONE DELI GROCERY 1,STAR ONE DELI GROCERY 1 CORP,541,E TREMONT AVE,10457,1200,1200.0,0,1200.0,convenience or deli,1,
current,760246,AC,LEBANON GOURMET DELI,LEBANON GOURMET DELI INC,750,E 169TH STREET STORE #1,10456,,,1,1100.0,convenience or deli,1,
current,760240,AC,MAYSA GOURMET DELI 2,MAYSA GOURMET DELI 2 CORP,243B,EAST 138TH ST,10451,800,800.0,0,800.0,convenience or deli,1,
current,760230,AC,C TOWN,1612 FRESH MARKET INC,1612,WESTCHESTER AVE,10472,10000,10000.0,0,10000.0,supermarket,1,
current,760222,AC,NOVAX DELI,NOVAX DELI CORPORATION,831,DAWSON ST,10459,,,1,1100.0,convenience or deli,1,
current,760218,AC,1214 CONVENIENCE STORE,1214 CONVENIENCE STORE CORPORATION,1214,SOUTHERN BLVD,10459,,,1,1100.0,convenience or deli,1,
current,760217,AC,NSR DELI GROCERY,NSR DELI GROCERY CORP,182-B,E 166 STREET,10456,,,1,1100.0,convenience or deli,1,
current,760170,A,E149 DISCOUNT STORE,E149 DISCOUNT STORE CORP,833,E 149TH ST,10455,1500,1500.0,0,,,0,general merchandise or dollar store
current,760136,AC,ALAND GOURMET DELI 2,ALAND GOURMET DELI 2 INC,1851,ARCHER ST,10460,1000,1000.0,0,1000.0,convenience or deli,1,
current,760107,AC,FIRST HEALTH FRESH GOURMET,FIRST HEALTH FRESH GOURMET INC,795,SOUTHERN BLVD,10455,,,1,1200.0,other grocery,1,
current,760086,A,290 FAMILY DISCOUNT 99CENTS PLUS,290 FAMILY DISCOUNT 99CENTS PLUS LLC,290,E KINGSBRIDGE ROAD,10458,,,0,,,0,general merchandise or dollar store
current,760078,AC,BRONX PARK CONVENIENCE,BRONX PARK CONVENIENCE CORPORATION,2028,WHITE PLAINS RD,10462,1200,1200.0,0,1200.0,convenience or deli,1,
current,760077,A,NEW HOPE GROCERY,NEW HOPE GROCERY INC,944,ALDUS ST,10459,,,1,1100.0,convenience or deli,1,
current,760063,AC,LINO DELI GROCERY,LINO DELI GROCERY CORP,1160,BOYNTON AVE,10472,900,900.0,0,900.0,convenience or deli,1,
current,760050,A,C&S AFRICAN-CARIBBEAN SUPERMARKET,C&S AFRICAN-CARIBBEAN SUPERMARKET LLC,3535,WHITE PLAINS RD###,10467,700,700.0,0,700.0,supermarket,1,
current,760049,AC,GREEN VILLAGE MEAT MARKET II,GREEN VILLAGE MEAT MARKET II CORP,116,E 170TH ST###,10452,,,1,1200.0,specialty,1,
current,760046,AC,CHARLIES DELI & GRILL,CHARLIES DELI & GRILL CORP,2434,CRESTON AVE,10468,,,1,1100.0,convenience or deli,1,
current,760035,AC,BLUE BAY KITCHEN & MARKET,BLUE BAY KITCHEN & MARKET INC,2769,3RD AVE ##,10451,,,1,1200.0,other grocery,1,
current,760030,AC,JASON DELI & GROCERY,JASON DELI & GROCERY CORP,218,W TREMONT AVE,10453,,,1,1100.0,convenience or deli,1,
current,760029,AC,SABROSURA 718 DELI,SABROSURA 718 DELI INC,2258,MORRIS AVE,10453,1600,1600.0,0,1600.0,convenience or deli,1,
current,760028,AC,EL SABOR DELI GROCERY,EL SABOR DELI GROCERY CORP,860,E 180TH STREET,10460,1600,1600.0,0,1600.0,convenience or deli,1,
current,760001,AC,ACEMAK DELI & GROCERY,ACEMAK DELI & GROCERY INC,363,E 180TH STREET,10457,,,1,1100.0,convenience or deli,1,
current,759996,AC,PAYA GOURMET DELI,PAYA GOURMET DELI CORP,1570,E 174TH ST,10472,1000,1000.0,0,1000.0,convenience or deli,1,
current,759984,AC,AA DELI & GRILL,AA DELI & GRILL INC,839C,PROSPECT AVE,10459,2000,2000.0,0,2000.0,convenience or deli,1,
current,759971,AC,NOAH GOURMET DELI,NOAH GOURMET DELI INC,1801,RADCLIFF AVE,10462,1200733,1200733.0,0,,,0,"over 100,000 sq ft"
current,759916,AC,ALCANTARA 05 DELI GROCERY,ALCANTARA 05 DELI GROCERY CORP,1736,ZEREGA AVE,10462,1500,1500.0,0,1500.0,convenience or deli,1,
current,759903,AC,BX23 DELI FOOD,BX23 DELI FOOD CORP,1584,UNIVERSITY###,10453,900,900.0,0,900.0,convenience or deli,1,
current,759894,AC,ANTILLANA SUPERFOOD MARKETPLACE,1850 FOOD CORP,1850,JEROME AVENUE,10453,,,1,8250.0,supermarket,1,
current,759882,AC,ORLANDINA DELI GROCERY,ORLANDINA DELI GROCERY CORP,261,EAST 172ND STREET ##,10457,1400,1400.0,0,1400.0,convenience or deli,1,
current,759830,AC,NICOLE DELI GROCERY,NICOLE DELI GROCERY CORP,119,EAST 157TH STREET ##,10451,1200,1200.0,0,1200.0,convenience or deli,1,
current,759799,AC,JB 170 DELI,JB 170 DELI CORP,1346,EDWARD L GRANT HWY,10452,1200,1200.0,0,1200.0,convenience or deli,1,
current,759790,AC,ECG DELI,ECG DELI INC,1349,WEBSTER AVENUE,10456,1200,1200.0,0,1200.0,convenience or deli,1,
current,759770,AC,SUNOCO,RDP PETROLEUM INC,1724,WEBSTER AVE,10457,1100,1100.0,0,,,0,gas station
current,759752,AC,ANGELS & SON FISH MARKET,ANGELS & SON FISH MARKET LLC,12,E 183RD STREET,10453,1800,1800.0,0,1800.0,specialty,1,
current,759721,AC,RAMIREZ GROCERY,RAMIREZ GROCERY CORP,571,E 139TH STREET,10454,,,1,1100.0,convenience or deli,1,
current,759713,AC,MURAD 1 DELI GROCERY,MURAD 1 DELI GROCERY CORP,2026,LAFONTAINE AVENUE,10457,,,1,1100.0,convenience or deli,1,
current,759706,AC,MI VIEJA DELI GROCERY & MORE,MI VIEJA DELI GROCERY & MORE CORP,314,EAST KINGSBRIDGE ROAD ###,10458,1000,1000.0,0,1000.0,convenience or deli,1,
current,759580,A,AL REHMAN GROCERY & HALAL MEAT,AL REHMAN GROCERY & HALAL MEAT INC,1059,ALLERTON AVE,10469,,,1,1100.0,convenience or deli,1,
current,759552,A,TOP TOP DELI,TOP TOP DELI CORP,1405,WALTON AVE STORE ONE,10452,900,900.0,0,900.0,convenience or deli,1,
current,759537,A,ETS ESSOVALENINI,ETS ESSOVALENINI LLC,1458,BOSTON RD###,10460,,,1,1200.0,other grocery,1,
current,759526,AC,EVERGREEN DELI MARKET,EVERGREEN DELI MARKET INC,1480,WESTCHESTER AVENUE  ##,10472,1200,1200.0,0,1200.0,convenience or deli,1,
current,759521,A,KINGS CASH & CARRY,KINGS CASH & CARRY 2 INC,17,CANAL PLACE,10451,10000,10000.0,0,10000.0,other grocery,1,
current,759519,AC,266 DELI & GOURMET,266 DELI & GOURMET CORP,266,E GUN HILL RD,10467,900,900.0,0,900.0,convenience or deli,1,
current,759510,AC,271 CONVENIENCE STORE,271 CONVENIENCE STORE INC,271,E KINGSBRIDGE RD,10458,,,1,1100.0,convenience or deli,1,
current,759507,AC,JEROME EXPRESS CONVENIENCE,JEROME EXPRESS CONVENIENCE CORP,2130,JEROME AVE. ###,10453,1300,1300.0,0,1300.0,convenience or deli,1,
current,759500,AC,MULTI 590 PETROLEUM,MUKTI 590 PETROLEUM INC,119,BRUCKNER BLVD ###,10454,,,0,,,0,gas station
current,759496,AC,975 WALTON DELI AND GROCERY,975 WALTON DELI AND GROCERY CORP,975 A,WALTON AVE. ###,10452,300,300.0,0,300.0,convenience or deli,1,
current,759484,AC,ROCHELL DELI GROCERY,ROCHELL DELI GROCERY CORP,984,JENNINGS STREET###,10460,,,1,1100.0,convenience or deli,1,
current,759481,AC,FIVE STAR CONVENIENCE & DELI,FIVE STAR CONVENIENCE & DELI CORP,1531,WESTCHESTER AVE STORE 1,10472,600,600.0,0,600.0,convenience or deli,1,
current,759480,AC,FAMOUS 837 GOURMET DELI,FAMOUS 837 GOURMET DELI INC,837,HOME ST,10459,,,1,1100.0,convenience or deli,1,
current,759461,AC,BUCKMART GROCERY,BUCKMART GROCERY INC,1151,NELSON AVE,10452,,,1,1100.0,convenience or deli,1,
current,759439,AC,CRUNCH & MUNCH GROCERY,CRUNCH & MUNCH GROCERY INC,949A,OGDEN AVENUE,10452,,,1,1100.0,convenience or deli,1,
current,759404,AC,ADI'S SUPERMARKET,CASTLE HILL SUPERMARKET INC,1375,CASTLE HILL AVE,10462,500,500.0,0,500.0,supermarket,1,
current,759371,A,JJ PHARMACY,CHOSEN RX INC,332,EAST 188TH STREET,10458,,,0,,,0,pharmacy
current,759363,AC,MYA GOURMET DELI,MYA GOURMET DELI CORP,1718,SOUTHERN BLVD,10460,1000,1000.0,0,1000.0,convenience or deli,1,
current,759340,AC,FAMOUS DELI,FAMOUS DELI CORP THE,4201,ONEIDA AVE,10470,1000,1000.0,0,1000.0,convenience or deli,1,
current,759294,AC,NATALIA GROCERY,NATALIA GROCERY CORP,459,TAYLOR AVENUE,10473,,,1,1100.0,convenience or deli,1,
current,759288,AC,ADALYNE DELI GROCERY,ADALYNE DELI GROCERY CORP,551,EAST 172ND ST.,10457,1300,1300.0,0,1300.0,convenience or deli,1,
current,759256,AC,N DELICATESSEN,N DELICATESSEN LLC,5706,MOSHOLU AVE,10471,,,1,1200.0,other grocery,1,
current,759158,AC,EAST 177TH DELI & GROCERY,EAST 177TH DELI & GROCERY INC,1898,JEROME AVE,10453,1000,1000.0,0,1000.0,convenience or deli,1,
current,759153,AC,IN & OUT DELI 1 & GROCERY,IN & OUT DELI 1 & GROCERY INC,3742,3RD AVE,10456,,,1,1100.0,convenience or deli,1,
current,759124,AC,ROSEDALE DELI & JUICE BAR,ROSEDALE DELI & JUICE BAR CORP,843,SOUNDVIEW AVE,10473,,,1,1100.0,convenience or deli,1,
current,759118,AC,169 STREET MATANZA DELI GROCERY,169 STREET MATANZA DELI GROCERY INC,157,W 169TH STREET ###,10452,1000,1000.0,0,1000.0,convenience or deli,1,
current,759115,AC,NOAH DELI AND GROCERY,NOAH DELI AND GROCERY CORP,229,SAINT ANNS AVE,10454,,,1,1100.0,convenience or deli,1,
current,759068,A,CAZARES GROCERY,CAZARES GROCERY LLC,344,E 148TH STREET  ##,10451,800,800.0,0,800.0,convenience or deli,1,
current,759050,AC,NEW BEST GOURMET DELI,NEW BEST GOURMET DELI CORP,573,EAST FORDHAM RD,10458,,,1,1100.0,convenience or deli,1,
current,759046,AC,ALLERTON HALAL MEAT MARKET,ALLERTON HALAL MEAT MARKET INC,755,ALLERTON AVE,10467,,,1,1200.0,specialty,1,
current,758942,AC,BEDFORD DELI,BEDFORD DELI 1 INC,26,BEDFORD PARK BLVD E,10468,1000,1000.0,0,1000.0,convenience or deli,1,
current,758938,AC,SABANA BUEY DELI GROCERY,SABANA BUEY DELI GROCERY CORP,804,E 178TH STREET,10460,,,1,1100.0,convenience or deli,1,
current,758917,AC,ILUSION DELI GROCERY,ILUSION DELI GROCERY CORP,662,EAST 141ST ST,10454,1000,1000.0,0,1000.0,convenience or deli,1,
current,758904,A,BALDOR SPECIALTY FOODS,CULINART INC,155,FOOD CENTER DRIVE  ##,10474,400,400.0,0,400.0,other grocery,1,
current,758884,AC,SEAN'S QUALITY DELI,SEANS QUALITY DELI LLC,4273,KATONAH AVENUE,10470,1100,1100.0,0,1100.0,convenience or deli,1,
current,758879,AC,FM GROCERY & CANDY,FM GROCERY & CANDY CORP,131,WEST KINGSBRIDGE RD. ###,10468,,,1,1100.0,convenience or deli,1,
current,758855,A,ALDI #149 (10/18/23),ALDI INC,843,WHITE PLAINS RD,10473,,,1,8250.0,supermarket,1,
current,758838,AC,Z3 MARKET AND DELI,Z3 MARKET AND DELI CORP,3200,WHITE PLAINS RD,10467,,,1,1100.0,convenience or deli,1,
current,758835,AC,MAWNIA DELI & GROCERY,MAWNIA DELI & GROCERY CORP,180,E 156TH ST,10451,1200,1200.0,0,1200.0,convenience or deli,1,
current,758825,AC,413 DELI,413 DELI CORP,2315,HUGHES AVE###,10458,,,1,1100.0,convenience or deli,1,
current,758804,AC,231 BIG APPLE DELI GROCERY,231 BIG APPLE DELI GROCERY CORPORATION,141,W 231ST ST,10463,1200,1200.0,0,1200.0,convenience or deli,1,
current,758752,AC,DARIO'S DELIGHTS,DARIOS DELIGHTS CORP,2349,ANDREW AVE NORTH,10468,900,900.0,0,900.0,other grocery,1,
current,758711,AC,TIM LOTTERY AND GROCERY,TIM LOTTERY AND GROCERY CORP,3968,WHITE PLAINS RD,10466,1000,1000.0,0,1000.0,convenience or deli,1,
current,758699,AC,MI GERIZIN MARKET,MI GERIZIN MARKET CORP,777,ELTON AVE,10451,2000,2000.0,0,2000.0,other grocery,1,
current,758694,AC,ABU AND BROTHERS,ABU AND BROTHERS CORP,1393,WEBBSTER AVE ###,10456,3000,3000.0,0,3000.0,other grocery,1,
current,758690,AC,HALAL LINCOLN DELI,HALAL LINCOLN DELI CORP,522,MORRIS AVE,10451,1500,1500.0,0,1500.0,convenience or deli,1,
current,758686,AC,717 DELI GROCERY,717 DELI GROCERY CORP,717,E 187TH ST,10458,,,1,1100.0,convenience or deli,1,
current,758675,AC,AZ DELI & GRILL NY,AZ DELI & GRILL NY INC,3827,3RD AVE,10457,,,1,1100.0,convenience or deli,1,
current,758653,AC,GINO DELI GROCERY,GINO DELI GROCERY CORP,935,E 163RD ST  ##,10459,1200,1200.0,0,1200.0,convenience or deli,1,
current,758647,A,198 99 PLUS,198 99 PLUS CORP,223,E 198TH STREET,10458,,,1,1200.0,other grocery,1,
current,758574,AC,STOP 1 KING DELI & GROCERY,STOP 1 KING DELI & GROCERY CORP,1803,MANSION ST ###,10460,750,750.0,0,750.0,convenience or deli,1,
current,758568,AC,MEXICANA PATY DELI GROCERY,868 JUQUILA BAKERY AND DELI GROCERY CORP,868,EAST 180TH ST.,10460,,,1,1100.0,convenience or deli,1,
current,758442,AC,WISAM MART,WISAM MART LLC,1764,DR MARTIN LUTHER KING JR BLVD,10453,,,1,1200.0,other grocery,1,
current,758412,AC,ABBY MART,ABBY MART LLC,688,E GUN HILL RD,10467,,,1,1200.0,other grocery,1,
current,758391,AC,BUS STOP MINI MARKET 1,BUS STOP MINI MARKET 1 CORP,271,E 206TH STREET,10467,,,1,1100.0,convenience or deli,1,
current,758360,AC,KAYLA'S HUT PLUS,THOMAS LEKISHA,805,PROSPECT AVENUE,10455,900,900.0,0,900.0,other grocery,1,
current,758343,AC,HONOR GROCERY & DELI,HONOR GROCERY & DELI CORP,1217,SHERMAN AVE ###,10456,,,1,1100.0,convenience or deli,1,
current,758299,A,LOLYS PHARMACY,LOLYS PHARMACY INC,21,W 183RD STREET  ##,10453,2000,2000.0,0,,,0,pharmacy
current,758203,A,DOLLAR TREE #09507,DOLLAR TREE STORES INC,1820,WILLIAMSBURG RD,10461,7000,7000.0,0,,,0,general merchandise or dollar store
current,758171,A,TIMS CANDY & GROCERY,TIMS CANDY & GROCERY CORP,3374,HULL AVE ###,10467,,,1,1100.0,convenience or deli,1,
current,758170,A,NEW STOP GROCERY,NEW STOP GROCERY INC,120,E 157TH STREET,10451,800,800.0,0,800.0,convenience or deli,1,
current,758165,AC,MI FAVORITA FRUIT MEAT MARKET,MI FAVORITA FRUIT MEAT MARKET CORP,745-747,LYDIG AVE,10462,3000,3000.0,0,3000.0,specialty,1,
current,758163,AC,AYEL DELI GROCERY,AYEL DELI GROCERY CORP,1299,FRANKLIN AVE ###,10456,1100,1100.0,0,1100.0,convenience or deli,1,
current,758154,AC,CASA AMIGOS DELI & GROCERY,CASA AMIGOS DELI & GROCERY CORP,301,SOUNDVIEW AVE,10473,,,1,1100.0,convenience or deli,1,
current,758118,AC,MY WAY SUPERMARKET,MY WAY SUPERMARKET CORP,200,SOUNDVIEW AVENUE,10473,,,1,8250.0,supermarket,1,
current,758115,AC,SUPER ASSOCIATED FRESH,616 SUPERMRKET CORP,616,MELROSE AVENUE,10455,8000,8000.0,0,8000.0,supermarket,1,
current,758103,AC,BRUCKNER JUICE BAR & GROCERY,BRUCKNER JUICE BAR & GROCERY INC,1616,BRUCKNER BLVD,10473,1000,1000.0,0,1000.0,convenience or deli,1,
current,758098,A,NONA'S EUROPEAN MARKET,NONAS EUROPEAN MARKET INC.,3071,WESTCHESTER AVE,10461,1700,1700.0,0,1700.0,other grocery,1,
current,758054,AC,C TOWN OF MORRIS PARK,BRONXDALE VEGS & MEAT CORP,1859,BRONXDALE AVE,10462,,,1,8250.0,supermarket,1,
current,758033,AC,DINOAH MARKET,DINOAH MARKET CORP,111,EAST 167TH STREET ###,10452,1200,1200.0,0,1200.0,other grocery,1,
current,757964,A,JEROME AVE DOLLAR DISCOUNT & GROCERY,JEROME AVE DOLLAR DISCOUNT & GROCERY COR,1,E 182ND ST,10453,1800,1800.0,0,1800.0,convenience or deli,1,
current,757962,A,MAX SUPER DISCOUNT,MAX SUPER DISCOUNT LLC,620,MORRIS PARK,10460,800,800.0,0,,,0,general merchandise or dollar store
current,757949,A,TWIN PARKS PHARMACY & SURG ASSOCIATES,AMS PHARMACY INC,817,EAST 180TH ST,10460,,,0,,,0,pharmacy
current,757936,AC,JEROME DELI DELICIOUS,JEROME DELI DELICIOUS INC,1769,JEROME AVE,10453,800,800.0,0,800.0,convenience or deli,1,
current,757890,AC,SISI FAMILY DELI,SISI FAMILY DELI CORP,531,E TREMONT AVE,10457,1000,1000.0,0,1000.0,convenience or deli,1,
current,757886,AC,AM FAMILY DISCOUNT & 99C STORE,AM FAMILY DISCOUNT & 99C STORE INC,2135,WILLIAMSBRIDGE RD,10461,2800,2800.0,0,,,0,general merchandise or dollar store
current,757885,AC,2143 PALMA EXOTIC DELI,2143 PALMA EXOTIC DELI CORP,2143,WILLIAMSBRIDGE RD,10461,2000,2000.0,0,2000.0,convenience or deli,1,
current,757845,AC,KELLY SREET DELI,KELLY SREET DELI CORP,947,E 163RD STREET,10459,1400,1400.0,0,1400.0,convenience or deli,1,
current,757831,AC,260 BURNSIDE DELI,260 BURNSIDE DELI INC,260,E BURNSIDE AVE,10457,,,1,1100.0,convenience or deli,1,
current,757825,AC,TU PODEROSA GROCERY STORE,TU PODEROSA GROCERY STORE CORP,27,EAST 175TH STREET,10453,1875,1875.0,0,1875.0,convenience or deli,1,
current,757821,AC,PEACEFUL GROCERY MARKET,PEACEFUL GROCERY MARKET LLC,3738,WHITE PLAINS ROAD ##,10467,,,1,1100.0,convenience or deli,1,
current,757820,AC,180TH MINI MART,180TH MINI MART CORP,906,E 180TH ST. FRONT 4  ###,10460,,,1,1100.0,convenience or deli,1,
current,757735,AC,AHMED DELI DISCOUNT,AHMED DELI DISCOUNT CORPORATION,857,E 241ST STREET  ##,10470,1200,1200.0,0,1200.0,convenience or deli,1,
current,757703,AC,MACCA,MACCA INC,609,MORRIS PARK AVE,10460,,,1,1200.0,other grocery,1,
current,757692,AC,BROTHER FINEST DELI,BROTHER FINEST DELI CORP,6,W BURNSIDE AVE,10453,1000,1000.0,0,1000.0,convenience or deli,1,
current,757687,AC,VYSE 2021 DELI,VYSE 2021 DELI CORP,1175,VYSE AVE FRONT 1,10459,,,1,1100.0,convenience or deli,1,
current,757686,AC,SHOP FAIR SUPERMARKET,ST ANNS MEAT CORP,345,SAINT ANNS AVENUE,10454,10000,10000.0,0,10000.0,supermarket,1,
current,757645,AC,WEST IN & OUT DELI,WEST IN & OUT DELI CORP,19,W TREMONT AVE,10453,1200,1200.0,0,1200.0,convenience or deli,1,
current,757644,AC,GREEN LEAF DELI MART,GREEN LEAF DELI MART CORP,2901,WHITE PLAINS RD  ##,10467,,,1,1100.0,convenience or deli,1,
current,757611,AC,RUDDY DELI GROCERY,RUDDY DELI GROCERY INC,309,CRIMMINS AVE,10454,3000,3000.0,0,3000.0,convenience or deli,1,
current,757592,AC,FAMOUS DELI MARKET,FAMOUS DELI MARKET CORP,333,E 138TH ST,10454,1500,1500.0,0,1500.0,convenience or deli,1,
current,757579,A,DUA BALKAN MARKET,DUA BALKAN MARKET CORP,371,E 204 ST,10467,,,1,1200.0,other grocery,1,
current,757534,A,BURKE 99 CENTS AND UP,BURKE 99 CENTS AND UP CORP,717,BURKE AVENUE,10467,1200,1200.0,0,,,0,general merchandise or dollar store
current,757510,A,DOLLAR DEALS,CASTLE HILL DEALS INC,650,CASTLE HILL AVE  ##,10473,,,0,,,0,general merchandise or dollar store
current,757503,A,HAPPY MARKET & DISCOUNT,HAPPY MARKET & DISCOUNT INC,784,E 152ND STREET,10455,1500,1500.0,0,,,0,general merchandise or dollar store
current,757501,AC,SUGAR KING DELI GROCERY,SUGAR KING DELI GROCERY INC,2366,JEROME AVE,10468,,,1,1100.0,convenience or deli,1,
current,757500,AC,YUMMY GOURMET DELI,YUMMY GOURMET DELI 1 CORP,379,BEDFORD PARK BLVD,10458,,,1,1100.0,convenience or deli,1,
current,757450,AC,PACO MEAT & FRUIT MARKET,PACO MEAT & FRUIT MARKET CORP,744,EAST TREMONT AVENUE,10457,,,1,1200.0,specialty,1,
current,757447,AC,CROSBY DELI & GROCERY,CROSBY DELI & GROCERY INC,1450,CROSBY AVE,10461,1200,1200.0,0,1200.0,convenience or deli,1,
current,757417,AC,FRANCYS64 DELI GROCERY,FRANCYS64 DELI GROCERY CORP,1275,WEBSTER AVE ###,10456,,,1,1100.0,convenience or deli,1,
current,757407,AC,EL MECIA MEAT PRODUCT,EL MECIA MEAT PRODUCT CORP,1299,SAINT LAWRENCE ST,10472,2000,2000.0,0,2000.0,specialty,1,
current,757313,AC,J DELI & GRILL PR,J DELI & GRILL PR CORP,689,MELROSE AVE,10455,1650,1650.0,0,1650.0,convenience or deli,1,
current,757294,AC,GT DELI,GT DELI CORP,131,ALEXANDER AVE,10454,2000,2000.0,0,2000.0,convenience or deli,1,
current,757280,AC,MG SUSHI,MG SUSHI INC,801,E GUN HILL ROAD,10467,100,100.0,0,100.0,other grocery,1,
current,757257,AC,LA CHIQUITA DE MOUNT EDEN,LA CHIQUITA DE MOUNT EDEN CORP,120,E MOUNT EDEN AVE###,10452,650,650.0,0,650.0,other grocery,1,
current,757252,AC,LOS HERNANDEZ MEAT & DELI GROCERY,LOS HERNANDEZ MEAT & DELI GROCERY INC,501 B,JACKSON AVE  ###,10455,2000,2000.0,0,2000.0,convenience or deli,1,
current,757250,AC,EL CAMPITO GROCERY STORE,EL CAMPITO GROCERY STORE INC,1465,BRYANT AVE  ###,10460,1100,1100.0,0,1100.0,convenience or deli,1,
current,757224,AC,LA HACIENDA MEXICANA MEAT MARKET,LA HACIENDA MEXICANA MEAT MKT CO,1528-1528A,WESTCHESTER AVE,10472,2500,2500.0,0,2500.0,specialty,1,
current,757218,AC,AAA MORRIS GAS,AAA MORRIS GAS INC,699,MORRIS AVENUE,10451,900,900.0,0,,,0,gas station
current,757212,AC,PROSPECT GOURMET DELI NY,PROSPECT GOURMET DELI NY INC,823,FREEMAN STREET,10459,,,1,1100.0,convenience or deli,1,
current,757140,AC,QUEEN AFRICAN MARKET,PIVI GNAMA,598,MORRIS AVE,10451,,,1,1200.0,other grocery,1,
current,757131,AC,HANINI GOURMET DELI,HANINI GOURMET DELI CORP,24,EAST 167TH STREET,10452,1800,1800.0,0,1800.0,convenience or deli,1,
current,757116,AC,MI BEBE DELI GROCERY,MI BEBE DELI GROCERY CORP,25,W 184TH ST,10468,1100,1100.0,0,1100.0,convenience or deli,1,
current,757045,AC,AL OSRAAH MARKET,AL OSRAAH MARKET CORP,3006,MIDDLETOWN RD,10461,3000,3000.0,0,3000.0,other grocery,1,
current,756854,A,2023 CONVENIENCE,2023 CONVENIENCE CORP,720,COURTLANDT AVENUE  ##,10451,2000,2000.0,0,2000.0,convenience or deli,1,
current,756839,AC,CASARRUBIAS FISH MARKET,CASARRUBIAS FISH MARKET INC,81B,W FORDHAM ROAD,10468,1000,1000.0,0,1000.0,specialty,1,
current,756815,AC,ZAID DELI GROCERY,ZAID DELI GROCERY CORP,1236,INTERVALE AVE,10459,,,1,1100.0,convenience or deli,1,
current,756788,AC,FERRERA DELI GROCERY,FERRERA DELI GROCERY CORP,2381,VALENTINE AVE,10458,,,1,1100.0,convenience or deli,1,
current,756730,AC,BESA MEAT MARKET,BESA MEAT MARKET INC,2133B,WILLIAMSBRIDGE ROAD,10461,,,1,1200.0,specialty,1,
current,756727,AC,MI RANCHITO MEAT MARKET,MI RANCHITO MEAT MARKET INC,1733,E 172ND STREET,10472,3000,3000.0,0,3000.0,specialty,1,
current,756699,AC,ENZOS ON THE GO,ENZOS ARTHUR AVE FOOD PROD LLC,2344,ARTHUR AVENUE  ##,10458,300,300.0,0,300.0,other grocery,1,
current,756609,AC,ALFRED DELI GROCERY,ALFRED DELI GROCERY CORP,1849,ANTHONY AVE. ###,10457,1200,1200.0,0,1200.0,convenience or deli,1,
current,756605,AC,5 KINGS DELI,5 KINGS DELI CORP,3595,3RD AVE ###,10456,1200,1200.0,0,1200.0,convenience or deli,1,
current,756563,AC,AMG RETAIL #174,AMG RETAIL 1 LLC,1,E 223RD ST,10470,1500,1500.0,0,1500.0,other grocery,1,
current,756554,AC,RP GROCERY DELI,SON SONATECA GROCERY STORE CORP,945,ALDUS ST,10459,,,1,1100.0,convenience or deli,1,
current,756547,A,BOUNA CANDY CONVENIENCE,BOUNA CANDY CONVENIENCE INC,718,E 180TH STREET,10457,,,1,1100.0,convenience or deli,1,
current,756543,AC,GRAND GRILL & GROCERY DELI,GRAND GRILL & GROCERY DELI CORP,50A,W BURNSIDE AVENUE,10453,1000,1000.0,0,1000.0,convenience or deli,1,
current,756541,AC,GRAB 2 GO DELI,GRAB 2 GO DELI CORP,1101,GARRISON AVE,10474,2000,2000.0,0,2000.0,convenience or deli,1,
current,756525,AC,REPUBLIC DELI,REPUBLIC DELI INC,4129,WHITE PLAINS RD,10466,,,1,1100.0,convenience or deli,1,
current,756412,AC,KINGFELLAS,KINGFELLAS II CORP,3000,BAILEY AVE. STORE #1,10463,950,950.0,0,950.0,other grocery,1,
current,756407,AC,MEXICAN DELI GROCERY ACE,MEXICAN DELI GROCERY ACE CORP,450,E 138TH ST  ##,10454,,,1,1100.0,convenience or deli,1,
current,756360,AC,43 BROTHER CONVENIENCE,43 BROTHER CONVENIENCE CORP,43,RICHMAN PLAZA,10453,1600,1600.0,0,1600.0,convenience or deli,1,
current,756349,AC,SJB DELI GROCERY,SJB DELI GROCERY CORP,1291,CLAY AVE,10456,,,1,1100.0,convenience or deli,1,
current,756317,AC,BRUCKNER EXPRESSWAY,BRUCKNER EXPRESSWAY INC,1419,BRUCKNER BLVD,10472,1000,1000.0,0,1000.0,other grocery,1,
current,756301,AC,JAEL DELI GROCERY,JAEL DELI GROCERY CORP,911,MELROSE AVE,10451,2000,2000.0,0,2000.0,convenience or deli,1,
current,756300,AC,RAFITO FOOD CENTER,RAFITO FOOD CENTER CORP,16,E 183RD STREET,10453,2000,2000.0,0,2000.0,other grocery,1,
current,756243,AC,BEST WAY DELI GROCERY,BEST WAY DELI GROCERY CORP,1106,EAST 216TH ST,10469,1500,1500.0,0,1500.0,convenience or deli,1,
current,756225,AC,FERNANDEZ DELI GROCERY,FERNANDEZ DELI GROCERY CORP,774,E 149TH ST STORE #4,10455,1300,1300.0,0,1300.0,convenience or deli,1,
current,756136,AC,MAMA'S DELI,MAMAS DELI CORP,1553,WATSON AVENUE,10472,1000,1000.0,0,1000.0,convenience or deli,1,
current,756135,AC,181 GOURMET DELI,181 GOURMET DELI CORP,54,EAST 181ST STREET,10453,2000,2000.0,0,2000.0,convenience or deli,1,
current,756099,AC,BOSTON DELI & GROCERY,BOSTON DELI & GROCERY INC,761,E 169TH STREET,10456,1800,1800.0,0,1800.0,convenience or deli,1,
current,756098,AC,526 S&M DELI GROCERY,526 S&M DELI GROCERY CORP,526,EAST 183RD STREET ###,10458,1100,1100.0,0,1100.0,convenience or deli,1,
current,756094,AC,1498 GOURMET DELI,1498 GOURMET DELI CORP,1498,WESTCHESTER AVE,10472,1200,1200.0,0,1200.0,convenience or deli,1,
current,756093,AC,CANABACOA DELI GROCERY,CANABACOA DELI GROCERY CORP,1158,GERARD AVE. ###,10452,,,1,1100.0,convenience or deli,1,
current,756031,AC,MAHYOOB DELI GROCERY,MAHYOOB DELI GROCERY CORP,56,W 183RD ST,10453,1600,1600.0,0,1600.0,convenience or deli,1,
current,756029,AC,JASPERS DELI 1,JASPERS DELI 1 CORPORATION,434,W238TH ST,10463,,,1,1100.0,convenience or deli,1,
current,755996,AC,SHOPNO BAZAR,HRFT INC,1430,ST PETERS AVE,10461,1000,1000.0,0,1000.0,other grocery,1,
current,755988,AC,204 GOURMET DELI,204 GOURMET DELI CORP,371,E 204TH ST STORE #1,10467,,,1,1100.0,convenience or deli,1,
current,755971,AC,ALLERTON MARKET,ALLERTON MARKET LLC,766,ALLERTON AVE,10467,,,1,1200.0,other grocery,1,
current,755970,AC,942 E GUN HILL DELI,942 E GUN HILL DELI CORP,942,E GUN HILL RD,10469,1000,1000.0,0,1000.0,convenience or deli,1,
current,755957,AC,LOS DOS CARNALES DELI GRCY,LOS DOS CARNALES DELI GRCY INC,380,E GUN HILL ROAD,10467,1000,1000.0,0,1000.0,convenience or deli,1,
current,755952,AC,F&M GOURMET DELI,F&M GOURMET DELI CORP,1903,WILLIAMSBRIDGE ROAD,10461,1000,1000.0,0,1000.0,convenience or deli,1,
current,755943,AC,856 E 180TH ST FOOD MARKET,856 E 180TH ST FOOD MARKET INC,856,EAST 180TH ST,10460,1000,1000.0,0,1000.0,other grocery,1,
current,755909,AC,AL INSAF HALAL GROCERY,AL INSAF HALAL GROCERY LLC,1430,ZEREGA AVENUE,10462,900,900.0,0,900.0,convenience or deli,1,
current,755907,AC,N&L GROCERY STORE,N&L GROCERY STORE INC,1551,SHERIDAN AVENUE,10457,1500,1500.0,0,1500.0,convenience or deli,1,
current,755872,AC,MORRIS PARK DELI &GROCERY,MORRIS PARK DELI &GROCERY CORP,803,MORRIS PARK AVE,10462,900,900.0,0,900.0,convenience or deli,1,
current,755780,AC,WILLIAMSBRIDGE RD GOURMET DELI,WILLIAMSBRIDGE RD GOURMET DELI CORP,2101A,WILLIAMSBRIDGE RD,10461,1800,1800.0,0,1800.0,convenience or deli,1,
current,755760,AC,AIDAS DELI GROCERY,AIDAS DELI GROCERY CORP,3945,CARPENTER AVE ###,10466,,,1,1100.0,convenience or deli,1,
current,755735,AC,DELICIOUS GROCERY DELI & KITCHEN,DELICIOUS GROCERY DELI & KITCHEN CORP,3136,MILES AVE,10465,,,1,1100.0,convenience or deli,1,
current,755698,AC,FAHID HALAL MEAT FISH FRUITS AND VEGETAB,FAHID HALAL MEAT FISH FRUITS AND VEGETAB,2128,JEROME AVENUE STORE #2,10453,1200,1200.0,0,1200.0,specialty,1,
current,755679,AC,CHOLULITA LA BELLA DELI GROCERY,CINTO ASSOCIATES LLC,1950,CROSS BRONX EXPY SERVICE RD,10472,1500,1500.0,0,1500.0,convenience or deli,1,
current,755665,AC,RANCH MINI MARKET & DELI,RANCH MINI MARKET & DELI INC,2739,WHITE PLAINS ROAD,10467,1000,1000.0,0,1000.0,convenience or deli,1,
current,755649,AC,BRONX 1 DELI GROCERY,BRONX 1 DELI GROCERY CORP,3706,3RD AVE. STORE #8,10456,,,1,1100.0,convenience or deli,1,
current,755627,AC,WINKLEBLACKS,WINKLEBLACKS INC,2022,EASTCHESTER ROAD ###,10461,2200,2200.0,0,2200.0,other grocery,1,
current,755591,AC,LA CENIZA DELI GROCERY,LA CENIZA DELI GROCERY INC,551 B,COMMONWEALTH AVE,10473,,,1,1100.0,convenience or deli,1,
current,755568,A,ST LOREN MULTI SERVICES,ST LOREN MULTI SERVICES INC,219,EAST TREMONT AVE,10457,,,1,1200.0,other grocery,1,
current,755553,AC,LA DIANA BAKERY SHOP,LA DIANA BAKERY SHOP CORP,2712B,E TREMONT AVE,10461,700,700.0,0,700.0,specialty,1,
current,755540,AC,PASS ORGANIC DELI,PASS ORGANIC DELI CORP,688,E 187TH ST,10458,1000,1000.0,0,1000.0,convenience or deli,1,
current,755529,AC,ARW DELI GROCERY,ARW DELI GROCERY CORP,165,LINCOLN AVE,10454,1000,1000.0,0,1000.0,convenience or deli,1,
current,755526,AC,HEALTHY SHACK DELI GROCERY,HEALTHY SHACK DELI GROCERY CORP,1086,SOUTHERN BLVD. STORE #2 ###,10459,,,1,1100.0,convenience or deli,1,
current,755471,AC,BAY DELI MARKET,BAY DELI MARKET CORP,3967,LACONIA AVE,10466,1100,1100.0,0,1100.0,convenience or deli,1,
current,755352,AC,ABES GOURMET DELI,ABES GOURMET DELI CORP,1741,EAST 172ND STREET ###,10472,1200,1200.0,0,1200.0,convenience or deli,1,
current,755347,AC,A&Y DELI,A&Y DELI CORPORATION,73,WESTCHESTER SQUARE,10461,,,1,1100.0,convenience or deli,1,
current,755339,AC,137 TITA MINI MARKET,137 TITA MINI MARKET CORP,137,E GUN HILL RD,10467,,,1,1100.0,convenience or deli,1,
current,755300,AC,RIVERAS MEAT MARKET,RIVERAS MEAT MARKET CORP,624,MORRIS AVE,10451,,,1,1200.0,specialty,1,
current,755281,AC,SUMMIT FOOD & DELI,SUMMIT FOOD & DELI CORP,1090,SUMMIT AVE,10452,1000,1000.0,0,1000.0,convenience or deli,1,
current,755270,AC,MINI MARKET DELI,MINI MARKET DELI CORP,3929,BAYCHESTER AVE 2,10466,,,1,1100.0,convenience or deli,1,
current,755269,AC,NEW STAR DELI,NEW STAR DELI INC,59,W 170TH STREET,10452,1000,1000.0,0,1000.0,convenience or deli,1,
current,755268,AC,DELI STOP SHOP MART,DELI STOP SHOP MART CORP,4702,WHITE PLAINS RD,10470,1200,1200.0,0,1200.0,convenience or deli,1,
current,755220,AC,EL PATRON DELI & GROCERY,ARMANDO DELI & GROCERY CORP,1761,BRONXDALE AVE,10462,800,800.0,0,800.0,convenience or deli,1,
current,755175,AC,LALA'S GROCERY,LALAS GROCERY INC,1553 A,WESTCHESTER AVENUE,10472,700,700.0,0,700.0,convenience or deli,1,
current,755174,A,ZAMZAM DRUGS,ZAMZAM DRUGS INC,3105,BAINBRIDGE AVENUE,10467,3400,3400.0,0,,,0,pharmacy
current,755104,AC,LA BAHIA DELI GROCERY,LA BAHIA DELI GROCERY CORP,1975,LAFONTAINE AVE ST 2,10457,1300,1300.0,0,1300.0,convenience or deli,1,
current,755064,AC,DOWN EAST SEAFOOD,BEL CANTO FOODS LLC,311,MANIDA ST ###,10474,,,1,1200.0,specialty,1,
current,755057,AC,1420 DELI FOOD,1420 DELI FOOD CORP,1420,CLAY AVENUE,10456,,,1,1100.0,convenience or deli,1,
current,755019,A,SAMI CONVENIENCE STORE,SAMI CONVENIENCE STORE INC,384,BEDFORD PARK BLVD,10458,900,900.0,0,900.0,convenience or deli,1,
current,754994,AC,SALIM GOURMET DELI PLUS,DIAWARA SALIMOU,766,MELROSE AVENUE,10451,,,1,1100.0,convenience or deli,1,
current,754963,AC,TYE ARI,TYE ARI LLC,3820,DYRE AVENUE,10466,,,1,1200.0,other grocery,1,
current,754960,A,ZACK MINI MARKET DELI & GROCERY,ZACK MINI MARKET DELI & GROCERY CORP,105,E 175TH ST,10453,800,800.0,0,800.0,convenience or deli,1,
current,754925,AC,TROCHEZ MEAT 2,TROCHEZ MEAT 2 CORP,106,W 168TH STREET,10452,,,1,1200.0,specialty,1,
current,754856,AC,WEST FORDHAM GROCERY,WEST FORDHAM GROCERY INC,150,W FORDHAM ROAD ##,10468,,,1,1100.0,convenience or deli,1,
current,754842,AC,B&B FOOD AND FRIED CHICKEN,B&B FOOD AND FRIED CHICKEN INC,755,WHITE PLAINS RD,10473,1400,1400.0,0,1400.0,other grocery,1,
current,754784,AC,WATERS ORGANIC DELI,WATERS ORGANIC DELI CORP,1497,WILLIAMSBRIDGE RD,10461,1000,1000.0,0,1000.0,convenience or deli,1,
current,754773,AC,LA PRESION DELI GROCERY,LA PRESION DELI GROCERY CORP,269,E 188TH STREET  ##,10458,,,1,1100.0,convenience or deli,1,
current,754765,AC,ZEREGA MINI MARKET,WZ DELI MINI MARKET INC,2366,WESTCHESTER AVE  ##,10462,1200,1200.0,0,1200.0,convenience or deli,1,
current,754737,AC,BANI 03 DELI GROCERY,BANI 03 DELI GROCERY CORP,766,E 152ND ST,10455,,,1,1100.0,convenience or deli,1,
current,754734,AC,OLIVES FOOD MARKET,OLIVES FOOD MARKET CORP,4200,BAYCHESTER AVE,10466,,,1,1200.0,other grocery,1,
current,754673,AC,PERLA GROCERY,PERLA GROCERY CORP,1142,EAST 165TH STREET ###,10459,,,1,1100.0,convenience or deli,1,
current,754670,A,1 S&F DELI GROCERY,1 S&F DELI GROCERY CORP,260,BROOK AVE ###,10454,800,800.0,0,800.0,convenience or deli,1,
current,754647,AC,W & M GROCERY,W & M GROCERY INC,1105,MORRISON AVENUE,10472,950,950.0,0,950.0,convenience or deli,1,
current,754609,AC,DOLLY DELI,DOLLY DELI CORP,2001,SOUTHERN BLVD,10460,900,900.0,0,900.0,convenience or deli,1,
current,754567,AC,4457 NATURAL DELI,4457 NATURAL DELI INC,4457,3RD AVE,10457,800,800.0,0,800.0,convenience or deli,1,
current,754531,AC,BUY & BUY DELI,BUY & BUY DELI CORP,798,LYDIG AVE,10462,1000,1000.0,0,1000.0,convenience or deli,1,
current,754519,AC,ANDREWS AVE DELI GROCERY,ANDREWS AVE DELI GROCERY LLC,1893,ANDREWS AVENUE,10453,1300,1300.0,0,1300.0,convenience or deli,1,
current,754489,AC,VALENTINE GIFT & FLOWER,VALENTINE GIFT & FLOWERS CORP,243,E 198TH ST,10458,1000,1000.0,0,1000.0,other grocery,1,
current,754427,AC,FAMILY AFRICAN MEAT MARKET,FAMILY AFRICAN MEAT MARKET CORPORATION,4028,WHITE PLAINS RD,10466,,,1,1200.0,specialty,1,
current,754419,AC,CONTIS PASTRY SHOPPE,CONTIS BAKING COMPANY INC,784-788,MORRIS PARK AVE,10462,,,1,1200.0,specialty,1,
current,754377,AC,233RD CARRIBEAN MEAT MARKET,233RD CARRIBEAN MEAT MARKET CORP,4206,WHITE PLAINS RD ###,10466,,,1,1200.0,specialty,1,
current,754372,AC,LORRIES DELI GROCERY,LORRIES DELI GROCERY CORP,365,E 193RD ST.,10458,,,1,1100.0,convenience or deli,1,
current,754323,A,CASTLE HILL FRUITS & GROCERY,CASTLE HILL FRUITS & GROCERY INC,2167,CROSS BRONX EXPY #4 ####,10462,700,700.0,0,700.0,convenience or deli,1,
current,754277,A,FAMILY 2 CANDY AND GROCERY,FAMILY 2 CANDY AND GROCERY CORP,287,E 170TH ST,10456,,,1,1100.0,convenience or deli,1,
current,754259,AC,1172 SAMS DELI,1172 SAMS DELI CORP,1172,E GUN HILL RD,10469,,,1,1100.0,convenience or deli,1,
current,754240,AC,GNG EUROPEAN GROCERY,GNG EUROPEAN GROCERY INC,1005,MACE AVE,10469,1500,1500.0,0,1500.0,convenience or deli,1,
current,754204,AC,NO 2 VARIEDADES DE MI CULTURA EBENEZER G,NO 2 VARIEDADES DE MI CULTURA EBENEZER G,1553,WESTCHESTER AVE B,10472,,,1,1200.0,other grocery,1,
current,754192,AC,QTBAN DELI & GROCERY,QTBAN DELI & GROCERY LLC,1623,WESTCHESTER AVENUE,10472,1000,1000.0,0,1000.0,convenience or deli,1,
current,754165,AC,NEW HEIGHTS FOOD,NEW HEIGHTS FOOD CORP,1705,DR MARTIN L KING JR BLVD,10453,2500,2500.0,0,2500.0,other grocery,1,
current,754158,AC,AFRICAN UNITY MEAT V,AFRICAN UNITY MEAT V CORP,1770,JEROME AVE,10453,,,1,1200.0,specialty,1,
current,754117,AC,AMAZING DELI MARKET,AMAZING DELI MARKET CORP,299,E 158TH STREET,10451,1800,1800.0,0,1800.0,convenience or deli,1,
current,754023,A,TARGET STORE T-3395,TARGET CORPORATION,215,E FORDHAM RD,10458,,,0,,,0,general merchandise or dollar store
current,754017,AC,DELI D'LUX,AMEXNY LLC,3223A,WESTCHESTER AVE,10461,800,800.0,0,800.0,convenience or deli,1,
current,754013,AC,ECHO DELI AND GROCERY,ECHO DELI AND GROCERY CORP,3740,BOSTON ROAD,10469,,,1,1100.0,convenience or deli,1,
current,753999,A,RSH FLOWERS 99 CENTS STORE,RSH FLOWERS 99 CENTS STORE CORP,5601,BROADWAY  ##,10463,2000,2000.0,0,,,0,general merchandise or dollar store
current,753993,AC,J&B AFRICAN MARKET,J&B AFRICAN MARKET LLC,2649,JEROME AVE,10468,1100,1100.0,0,1100.0,other grocery,1,
current,753977,AC,RCC DELI FOOD,RCC DELI FOOD CORP,588,MORRIS AVENUE,10451,,,1,1100.0,convenience or deli,1,
current,753975,AC,3610 MINI MARKET DELI,3610 MINI MARKET DELI CORP,3610,WHITE PLAINS RD,10467,,,1,1100.0,convenience or deli,1,
current,753944,AC,MAL DELI & GROCERY,MAL DELI & GROCERY CORP,1226,E GUN HILL RD.,10469,,,1,1100.0,convenience or deli,1,
current,753938,AC,JAHANGIR GENERAL GROCERY,JAHANGIR GENERAL GROCERY CORP,3133,WEBSTER AVENUE,10467,1600,1600.0,0,1600.0,convenience or deli,1,
current,753929,AC,AYHAM DELI GROCERY & GRILL,AYHAM DELI GROCERY & GRILL CORP,350,BROOK AVE,10454,1100,1100.0,0,1100.0,convenience or deli,1,
current,753888,AC,FOOD DYNASTY SPMKT,JRI JEROME FOOD CORP,2343,JEROME AVE,10468,14000,14000.0,0,14000.0,supermarket,1,
current,753841,A,HIGHBRIDGE GROCERY,HIGHBRIDGE GROCERY INC,82,W 165TH ST.,10452,,,1,1100.0,convenience or deli,1,
current,753794,AC,COMPARE FRESH,125 MAIN ESSENTIALS FOOD CORP,125,W KINGSBRIDGE RD. STORE 4&5,10468,3500,3500.0,0,3500.0,other grocery,1,
current,753779,AC,163RD DELI GROCERY,163RD DELI GROCERY CORP,928,MORRIS AVE,10451,,,1,1100.0,convenience or deli,1,
current,753775,AC,KING 163RD DELI,KING 163RD DELI CORP,517,EAST 163RD STREET,10451,1000,1000.0,0,1000.0,convenience or deli,1,
current,753697,AC,IMPERIO GROCERY STORE,IMPERIO GROCERY STORE CORP,728,E 233RD ST,10466,900,900.0,0,900.0,convenience or deli,1,
current,753694,AC,HUGOS GOURMET MARKET,DRAFT SNEAKERS INC,6469,BROADWAY,10471,1400,1400.0,0,1400.0,other grocery,1,
current,753685,AC,166 GOURMET GROCERY,166 GOURMET GROCERY INC,1097,BOSTON RD,10456,,,1,1100.0,convenience or deli,1,
current,753661,AC,STAR BLOCK CONVENIENCE STORE,STAR BLOCK INC,1401,E 233RD ST.,10466,,,1,1100.0,convenience or deli,1,
current,753651,AC,KEY FOOD,KINGSTON FINE FOODS CORP,2711,WHITE PLAINS ROAD,10467,10000,10000.0,0,10000.0,supermarket,1,
current,753628,AC,MI FINQUITA MINI MARKET 2,MI FINQUITA MINI MARKET 2 CORP,276,SAINT ANNS AVE,10454,1500,1500.0,0,1500.0,convenience or deli,1,
current,753621,AC,LACONIA DELI GROCERY,LACONIA DELI GROCERY CORP,3952,LACONIA AVE,10466,,,1,1100.0,convenience or deli,1,
current,753620,A,AAYAN FRUITS & VEGETABLES,AAYAN FRUITS & VEGETABLES INC,547,SOUTHERN BLVD,10455,,,1,1200.0,specialty,1,
current,753606,AC,SHOP FAIR SUPERMARKET,207 MEAT CORP,3917,WHITE PLAINS RD,10466,,,1,8250.0,supermarket,1,
current,753580,A,2 BROTHERS BEST DISCOUNT,2 BROTHERS BEST DISCOUNT CORP,536,E 168TH ST,10456,,,0,,,0,general merchandise or dollar store
current,753575,AC,NEW KINGS FINEST,NEW KINGS FINEST INC,25,E GUN HILL ROAD,10467,,,1,1200.0,other grocery,1,
current,753502,AC,KOFTOWN AFRICAN MARKET,KOFTOWN AFRICAN MARKET LLC,3372,HULL AVE,10467,417,417.0,0,417.0,other grocery,1,
current,753489,AC,SARRS ESSENTIAL PALACE AND JUICE BAR,SARRS ESSENTAIL PALACE AND JUICE BAR INC,305,E KINGSBRIDGE RD,10458,,,1,1200.0,other grocery,1,
current,753474,AC,J&L DELI GROCERY MINI MARKET,J&L DELI GROCERY MINI MARKET CORP,3214,WHITE PLAINS ROAD,10467,,,1,1100.0,convenience or deli,1,
current,753452,AC,MOE GOURMET FOOD CENTER,MOE GOURMET FOOD CENTER CORP,2306,WEBSTER AVE. STE #1  ###,10458,,,1,1200.0,other grocery,1,
current,753450,AC,BEBE DELI GROCERY,BEBE DELI GROCERY CORP,3118,BAILEY AVENUE,10463,,,1,1100.0,convenience or deli,1,
current,753448,AC,EL OSO DELI GROCERY,EL OSO DELI GROCERY INC,756,UNION AVE,10455,,,1,1100.0,convenience or deli,1,
current,753347,AC,PAPA CHE DELI,PAPA CHE DELI CORP,759-765,COMMONWEALTH AVENUE,10473,1000,1000.0,0,1000.0,convenience or deli,1,
current,753331,AC,675 MORRIS GOURMET DELI,675 MORRIS GOURMET DELI CORP,675,MORRIS AVE ###,10451,,,1,1100.0,convenience or deli,1,
current,753239,AC,LAST STOP DELI GROCERY THE,LAST STOP DELI GROCERY CORP THE,1380,E GUN HILL RD,10469,,,1,1100.0,convenience or deli,1,
current,753204,AC,NADIA AFRICAN MARKET,NADIA AFRICAN MARKET LLC,259,E 172ND ST. ###,10457,900,900.0,0,900.0,other grocery,1,
current,753154,AC,PIONEER SUPERMARKETS,BRONX FRESH FOODS CORP,3035,WHITE PLAINS ROAD,10467,,,1,8250.0,supermarket,1,
current,753149,AC,NERYS GROCERY STORE,NERYS GROCERY STORE INC,1145,CLAY AVE,10456,1000,1000.0,0,1000.0,convenience or deli,1,
current,753117,AC,LA FLOTA #1 DELI GROCERY,LA FLOTA #1 DELI GROCERY CORP,663,MELROSE AVENUE,10455,1300,1300.0,0,1300.0,convenience or deli,1,
current,753105,AC,EL MANA MINI MARKET,EL MANA MINI MARKET CORP,1024,LONGWOOD AVE,10459,1650,1650.0,0,1650.0,convenience or deli,1,
current,753042,AC,DARIAN MINI MARKET,DARIAN MINI MARKET CORP,281,EAST 170TH STREET,10456,,,1,1100.0,convenience or deli,1,
current,752996,AC,393 MUNCHIES DELI GROCERY,393 MUNCHIES DELI GROCERY CORPORATION,393,E 168TH STREET,10456,,,1,1100.0,convenience or deli,1,
current,752994,AC,69 DELI GROCERY,69 DELI GROCERY CORPORATION,1274,MORRIS AVE ####,10456,,,1,1100.0,convenience or deli,1,
current,752976,AD,CHAYANNE DELI GROCERY,CHAYANNE DELI GROCERY CORP,351,E 198TH ST,10458,,,0,,,0,"warehouse, wholesale or plant license"
current,752969,AC,F&M CONVENIENCE,F&M CONVENIENCE CORP,511,SOUNDVIEW AVE ###,10473,1000,1000.0,0,1000.0,convenience or deli,1,
current,752967,AC,ELA POSTRES GROCERY,ELA POSTRES GROCERY INC,69,E 181ST STREET  ###,10453,800,800.0,0,800.0,convenience or deli,1,
current,752938,AC,M&R BRONX DELI,M&R BRONX DELI CORP,1991,BRONXDALE AVE,10462,1200,1200.0,0,1200.0,convenience or deli,1,
current,752927,AC,JEANNINE DELI GROCERY,JEANNINE DELI GROCERY CORP,115E,EAST 184TH ST,10468,1100,1100.0,0,1100.0,convenience or deli,1,
current,752909,AC,ELIAM FOOD,ELIAM FOOD CORP,1001,FREEMAN STREET,10459,1400,1400.0,0,1400.0,other grocery,1,
current,752903,AC,3 HERMANAS DELI GROCERY,3 HERMANAS DELI GROCERY CORP,3004,HEATH AVE ###,10463,,,1,1100.0,convenience or deli,1,
current,752886,AC,Y N CAMPUS GOURMET DELI,Y N CAMPUS GOURMET DELI INC,386,E 161ST STREET,10451,,,1,1100.0,convenience or deli,1,
current,752801,AC,COMMUNITY DELI GROCERY,COMMUNITY DELI GROCERY 1 INC,951,EAST 180TH STREET,10460,1500,1500.0,0,1500.0,convenience or deli,1,
current,752792,AC,ALAMO DELICATESSAN,ALAMO DELICATESSAN INC THE,239,E 181ST STREET,10457,800,800.0,0,800.0,other grocery,1,
current,752769,AC,EMELI GROCERY,EMELI GROCERY CORP,593,VAN NEST AVE  ##,10460,750,750.0,0,750.0,convenience or deli,1,
current,752701,AC,MANNY & SAMMY DELI GROCERY,MANNY & SAMMY DELI GROCERY CORP,2009,CRUGER AVENUE,10462,700,700.0,0,700.0,convenience or deli,1,
current,752684,AC,192 DELI GROCERY,192 DELI GROCERY CORP,2587,JEROME AVE,10468,,,1,1100.0,convenience or deli,1,
current,752640,A,MELROSE CORNER,MELROSE CORNER INC,406,E 161 STREET,10451,,,1,1200.0,other grocery,1,
current,752518,AC,SB DELI GROCERY,SB DELI GROCERY CORP,337,E 146TH STREET,10451,,,1,1100.0,convenience or deli,1,
current,752514,AC,VARGAS FRUITS & DELI GROCERY,VARGAS FRUITS & DELI GROCERY CORP,2132,MOHEGAN AVENUE,10460,,,1,1100.0,convenience or deli,1,
current,752513,AC,1 PIECE DELI & GRILL,1 PIECE DELI & GRILL INC,2325,SOUTHERN BLVD,10460,,,1,1100.0,convenience or deli,1,
current,752506,AC,GALAXY GOURMET DELI,GALAXY GOURMET DELI CORP,300,E 170TH ST,10456,,,1,1100.0,convenience or deli,1,
current,752500,AC,DARIANNA FRUIT & MEAT MARKET,DARIANNA FRUIT & MEAT MARKET CORP,73,W KINGSBRIDGE TERRACE,10468,,,1,1200.0,specialty,1,
current,752433,AC,VARGAS II FRUITS DELI & GRCY,VARGAS II FRUITS DELI & GRCY CORP,774,BURKE AVENUE,10467,1600,1600.0,0,1600.0,convenience or deli,1,
current,752389,AC,DAVIEL DELI GROCERY,DAVIEL DELI GROCERY CORP,740,GERARD AVENUE,10451,,,1,1100.0,convenience or deli,1,
current,752388,AC,LA MONTRA DELI GROCERY,LA MONTRA DELI GROCERY CORP,1575-1579,WALTON AVENUE,10452,3000,3000.0,0,3000.0,convenience or deli,1,
current,752377,AC,LG MEAT PRODUCT,LG MEAT PRODUCT CORP,1531,WATSON AVENUE,10472,1000,1000.0,0,1000.0,specialty,1,
current,752373,AC,FIVE LINE GOURMET DELI 24,FIVE LINE GOURMET DELI 24 CORP,255,E TREMONT AVE,10457,1000,1000.0,0,1000.0,convenience or deli,1,
current,752335,AC,FOOD UNIVERSE,50 VAN CORTLANDT MEAT CORP,50,VAN CORTLANDT AVE W,10463,15000,15000.0,0,15000.0,supermarket,1,
current,752311,AC,MARVIN'S GOURMET DELI,MARVINS GOURMET DELI INC,1963,GRAND CONCOURSE A  ##,10453,,,1,1100.0,convenience or deli,1,
current,752283,AC,IRON GRILL,IRON GRILL CORP,596,SOUTHERN BLVD  ###,10455,,,1,1200.0,other grocery,1,
current,752213,ACDK,ADEPA FOODS,ADEPA FOODS LLC,1028,NEILL AVE ##,10461,1200,1200.0,0,,,0,"warehouse, wholesale or plant license"
current,752189,AC,E 187TH DELI GROCERY,E 187TH DELI GROCERY INC,662,E 187TH ST,10458,,,1,1100.0,convenience or deli,1,
current,752169,AC,KING CHOP CHEESE DELI AND GROCERY,KING CHOP CHEESE DELI AND GROCERY CORP,620,EAST 178TH ST,10457,800,800.0,0,800.0,convenience or deli,1,
current,752131,AC,AL ZAID DELI & GROCERY,AL ZAID DELI & GROCERY CORP,1539,WESTCHESTER AVE,10472,1800,1800.0,0,1800.0,convenience or deli,1,
current,752123,A,FEEL GOOD PHARMACY,JEFFERSON PHARMA LLC,3058,THIRD AVE,10451,,,0,,,0,pharmacy
current,752118,AC,ALEX'S MARKET,LOJA GROCERY LLC,2639,JEROME AVE,10468,1600,1600.0,0,1600.0,other grocery,1,
current,752103,AC,ALI-AMIN SUPERMARKET,RUBI & RINA INC,276,EAST 169TH STREET ##,10456,,,1,8250.0,supermarket,1,
current,752102,A,FAMILY DOLLAR #32473,FAMILY DOLLAR STORES OF NEW YORK LLC,130,E BURNSIDE AVE,10453,,,0,,,0,general merchandise or dollar store
current,752066,AC,362 GROCERY,362 GROCERY CORP,362,WILLIS AVE,10454,,,1,1100.0,convenience or deli,1,
current,752044,AC,GRAND CONCOURSE DELI,GRAND CONCOURSE DELI INC,200,E 170TH ST,10456,900,900.0,0,900.0,convenience or deli,1,
current,752030,AC,TREMONT GOURMET DELI,TREMONT GOURMET DELI INC,706,E TREMONT AVE,10457,1200,1200.0,0,1200.0,convenience or deli,1,
current,752021,AC,BOTANICAL MARKET,JK BOTANICAL MARKET INC,2220,BOSTON ROAD,10467,,,1,1200.0,other grocery,1,
current,751996,AC,CORNER FRESH MARKET,CORNER FRESH MARKET CORP,1133,MORRIS AVE,10456,,,1,8250.0,supermarket,1,
current,751962,AC,EL SITIO DELI GROCERY,EL SITIO DELI GROCERY CORP,1307,EDWARD L GRANT HWY ###,10452,,,1,1100.0,convenience or deli,1,
current,751932,A,NEW STADIUM DISCOUNT,NEW STADIUM DISCOUNT INC,880,RIVER AVE,10452,1200,1200.0,0,,,0,general merchandise or dollar store
current,751864,AC,LA CHAPEL DELI GROCERY,LA CHAPEL DELI GROCERY CORP,3429,THIRD AVE,10456,,,1,1100.0,convenience or deli,1,
current,751852,AC,GILBERT PLACE DELI GROCERY,GILBERT PLACE DELI GROCERY INC,1204,GILBERT PLACE,10474,1400,1400.0,0,1400.0,convenience or deli,1,
current,751846,AC,RAMS DELI & PIZZA,RAMS DELI & PIZZA INC,574,E FORDHAM RD,10458,,,1,1100.0,convenience or deli,1,
current,751822,AC,CASTEL EXPRESS GOURMET,CASTEL EXPRESS GOURMET DELI INC,2170,WESTCHESTER AVE,10462,1400,1400.0,0,1400.0,other grocery,1,
current,751809,AC,LAITH GOURMET DELI,LAITH GOURMET DELI INC,1286,WASHINGTON AVE,10456,,,1,1100.0,convenience or deli,1,
current,751781,A,UNIONPORT CANDY,UNIONPORT CANDY LLC,1541,UNIONPORT ROAD,10462,,,1,1100.0,convenience or deli,1,
current,751773,AC,TIMS DELI & GROCERY,TIMS DELI & GROCERY CORPORATION,804,BURKE AVENUE,10467,2000,2000.0,0,2000.0,convenience or deli,1,
current,751673,AC,RICHIES MEAT MARKET,R&A MEAT MARKET LLC,3818,EAST TREMONT AVENUE,10465,900,900.0,0,900.0,specialty,1,
current,751666,A,RAYEN DISCOUNT,RAYEN DISCOUNT INC,240,E 204TH ST ####,10458,,,0,,,0,general merchandise or dollar store
current,751648,AC,FOOD MARKET GROCERY STORE,FOOD MARKET GROCERY STORE INC,305,E 181ST STREET,10457,,,1,1100.0,convenience or deli,1,
current,751634,AC,EL PROVOCON DELI GROCERY,EL PROVOCON DELI GROCERY CORP,622-624,MANIDA ST - STORE 1,10474,1000,1000.0,0,1000.0,convenience or deli,1,
current,751631,AC,HASAN SUPERMARKET,HASAN SUPERMARKET INC,2165,STARLING AVE,10462,1100,1100.0,0,1100.0,supermarket,1,
current,751608,AC,EL CATRIN MEXICAN GROCERY,EL CATRIN LLC,508,WILLIS AVE,10455,,,1,1100.0,convenience or deli,1,
current,751606,AC,SOUNDVIEW DISCOUNT GAS,PALISADES FUELS INC,902,SOUNDVIEW AVE. ###,10473,,,0,,,0,general merchandise or dollar store
current,751592,AC,F&A GOURMET DELI,F&A GOURMET DELI INC,4402,WHITE PLAIINS RD,10470,,,1,1100.0,convenience or deli,1,
current,751571,AC,BCC DELI,BCC DELI CORP,88,W 181ST STREET ###,10453,1500,1500.0,0,1500.0,convenience or deli,1,
current,751569,AC,NEW SPRING DELI,NEW SPRING DELI CORP,651,EAST 187TH STREET ###,10458,,,1,1100.0,convenience or deli,1,
current,751504,A,SW GROCERY & DELI,SW GROCERY & DELI CORP,935,E 163 ST - CORNER,10459,,,1,1100.0,convenience or deli,1,
current,751495,A,SMA GROCERY,SMA GROCERY CORPORATION,4643,WHITE PLAINS RD,10470,700,700.0,0,700.0,convenience or deli,1,
current,751490,A,BROOK AVE CONVENIENCE,BROOK AVE CONVENIENCE CORP,487,BROOK AVE,10455,,,1,1100.0,convenience or deli,1,
current,751450,AC,MADE IN MEXICO DELI GROCERY,MADE IN MEXICO DELI GROCERY CORP,1764,EAST 174TH STREET,10472,1500,1500.0,0,1500.0,convenience or deli,1,
current,751422,AC,184 KING DELI GROCERY,184 KING DELI GROCERY LLC,2374,JEROME AVE,10468,,,1,1100.0,convenience or deli,1,
current,751417,AC,HEALTHY EATS DELI,HEALTHY EATS DELI CORP,527,E 137TH ST ###,10454,1800,1800.0,0,1800.0,convenience or deli,1,
current,751416,AC,173RD GOURMET DELI,173RD GOURMET DELI CORP,1680,CLAY AVE,10457,1200,1200.0,0,1200.0,convenience or deli,1,
current,751408,AC,BARI SUPER MARKET,BARI SUPER MARKET LLC,1412,CASTLE HILL AVENUE,10462,4500,4500.0,0,4500.0,supermarket,1,
current,751390,AC,JJM DELI GROCERY,JJM DELI GROCERY CORP,713,E 138TH STREET,10454,600,600.0,0,600.0,convenience or deli,1,
current,751375,AC,J & D NUTRITION,J & D NUTRITION CORP,1601,WILLIAMSBRIDGE RD ###,10461,800,800.0,0,800.0,other grocery,1,
current,751372,A,ALLERTON GROCERY & CONVENIENCE,ALLERTON GROCERY & CONVENIENCE CORP,685,ALLERTON AVENUE,10467,1800,1800.0,0,1800.0,convenience or deli,1,
current,751359,AC,FINEST FOOD VEGAN GRILL,MY DELI & GRILL INC,1201,CASTLE HILL AVE,10462,,,1,1200.0,other grocery,1,
current,751327,AC,TOP FRUITS AND VEGETABLES,TOP FRUITS AND VEGETABLES CORP,1057,SOUTHERN BLVD,10459,1500,1500.0,0,1500.0,specialty,1,
current,751320,A,MCGRAW PHARMACY,MCGRAW PHARMACY INC,2048,MCGRAW AVE,10462,4000,4000.0,0,,,0,pharmacy
current,751319,AC,MOBIL MART,BRONXDALE ENTERPRISE INC,2090,BRONXDALE AVE ####,10462,2350,2350.0,0,,,0,gas station
current,751288,AC,MK HALAL FOOD MARKET,MK HALAL AND TRADING CORPORATION,2610,THIRD AVE,10454,,,1,1200.0,other grocery,1,
current,751242,AC,PELHAM SUPERMARKET,IGNITE USA INC,706,LYDIG AVE,10462,2200,2200.0,0,2200.0,supermarket,1,
current,751208,AC,BUENA VISTA DELI GROCERY,BUENA VISTA DELI GROCERY CORP,650-652,PROSPECT AVE ###,10455,2000,2000.0,0,2000.0,convenience or deli,1,
current,751207,AC,MI CHAPINCITA QUETZAL,MI CHAPINCITA QUETZAL CORP,1093,SOUTHERN BLVD,10459,,,1,1200.0,other grocery,1,
current,751125,AC,TINOS SEAFOOD,TINOS SEAFOOD LTD,540,WEST 235TH STREET ##,10463,,,1,1200.0,specialty,1,
current,751093,AC,EMPIDE DELI GROCERY,EMPIDE DELI GROCERY INC,511,EAST 138TH STREET ###,10454,1800,1800.0,0,1800.0,convenience or deli,1,
current,751092,AC,TEAM RD DELI GROCERY,TEAM RD DELI GROCERY CORP,306,EAST 178TH STREET,10457,1000,1000.0,0,1000.0,convenience or deli,1,
current,751090,AC,LONGWOOD FISH MARKET #1,LONGWOOD FISH MARKET #1 INC,410,E 148TH STREET,10455,,,1,1200.0,specialty,1,
current,751084,AC,LOYALTY DELI,LOYALTY DELI CORP,1512,BOONE AVE,10460,1300,1300.0,0,1300.0,convenience or deli,1,
current,751083,AC,784 DELI GROCERY,784 DELI GROCERY INC,784,E 163RD STREET,10456,,,1,1100.0,convenience or deli,1,
current,751064,AC,MTB HALAL,MTB HALAL INC,1104,WEBSTER AVE,10456,,,1,1200.0,other grocery,1,
current,751044,AC,M&A FRUITS & DELI,M&A FRUITS & DELI CORP,1976,ARTHUR AVENUE,10457,,,1,1100.0,convenience or deli,1,
current,751043,AC,150 J&J DELI GROCERY,150 J&J DELI GROCERY CORP,150,EAST 174TH STREET,10468,1500,1500.0,0,1500.0,convenience or deli,1,
current,751038,AC,4028 GOURMET,4028 GOURMET LLC,4028,BOSTON RD,10475,1300,1300.0,0,1300.0,other grocery,1,
current,751032,AC,CARIBBEAN DELI GROCERY,CARIBBEAN DELI GROCERY CORP,646,EAST 241ST ST ##,10470,1300,1300.0,0,1300.0,convenience or deli,1,
current,750994,AC,CA FOOD MART,CA FOOD MART INC,3706,3RD AVENUE,10456,,,1,1100.0,convenience or deli,1,
current,750926,AC,EDDIES PACE AFRICAN MKET,EDDIES PLACE AFRICAN MKET 2 INC,1221,E 233RD ST,10466,,,1,1200.0,other grocery,1,
current,750839,AC,RIVER CITY DELI,RIVER CITY DELI INC,2430,E TREMONT AVE,10461,1600,1600.0,0,1600.0,convenience or deli,1,
current,750830,AC,HEALTHY CHOICE GOURMET III,HEALTHY CHOICE GOURMET III INC,4507,3RD AVE ####,10457,,,1,1200.0,other grocery,1,
current,750780,AC,WILSON GOURMET DELI,WILSON GOURMET DELI CORP,3401,BOSTON ROAD,10469,,,1,1100.0,convenience or deli,1,
current,750779,AC,MAXX GROCERY MARKET,MAXX MINI MARKET LLC,759,GERARD AVENUE,10451,,,1,1100.0,convenience or deli,1,
current,750767,AC,EL NIETO DE MAMA FIFI DELI FOOD,EL NIETO DE MAMA FIFI DELI FOOD CORP,660,BEACH AVE,10473,,,1,1100.0,convenience or deli,1,
current,750697,AC,MACCS,THEMACCS LLC,220,COSTER ST,10474,2000,2000.0,0,2000.0,other grocery,1,
current,750569,AC,PACE'S ITALIAN MARKET,PACES ITALIAN MARKET INC,2314,ARTHUR AVE ##,10458,,,1,1200.0,other grocery,1,
current,750536,AC,5 CORNERS GROCERY,5 CORNERS GROCERY CORP,1701,UNIONPORT ROAD,10462,800,800.0,0,800.0,convenience or deli,1,
current,750535,AC,MANITO FOOD CENTER,MANITO FOOD CENTER CORP,1133,WASHINGTON AVE ##,10456,,,1,1200.0,other grocery,1,
current,750497,AC,HUNTS POINT DELI,HUNTS POINT DELI CORP,1331,SENECA AVE,10474,,,1,1100.0,convenience or deli,1,
current,750478,AC,1791 SAN ANTONIO GROCERY,1791 SAN ANTONIO GROCERY CORP,1791,GLEASON AVENUE,10472,,,1,1100.0,convenience or deli,1,
current,750413,AC,SAYLON DELI,SAYLON DELI CORP,125,MARCY PLACE,10452,900,900.0,0,900.0,convenience or deli,1,
current,750410,AC,OCOA DELI GROCERY,OCOA DELI GROCERY INC,1201,LELAND AVE ####,10472,1000,1000.0,0,1000.0,convenience or deli,1,
current,750403,AC,BAINBRIDGE MARKET,BAINBRIDGE MARKET CORP,3215,BRAINBRIDGE AVE,10467,,,1,1200.0,other grocery,1,
current,750396,AC,SLOW COCOA,SLOW COCOA LLC,1361,VIELE AVE #201  ##,10474,800,800.0,0,800.0,other grocery,1,
current,750284,AC,PRINCE ZACHRY DELI GROCERY,PRINCE ZACHARY DELI GRCY CORP,1898,LONGFELLOW AVE,10460,,,1,1100.0,convenience or deli,1,
current,750254,AC,MOTHERLAND HALAL MARKET,LABADDO HEALTH AND BEAUTY LLC,623,E TREMONT AVE,10457,1500,1500.0,0,1500.0,other grocery,1,
current,750220,AC,CRIS DELI GROCERY,CRIS DELI GROCERY CORP,450,E 160TH STREET,10451,1000,1000.0,0,1000.0,convenience or deli,1,
current,750154,AC,Y&K LARA GROCERY,Y&K LARA GROCERY CORP,3945,CARPENTER AVE,10466,,,1,1100.0,convenience or deli,1,
current,750145,AC,UNITED 16 CONVENIENCE & DELI,UNITED 16 CONVENIENCE & DELI CORP,16,WEST 177TH ST,10453,1800,1800.0,0,1800.0,convenience or deli,1,
current,750144,AC,FRIENDSHIP DELI & TOBACCO,FRIENDSHIP DELI & TOBACCO LLC,3650,WHITE PLAINS RD,10467,,,1,1100.0,convenience or deli,1,
current,750099,AC,AURORA & AARON MEAT & PRODUCE,AURORA & AARON MEAT & PRODUCE CORP,1932,BRYANT AVENUE,10460,10000,10000.0,0,10000.0,specialty,1,
current,750077,A,VALENCIA BAKERY #4,MADRID BAKERY LLC,9,WEST BURNSIDE AVENUE,10453,500,500.0,0,500.0,specialty,1,
current,750033,AC,GOURMET MARKET & BAGEL,GOURMET MARKET & BAGEL INC,5993,BROADWAY,10471,1500,1500.0,0,1500.0,other grocery,1,
current,749997,AC,LA TIENDITA DONA FIDE,LA TIENDITA DONA FIDE CORP,2210,WESTCHESTER,10462,,,1,1200.0,other grocery,1,
current,749946,AC,2080 VALENTINE DELI GROCERY,2080 VALENTINE DELI GROCERY CORP,2080,VALENTINE AVE ####,10457,1100,1100.0,0,1100.0,convenience or deli,1,
current,749945,AC,BP,1930 BARTOW AVE PETROLEUM LLC,1930,BARTOW AVE ##,10469,1500,1500.0,0,,,0,gas station
current,749902,AC,BROTHER PRODUCE FARM,BROTHER PRODUCE FARM CORP,1154,E GUN HILL RD,10469,2400,2400.0,0,2400.0,specialty,1,
current,749892,AC,RODRIGUEZ PRODUCTOS MEXICANOS,RODRIGUEZ PRODUCTOS MEXICANOS INC,190,EAST 166TH STREET ####,10456,,,1,1200.0,other grocery,1,
current,749891,AC,JORDAN SUPERMARKET,JORDAN SUPERMARKET INC,940,E 174TH STREET,10460,1300,1300.0,0,1300.0,supermarket,1,
current,749869,A,SWEET CANDY GROCERY,SWEET CANDY GROCERY INC,3782,THIRD AVE,10456,800,800.0,0,800.0,convenience or deli,1,
current,749787,AC,LIAM GROCERY & DELI,LIAM GROCERY & DELI CORP,10,E 198TH STREET,10468,,,1,1100.0,convenience or deli,1,
current,749781,AC,WESTCHESTER GROCERY,WESTCHESTER GROCERY CORP,987,WESTCHESTER AVE ####,10459,1300,1300.0,0,1300.0,convenience or deli,1,
current,749755,AC,AMAYA EF FOOD,AMAYA EF FOOD CORP,617,CRESCENT AVE,10458,700,700.0,0,700.0,other grocery,1,
current,749747,AC,PRECISE CUTS DELI,PRECISE CUTS DELI CORP,346,E 188TH ST,10458,1000,1000.0,0,1000.0,convenience or deli,1,
current,749746,AC,BRYANT DELI,BRYANT DELI CORP,1766,BRYANT,10460,750,750.0,0,750.0,convenience or deli,1,
current,749734,AC,BIG AMERICAN GOURMET DELI,ALWAFA DELI GROCERY CORP,1400,CASTLE HILL AVE,10462,1500,1500.0,0,1500.0,convenience or deli,1,
current,749694,AC,FULTON AVE DELI,FULTON AVE DELI LLC,1725,FULTON AVE,10457,800,800.0,0,800.0,convenience or deli,1,
current,749610,AC,GREEN APPLE GOURMET & GROCERY,GREEN APPLE GOURMET AND GROCERY CORP,3569,E TREMONT AVE,10465,2400,2400.0,0,2400.0,convenience or deli,1,
current,749583,AC,GREEN DELI MARKETPLACE,GREEN DELI MARKETPLACE INC,2254,E TREMONT AVENUE,10462,600,600.0,0,600.0,supermarket,1,
current,749538,A,WEBSTER CONVENIENCE MART,WEBSTER CONVENIENCE MART CORP,11439B,WEBSTER AVE,10456,,,1,1100.0,convenience or deli,1,
current,749523,AC,MOTT HAVEN GROCERY,MOTT HAVEN GROCERY CORP,2592,3RD AVE,10454,,,1,1100.0,convenience or deli,1,
current,749519,AC,TOP GOURMET DELI,TOP GOURMET DELI INC,3506,WHITE PLAINS RD,10467,,,1,1100.0,convenience or deli,1,
current,749494,AC,EL NOVILLO MEAT MARKET,EL NOVILLO MEAT MARKET CORP,214,W 231ST STREET,10463,,,1,1200.0,specialty,1,
current,749464,AC,2550 DELI GROCERY,2550 DELI GROCERY CORP,2550,E TREMONT AVE,10461,1100,1100.0,0,1100.0,convenience or deli,1,
current,749442,AC,HIMYAR DELI & GROCERY,HIMYAR DELI & GROCERY CORP,1601,WESTCHESTER AVE,10472,,,1,1100.0,convenience or deli,1,
current,749416,AC,1901 SAFEWAY GOURMET DELI,1901 SAFEWAY GOURMET DELI CORP,1901,STORY AVE ####,10473,,,1,1100.0,convenience or deli,1,
current,749399,AC,1679 MONROE DELI GROCERY,1679 MONROE DELI GROCERY INC,1679,MONNROE AVENUE  ##,10457,800,800.0,0,800.0,convenience or deli,1,
current,749394,AC,1531 METRO DELI,1531 METRO DELI INC,1531,METROPOLITAN AVE,10462,800,800.0,0,800.0,convenience or deli,1,
current,749387,AC,238 CORNER STORE,MAHADAV ENTERPRISES INC,5818,BROADWAY,10463,,,1,1200.0,other grocery,1,
current,749363,AC,JR DELI & PRODUCE,BARTOW GOURMET DELI & GROCERY CORP,2045,BARTOW AVENUE,10475,1800,1800.0,0,1800.0,convenience or deli,1,
current,749343,A,CRUZ CONVENIENCE STORE,CRUZ CONVENIENCE STORE INC,1497,WESTCHESTER AVE,10472,,,1,1100.0,convenience or deli,1,
current,749333,A,DRUG RITE PHARMACY,DRUG RITE II PHARMACY CORP,3432,JEROME AVENUE #34,10467,2500,2500.0,0,,,0,pharmacy
current,749222,AC,GUN HILL GOURMET,GUN HILL GOURMET CORP,234,E GUN HILL ROAD,10467,,,1,1200.0,other grocery,1,
current,749205,AC,K & C FRUIT & VEGETABLES,ROON INC,4026,WHITE PLAINS RD,10466,,,1,1200.0,specialty,1,
current,749201,AC,RANCHITO MIXTECO,RANCHITO MIXTECO CORP,250,E GUN HILL ROAD,10467,,,1,1200.0,other grocery,1,
current,749190,A,BEYOND SNACKS,BEYOND SNACKS INC,575,E 161ST STREET,10456,,,1,1200.0,other grocery,1,
current,749183,AC,JJ SOUTHERN FARM FRUIT,S WON PROVISIONS INC,1046,SOUTHERN BLVD ##,10459,1600,1600.0,0,1600.0,specialty,1,
current,749145,AC,LOS BRAVOS FRUIT MARKET,LOS BRAVOS FRUIT MARKET LLC,14,E BEDFORD PARK BLVD,10468,1300,1300.0,0,1300.0,specialty,1,
current,749134,AC,AGR DELI GROCERY,AGR DELI GROCERY CORP,1662,BOSTON RD,10460,,,1,1100.0,convenience or deli,1,
current,749121,AC,WILLIS GROCERY AND DELI,WILLIS GROCERY AND DELI CORP,408,E 138TH STREET,10454,1800,1800.0,0,1800.0,convenience or deli,1,
current,749109,AC,LOS 4 CHAROS DELI GROCERY,LOS 4 CHAROS DELI GROCERY CORP,1437,BEACH AVE,10460,1600,1600.0,0,1600.0,convenience or deli,1,
current,749103,AC,LOVER STEAM FISH,LOVER JUICE BAR LLC,230,EAST 181ST STREET ###,10457,800,800.0,0,800.0,specialty,1,
current,749087,AC,PYE SUSHI,PYE 245 CORP,283,E 204TH STREET ###,10467,100,100.0,0,100.0,other grocery,1,
current,749074,AC,RAMA FOOD,RAMA FOOD CORP,605,E 168TH STREET,10456,,,1,1200.0,other grocery,1,
current,749048,AC,LARA MINI MARKET,LARA MINI MARKET CORP,1382,CROTONA AVE ####,10456,,,1,1100.0,convenience or deli,1,
current,749047,AC,FERS GRILL DELI,FERS GRILL DELI INC,2962,JEROME AVENUE,10468,1200,1200.0,0,1200.0,convenience or deli,1,
current,749042,AC,JP MEAT MARKET & PRODUCTS,JP MEAT MARKET & PRODUCTS CORP,489,E TREMONT AVE  ####,10457,1600,1600.0,0,1600.0,specialty,1,
current,749027,AC,CONVIVE BRANDS,MPQ BRONX COMMISSARY LLC,178,BRUCKNER BLVD ###,10454,15000,15000.0,0,15000.0,other grocery,1,
current,749018,A,LIVEWELL PHARMACY,LIVEWELL PHARMACY INC,1432E,GUNHILL ROAD,10469,,,0,,,0,pharmacy
current,748991,AC,GRIFFIN'S DELI,GRIFFINS DELI LLC,400,EAST GUN HILL RD,10467,800,800.0,0,800.0,convenience or deli,1,
current,748980,AC,3181 GREEN DELI,3181 GREEN DELI CORP,3187,WEBSTER AVE,10467,,,1,1100.0,convenience or deli,1,
current,748978,AC,DONA MARY,DONA MARY CORP,550,E 187TH STREET,10458,,,1,1200.0,other grocery,1,
current,748880,A,DCON DISCOUNT,DCON DISCOUNT INC,4412,WHITE PLAINS ROAD ###,10470,8000,8000.0,0,,,0,general merchandise or dollar store
current,748879,A,BEST 99C DISCOUNT & HARDWHERE THE,BEST 99C DISCOUNT & HARDWHERE INC,695,E GUN HILL RD,10467,,,0,,,0,general merchandise or dollar store
current,748875,A,EVERGREEN DISCOUNT,EVERGREEN DISCOUNT INC,230,EAST 170TH STREET ###,10456,,,0,,,0,general merchandise or dollar store
current,748857,AC,VIDANIA GROCERY STORE,VIDANIA GROCERY STORE CORP,124,EAST 176TH STREET,10453,1000,1000.0,0,1000.0,convenience or deli,1,
current,748846,AC,SOUTHERN BLVD GORMET DELI & SMOKE SHOP,SOUTHERN BLVD GORMET DELI & SMOKE SHOP C,1007,SOUTHERN BLVD,10459,600,600.0,0,600.0,convenience or deli,1,
current,748839,A,GOPUFF 637,GB LICENSE LLC,1872,E TREMONT AVE,10460,,,0,,,0,"online, wholesale or warehouse"
current,748830,A,GOPUFF 621,GB LICENSE LLC,3000,JEROME AVE,10468,4000,4000.0,0,,,0,"online, wholesale or warehouse"
current,748828,A,GOPUFF 620,GB LICENSE LLC,780,ST ANNS AVE,10456,,,0,,,0,"online, wholesale or warehouse"
current,748814,AC,MARIBEL MINI MARKET,MARIBEL MINI MARKET INC,558,COMMONWEALTH AVE ##,10473,1300,1300.0,0,1300.0,convenience or deli,1,
current,748813,AC,ECUATORIANITAS DELI,ECUATORIANITAS DELI CORP,978,LONGWOOD AVE,10459,,,1,1100.0,convenience or deli,1,
current,748795,AC,HEALTHY CHOICE GOURMET II,HEALTHY CHOICE GOURMET II INC,2698,JEROME AVE  ####,10468,1200,1200.0,0,1200.0,other grocery,1,
current,748793,AC,NEW GREENLAND TROPICAL DELI & GROCERY,NEW GREENLAND TROPICAL DELI & GROCERY IN,1737,DR MARTIN L KING JR BLVD ###,10453,,,1,1100.0,convenience or deli,1,
current,748738,AC,LILIS DELI GROCERY,LILIS DELI GROCERY CORP,995,"KELLY STREET, STORE 16",10459,600,600.0,0,600.0,convenience or deli,1,
current,748734,AC,595 SURIEL DELI GROCERY,595 SURIEL DELI GROCERY LLC,595,E 141ST STREET,10454,1000,1000.0,0,1000.0,convenience or deli,1,
current,748726,AC,6 STARS GOURMET DELI,6 STARS COURMET DELI CORP,2291,CROTONA AVE ##,10458,1000,1000.0,0,1000.0,convenience or deli,1,
current,748718,AC,FOOD UNIVERSE MARKETPLACE,2358 MEAT CORP,2358,UNIVERSITY AVE,10468,4000,4000.0,0,4000.0,supermarket,1,
current,748678,AC,SUPERFRESH KEY FOOD,1434 FOOD CO LLC,1434,JEROME AVENUE,10452,14000,14000.0,0,14000.0,supermarket,1,
current,748669,AC,BENEFISHAL SEAFOOD,BENEFISHAL SEAFOOD LLC,800,FOOD CENTER DR UNIT 36 ###,10474,800,800.0,0,800.0,specialty,1,
current,748665,AC,ILIYAS GOURMET DELI 1,ILIYAS GOURMET DELI 1 INC,3211,WESTCHESTER AVE  ##,10461,1000,1000.0,0,1000.0,convenience or deli,1,
current,748636,A,LEROY PHARMACY,LEROY PHARMACY II,239,E  198TH ST,10458,,,0,,,0,pharmacy
current,748561,AC,PRAMUKH KRUPA,PRAMUKH KRUPA 4004 INC,4004,EAST TREMONT AVE,10465,,,1,1200.0,other grocery,1,
current,748558,AC,BROTHERS CONVENIENCE STORE,BROTHERS CONVENIENCE STORE INC,1461,SOUTHERN BLVD,10460,1400,1400.0,0,1400.0,convenience or deli,1,
current,748557,AC,A&J 152ST FOOD,A&J 152ST FOOD LLC,835,EAST 152ND STREET,10455,,,1,1200.0,other grocery,1,
current,748553,AC,3413 MEAT MARKET,3413 MEAT MARKET CORP,3413,BOSTON RD ###,10469,,,1,1200.0,specialty,1,
current,748550,AC,S&A 99 CENTS PLUS,S&A 99 CENTS PLUS CORP,248,W 231ST STREET,10463,,,0,,,0,general merchandise or dollar store
current,748511,AC,E C DELI & GROCERY,E C DELI & GROCERY CORP,1388,JESUP AVE ####,10452,,,1,1100.0,convenience or deli,1,
current,748505,AC,EL RANCHO MARKET,EL RANCHO MARKET CORP,19,E KINGSBRIDGE RD,10468,1300,1300.0,0,1300.0,other grocery,1,
current,748501,AC,SAMY MINI MARKET AND DELI,SAMY MINI MARKET AND DELI CORP,2444,WILLIAMSBRIDGE,10469,,,1,1100.0,convenience or deli,1,
current,748499,A,ABLAN GROCERY STORE,ABLAN GROCERY STORE CORP,3959,BRONXWOOD AVE,10466,,,1,1100.0,convenience or deli,1,
current,748442,AC,YANKEE SUPERMARKET,YANKEE FOOD DELI INC,2304,SEDGWICK AVENUE,10468,1500,1500.0,0,1500.0,supermarket,1,
current,748426,AC,3 BROS GOURMET DELI,3 BROS GOURMET DELI INC,1570B,BATHGATE AVE,10457,1400,1400.0,0,1400.0,convenience or deli,1,
current,748420,AC,NEW JUABEN AFRICAN MKT,NEW JUABEN AFRICAN MKT LLC,4234,WHITE PALINS RD,10466,,,1,1200.0,other grocery,1,
current,748388,AC,BENDECIDO DELI GROCERY,BENDECIDO DELI GROCERY CORP,927,EAST 169TH STREET,10459,,,1,1100.0,convenience or deli,1,
current,748377,AC,GOD PROMISE AFR & CARIB MKT,GOD PROMISE INC,2364,JEROME AVE,10468,1800,1800.0,0,1800.0,other grocery,1,
current,748346,AC,AGBOGBLOSHIE AFRICAN MARKET,AGBOGBLOSHIE AFRICAN MARKET INC,1322,E GUN HILL ROAD,10469,1000,1000.0,0,1000.0,other grocery,1,
current,748335,AC,NEW LYDIG PICK & PACK,NEW LYDIG PICK & PACK INC,716,LYDIG AVE,10462,1400,1400.0,0,1400.0,other grocery,1,
current,748332,AC,AMAA GOURMET DELI,AMAA GOURMET DELI CORP,1591,WATSON AVE,10472,,,1,1100.0,convenience or deli,1,
current,748331,AC,DAYLAN DELI,DAYLAN DELI CORP,100,WEST 168TH ST,10452,,,1,1100.0,convenience or deli,1,
current,748321,AC,332 BELLO MINI MARKET,332 BELLO MINI MARKET INC,332,ST ANNS AVE ####,10454,,,1,1100.0,convenience or deli,1,
current,748313,AC,LIZZIE'S SUPERMARKET,LAYTON AVENUE FOOD CORP,3201,LAYTON AVENUE,10465,3000,3000.0,0,3000.0,supermarket,1,
current,748272,AC,7-ELEVEN STORE 39365H,7 ELEVEN INC,590,E FORDHAM RD ###,10458,1000,1000.0,0,1000.0,convenience or deli,1,
current,748258,AC,TEMPTATION DELI,TEMPTATION DELI CORP,2851,WEBSTER AVE ##,10458,400,400.0,0,400.0,convenience or deli,1,
current,748248,AC,FRIENDLY DELI,FRIENDLY DELI INC,671,KELLY STREET,10455,800,800.0,0,800.0,convenience or deli,1,
current,748243,A,PEOPLES DRUG RX,PEOPLES DRUG RX INC,3176,BAINBRIDGE AVE,10467,,,0,,,0,pharmacy
current,748242,A,KINGS DRUGS,KINGS DRUGS INC,306,E 149TH ST,10451,,,0,,,0,pharmacy
current,748192,AC,TOWN MARKET,TOWN MARKET CORP,700,MORRIS PARK AVE,10462,800,800.0,0,800.0,other grocery,1,
current,748178,AC,BLACK BODEGA,DA OWNERZ BOX LLC,231,E 167TH STREET,10456,,,1,1100.0,convenience or deli,1,
current,748176,A,MAX DEALS,MAX DEALS PROSPECT INC,985,PROSPECT AVE###,10459,1200,1200.0,0,1200.0,other grocery,1,
current,748165,AC,FASO AFRICAN MARKET,FASO AFRICAN MARKET CORP,953A,WESTCHESTER AVE,10459,400,400.0,0,400.0,other grocery,1,
current,748164,A,EVERYDAY SAVINGS,BAJAJ FOOD CORP,1031,WESTCHESTER AVE,10459,2000,2000.0,0,2000.0,other grocery,1,
current,748105,A,1781 WESTCHESTER GROCERY & CANDY,1781 WESTCHESTER GROCERY & CANDY,1795,WESTCHESTER AVE. ###,10472,800,800.0,0,800.0,convenience or deli,1,
current,748083,AC,JVY DELI GROCERY,JVY DELI GROCERY CORP,1685,UNIVERSITY AVENUE,10453,,,1,1100.0,convenience or deli,1,
current,748069,AC,4577 YAMILKA DELI GROCERY,4577 YAMILKA DELI GROCERY CORP,4577,MATILDA AVENUE,10470,1300,1300.0,0,1300.0,convenience or deli,1,
current,748058,AC,TANG & TASTY DELI GROCERY,TANG & TASTY DELI GROCERY CORP,260,EAST 143RD STREET,10451,,,1,1100.0,convenience or deli,1,
current,748045,AC,KIMS FISH MARKET,BRONX FISH MARKET INC,555,MORRIS AVE ##,10451,,,1,1200.0,specialty,1,
current,747990,AC,FOOD FAIR FRESH MARKET,ST MEAT & GROCERY INC,2467,JEROME AVE,10468,15000,15000.0,0,15000.0,supermarket,1,
current,747954,A,1160 TREMONT DISCOUNT,1160 TREMONT DISCOUNT CORP,1160,E TREMONT AVENUE,10460,2200,2200.0,0,,,0,general merchandise or dollar store
current,747908,AC,198 ST DELI GROCERY,198 ST DELI GROCERY CORP,2840,VALENTINE AVE,10458,,,1,1100.0,convenience or deli,1,
current,747907,AC,MARLEY 2 GROCERY,MARLEY 2 GROCERY CORP,4236,WHITE PLAINS RD,10466,,,1,1100.0,convenience or deli,1,
current,747893,AC,NEW FORDHAM FOOD PLAZA,NEW FORDHAM FOOD PLAZA 1 CORP,2487,CRESTON AVE,10468,1200,1200.0,0,1200.0,supermarket,1,
current,747889,AC,SWEET DELI GROCERY,SWEET DELI GROCERY CORP,3001,ALBANY CRESCENT,10463,,,1,1100.0,convenience or deli,1,
current,747884,AC,CAMILA DELI MARKET,CAMILA DELI MARKET LLC,950,ANDERSON AVENUE,10452,1000,1000.0,0,1000.0,convenience or deli,1,
current,747837,AC,SANTANA GROCERY DELI,SANTANA GROCERY DELI CORP,2001,WHITE PLAINS ROAD,10462,,,1,1100.0,convenience or deli,1,
current,747815,AC,SAMMY 194 DELI,SAMMY 194 DELI INC,2629,MARION AVE,10458,,,1,1100.0,convenience or deli,1,
current,747814,AC,C&A DELI MART,C&A DELI MART CORP,966,WOODMANSTEN PL.,10462,600,600.0,0,600.0,convenience or deli,1,
current,747788,AC,1289 JC DELI GROCERY,1289 JC DELI GROCERY CORP,1289,WALTON AVENUE,10452,,,1,1100.0,convenience or deli,1,
current,747748,AC,ABU YEMEN MEAT MARKET,ABU YEMEN MEAT MARKET CORP,1202,WHITE PLAINS ROAD,10472,,,1,1200.0,specialty,1,
current,747746,AC,LA FLOTA DELI GROCERY,LA FLOTA DELI GROCERY CORP,7,EAST 172ND STREET,10452,,,1,1100.0,convenience or deli,1,
current,747730,A,ST JOHN MARKET,ST JOHN MARKET INC,639,SOUTHERN BLVD,10455,,,1,1200.0,other grocery,1,
current,747695,AC,TELLO GROCERY,TELLO GROCERY CORP,353,E 138TH STREET,10454,,,1,1100.0,convenience or deli,1,
current,747682,AC,WATSON FOOD MARKET,WATSON FOOD MARKET CORP,1755,WATSON AVENUE,10472,,,1,1200.0,other grocery,1,
current,747681,AC,JAA DELI GROCERY,JAA DELI GROCERY CORP,214B,EAST 180TH ST.,10457,1300,1300.0,0,1300.0,convenience or deli,1,
current,747630,AC,KASIR DELI,KASIR DELI INC,1307,BOSTON ROAD,10456,800,800.0,0,800.0,convenience or deli,1,
current,747626,AC,DELI TAQUERIA XOCHITLALLI,JUAN DIAZ MARTINEZ & MARGARITO CITLAME P,1507,WHITE PLAINS ROAD,10462,300,300.0,0,300.0,convenience or deli,1,
current,747622,AC,229 MOTT HAVEN,229 MOTT HAVEN INC,229,SAINT ANNS AVE ####,10454,,,1,1200.0,other grocery,1,
current,747609,AC,FRUITS VEGETABLES & GROCERY,FRUITS VEGETABLES & GROCERY INC,756,LYDIG AVE,10462,600,600.0,0,600.0,convenience or deli,1,
current,747491,A,WOODLAWN GIFT SHOP,GHALEB ALI A,4309,KATONAH AVE,10470,1000,1000.0,0,1000.0,other grocery,1,
current,747477,AC,2143 BARNES DELI GROCERY,2143 BARNES DELI GROCERY CORP,2143,BARNES AVENUE,10462,600,600.0,0,600.0,convenience or deli,1,
current,747454,AC,1183 PUGSLEY DELI GROCERY,1183 PUGSLEY DELI GROCERY CORP,1183,PUGSLEY AVE ####,10472,2000,2000.0,0,2000.0,convenience or deli,1,
current,747428,AC,EASTCHESTER GOURMET DELI,EASTCHESTER GOURMET DELI INC,3001,EASTCHESTER ROAD,10469,,,1,1100.0,convenience or deli,1,
current,747379,A,BROTHERS & BOBO,BROTHERS & BOBO LLC,902,HUNTS POINT AVENUE,10474,550,550.0,0,550.0,other grocery,1,
current,747358,AC,361 DELI GROCERY,361 DELI GROCERY LLC,361,E 204 STREET,10467,,,1,1100.0,convenience or deli,1,
current,747352,AC,1223 IE DELI GROCERY,1223 IE DELI GROCERY CORP,1223,BOSTON RD ####,10456,,,1,1100.0,convenience or deli,1,
current,747346,AC,R & E DELI GROCERY,R & E DELI GROCERY LLC,2773 A,WEBSTER AVENUE,10458,100,100.0,0,100.0,convenience or deli,1,
current,747315,AC,EL CORRAL MEAT MARKET,EL CORRAL MEAT MARKET CORP,1187,MORRISON AVE,10472,1400,1400.0,0,1400.0,specialty,1,
current,747211,AC,MAX PRO 99 CENTS PLUS DISCOUNT STORE & H,MAX PRO 99 CENTS PLUS DISCOUNT STORE & H,3593,THIRD AVE,10456,,,0,,,0,general merchandise or dollar store
current,747188,AC,3433 DELI GRILL & JUICE,3433 DELI GRILL & JUICE BAR INC,3433,BOSTON ROAD,10469,1400,1400.0,0,1400.0,convenience or deli,1,
current,747105,AC,SHIESTYAVE DELI,SHIESTYAVEDELI LLC,1083,SHERIDAN AVE. ###,10456,1000,1000.0,0,1000.0,convenience or deli,1,
current,747060,AC,WHOLESOME DELI GROCERY,WHOLESOME DELI GROCERY CORP,49,W 181 STREET,10453,600,600.0,0,600.0,convenience or deli,1,
current,747053,AC,SHOP FAIR,BROOK MEAT & PRODUCE CORP,228,BROOK AVENUE,10454,10000,10000.0,0,10000.0,supermarket,1,
current,746963,AC,PARKCHESTER DELI GROCERY,PARKCHESTER DELI GROCERY CORP,1915,WESTCHESTER AVE,10462,800,800.0,0,800.0,convenience or deli,1,
current,746938,A,BEDFORD CONVENIENCE MART,BEDFORD CONVENIENCE MART CORP,29,E BEDFORD PARK BLVD,10468,950,950.0,0,950.0,convenience or deli,1,
current,746886,AC,FOOD UNIVERSE MARKET PL,MIANDAV FOOD CORP,1187,JEROME AVENUE,10452,8000,8000.0,0,8000.0,supermarket,1,
current,746838,AC,JOBU GROCERY,JOBU GROCERY CORP,1405,TOWNSEND AVE,10452,,,1,1100.0,convenience or deli,1,
current,746832,AC,EL COLMADITO GROCERY DELI,EL COLMADITO GROCERY DELI CORP,280,SAINT ANNS AVENUE,10454,700,700.0,0,700.0,convenience or deli,1,
current,746831,AC,BELINDAS AFRICAN CARIBBEAN MARKET,BELINDA AFRICAN CARIBBEAN MARKET LLC,1163,BOSTON  RD,10456,,,1,1200.0,other grocery,1,
current,746827,AC,BRONX BAZAR,BRONX BAZAR INC,2550,BOSTON RD ##,10467,,,1,1200.0,other grocery,1,
current,746806,AC,EL PUEBLO MEXICANO FRUIT & GROCERY,EL PUEBLO MEXICANO FRUIT & GROCERY CORP,530,EAST 138TH STREET,10454,600,600.0,0,600.0,convenience or deli,1,
current,746792,AC,3720 DELI AND GRILL,3720 DELI AND GRILL CORP,3720,3RD AVE,10456,,,1,1100.0,convenience or deli,1,
current,746722,AC,BETHEL FOOD,BETHEL FOOD CORP,78-80,WEST 183RD STREET ##,10453,,,1,1200.0,other grocery,1,
current,746647,AC,SAGAL FOOD,HG MEAT MARKET INC,514,EAST 134TH STREET,10454,,,1,1200.0,other grocery,1,
current,746572,AC,JOHNSON DELI NY,JOHNSON DELI NY INC,561,W 235TH ST,10463,,,1,1100.0,convenience or deli,1,
current,746560,AC,CITY GOURMET DELI,568 MINI MARKET CORP,568,169TH ST,10456,1200,1200.0,0,1200.0,convenience or deli,1,
current,746543,AC,MOTHERS DELI,MOTHERS DELI INC,395,MOSHOLU PARKWAY ####,10467,,,1,1100.0,convenience or deli,1,
current,746463,AC,FULTON AVE GROCERY,FULTON AVE GROCERY CORP,1408,FULTON AVE,10456,,,1,1100.0,convenience or deli,1,
current,746330,AC,RC MEAT MARKET,R&C WHOLESALE MEATS DISTRIBUTOR LLC,969,OGDEN AVE.-,10452,600,600.0,0,600.0,specialty,1,
current,746250,AC,WEST MOCHA DELI & GROCERY,WEST MOCHA DELI & GROCERY CORP,1903,WEST FARMS RD,10460,,,1,1100.0,convenience or deli,1,
current,746173,AC,FOOD UNIVERSE MARKETPLACE,183 MEAT CORP,60,WEST 183RD STREET,10453,8000,8000.0,0,8000.0,supermarket,1,
current,746167,AC,ESSENTIALS BY HEALTHYHO,HEALTHYHOLIC INC,3200,SCHLEY AVENUE ###,10465,800,800.0,0,800.0,other grocery,1,
current,746151,A,ONE DOLLAR ZONE,DOLLAR ZONE OF BROADWAY LLC,5675,BROADWAY ##,10463,,,0,,,0,general merchandise or dollar store
current,746105,AC,SUNSHINE SUPERMARKET,SWAMI24 CORP,3830,DYRE AVE###,10466,,,1,8250.0,supermarket,1,
current,746090,AC,1665 JUSTIN DELI & GROCERY,1665 JUSTIN DELI & GROCERY CORP,1665,TOPPING AVE,10457,1200,1200.0,0,1200.0,convenience or deli,1,
current,746018,AC,ADYEL DELI,ADYEL DELI GROCERY,1410,BRONX RIVER AVE,10472,1900,1900.0,0,1900.0,convenience or deli,1,
current,746017,AC,ANNERYS DELI,ANNERYS DELI CORP,2178,CROTONA AVE,10457,2000,2000.0,0,2000.0,convenience or deli,1,
current,746009,AC,BRAVO SUPERMARKET,MARCELO FOOD CORP,309,E BURNSIDE AVENUE,10457,7000,7000.0,0,7000.0,supermarket,1,
current,746008,AC,1681 GROCERY,1681 GROCERY INC,4127,LACONIA AVE,10466,1000,1000.0,0,1000.0,convenience or deli,1,
current,745975,A,SOBRO PHARMACY,SOBRO PHARMACY INC,2550,3RD AVE,10454,,,0,,,0,pharmacy
current,745892,AC,GRAB & GO PLAZA,GRAB & GO PLAZA CORP,2810,3RD AVE,10455,1000,1000.0,0,1000.0,other grocery,1,
current,745883,A,MAGIC 7 STORE,MAGIC 7 STORE INC,174,WEST FORDHAM RD #3 ####,10468,950,950.0,0,950.0,other grocery,1,
current,745877,A,TOTAL CARE DISCOUNT,TOTAL CARE II INC,1244,VIRGINIA AVENUE,10472,,,0,,,0,general merchandise or dollar store
current,745875,A,W CONVENIENCE STORE,W CONVENIENCE STORE LLC,2381,WESTCHESTER AVE,10461,800,800.0,0,800.0,convenience or deli,1,
current,745842,AC,ANGEL'S COFFEE DELI GROCERY,ANGELS COFFEE DELI GROCERY CORP,250,E BURNSIDE AVE STORE #7 ###,10457,1100,1100.0,0,1100.0,convenience or deli,1,
current,745839,AC,MOLINA MINI MARKET,MOLINA MINI MARKET CORP,1266,GRAND CONCOURSE,10456,,,1,1100.0,convenience or deli,1,
current,745838,AC,BEST DAY & NIGHT DELI GROCERY,BEST DAY & NIGHT DELI GROCERY CORP,1017,LEGGET AVE,10455,,,1,1100.0,convenience or deli,1,
current,745832,AC,RAYMOND DELI & GROCERY,RAYMOND DELI & GROCERY CORP,297,BROOK AVE  ##,10454,1200,1200.0,0,1200.0,convenience or deli,1,
current,745830,A,388 FAMILY DELI TOBACCO,388 FAMILY DELI TOBACCO CORP,288,EAST 169TH STREET,10456,,,1,1100.0,convenience or deli,1,
current,745822,A,N-DEEN DELI,N-DEEN DELI CORP,621,E 169TH ST####,10456,1000,1000.0,0,1000.0,convenience or deli,1,
current,745775,A,ZMM DELI & SMOKE SHOP,ZMM DELI & SMOKE SHOP INC,3607,BRONXWOOD AVE,10469,800,800.0,0,800.0,convenience or deli,1,
current,745708,AC,141 GROCERY & DELI,141 GROCERY AND DELI CORP,2628,3RD AVENUE,10451,1000,1000.0,0,1000.0,convenience or deli,1,
current,745690,AC,ADEE DELI & GROCERY,ADEE DELI & GROCERY INC,700,ADEE AVE,10467,1200,1200.0,0,1200.0,convenience or deli,1,
current,745620,AC,GARDEN MARKET DELI & GROCERY,GARDEN MARKET DELI AND GROCERY INC,393,BEDFORD PARK BLVD,10458,1200,1200.0,0,1200.0,convenience or deli,1,
current,745586,AC,7-ELEVEN STORE #39549B,JANJUA RAJPUT INC,1845,WEBSTER AVE. ###,10457,,,1,1100.0,convenience or deli,1,
current,745556,AC,BRONX DELI GROCERY,BRONX DELI GROCERY CORP,285,E 165TH ST,10456,1200,1200.0,0,1200.0,convenience or deli,1,
current,745532,AC,SUPERFRESH SUPERMARKET,RJ CASTLE HILL FOOD CORP,1345,CASTLE HILL AVE,10462,85000,85000.0,0,85000.0,supermarket,1,
current,745491,AC,KING SEAFOOD MARKET NY,KING SEAFOOD MARKET NY INC,2241,WESTCHESTER AVE,10462,900,900.0,0,900.0,specialty,1,
current,745484,AC,EDIBLE ARRANGEMENTS,VASQUEZ NYC CORP,2021,WILLIAMSBRIDGE RD,10461,900,900.0,0,,,0,food service or non-food retail
current,745437,AC,TONY'S MINI MARKET,TONYS MINI MARKET CORP,740,SAINT ANNS AVENUE ##,10455,,,1,1100.0,convenience or deli,1,
current,745395,AC,SWEET APPLE DELI GROCERY,SWEET APPLE DELI GROCERY INC,395,E 151ST ST,10455,900,900.0,0,900.0,convenience or deli,1,
current,745371,A,SSS M DELI & GROCERY,SSS M DELI & GROCERY CORP,2351,WASHINGTON AVE,10458,1000,1000.0,0,1000.0,convenience or deli,1,
current,745336,AC,NOBLE FACTORY,NOBLE FACTORY LLC THE,973,PROSPECT AVE #####,10459,,,1,1200.0,other grocery,1,
current,745193,AC,DOMINICANO DELI,DOMINICANO DELI INC,1836,NEREID AVE###,10466,800,800.0,0,800.0,convenience or deli,1,
current,745191,AC,3960 GRAB & GO,3960 GRAB AND GO CORP,3960,WHITE PLAINS RD,10466,1000,1000.0,0,1000.0,other grocery,1,
current,745166,AC,YAYA DELI AND GROCERY,YAYA DELI AND GROCERY CORP,851,MELROSE AVE,10451,950,950.0,0,950.0,convenience or deli,1,
current,745130,AC,H&B FRESH PRODUCE,H&B FRESH PRODUCE CORP,20,E GUN HILL ROAD,10467,2000,2000.0,0,2000.0,specialty,1,
current,745118,ACK,LITO DELI GROCERY,LITO DELI GROCERY INC,1879,CARTER AVE,10457,1100,1100.0,0,1100.0,convenience or deli,1,
current,745102,AC,GOLD COAST TRADING CO,FIRST GOLD COAST CORP,3400,PARK AVE,10456,,,1,1200.0,other grocery,1,
current,745072,A,KARAM SERVICE STATION,KARAM SERVICE STATION INC,600,PELHAM PKWY S,10462,800,800.0,0,,,0,gas station
current,745003,AC,WESTERN BEEF,WESTERN BEEF RETAIL INC,3629,WHITE PLAINS ROAD ##,10467,20000,20000.0,0,20000.0,supermarket,1,
current,744973,AC,LA MILAGROSA GROCERY,LA MILAGROSA GROCERY INC,1052,GERARD AVE  ##,10452,1800,1800.0,0,1800.0,convenience or deli,1,
current,744891,AC,FOOD UNIVERSE,2080 MARKET CORP,2080-2082,WHITE PLAINS RD,10462,,,1,8250.0,supermarket,1,
current,744880,AC,G&K DELI GROCERY,G&K DELI GROCERY INC,1541,ROSEDALE AVE,10460,1000,1000.0,0,1000.0,convenience or deli,1,
current,744788,AC,ANTILLANA 167 FRUIT&VEGETABLES,ANTILLANA 167 FRUIT&VEGETABLES INC,212,E 167TH ST,10456,3000,3000.0,0,3000.0,specialty,1,
current,744765,A,PRIME NOW,PRIME NOW LLC,1080,LEGGETT AVE,10474,180000,180000.0,0,,,0,"online, wholesale or warehouse"
current,744718,A,LUCKY SPOT CONVENIENCE,LUCKY SPOT CONVENIENCE CORP,3401,JEROME AVE,10467,,,1,1100.0,convenience or deli,1,
current,744717,AC,LOPEZ FAMILY DELI,LOPEZ FAMILY DELI CORP,555,SOUNDVIEW AVE,10473,300,300.0,0,300.0,convenience or deli,1,
current,744657,AC,MOMMY JAMAICAN MARKET 1,MOMMY JAMAICAN MARKET 1 CORP,3508,WHITE PLAINS ROAD,10467,2000,2000.0,0,2000.0,other grocery,1,
current,744542,AC,EDIBLE ARRANGEMENTS,EDIBLE ARRANGEMENTS LLC,880,EAST 163RD STREET ###,10459,,,0,,,0,food service or non-food retail
current,744501,AC,CALI FRESH MARKET,CALI FRESH MARKET LLC,769,MORRIS PARK AVE ##,10462,1000,1000.0,0,1000.0,supermarket,1,
current,744441,A,ADEN GROCERY,ADEN GROCERY INC,498,WILLIS AVENUE,10455,800,800.0,0,800.0,convenience or deli,1,
current,744436,AC,RIG FISH MARKET,RIG FISH MARKET CORP,4164,WHITE PLAINS ROAD,10466,,,1,1200.0,specialty,1,
current,744418,AC,RICHARDS DELI GROCERY,RICHARDS DELI GROCERY &MEX PRODUCE CORP,1356,JEROME AVE. ###,10452,,,1,1100.0,convenience or deli,1,
current,744398,AC,BAHAGA AFRICAN MARKET,BAHAGA AFRICAN MARKET LLC,1734,TOWNSEND AVE,10453,500,500.0,0,500.0,other grocery,1,
current,744354,A,JEROME SERVICE,JEROME SERVICE INC,2895,JEROME AVE,10468,700,700.0,0,700.0,other grocery,1,
current,744326,AC,D'BODEGA FOOD,DBODEGA FOOD CORP,2236,GRAND CONCOURSE ###,10457,1234,1234.0,0,1234.0,convenience or deli,1,
current,744299,AC,LAS AGUILAS DELI,LAS AGUILAS DELI FOOD CORP,1131,HAVEMEYER AVE,10462,1000,1000.0,0,1000.0,convenience or deli,1,
current,744165,AC,ANA & ALEX MEXICAN DELI GROCERY,ANA & ALEX MEXICAN DELI GROCERY CORP,1133,BOSTON RD FRNT 4,10456,900,900.0,0,900.0,convenience or deli,1,
current,744139,AC,ISSOWAZENA AFRICAN MARKET,ISSOWAZENA AFRICAN MARKET LLC,1458,BOSTON RD,10460,1000,1000.0,0,1000.0,other grocery,1,
current,744076,AC,HOME FRESH BAKERY,HOME FRESH BAKERY INC,800,E 182ND ST. ###,10460,,,1,1200.0,specialty,1,
current,744075,AC,JORDAN DELI GROCERY,JORDAN DELI GROCERY INC,106,E 165TH ST,10452,900,900.0,0,900.0,convenience or deli,1,
current,744051,AC,J&R SUPER DELI GROCERY,J&R SUPER DELI GROCERY II CORP,3399,WHITEPLAINS RD,10467,1500,1500.0,0,1500.0,convenience or deli,1,
current,744013,AC,G & M FRIENDS DELI GROCERY,G & M FRIENDS DELI GROCERY LLC,1614,WESTCHESTER AVE,10472,2000,2000.0,0,2000.0,convenience or deli,1,
current,743973,AC,BELLA TEJALPA DELI GROC,BELLA TEJALPA DELI GROCERY INC,2424,HUGHES AVE,10458,1000,1000.0,0,1000.0,convenience or deli,1,
current,743956,AC,YOUNG'S MARKET,DRAGONFLY MARKET CORP,154,E 170TH ST.,10452,1200,1200.0,0,1200.0,other grocery,1,
current,743955,AC,MET FOOD,4401 FOOD LLC,4401,WHITE PLAINS RD ###,10470,9000,9000.0,0,9000.0,supermarket,1,
current,743950,AC,3 HERMANOS GROCERY,3 HERMANOS GROCERY CORP,1231,WHITEPLAINS RD,10472,,,1,1100.0,convenience or deli,1,
current,743875,AC,FRESCO,VICJONA MARKET 2 INC,62,E 170TH ST #####,10452,,,1,1200.0,other grocery,1,
current,743802,AC,MUMCEE AFRICAN & CARIBBEAN MKT,MUMCEE AFRICAN & CARIBBEAN MKT INC,3493,BOSTON ROAD,10469,1200,1200.0,0,1200.0,other grocery,1,
current,743771,AC,ADAB FOODS,ADAB FOODS LLC,3861,WHITE PLAINS RD ###,10467,2000,2000.0,0,2000.0,other grocery,1,
current,743704,AC,KEY FOOD SUPERMARKET,N R SHOP LLC,5661,RIVERDALE AVE,10471,20000,20000.0,0,20000.0,supermarket,1,
current,743503,A,MO DISCOUNT,MO DISCOUNT CORP,548,SOUTHERN BLVD,10455,600,600.0,0,,,0,general merchandise or dollar store
current,743488,AC,CANCUN DELI GROCERY 1,CPR DELI & GROCERY CORP,908,EAST 163RD STREET,10459,500,500.0,0,500.0,convenience or deli,1,
current,743460,AC,MERAN DELI GROCERY,MERAN DELI GROCERY CORP,1082,OLMSTEAD AVENUE,10472,,,1,1100.0,convenience or deli,1,
current,743421,A,AAA 99 CENTS,210 FOOD CORP,210,E 188TH ST  ##,10458,2000,2000.0,0,,,0,general merchandise or dollar store
current,743409,AC,FRANCIS DELI GROCERY,FRANCIS DELI GROCERY CORP,1229,FRANKLIN AVENUE,10456,1400,1400.0,0,1400.0,convenience or deli,1,
current,743369,AC,BOSTON FISH MARKET,BOSTON FISH MARKET CORP,3717,BOSTON ROAD,10466,700,700.0,0,700.0,specialty,1,
current,743364,A,RIVERDALE VAPE & CANDY SHOP,RIVERDALE VAPE & CANDY SHOP INC,215,W 231ST STREET,10463,,,0,,,0,food service or non-food retail
current,743363,AC,AFAA AFRICAN SUPERMARKET,AFAA ENTERPRISE INCORPORATION,2544,B WHITE PLAIN ROAD  ##,10467,1000,1000.0,0,1000.0,supermarket,1,
current,743262,AC,CONTE PARK DELI GROCERY,CONFE PARK DELI GROCERY CORP,4666,PARK AVE,10458,1000,1000.0,0,1000.0,convenience or deli,1,
current,743245,AC,L&N GOURMET DELI,L&N GOURMET DELI LLC,6119,BROADWAY #21,10471,1000,1000.0,0,1000.0,convenience or deli,1,
current,743217,A,GC 99 CENT OUTLOOK,GC 99 CENT OUTLOOK INC,2330,GRAND CONCOURSE,10458,1300,1300.0,0,,,0,general merchandise or dollar store
current,743143,AC,A&R GROCERY DELI,A&R GROCERY DELI DELI CORP,57,E 168TH ST###,10452,1200,1200.0,0,1200.0,convenience or deli,1,
current,743090,AC,930-CLARIBEL DELI,930-CLARIBEL DELI INC,6655,BROADWAY,10471,1000,1000.0,0,1000.0,convenience or deli,1,
current,743073,AC,ARCHER CONVENIENCE STORE,FOAD MUTHANA & MOHAMAD RASHEED,1501,WHITEPLAINS ROAD,10462,,,1,1100.0,convenience or deli,1,
current,743037,AC,1278 MORRISON DELI GROCERY,1278 MORRISON DELI GROCERY CORP,1278,MORRISON AVE ###,10472,1800,1800.0,0,1800.0,convenience or deli,1,
current,743035,AC,INTERVALE DELI FOOD,INTERVALE DELI FOOD CORP,1006,INTERVALE AVE,10459,,,1,1100.0,convenience or deli,1,
current,743012,AC,LA ANTILLANA MEAT MARKET,N&N MEAT MARKET LLC,239-245,E TREMONT AVE,10457,2500,2500.0,0,2500.0,specialty,1,
current,742993,AC,LSW SEAFOOD,LSW 245 CORPORATION,283,E 204TH STREET,10467,200,200.0,0,200.0,specialty,1,
current,742989,A,BP,S&M BRONX INC,3276,JEROME AVE,10468,700,700.0,0,,,0,gas station
current,742941,AC,VISIONARY FOOD,VISIONARY FOOD CORP,1077,WHITE PLAINS RD###,10472,1500,1500.0,0,1500.0,other grocery,1,
current,742913,AC,SAGAL FISH MARKET,SAGAL FISH MARKET INC,3438,JEROME AVE. ###,10467,750,750.0,0,750.0,specialty,1,
current,742852,AC,LOS 2 HERMANITOS II DELI GROCERY,LOS 2 HERMANITOS DELI GROCERY CORP,865,EAST 165TH STREET,10459,,,1,1100.0,convenience or deli,1,
current,742847,AC,LIFE SAVERS DELI,LIFE SAVERS DELI CORP,302,WILLIS AVE,10454,2000,2000.0,0,2000.0,convenience or deli,1,
current,742811,AC,RAMALES GRILL DELI,RAMALES GRILL DELI CORP,936,MORRIS AVENUE,10456,1000,1000.0,0,1000.0,convenience or deli,1,
current,742802,A,FAMILY DOLLAR #33004,FAMILY DOLLAR STORES OF NEW YORK LLC,867,LONGWOOD AVE,10459,,,0,,,0,general merchandise or dollar store
current,742746,AC,SHOPLAND MINIMART,SHOPLAND MINIMART CORP,25,W TREMONT AVE,10453,1300,1300.0,0,1300.0,convenience or deli,1,
current,742731,AC,PEACE AND LOVE DELI MARKET,PEACE AND LOVE DELI MARKET CORP,950,LONGWOOD AVENUE,10459,,,1,1100.0,convenience or deli,1,
current,742727,A,BARRY GROCERY,BARRY GROCERY LLC,1167,CASTLE HILL AVENUE,10462,,,1,1100.0,convenience or deli,1,
current,742726,AC,CHRISTINE DELI GROCERY,CHRISTINE DELI GROCERY CORP,1580,WATSON AVENUE,10472,,,1,1100.0,convenience or deli,1,
current,742713,AC,BESA MEAT AND GROCERY,BESA MEAT AND GROCERY INC,2902,MIDDLETOWN ROAD,10461,720,720.0,0,720.0,convenience or deli,1,
current,742708,AC,JEFFERY DELI GROCERY,JEFFERY DELI GROCERY INC,2149,VALENTINE AVENUE,10457,1500,1500.0,0,1500.0,convenience or deli,1,
current,742707,AC,SOCO PETRO AMB #2,SOCO PETRO LLC AMB #2,3500,CONNER ST ####,10475,900,900.0,0,900.0,other grocery,1,
current,742674,AC,KN MARKET,KN MARKET INC,9,KNOLLS CRESENT,10463,,,1,1200.0,other grocery,1,
current,742658,AC,DREAM GOURMET DELI,DREAM GOURMET DELI INC,111,EAST 161ST STREET,10451,,,1,1100.0,convenience or deli,1,
current,742655,AC,PAMELA GREEN DELI,IBERIE DELI GROCERY CORP,785,EAST 163RD STREET,10456,1000,1000.0,0,1000.0,convenience or deli,1,
current,742515,AC,ALIANS DELI GROCERY,ALIANS DELI CORP,217,BROOK AVENUE,10454,1200,1200.0,0,1200.0,convenience or deli,1,
current,742494,A,SEVEN BROTHERS AFRICAN & CARRIBEAN MARKE,AMOAKOHENE PRINCE,228,EAST 181ST ST,10457,900,900.0,0,900.0,other grocery,1,
current,742486,AC,MET FOOD MARKET,TEJADA MEAT CORP,649,JACKSON AVE,10455,8000,8000.0,0,8000.0,supermarket,1,
current,742478,AC,C TOWN SUPERMARKET,JML&J FOOD CORP,229,E.TREMONT AVE,10457,15000,15000.0,0,15000.0,supermarket,1,
current,742477,AC,CITY LINE FRUIT STORE,CITY LINE FRUIT STORE CORP,4710,WHITE PLAINS ROAD,10470,1200,1200.0,0,1200.0,specialty,1,
current,742376,AC,1840 ON THE 6 DELI & GROCERY,1840 ON THE 6 DELI & GROCERY CORP,1840,WESTCHESTER AVE,10472,1000,1000.0,0,1000.0,convenience or deli,1,
current,742286,AC,N AND P GOURMET DELI,N AND P GOURMET DELI CORP,866,UNION AVENUE  ##,10459,950,950.0,0,950.0,convenience or deli,1,
current,742275,AC,SAMMY GROCERY & DELI,SAMMY GROCERY & DELI CORP,4378,THIRD AVENUE,10457,700,700.0,0,700.0,convenience or deli,1,
current,742220,AC,SAM DELI GROCERY MARKET,SAM DELI GROCERY MARKET CORP,928,TINTON AVE,10456,,,1,1100.0,convenience or deli,1,
current,742206,AC,EZEQUIEL DELI GROCERY,TACOS EL TORITO VERSATILE LLC,688,COURTLANDT AVE,10451,1000,1000.0,0,1000.0,convenience or deli,1,
current,742195,AC,MOE 194 CONVENIENCE,MOE 194 CONVENIENCE INC,2650,BRIGGS AVENUE,10458,,,1,1100.0,convenience or deli,1,
current,742074,A,B & R CANDY GROCERY,B & R CANDY GROCERY CORP,4700 B,WHITEPLAINS RD,10470,700,700.0,0,700.0,convenience or deli,1,
current,742037,AC,AICHA AFRICAN MARKET,AICHA AFRICAN MARKET INC,218,MCCLELLAN ST,10456,1000,1000.0,0,1000.0,other grocery,1,
current,742022,AC,PEACH PIT,PEACH PIT INC,1719,CROSBY AVE,10461,1300,1300.0,0,1300.0,other grocery,1,
current,741991,AC,170TH STREET GROCERY,BINMAHFOOD ABUBAKER,160,E 170TH STREET,10452,1000,1000.0,0,1000.0,convenience or deli,1,
current,741942,AC,LA CHAPINCITA DEL BRONX,LA CHAPINCITA DEL BRONX CORP,461,MORRIS PARK AVE,10460,2000,2000.0,0,2000.0,other grocery,1,
current,741867,AC,URBAN BLUE MARKET,URBAN BLUE MARKET CORP,1240-1242,CASTLE HILL AVE,10462,1460,1460.0,0,1460.0,other grocery,1,
current,741856,AC,AGRAMONTE GROCERY STORE,AGRAMONTE GROCERY STORE CORP,1208,STRATFORD AVE,10472,3000,3000.0,0,3000.0,convenience or deli,1,
current,741851,ABK,VALENCIA BAKERY,MADRID BAKERY LLC,801,EDGEWATER RD,10474,5000,5000.0,0,5000.0,specialty,1,
current,741700,AC,EVERGREEN HALAL MEAT AND PRODUCE,MUNNA MANABRATA D,1215,GRANDVIEW PL,10452,1500,1500.0,0,1500.0,specialty,1,
current,741679,AC,NEW 7 SEAFOOD PLAZA,NEW 7 SEAFOOD PLAZA INC,223,ST ANNS AVE,10454,2000,2000.0,0,2000.0,specialty,1,
current,741657,AC,FOOD BAZAAR,BOGOPA BTM LLC,610,EXTERIOR STREET ###,10451,83000,83000.0,0,83000.0,supermarket,1,
current,741533,AC,YEDELINE DELI & GROCERY,YEDELINE DELI & GROCERY CORP 2,271,EAST 166TH STREET ###,10456,1200,1200.0,0,1200.0,convenience or deli,1,
current,741532,AC,WCE DELI,WCE DELI CORP,695,E. 187TH ST.,10458,,,1,1100.0,convenience or deli,1,
current,741497,A,241 DELI GROCERY,241 DELI GROCERY CORP,4655,WHITE PLAINS ROAD,10470,450,450.0,0,450.0,convenience or deli,1,
current,741496,AC,DARIEL GROCERY,DARIEL GROCERY INC,2085,VALENTINE AVE,10457,1300,1300.0,0,1300.0,convenience or deli,1,
current,741448,AC,ANTILLANA SUPERFOOD MARKETPLACE,2185 ANTILLANA MEAT & FOOD CORP,2185,WHITE PLAINS RD,10462,6000,6000.0,0,6000.0,supermarket,1,
current,741424,AC,SORY'S MINI MRKET,SORY'S MINI MARKET CORP,3519,WHITE PLAINS RD,10467,1100,1100.0,0,1100.0,other grocery,1,
current,741390,AC,ANTILLANA SUPERFOOD MARKETPLACE,2285 GROCERY & FOOD CORP/ANTILLANA,2285,GRAND CONCOURSE,10453,7000,7000.0,0,7000.0,supermarket,1,
current,741363,AC,RSJ DELI GROCERY,RSJ DELI GROCERY CORP,109,EAST TREMONT AVENUE,10453,,,1,1100.0,convenience or deli,1,
current,741345,AC,1033 BEST DELI & GRILL,1033 BEST DELI & GRILL CORP,1033-1035,CASTLE HILL AVENUE ####,10472,2000,2000.0,0,2000.0,convenience or deli,1,
current,741339,A,J & K SMOKE SHOP,J & K SMOKE SHOP CORP,3051,VALENTINE AVE,10458,,,0,,,0,food service or non-food retail
current,741231,AC,1815 SAVANNAH FOOD,1815 SAVANNAH FOOD CORP,1815,GRAND CONCOURSE AVE ####,10453,,,1,1200.0,other grocery,1,
current,741208,AC,JIMENEZ FRUITS & VEGETABLES,JIMENEZ FRUITS & VEGETABLES INC,901,SOUTHERN BLVD. STORE B,10459,1200,1200.0,0,1200.0,specialty,1,
current,741206,AC,35 BUS STOP DELI,35 BUS STOP DELI CORP,899,EAST 169TH STREET,10459,,,1,1100.0,convenience or deli,1,
current,741168,AC,GORDO DELI GROCERY,GORDO DELI GROCERY CORP,354,BROOK AVENUE,10454,,,1,1100.0,convenience or deli,1,
current,741167,AC,ALDALALI DELI,ALDALALI DELI CORP,1484,JEROME AVE,10452,1000,1000.0,0,1000.0,convenience or deli,1,
current,741143,AC,EDWIN DELI GROCERY 1,EDWIN DELI GROCERY 1 CORP,1151,OLMSTEAD AVE,10472,1500,1500.0,0,1500.0,convenience or deli,1,
current,741091,ABK,CIBAO BAKERY,CIBAO BAKERY CORP,2546B,WHITE PLAINS ROAD,10467,1000,1000.0,0,1000.0,specialty,1,
current,741041,AC,EXPRESS CANDY,ALKAIFI MUAAMAR A,797,SOUTHERN BLVD,10455,950,950.0,0,950.0,convenience or deli,1,
current,741035,AC,BENEDICIA LOPEZ MARTINE,MANGOS FISH MEAT CORP,2300,RANDALLS AVE ##,10473,700,700.0,0,700.0,other grocery,1,
current,740991,AC,LOS CANE DELI GROCERY,LOS CANE DELI GROCERY CORP,12-14,E 199TH STREET,10468,500,500.0,0,500.0,convenience or deli,1,
current,740870,AC,056 DELI & GROCERY,056 DELI & GROCERY CORP,2075,GRAND CONCOURSE ####,10453,,,1,1100.0,convenience or deli,1,
current,740869,AC,CHARO FOOD,CHARO FOOD CORP,237,EAST 194TH STREET,10458,,,1,1200.0,other grocery,1,
current,740837,AC,NEW BEGINNING DELI GROCERY,NEW BEGINNING DELI GROCERY LLC,673,ALLERTON AVENUE,10467,1000,1000.0,0,1000.0,convenience or deli,1,
current,740822,AC,AL-AMIN HALAL FISH MEAT AND GROCERIES,AL-AMIN HALAL FISH MEAT AND GROCERIES CO,218-220,EAST BURNSIDE AVENUE,10457,500,500.0,0,500.0,specialty,1,
current,740784,ABC,ECUAMUNDO MULTI SERVICE,AGUAYZA LIGIA ACERO,2321,WESTCHESTER AVE,10462,,,1,1200.0,other grocery,1,
current,740695,AC,EAST PARK BRONX DELI,EAST PARK BRONX DELI INC,1976,BIRCHALL AVE,10462,900,900.0,0,900.0,convenience or deli,1,
current,740693,AC,FAMILY DELI 4,FAMILY DELI 4 INC,414,EAST TREMONT AVE,10457,1300,1300.0,0,1300.0,convenience or deli,1,
current,740677,AC,BANI DELI GROCERY,BANI DELI GROCERY CORP,1965,WEBSTER AVENUE ##,10457,400,400.0,0,400.0,convenience or deli,1,
current,740648,A,STOP & GO 2 DELI,STOP & GO 2 DELI CORP,801,PROSPECT AVENUE,10455,2000,2000.0,0,2000.0,convenience or deli,1,
current,740628,ABC,PRIME CUTS IRISH BUTCHERS,KELDRUM INC,4338,KATONAH AVE ###,10470,2000,2000.0,0,2000.0,other grocery,1,
current,740457,AC,PALMAS MEAT MARKET,PALMAS MEAT MARKET CORP,1541,WESTCHESTER AVE,10472,500,500.0,0,500.0,specialty,1,
current,740387,AC,KELVINS DELI GROCERY,KELVINS DELI GROCERY CORP,1754,E 172ND STREET,10472,1400,1400.0,0,1400.0,convenience or deli,1,
current,740373,AC,WALTON NY DELI GROCERY,WALTON NY DELI GROCERY INC,901,WALTON AVENUE,10452,,,1,1100.0,convenience or deli,1,
current,740372,AC,WILLYS GROCERY STORE,WILLYS GROCERY STORE INC,699,BECK STREET ####,10455,1100,1100.0,0,1100.0,convenience or deli,1,
current,740361,AC,WHITE PLAINS GOOD FARM,WHITE PLAINS GOOD FARM INC,3754,WHITE PLAINS ROAD,10467,1300,1300.0,0,1300.0,other grocery,1,
current,740339,AC,MET FRESH,MPK FOOD CORP,775-777,MORRIS PARK AVE,10462,15000,15000.0,0,15000.0,supermarket,1,
current,740332,AC,GREEN GARDEN HEALTH FOOD STORE,GREEN GARDEN HEALTH FOOD STORE LLC,3543,WHITE PLAINS ROAD,10467,2500,2500.0,0,2500.0,other grocery,1,
current,740314,AC,MAYFLOWER DELI & GROCERY,MAYFLOWER DELI & GROCERY CORP,1869,MAYFLOWER AVE,10461,1200,1200.0,0,1200.0,convenience or deli,1,
current,740303,AC,MONTHER FOOD MART AND DELI,MONTHER FOOD MART AND DELI CORP,1078,E 165TH STREET ####,10459,1200,1200.0,0,1200.0,convenience or deli,1,
current,740281,AC,ALL FRESH FOOD #1,ALL FRESH FOOD #1 LLC,2344,LORILLARD PLACE ###,10458,800,800.0,0,800.0,other grocery,1,
current,740227,AC,D MI MUNECA GROCERY,D MI MUNECA GROCERY CORP,592,TRINITY AVENUE,10455,1000,1000.0,0,1000.0,convenience or deli,1,
current,740217,AC,S&A CONVENIENCE STORE,S&A CONVENIENCE STORE CORP,502,E 183RD ST,10458,1000,1000.0,0,1000.0,convenience or deli,1,
current,740178,AC,CACHEO GROCERY STORE,CACHEO GROCERY STORE INC,342,DEVOE AVENUE,10460,1800,1800.0,0,1800.0,convenience or deli,1,
current,740173,AC,NEW RIVERDALE GOURMET DELI,452 GOURMET DELI CORP,452,WEST 238TH STREET,10463,,,1,1100.0,convenience or deli,1,
current,740112,AC,MI COMPADRE DELI GROCERY,MI COMPADRE DELI GROCERY CORP,16,EAST 213TH STREET,10467,1200,1200.0,0,1200.0,convenience or deli,1,
current,740111,AC,912 JAIRO DELI GROCERY,912 JAIRO DELI GROCERY CORP,912,SOUNDVIEW AVENUE ###,10473,,,1,1100.0,convenience or deli,1,
current,740073,A,PAPA FOOD MARKET DOLLAR,PAPA FOOD MARKET DOLLAR DEALS INC,1562,E 174TH ST,10472,5000,5000.0,0,5000.0,other grocery,1,
current,740053,AC,GUERLAIN DELI GROCERY,GUERLAIN DELI GROCERY CORP,1880,GUERLAIN STREET,10462,550,550.0,0,550.0,convenience or deli,1,
current,740052,AC,WALES DELI GROCERY,WALES DELI GROCERY CORP,785,EAST 151ST STREET,10455,,,1,1100.0,convenience or deli,1,
current,740015,AC,ITTADI BAZAAR HALAL FOOD MARKET,HALAL FOOD BAZAAR INC,2111,STARLING AVENUE,10462,2500,2500.0,0,2500.0,other grocery,1,
current,739945,AC,HERMANOS TRONCOSO DELI GROCERY,HERMANOS TRONCOSO DELI GROCERY CORP,765,EAST 175TH STREET,10460,,,1,1100.0,convenience or deli,1,
current,739926,AC,GAUSIA FOODS HALAL SUPERMARKET,GAUSIA FOODS INC,367,E 204TH STREET,10467,900,900.0,0,900.0,supermarket,1,
current,739921,AC,FRESH SMOOTHIES CAFE & GRILL,FRESH SMOOTHIES CAFE & GRILL CORP,2491,JEROME AVENUE,10468,1000,1000.0,0,1000.0,other grocery,1,
current,739911,AC,TWENTY CITY DELI & GROCERY,TWENTY CITY DELI & GROCERY CORP,1060,SHERMAN AVE,10456,1000,1000.0,0,1000.0,convenience or deli,1,
current,739872,AC,TULCINGO DINER,TULCINGO DINER LLC,4168,WHITE PLAINS RD,10466,1000,1000.0,0,1000.0,other grocery,1,
current,739864,AC,ACKON JOHNSON,JD INTERNATIONAL AFRICAN MKT LLC,3465,BOSTON ROAD,10469,1000,1000.0,0,1000.0,other grocery,1,
current,739736,AC,1 DELI BRONX,1 DELI BRONX LLC,2897,SEDGWICK AVE,10468,,,1,1100.0,convenience or deli,1,
current,739734,AC,KINGSBRIDGE DELI,KINGSBRIDGE DELI CORP,69,W. KINGSBRIDGE ROAD,10468,900,900.0,0,900.0,convenience or deli,1,
current,739717,AC,1500 AMERICAN GOURMET CORP,1500 AMERICAN GOURMET CORP,1500,CASTLE HILL AVE,10462,1000,1000.0,0,1000.0,other grocery,1,
current,739700,AC,C TOWN SUPERMARKET,MASK GROCERY LLC,5686,MOSHOLU AVENUE,10471,,,1,8250.0,supermarket,1,
current,739679,AC,ESTRELLA MEATS FRUITS & GROCERY,ESTRELLA MEATS FRUITS & GROCERY CORP,276,E 198TH ST.,10458,,,1,1100.0,convenience or deli,1,
current,739642,AC,LA FUENTE FOOD CENTER,LA FUENTE FOOD CENTER INC,111,EAST BURNSIDE AVENUE,10453,,,1,1200.0,other grocery,1,
current,739640,AC,EMELY DELI GROCERY,EMELY DELI GROCERY CORP,550,EAST 187TH STREET,10458,,,1,1100.0,convenience or deli,1,
current,739600,AC,1088 GOURMET DELI,1088 GOURMET DELI CORP,1088,WASHINGTON AVE,10456,,,1,1100.0,convenience or deli,1,
current,739543,AC,PSB DELI GROCERY,PSB DELI GROCERY CORP,249,WILLIS AVE,10454,1500,1500.0,0,1500.0,convenience or deli,1,
current,739539,AC,PRUKO MARKET,SANTO P RUIZ LARA,672,E 180TH ST,10457,200,200.0,0,200.0,other grocery,1,
current,739536,AC,DELICIOUS DELIGHTS JUICE & CREPES,206 CANDY & CONVENIENCE INC,206,W 231ST STREET,10463,,,1,1200.0,other grocery,1,
current,739528,A,DYRE AVE CARIBBEAN VEGGIES,DYRE AVE CORIBBEAN VEGGIES INC,3822,DYRE AVE,10466,,,1,1200.0,other grocery,1,
current,739500,AC,LOE APPLE GROCERY & PRODUCE,LOE APPLE GROCERY & PRODUCE INC,2034,EASTCHESTER RD,10461,2000,2000.0,0,2000.0,convenience or deli,1,
current,739430,AC,WOODHAVEN VALLEY,WOODHAVEN VALLEY LLC,1393,WEBSTER AVE,10456,2400,2400.0,0,2400.0,other grocery,1,
current,739416,AC,BRONX GOURMET,BRONX GOURMET LTD,760,E. TREMONT AVENUE,10460,,,1,1200.0,other grocery,1,
current,739394,AC,LA FORTUNA FOOD DELI,LA FORTUNA FOOD DELI CORP 1,481,WALES AVE ###,10455,1500,1500.0,0,1500.0,convenience or deli,1,
current,739295,AC,NENE 21 DELI GROCERY,NENE 21 DELI GROCERY CORP,1911-1915,SOUTHERN BLVD STORE 1,10460,450,450.0,0,450.0,convenience or deli,1,
current,739277,AC,TIERNEY FINE FOODS,CABRO INC,5780,MOSHOLU AVE,10471,500,500.0,0,500.0,other grocery,1,
current,739237,AC,NEW FAMILY MEAT MARKET,NEW FAMILY MEAT MARKET INC,283,A SAINT ANNS AVENUE,10454,750,750.0,0,750.0,specialty,1,
current,739172,A,DOLLAR DEALS,ABC DISCOUNT STORE INC,1945,UNIVERSITY AVE ####,10453,,,0,,,0,general merchandise or dollar store
current,739150,AC,LOS MORONTAS SUPERMARKET,LOS MORONTAS SUPERMARKET CORP,475,CASTLE HILL AVENUE,10473,1000,1000.0,0,1000.0,supermarket,1,
current,739051,AC,2470 EL DUKE GOURMET DELI,2470 EL DUKE GOURMET DELI CORP,2470,BEAUMONT AVENUE,10458,1200,1200.0,0,1200.0,convenience or deli,1,
current,739014,AC,JB GOURMET DELI,JB GOURMET DELI CORP,1822-1824,ARCHER STREET,10460,,,1,1100.0,convenience or deli,1,
current,738959,AC,3 JS DELI GROCERY,3 JS DELI GROCERY INC,1098,ANDERSON AVE,10452,,,1,1100.0,convenience or deli,1,
current,738906,AC,LA GAVIOTA DELI GROCERY,CRUZ CORDERO RAMON A,565,EAST 188TH STREET,10458,,,1,1100.0,convenience or deli,1,
current,738881,AC,MI TIERRA FRUIT MARKET,MI TIERRA FRUIT MARKET CORP,702,EAST 187TH STREET,10458,,,1,1200.0,specialty,1,
current,738799,AC,SALS PLACE DELI & GROCERY 1,SALS PLACE DELI & GROCERY 1 CORP,1971,BRONXDALE AVE,10462,900,900.0,0,900.0,convenience or deli,1,
current,738787,AC,SALAH MARKET,SALAH MARKET CORP,700A,GRAND CONCOURSE,10451,750,750.0,0,750.0,other grocery,1,
current,738785,AC,C&V DELI GROCERY,C&V DELI GROCERY CORP,1668,ZEREGA AVENUE,10462,700,700.0,0,700.0,convenience or deli,1,
current,738780,AC,EUROLAB MARKET,EUROLAB MARKET INC,2326,ARTHUR AVE ###,10458,,,1,1200.0,other grocery,1,
current,738769,A,L & T DISCOUNT SPOT,L & T DISCOUNT SPOT CORP,488,E 163RD STREET,10451,,,0,,,0,general merchandise or dollar store
current,738747,AC,146 DELI,146 DELI CORP,461,WILLIS AVE,10455,1000,1000.0,0,1000.0,convenience or deli,1,
current,738745,AC,1247 DELI & GROCERY,1247 DELI & GROCERY CORP,1247,WEBSTER AVENUE,10456,1200,1200.0,0,1200.0,convenience or deli,1,
current,738735,AC,MOBIL MART,KALAJA S BROTHERS INC,1106,METCALF AVE,10472,1800,1800.0,0,,,0,gas station
current,738717,AC,SNACK ATTACK DELI 1,SNACK ATTACK DELI 1 INC,976,LONGWOOD AVE,10459,1000,1000.0,0,1000.0,convenience or deli,1,
current,738695,AC,MOCHA COFFEE EXPRESS,MOCHA COFFEE EXPRESS LLC,481,MORRIS PARK AVENUE ##,10460,,,1,1200.0,other grocery,1,
current,738680,AC,N & Y CLASSIC DELI,N & Y CLASSIC DELI INC,3155,VILLA AVE,10468,900,900.0,0,900.0,convenience or deli,1,
current,738677,AC,OJ VALERIO DELI GROCERY,OJ VALERIO DELI GROCERY INC,1331,WEBSTER AVE ####,10456,,,1,1100.0,convenience or deli,1,
current,738644,AC,TASTY CORNER,JOHORA CORPORATION,900,E GUN HILL RD,10469,1600,1600.0,0,1600.0,other grocery,1,
current,738619,AC,MELO DELI GROCERY,MELO DELI GROCERY CORP,1304,BOSTON ROAD,10456,900,900.0,0,900.0,convenience or deli,1,
current,738608,AC,FRIENDS DELI & GRILL,FRIENDS DELI & GRILL CORP,585,SOUTHERN BLVD,10455,1200,1200.0,0,1200.0,convenience or deli,1,
current,738607,AC,BERMUDEZ FOOD MARKET,BERMUDEZ FOOD MARKET CORP,170,W TREMONT AVENUE,10453,,,1,1200.0,other grocery,1,
current,738591,AC,2193 DELI GROCERY MARKET,2193 DELI GROCERY MARKET INC,2193,GRAND CONCOURSE,10453,,,1,1100.0,convenience or deli,1,
current,738579,AC,ANTILLANA MEAT MARKET,P AND P MEAT MARKET INC,88-90,WEST 165TH STREET,10452,1200,1200.0,0,1200.0,specialty,1,
current,738539,AC,BRAVO SUPERMARKET,ROYAL REAL INC,745,WESTCHESTER AVENUE,10455,10000,10000.0,0,10000.0,supermarket,1,
current,738431,AC,COLGATE DELI & GROCERY,COLGATE DELI & GROCERY CORP,1452,WESTCHESTER AVE,10472,800,800.0,0,800.0,convenience or deli,1,
current,738423,AC,MOSES DELI GROCERY,MOSES DELI GROCERY INC,3438,BOSTON ROAD ####,10469,,,1,1100.0,convenience or deli,1,
current,738421,AC,PIONEER SUPERMARKET,WILL GROCERY & MEAT INC,250,WILLIS AVE,10454,10000,10000.0,0,10000.0,supermarket,1,
current,738412,AC,A-Z NUTRITION & SMOOTHIES,TKM VITAMIN LLC,1776,EASTCHESTER ROAD,10461,1100,1100.0,0,1100.0,other grocery,1,
current,738329,AC,YANKEL DELI GROCERY,YANKEL DELI GROCERY CORP,266,EAST 143RD STREET,10451,,,1,1100.0,convenience or deli,1,
current,738317,AC,LUCKY 2 GOURMET DELI,LUCKY 2 GOURMET DELI INC,1007,E 163RD STREET ####,10459,,,1,1100.0,convenience or deli,1,
current,738206,AC,FORDHAM DELI #2,FORDHAM DELI #2 CORP,2573,WEBSTER AVE,10458,1000,1000.0,0,1000.0,convenience or deli,1,
current,738169,AC,CRUGER DELI & CANDY,CRUGER DELI & CANDY INC,722,ALLERTON AVENUE,10467,,,1,1100.0,convenience or deli,1,
current,738131,AC,MOTHERS GROCERY & DELI,MOTHERS GROCERY & DELI LLC,3019,WEBSTER AVE ###,10458,1000,1000.0,0,1000.0,convenience or deli,1,
current,738120,AC,D & F MEAT MARKET,D & F MEAT MARKET CORP,83,EAST 184TH STREET,10468,1200,1200.0,0,1200.0,specialty,1,
current,738086,AC,CTOWN FRESH MARKET,NEW RENAISSANCE INC,411,EAST TREMONT AVE UNIT 3C ###,10457,5000,5000.0,0,5000.0,supermarket,1,
current,737958,AC,EL TROPICO GROCERY DELI,EL TROPICO GROCERY DELI CORP,1841,GRAND CONCOURSE,10453,,,1,1100.0,convenience or deli,1,
current,737950,A,JEROME OUTLET,JEROME OUTLET LLC,1370,JEROME AVE,10452,,,1,1200.0,other grocery,1,
current,737929,ABC,DOMINICKS MARKET/C-TOWN,D&J MEAT AND PRODUCE LLC,385,CITY ISLAND AVE,10464,7000,7000.0,0,7000.0,supermarket,1,
current,737924,AC,LA VEGA FOOD,LA VEGA FOOD CORP,70-72,EAST 183RD STREET,10453,1200,1200.0,0,1200.0,other grocery,1,
current,737902,AC,JOSELITOS MEXICAN DELI & GROCERY JJEC,JOSELITOS MEXICAN DELI & GROCERY JJEC CO,450,E 138TH STREET,10454,,,1,1100.0,convenience or deli,1,
current,737828,AC,MELROSE DELI & GROCERY,MELROSE DELI AND GROCERY CORP,769,MELROSE AVE,10451,,,1,1100.0,convenience or deli,1,
current,737819,ACK,DHAKA SWEETS,DHAKA SWEETS LLC,1358,WHITE PLAINS RD,10462,500,500.0,0,500.0,other grocery,1,
current,737794,AC,175 N GOURMET DELI,175 N GOURMET DELI INC,786A,COURTLANDT AVE,10451,,,1,1100.0,convenience or deli,1,
current,737789,AC,CONCORD AVE DELI GROCERY,JASMINE FLUELLEN LLC,480,CONCORD AVE ####,10455,,,1,1100.0,convenience or deli,1,
current,737762,AC,DAR ALHAJR MARKETS,DAR ALHAJR MARKETS LTD,666,MORRIS PARK AVE ####,10462,1600,1600.0,0,1600.0,other grocery,1,
current,737575,AC,1217 GUZMAN DELI FOOD,1217 GUZMAN DELI FOOD CORP,1217,SHERMAN AVENUE ###,10456,1100,1100.0,0,1100.0,convenience or deli,1,
current,737574,AC,BOSTON RD MEAT MARKET PRODUCE,BOSTON RD MEAT MARKET PRODUCE CORP,1667,BOSTON RD,10460,,,1,1200.0,specialty,1,
current,737531,AC,WESTFIELD MARKET & DELI,PARATPAR INC,3202,AMPERE AVENUE,10465,1700,1700.0,0,1700.0,convenience or deli,1,
current,737492,AC,MILO FISH & VEGETABLES,MILO FISH & VEGETABLES CORP,3618,WHITE PLAINS ROAD,10467,,,1,1200.0,specialty,1,
current,737487,AC,GITTO FARMERS MARKET,GITTO LACONIA 4141 INC,4141,LACONIA AVE,10466,10000,10000.0,0,10000.0,other grocery,1,
current,737474,AC,MYG DELI,MYG DELI CORP,656,WERSTCHESTER AVE,10455,950,950.0,0,950.0,convenience or deli,1,
current,737351,AC,JANDINGA DELI GROCERY,JANDINGA DELI GROCERY CORP,900,HOE AVENUE ######,10459,800,800.0,0,800.0,convenience or deli,1,
current,737282,AC,JAIVERY DELI GROCERY,JAIVERY DELI GROCERY CORP,907,SOUTHERN BLVD,10459,1000,1000.0,0,1000.0,convenience or deli,1,
current,737213,AC,ARDO DELI GROCERY,ARDO DELI GROCERY CORP,1154,WASHINGTON AVE,10456,1200,1200.0,0,1200.0,convenience or deli,1,
current,737188,A,LUCKY CANDY & GROCERY,LUCKY CANDY & GROCERY CORP,918,FREEMAN STREET,10459,,,1,1100.0,convenience or deli,1,
current,737185,AC,ROSELYN DELI GROCERY,ROSELYN DELI GROCERY CORP,698,BECK STREET,10455,,,1,1100.0,convenience or deli,1,
current,737166,AC,AMAYA GREEN DELI,AMAYA GREEN DELI CORP,219,EAST BURNSIDE AVE ###,10457,450,450.0,0,450.0,convenience or deli,1,
current,737165,AC,314 MATANZA DELI GROCERY #2,314 MATANZA DELI GROCERY #2 CORP,314,EAST 188TH STREET ##,10458,1000,1000.0,0,1000.0,convenience or deli,1,
current,737049,AC,GF MEAT MARKET,GF MEAT MARKET CORP,144,WEST BURNSIDE AVENUE,10453,,,1,1200.0,specialty,1,
current,737044,AC,TACOS-VIP,TACOS-VIP CORP,573,EAST 187TH STREET  ###,10458,900,900.0,0,900.0,other grocery,1,
current,737009,AC,390 JACKSON DELI GROCERY,390 JACKSON DELI GROCERY CORP,390,JACKSON AVENUE  ##,10454,,,1,1100.0,convenience or deli,1,
current,737001,AC,LA FAVORITA FOOD,LA FAVORITA FOOD CORP,392,E 201 STREET,10458,1000,1000.0,0,1000.0,other grocery,1,
current,736981,AC,SUPER DELI & MINI MART,SUPER DELI & MINI MART INC,1796,E TREMONT AVE,10460,1500,1500.0,0,1500.0,convenience or deli,1,
current,736966,AC,ISAAC FISH MARKET,ISAAC FISH MARKET INC,28,W BURNSIDE AVE,10453,750,750.0,0,750.0,specialty,1,
current,736933,AC,HUNTS POINT MARKET,HUNTS POINT MARKET INC,1081,LEGGETT AVE,10474,1300,1300.0,0,1300.0,other grocery,1,
current,736895,A,WALGREENS #19889,WALGREEN EASTERN CO INC,32,E 170TH ST,10452,,,0,,,0,pharmacy
current,736888,A,WALGREENS #18990,WALGREEN EASTERN CO INC,3590,E TREMONT AVE,10465,3000,3000.0,0,,,0,pharmacy
current,736870,AC,MOON LIGHT AFRICAN MARKET,MOON LIGHT AFRICAN MARKET INC,3648,WHITE PLAINS ROAD,10467,1000,1000.0,0,1000.0,other grocery,1,
current,736866,AC,TAMBO DELI&GROCERY,TAMBO DELI&GROCERY CORP,774,LYDIG AVENUE,10462,,,1,1100.0,convenience or deli,1,
current,736862,A,WALGREENS #18215,WALGREEN EASTERN CO INC,49,W FORDHAM RD,10468,6000,6000.0,0,,,0,pharmacy
current,736860,A,WALGREENS #18198,WALGREEN EASTERN CO INC,1710,CROSBY AVE,10461,6000,6000.0,0,,,0,pharmacy
current,736854,AC,UNION DELI & GROCERY NY,UNION DELI & GROCERY NY CORP,805,E 163RD STREET,10456,2000,2000.0,0,2000.0,convenience or deli,1,
current,736841,A,WALGREENS #17604,WALGREEN EASTERN CO INC,541,W 235TH ST,10463,,,0,,,0,pharmacy
current,736840,A,WALGREENS #17511,WALGREEN EASTERN CO INC,925,SOUNDVIEW AVE,10473,9930,9930.0,0,,,0,pharmacy
current,736839,A,WALGREENS #17499,WALGREEN EASTERN CO INC,691,CO-OP CITY BLVD,10475,2500,2500.0,0,,,0,pharmacy
current,736829,AC,RIVERA DELI,RIVERA DELI CORP,400,SOUNDVIEW AVE ##,10473,1200,1200.0,0,1200.0,convenience or deli,1,
current,736742,AC,OMEGA GRILL 1,OMEGA GRILL 1 CORP,253,E 172ND ST,10457,1100,1100.0,0,1100.0,other grocery,1,
current,736741,AC,YEDELINE DELI & GROCERY,YEDELINE DELI & GROCERY CORP,3601,BAINBRIDGE AVENUE ###,10467,800,800.0,0,800.0,convenience or deli,1,
current,736703,A,460 EL PATIO DELI GROCERY,460 EL PATIO DELI GROCERY CORP,460,EAST 138TH STREET ######,10454,,,1,1100.0,convenience or deli,1,
current,736606,AC,1390 DELI GROCERY,1390 DELI GROCERY CORP,1390,BOSTON ROAD,10456,1200,1200.0,0,1200.0,convenience or deli,1,
current,736554,AC,821 JENNINGS DELI,821 JENNINGS DELI INC,821,JENNINGS STREET,10459,1200,1200.0,0,1200.0,convenience or deli,1,
current,736532,AC,SANAA GOURMET DELI GROCERY,SANAA GOURMET DELI GROCERY INC,611,E 182ND STREET,10457,700,700.0,0,700.0,convenience or deli,1,
current,736507,AC,LA DURA FOOD,LA DURA FOOD CORP,73,FEATHERBED LANE,10452,1600,1600.0,0,1600.0,other grocery,1,
current,736455,AC,MADINA MUNAWARA GROCERY & HALAL MEAT,MADINA MUNAWARA GROCERY & HALAL MEAT INC,3110,BAINBRIDGE AVENUE  ##,10467,1200,1200.0,0,1200.0,convenience or deli,1,
current,736442,AC,J & R SUPER DELI GROCERY,J & R SUPER DELI GROCERY CORP,1292,WASHINGTON AVENUE,10456,1500,1500.0,0,1500.0,convenience or deli,1,
current,736427,AC,MORRIS AVE DELI,MORRIS AVE DELI CORP,1274,MORRIS AVE,10456,1200,1200.0,0,1200.0,convenience or deli,1,
current,736425,AC,EL SITIO DELI GROCERY,EL SITIO 2 DELI GROCERY CORP,954,PROSPECT AVENUE,10459,1200,1200.0,0,1200.0,convenience or deli,1,
current,736355,AC,YAFAI GROCERY,YAFAI GROCERY INC,1769,PITMAN AVE,10466,,,1,1100.0,convenience or deli,1,
current,736304,A,PAPA 99 CENTS,PAPA 99 CENTS INC,2474,GRAND CONCOURSE,10458,,,0,,,0,general merchandise or dollar store
current,736230,AC,WILTON AVE DELI & GROCERY,WILTON AVE DELI & GROCERY INC,143,E 149TH STREET,10451,,,1,1100.0,convenience or deli,1,
current,736203,AC,1537 GROCERY,1537 GROCERY CORP,1537,BRUCKNER BLVD,10472,750,750.0,0,750.0,convenience or deli,1,
current,736110,A,WALGREENS #18988,WALGREENS EASTERN CO INC,2750,BOSTON RD,10469,,,0,,,0,pharmacy
current,736107,A,WALGREENS #17665,WALGREEN EASTERN CO INC,3480,JEROME AVE,10467,7000,7000.0,0,,,0,pharmacy
current,735940,AC,SAN DIEGO DELI GROCERY,SAN DIEGO DELI GROCERY CORP,1303-1305,BRONX RIVER AVE ##,10472,800,800.0,0,800.0,convenience or deli,1,
current,735802,A,SOUTHERN PHARMACY,SOUTHERN PHARMACY INC,1301,SOUTHERN BLVD,10459,,,0,,,0,pharmacy
current,735798,A,DOLLAR TREE #06183,DOLLAR TREE STORES INC,259,E 138TH ST,10451,7135,7135.0,0,,,0,general merchandise or dollar store
current,735764,AC,ALBANIAN MARKET & DELI,ALBANIAN MARKET & DELI CORP,2009,WILLIAMSBRIDGE RD ###,10461,600,600.0,0,600.0,convenience or deli,1,
current,735690,A,SEHAM 99 CENTS,SEHAM 99 CENTS INC,1741,LAFAYETTE AVE,10473,4000,4000.0,0,,,0,general merchandise or dollar store
current,735667,AC,SWEET BRONX DELI GOURMET,SWEET BRONX DELI GOURMET INC,2245,WESTCHESTER AVE UNIT E,10462,,,1,1100.0,convenience or deli,1,
current,735651,AC,DONA JUANA GROCERY STORE,DONA JUANA GROCERY STORE INC,21,W 176TH STREET  ##,10453,,,1,1100.0,convenience or deli,1,
current,735600,AC,A&K DELI GROCERY,A&K DELI GROCERY CORP,788,E 163RD STREET,10456,900,900.0,0,900.0,convenience or deli,1,
current,735537,AC,PENA DELI GROCERY,PENA DELI GROCERY CORP,2337,GRAND CONCOURSE ####,10468,1400,1400.0,0,1400.0,convenience or deli,1,
current,735472,AC,SAN JOSE MINI MARKET,SAN JOSE MINI MARKET CORP,1055,WALTON AVE ##,10452,2000,2000.0,0,2000.0,convenience or deli,1,
current,735273,AC,V&E DELI GROCERY,V&E DELI GROCERY CORP,105,EAST CLARKE PLACE,10452,1000,1000.0,0,1000.0,convenience or deli,1,
current,735261,AC,WHITE PLAINS BROTHERS MEAT MARKET,WHITE PLAINS BROTHERS MEAT MARKET CORP,4384,WHITE PLAINS ROAD,10466,1500,1500.0,0,1500.0,specialty,1,
current,735258,AC,LEIDY MINI MARKET,LEIDY MINI MARKET INC,31-33,E VAN CORTLAND AVENUE,10468,2000,2000.0,0,2000.0,convenience or deli,1,
current,735130,AC,SALCEDO SUPERMARKET,SALCEDO SUPERMARKET CORP,1318,LAFAYETTE AVE,10474,2000,2000.0,0,2000.0,supermarket,1,
current,735084,AC,SUSHILOVER,SUSHILOVER INC,1994,BRUCKNER BLVD ##,10473,80,,1,1200.0,other grocery,1,
current,735054,AC,KHAN DELI & GROCERY,KHAN DELI & GROCERY INC,353,E 151ST STREET,10451,2500,2500.0,0,2500.0,convenience or deli,1,
current,735052,AC,EXTRA JUMBO MARKET PLACE,ALRA CORP,1384,NELSON AVENUE,10452,25000,25000.0,0,25000.0,supermarket,1,
current,735008,A,GOOD FORTUNE DISCOUNT,GOOD FORTUNE DISCOUNT INC.,3175,BAINBRIDGE AVE.,10467,6000,6000.0,0,,,0,general merchandise or dollar store
current,734975,AC,FOOD UNIVERSE/SUSHI MAMB,0113 FOOD CORP,184,W 231ST STREET,10463,,,1,8250.0,supermarket,1,
current,734921,AC,JAMAICA RYTHMS FISH MAR,JAMAICA RYTHMS FISH MARKET INC,3959,BRONXWOOD AVE,10466,9000,9000.0,0,9000.0,specialty,1,
current,734802,AC,HALAL MEAT & FISH SUPERMARKET,HALAL MEAT & FISH SUPERMARKET INC,280,E BURNSIDE AVENUE,10457,1000,1000.0,0,1000.0,supermarket,1,
current,734716,AC,555 ALCIBIADES DELI,555 ALCIBIADES DELI CORP,555,EAST 169TH STREET ######,10456,1500,1500.0,0,1500.0,convenience or deli,1,
current,734704,AC,182 WILLIS DELI & GROCERY,182 WILLIS DELI & GROCERY CORP,182,WILLIS AVENUE,10454,,,1,1100.0,convenience or deli,1,
current,734661,AC,ZNN DELI GROCERY,ZNN DELI GROCERY LLC,3433,3RD AVE,10456,1300,1300.0,0,1300.0,convenience or deli,1,
current,734660,AC,EDDY DELI GROCERY,EDDY DELI GROCERY INC,396,E 171 ST,10457,1000,1000.0,0,1000.0,convenience or deli,1,
current,734591,A,DOLLAR DEAL,1611 FOOD MART INC,1611,WESTCHESTER AVE,10472,3500,3500.0,0,,,0,general merchandise or dollar store
current,734580,AC,CASTILLO DELI MINI MARKET,CASTILLO DELI MINI MARKET INC,2239,ADAMS PLACE,10457,450,450.0,0,450.0,convenience or deli,1,
current,734568,AC,LOS MOROCHOS,LOS MOROCHOS GROCERY STORE INC,1973,WALTON AVENUE,10453,1000,1000.0,0,1000.0,other grocery,1,
current,734506,AC,FINE FARE,195 WEBSTER MEAT & PRODUCE CORP,2645,WEBSTER AVENUE,10458,7500,7500.0,0,7500.0,supermarket,1,
current,734461,AC,KEY FOOD,881 STADIUM FOOD CORP,881,GERARD AVENUE,10452,,,1,8250.0,supermarket,1,
current,734458,AC,R-K DELI GROCERY,R-K DELI GROCERY CORP,919,EAST TREMONT AVENUE,10460,2000,2000.0,0,2000.0,convenience or deli,1,
current,734360,AC,KIARY DELI GROCERY,KIARY DELI GROCERY CORP,1881,GRAND CONCOURSE STORE 1 #####,10453,,,1,1100.0,convenience or deli,1,
current,734356,AC,J & C GRACE,J & C GRACE CORP,3439,BOSTON ROAD,10469,4000,4000.0,0,4000.0,other grocery,1,
current,734291,A,562 MORRIS 99 CENTS PLUS,562 MORRIS 99 CENTS PLUS CORP,562,MORRIS AVE,10451,1300,1300.0,0,,,0,general merchandise or dollar store
current,734187,AC,AL-KAREEM GROCERY & HALAL MEETS,AL-KAREEM GROCERY & HALAL MEETS INC,1059,ALERTON AVENUE,10469,2600,2600.0,0,2600.0,convenience or deli,1,
current,734182,AC,ES DELI GROCERY,ES DELI GROCERY CORP,980,BRONX PARK SOUTH,10460,600,600.0,0,600.0,convenience or deli,1,
current,734129,AC,SHOPRITE OF BRUCKNER BLVD,VILLAGE SUPER MARKET OF NY LLC,1994,BRUCKNER BLVD ####,10473,45000,45000.0,0,45000.0,supermarket,1,
current,734126,AC,SAMMY 1 DELI GROCERY,SAMMY 1 DELI GROCERY CORP,51,W 183RD STREET,10453,,,1,1100.0,convenience or deli,1,
current,734085,AC,G&A DELI GROCERY,G&A DELI GROCERY CORP,129,WEST TREMONT AVENUE,10453,,,1,1100.0,convenience or deli,1,
current,734013,AC,SAGAL FOOD,DD&S MEAT FISH & PRODUCE INC,3430,JEROME AVE,10467,2100,2100.0,0,2100.0,other grocery,1,
current,733987,AC,APPLE VALLEY SUPERMARKET,APPLE VALLEY SUPERMARKET INC,2654,VALENTINE AVE,10458,1100,1100.0,0,1100.0,supermarket,1,
current,733944,A,SNACKS & CONVENIENCE STORE,SNACKS & CONVENIENCE STORE INC,3826,WHITE PLAINS ROAD ####,10467,800,800.0,0,800.0,convenience or deli,1,
current,733869,AC,3 MMM TREE COFFEE DELI,3 MMM TREE COFFEE DELI CORP,874,MORRIS PARK AVE,10462,900,900.0,0,900.0,convenience or deli,1,
current,733795,ACK,ROYAL GROUP MARKET,ROYAL GROUP MARKET CORP,294,EAST 166TH ST,10456,2200,2200.0,0,2200.0,other grocery,1,
current,733666,AC,CITGO,LOTUS JACKSON AVE GAS CORP,250,JACKSON AVENUE ##,10454,1000,1000.0,0,,,0,gas station
current,733576,AC,1605 GROCERY AND DELI MARKET,1605 GROCERY AND DELI MARKET CORP,1605,INWOOD AVENUE,10452,1000,1000.0,0,1000.0,convenience or deli,1,
current,733481,AC,EAT BETTER GOURMET DELI,EAT BETTER GOURMET DELI INC,721,BURKE AVE,10467,1100,1100.0,0,1100.0,convenience or deli,1,
current,733464,AC,RUANES DELI OF EDGEWATER,RUANES DELI OF EDGEWATER INC,2,CENTER EDGE WATER PARK DR,10465,1000,1000.0,0,1000.0,convenience or deli,1,
current,733326,A,WALTON CONVENIENCE STORE,WALTON CONVENIENCE STORE CORP,68,E 174TH STREET,10452,,,1,1100.0,convenience or deli,1,
current,733306,AC,549 GROCERY,549 GROCERY INC,549,SOUTHERN BLVD,10455,700,700.0,0,700.0,convenience or deli,1,
current,733263,AC,ZK BAKERY,SAZIA CORPORATION,1567,SAINT PETERS AVE ##,10461,1000,1000.0,0,1000.0,specialty,1,
current,733201,A,674 NEIGHBORHOOD,674 NEIGHBORHOOD GROCERY CORP,674,EAST 136TH STREET,10454,500,500.0,0,500.0,other grocery,1,
current,733173,AC,HOT CORNER MEAT MARKET,HOT CORNER MEAT MARKET INC,205,EAST 167TH STREET,10456,1800,1800.0,0,1800.0,specialty,1,
current,733169,AC,VISTA H DELI & GROCERY,VISTA H DELI & GROCERY INC,1782,WESTCHESTER AVENUE###,10472,1100,1100.0,0,1100.0,convenience or deli,1,
current,733038,AC,628 MORRIS FOOD,628 MORRIS FOOD CORP,628,MORRIS AVENUE,10451,10000,10000.0,0,10000.0,other grocery,1,
current,733018,AC,LONG RIVER SEAFOOD,LONG RIVER SEAFOOD CORP,1136,OGDEN AVE  ##,10452,60,,1,1200.0,specialty,1,
current,732918,AC,BANGLATOWN,BANGLATOWN INC,3566B,JEROME AVE,10467,1800,1800.0,0,1800.0,other grocery,1,
current,732915,AC,LOS CASTILLOS MEAT & FISH MARKET,CARLITOS PIZZERIA & JUICE BAR CORP,1601,DR MARTIN LUTHER KING JR BLVD,10453,,,1,1200.0,specialty,1,
current,732845,AC,TAQUERIA RODRIGUEZ 2,TAQUERIA RODRIGUEZ 2 CORP,1152,SHERIDAN AVENUE ####,10456,1800,1800.0,0,1800.0,other grocery,1,
current,732835,AC,SPINNER DELI,SPINNER DELI CORP,374,E 188TH STREET,10458,,,1,1100.0,convenience or deli,1,
current,732833,AC,838 180TH DELI GROCERY,838 180TH DELI GROCERY CORP,838,E 180TH STREET,10460,750,750.0,0,750.0,convenience or deli,1,
current,732768,AC,DELI & FOOD,DELI & FOOD CORP,222,EAST 198TH STREET,10458,,,1,1100.0,convenience or deli,1,
current,732767,AC,MG DELI GROCERY,MG DELI GROCERY CORP,917,SHERIDAN AVENUE,10451,,,1,1100.0,convenience or deli,1,
current,732750,ABC,FOOD UNIVERSE MARKET,ABC FIVE WINGS INC,126,FEATHERBED LANE,10452,7000,7000.0,0,7000.0,supermarket,1,
current,732717,AC,ADRIAN GROCERY STORE,ADRIAN GROCERY STORE INC,51,E 183RD STREET ##,10453,1800,1800.0,0,1800.0,convenience or deli,1,
current,732659,AC,AMMAN GOURMET DELI,AMMAN GOURMET DELI CORP,3949,WHITE PLAINS RD,10466,,,1,1100.0,convenience or deli,1,
current,732337,AC,MD 183 DELI,M-D 183 DELI CORP,765,E 183RD STREET,10460,1100,1100.0,0,1100.0,convenience or deli,1,
current,732310,AC,NEW YORK FISH & VEGETABLE,NEW YORK FISH & VEGETABLE INC,44,EAST 167TH STREET,10452,1000,1000.0,0,1000.0,specialty,1,
current,732309,AC,LATIN DELI GROCERY,LATIN DELI GROCERY LLC,1700,ZEREGA AVENUE,10462,1200,1200.0,0,1200.0,convenience or deli,1,
current,732268,AC,153 DELI GROCERY,153 DELI GROCERY INC,153,EAST 149TH STREET,10451,,,1,1100.0,convenience or deli,1,
current,732263,AC,WANDA RP,WANDA RP CORP,104,ELLIOT PLACE##,10452,1200,1200.0,0,1200.0,other grocery,1,
current,732219,A,DOLLAR TREE #07224,DOLLAR TREE STORES INC,600,138TH ST,10454,4000,4000.0,0,,,0,general merchandise or dollar store
current,732196,AC,901 GOURMET DELI,901 GOURMET DELI CORP,901,SOUTHERN BLVD,10459,1000,1000.0,0,1000.0,convenience or deli,1,
current,732141,AC,FORDHAM OF THE BRONX DELI,FORDHAM OF THE BRONX DELI INC,152,E 188TH STREET,10468,1200,1200.0,0,1200.0,convenience or deli,1,
current,732136,AC,COURTLANDT DELI,COURTLANDT DELI CORP,714,COURTLANDT AVENUE ###,10451,,,1,1100.0,convenience or deli,1,
current,732085,AC,LAS YARIS DELI FOOD,LAS YARIS DELI FOOD CORP,374,WILLIS AVENUE,10454,,,1,1100.0,convenience or deli,1,
current,732070,AC,JAMA DELI GROCERY,JAMA DELI GROCERY CORP,1225,OGDEN AVENUE,10452,,,1,1100.0,convenience or deli,1,
current,732046,AC,LO TIGER GROCERY,LO TIGER GROCERY CORP,230,E 174TH STREET ###,10457,1000,1000.0,0,1000.0,convenience or deli,1,
current,732005,AC,CARLOS DELI & GROCERY,CARLOS DELI & GROCERY INC,2118,WESTCHESTER AVE,10462,800,800.0,0,800.0,convenience or deli,1,
current,732003,AC,LA PRESUMIDA GROCERY,LA PRESUMIDA GROCERY CORP,1386,NELSON AVENUE,10452,1500,1500.0,0,1500.0,convenience or deli,1,
current,731963,AC,SHAPLA BAZAR,SHAPLA BAZAR INC,1472,SAINT PETERS AVE,10461,800,800.0,0,800.0,other grocery,1,
current,731918,AC,ROMERO FRUIT MARKET,ROMERO FRUIT MARKET INC,835,E 152ND ST  STORE 4,10455,1000,1000.0,0,1000.0,specialty,1,
current,731915,AC,MORONTA'S GROCERY & DELI,MORONTA'S GROCERY & DELI CORP,2020,PITMAN AVENUE,10466,,,1,1100.0,convenience or deli,1,
current,731870,AC,AGUILARS MEXICAN GROCERY,AGUILARS MEXICAN GROCERY LLC,1060,MORRIS PARK AVENUE,10461,1000,1000.0,0,1000.0,convenience or deli,1,
current,731853,AC,SUPER STOP DELI & GROCERY,SUPER STOP DELI & GROCERY CORP,211,E TREMONT AVE,10457,1000,1000.0,0,1000.0,convenience or deli,1,
current,731782,AC,KADIJA SUPERMARKET,KADIJA SUPERMARKET INC,1034,MORRIS AVE,10456,1200,1200.0,0,1200.0,supermarket,1,
current,731745,AC,HIGH BRIDGE DELI AND GROCERY,HIGH BRIDGE DELI AND GROCERY LLC THE,1150,ANDERSON AVE ######,10452,,,1,1100.0,convenience or deli,1,
current,731734,AC,DHAKA SUPERMARKET & HALAL MEAT,DHAKA SUPERMARKET & HALAL MEAT INC,369,E 204TH STREET,10467,5000,5000.0,0,5000.0,supermarket,1,
current,731695,AC,947 DELI GROCERY,947 DELI GROCERY CORP,947,EAST 163RD ST,10459,1000,1000.0,0,1000.0,convenience or deli,1,
current,731693,AC,DIAMOND FISH AND MEAT MARKET,DIAMOND FISH AND MEAT MARKET INC,381,E 169TH STREET,10456,1100,1100.0,0,1100.0,specialty,1,
current,731661,A,BARGAIN CENTER,BARGAIN CENTER INC,600,EAST 138TH STREET ######,10454,,,0,,,0,general merchandise or dollar store
current,731655,AC,C&C FARM,C&C FARM BRONX INC,681,ALLERTON AVE,10467,1800,1800.0,0,1800.0,other grocery,1,
current,731628,AC,P & P GOURMET DELI,P & P GOURMET DELI INC,119,WEST 225TH STREET,10463,1800,1800.0,0,1800.0,convenience or deli,1,
current,731590,AC,MORRIS PARK DELI FOOD CENTER,MORRIS PARK DELI FOOD CENTER INC,1185,LEBANON STREET,10460,1000,1000.0,0,1000.0,convenience or deli,1,
current,731578,AC,RIVERA DELI,RIVERA DELI CORP,4301,WHITE PLAINS ROAD,10466,,,1,1100.0,convenience or deli,1,
current,731565,AC,INTERVALE DELI,INTERVALE DELI CORP,1103,INTERVALE AVE,10459,900,900.0,0,900.0,convenience or deli,1,
current,731476,AC,EZ N DELI GROCERY,EZ N DELI GROCERY INC,3998,WHITE PLAINS RD,10466,1,,1,1100.0,convenience or deli,1,
current,731384,A,A-Z HAVEN MARKET,A-Z HAVEN MARKET INC,784,E 152ND STREET,10455,,,1,1200.0,other grocery,1,
current,731243,AC,BROTHERS BRONXWOOD DELI GROCERY,BROTHERS BRONXWOOD DELI GROCERY CORP,3846,BRONXWOOD AVENUE,10469,800,800.0,0,800.0,convenience or deli,1,
current,731205,AC,QUALITY NEW YORK MEAT AND FISH,QUALITY NEW YORK MEAT AND FISH MARKET,1678,BOSTON ROAD,10460,1800,1800.0,0,1800.0,specialty,1,
current,731084,ACDK,R & J SEAFOOD,R & J SEAFOOD CORP,800,FOOD CENTER DRIVE UNIT 117 ###,10474,1500,1500.0,0,,,0,"warehouse, wholesale or plant license"
current,730975,AC,EL MANDO DELI,EL MANDO DELI INC,611,GRAND CONCOURSE,10451,600,600.0,0,600.0,convenience or deli,1,
current,730957,A,CLINTON EXPRESS DELI,CLINTON EXPRESS DELI CORP,732,E TREMONT AVE,10457,1000,1000.0,0,1000.0,convenience or deli,1,
current,730798,AC,165 AND ANDERSON SUPERETTE,165 AND ANDERSON SUPERETTE INC,64,W 165TH STREET ##,10452,1200,1200.0,0,1200.0,other grocery,1,
current,730761,A,DOLLAR TREE # 07139,DOLLAR TREE STORES INC,4660,3RD AVE,10458,,,0,,,0,general merchandise or dollar store
current,730732,A,VERY GOOD 99 CENT DISCOUNT,VERY GOOD 99 CENT DISCOUNT INC,1147,BOSTON ROAD,10456,950,950.0,0,,,0,general merchandise or dollar store
current,730704,AC,FOOD UNIVERSE MARKET PLACE,E & M FOOD MARKET CORP,760,MELROSE AVENUE,10451,14000,14000.0,0,14000.0,supermarket,1,
current,730686,AC,LOL SUSHI,LOL SUSHI LLC,5555,BROADWAY,10463,500,500.0,0,500.0,other grocery,1,
current,730675,AC,LA MANSION MINI MARKET,LA MANSION MINI MARKET CORP,1809,ARCHER STREET,10460,1000,1000.0,0,1000.0,convenience or deli,1,
current,730652,AC,RICHARD VEGETABLES AND FRUITS,RICHARD VEGETABLES AND FRUITS CORP,493,BROOK AVENUE,10455,,,1,1200.0,specialty,1,
current,730638,AC,MERRIAM FOOD CENTER,MERRIAM FOOD CENTER CORP,1440,UNIVERSITY AVENUE,10452,900,900.0,0,900.0,other grocery,1,
current,730583,ABCHDK,DIPLOMAT CATERER,EMUNA 55 INC,2474,BUTLER PLACE,10461,4000,4000.0,0,,,0,"warehouse, wholesale or plant license"
current,730509,A,DOLLAR GENERAL # 19211,DOLGEN NEW YORK LLC,900,SOUTHERN BLVD,10459,1500,1500.0,0,,,0,general merchandise or dollar store
current,730507,A,DOLLAR GENERAL # 19204,DOLGEN NEW YORK LLC,1041,PROSPECT AVE,10459,,,0,,,0,general merchandise or dollar store
current,730506,A,DOLLAR GENERAL # 19205,DOLGEN NEW YORK LLC,1312,SOUTHER BLVD,10459,1500,1500.0,0,,,0,general merchandise or dollar store
current,730505,A,DOLLAR GENERAL # 19206,DOLGEN NEW YORK LLC,1412,JEROME AVE,10452,,,0,,,0,general merchandise or dollar store
current,730503,A,DOLLAR GENERAL # 19207,DOLGEN NEW YORK LLC,2500,WHITE PLAINS RD,10467,7800,7800.0,0,,,0,general merchandise or dollar store
current,730500,A,DOLLAR GENERAL # 19208,DOLGEN NEW YORK LLC,3555,WHITE PLAINS RD,10467,7500,7500.0,0,,,0,general merchandise or dollar store
current,730494,A,DOLLAR GENERAL STORE #19210,DOLGEN NEW YORK LLC,528,JACKSON AVE,10455,,,0,,,0,general merchandise or dollar store
current,730450,AC,SALAM DELI,SALAM DELI INC,939,MORRIS PARK AVE ###,10462,900,900.0,0,900.0,convenience or deli,1,
current,730403,AC,FRESH MARKET DELI,FRESH MARKET DELI INC,1690,GLEASON AVE,10472,2500,2500.0,0,2500.0,supermarket,1,
current,730349,AC,SOSUA FOOD CENTER,SOSUA FOOD CENTER CORP,2634,3RD AVENUE,10454,,,1,1200.0,other grocery,1,
current,730328,AC,HPA DELI,HPA DELI CORP,803,HUNTS POINT AVE,10474,1200,1200.0,0,1200.0,convenience or deli,1,
current,730128,AC,G DELI MARKET,G DELI MARKET CORP,551,E 178TH STREET,10457,1000,1000.0,0,1000.0,convenience or deli,1,
current,730078,AC,LA PARADA LATINA FOOD,LA PARADA LATINA FOOD CORP,3822,3RD AVE,10457,1500,1500.0,0,1500.0,other grocery,1,
current,729925,A,KING 99 CENTS PLUS,KING 99 CENTS PLUS LLC,2571,WEBSTER AVENUE,10458,,,0,,,0,general merchandise or dollar store
current,729904,AC,YUMMY DELI GROCERY,YUMMY DELI GROCERY CORP,743,BURKE AVE,10467,1000,1000.0,0,1000.0,convenience or deli,1,
current,729761,AC,HICIANO BROTHERS GROCERY,HICIANO BROTHERS GROCERY CORP,3017-19,MIDDLETOWN RD,10461,1000,1000.0,0,1000.0,convenience or deli,1,
current,729606,AC,VALENCIAS DELI GROCERY,VALENCIAS DELI GROCERY CORP,797,E 182ND ST,10460,1200,1200.0,0,1200.0,convenience or deli,1,
current,729565,AC,JAMAICA RYTHMS FISH MARKET,JAMAICA RYTHMS FISH MARKET INC,3963,BRONXWOOD AVE,10466,,,1,1200.0,specialty,1,
current,729514,A,DOLLAR TREE #05624,DOLLAR TREE STORES INC,3560,WHITE PLAINS RD,10467,,,0,,,0,general merchandise or dollar store
current,729276,AC,BEST BEACH GROCERY,BEST BEACH GROCERY & DELI CORP,1461,BEACH AVE,10460,1300,1300.0,0,1300.0,convenience or deli,1,
current,729215,AC,AC MEAT MARKET & PRODUCE,AC MEAT MARKET & PRODUCE CORP,1812,ARCHER STREET,10460,1000,1000.0,0,1000.0,specialty,1,
current,729127,A,DISCOUNT CORP AND 99 CENT,DISCOUNT CORP AND 99 CENT,545 A,SOUTHERN BLVD ####,10455,,,0,,,0,general merchandise or dollar store
current,729121,AC,PARKCHESTER FISHERY,PARKCHESTER FISHERY MARKET INC,80-A,HUGH J GRANT CIRCLE,10472,1000,1000.0,0,1000.0,other grocery,1,
current,729082,AC,A & Y GROCERY,A & Y GROCERY INC,301,E 204TH STREET,10467,1200,1200.0,0,1200.0,convenience or deli,1,
current,729080,AC,SUNSHINE FISH MARKET,SUNSHINE FISH MARKET INC,15,EAST MOUNT EDEN AVE,10452,1000,1000.0,0,1000.0,specialty,1,
current,729069,AC,171 WEST DELI,171 WEST DELI CORP,171,W BURNSIDE AVE,10453,1800,1800.0,0,1800.0,convenience or deli,1,
current,729062,AC,COMMUNITY GREEN MARKET,TREMONT GREEN MARKET INC,2250,EAST TREMONT AVE,10462,3000,3000.0,0,3000.0,other grocery,1,
current,728921,AC,VIVI DELI GROCERY,VIVI DELI GROCERY CORP,890,EAST 180TH STREET,10460,1200,1200.0,0,1200.0,convenience or deli,1,
current,728920,AC,37 DELI GROCERY,37 DELI GROCERY INC,37,WEST 183RD STREET,10453,1800,1800.0,0,1800.0,convenience or deli,1,
current,728854,ACED,GUN HILL BREWING CO,FARLO LLC,3227,LACONIA AVENUE,10469,,,0,,,0,"warehouse, wholesale or plant license"
current,728815,AC,LA FINQUITA FRUIT MARKE,LA FINQUITA FRUITS & VEG MRK INC,602,COURTLANDT AVE,10451,900,900.0,0,900.0,specialty,1,
current,728800,AC,FORDHAM GOURMET DELI 05/19/17,11 W FORDHAM GRMT DELI CORP,11,W FORDHAM ROAD  ###,10468,600,600.0,0,600.0,convenience or deli,1,
current,728759,AC,KING 3RD DELI,KING 3RD DELI CORP,3251,3RD AVE,10456,,,1,1100.0,convenience or deli,1,
current,728645,AC,LUPITAS MEXICAN GROCERY II,LUPITAS MEXICAN GROCERY II INC,654,E 233RD STREET STORE #10-11,10466,,,1,1100.0,convenience or deli,1,
current,728615,ABCK,TEX-MEX DELI GROCERY,TEX-MEX DELI GROCERY INC,2325,WESTCHESTER AVE,10462,700,700.0,0,700.0,convenience or deli,1,
current,728610,AC,EL CHURCHI DELI & GROCERY 02/16/17,EL CHURCHI DELI & GROCERY CORP,2890,JEROME AVENUE,10468,1000,1000.0,0,1000.0,convenience or deli,1,
current,728588,AC,PEGHES DELI & GROCERY,PEGHES DELI & GROCERY INC,3273,WESTCHESTER AVE,10461,1400,1400.0,0,1400.0,convenience or deli,1,
current,728579,AC,REGINA MEAT&DELI GROCERY,REGINA MEAT&DELI GROCERY INC,1801,WESTCHESTER AVE,10472,1200,1200.0,0,1200.0,convenience or deli,1,
current,728571,AC,LA BODEGUITA DE ROSA,LA BODEGUITA DE ROSA CORP,160,EAST 174TH STREET,10457,,,1,1200.0,other grocery,1,
current,728545,AC,ZIL ZAL,ZIL ZAL INC,1516,METROPOLITAN AVENUE,10462,,,1,1200.0,other grocery,1,
current,728544,AC,MORGAN GOURMET DELI,MORGAN GOURMET DELI CORP,1418,E GUN HILL ROAD,10469,1500,1500.0,0,1500.0,convenience or deli,1,
current,728448,AC,AYLIN GROCERY STORE,AYLIN GROCERY STORE INC,388,E 169TH STREET ##,10456,800,800.0,0,800.0,convenience or deli,1,
current,728438,A,ALI & SON CANDY & GROCERY,ALI & SON CANDY & GROCERY CORP,738,EAST 182ND STREET,10457,700,700.0,0,700.0,convenience or deli,1,
current,728398,AC,726 DELI GROCERY,726 DELI GROCERY CORP,726,E 152ND STREET,10455,,,1,1100.0,convenience or deli,1,
current,728237,AC,1454 MC DELI GROCERY,1454 MC DELI GROCERY CORP,1454,GRAND CONCOURSE ####,10457,1400,1400.0,0,1400.0,convenience or deli,1,
current,728198,AC,COLORADO DELI FOOD,COLORADO DELI FOOD CORP,1158,GERARD AVE ####,10452,,,1,1100.0,convenience or deli,1,
current,728197,AC,LA TIENDA DELI GROCERY & BAKERY,LA TIENDA DELI GROCERY & BAKERY CORP,502,EAST 138TH STREET ####,10454,1500,1500.0,0,1500.0,convenience or deli,1,
current,728049,AC,A & G DELI GROCERY III,A & G DELI GROCERY III CORP,948,E 163RD ST,10459,1200,1200.0,0,1200.0,convenience or deli,1,
current,728045,AC,BIG SAL DELI,BIG SAL DELI INC,1361,OGDEN AVE,10452,,,1,1100.0,convenience or deli,1,
current,727973,AC,BBC DELI GROCERY,BBC DELI GROCERY CORP,51,EAST TREMONT AVENUE,10453,1800,1800.0,0,1800.0,convenience or deli,1,
current,727962,AC,BURKE CANDY & CONVENIENCE,BURKE CANDY & CONVENIENCE CORP,702,BURKE AVENUE,10467,900,900.0,0,900.0,convenience or deli,1,
current,727872,AC,228 MEAT & VEGETABLE,228 MEAT & VEGETABLE CORP,4047,LACONIA AVENUE,10466,,,1,1200.0,specialty,1,
current,727826,AC,NEW DYRE DELI,NEW DYRE DELI CORP,3805,DYRE AVENUE,10466,,,1,1100.0,convenience or deli,1,
current,727808,A,FOREVER DEAL,FOREVER DEAL INC,1293,BOSTON ROAD,10456,3500,3500.0,0,3500.0,other grocery,1,
current,727729,AC,SANTI'S DELI GROCERY,SANTI'S DELI GROCERY CORP,1190,CROMWELL AVE ###,10452,,,1,1100.0,convenience or deli,1,
current,727728,AC,SAZON DELI GROCERY,SAZON DELI GROCERY CORP,131,E 183RD STREET ####,10453,1500,1500.0,0,1500.0,convenience or deli,1,
current,727691,AC,SUPERSTAR 1 DELI AND & GROCERY,SUPERSTAR 1 DELI AND & GROCERY CORP,2801,WHITE PLAINS ROAD,10467,1600,1600.0,0,1600.0,convenience or deli,1,
current,727658,AC,2408 M & E GROCERY,2408 M & E GROCERY CORP,2408,UNIVERSITY AVE,10468,700,700.0,0,700.0,convenience or deli,1,
current,727626,AC,TU CASA SUPERMARKET,PIEDRA PARTIDA DELI GROCERY CORP,229,E KINGSBRIDGE ROAD,10458,2000,2000.0,0,2000.0,supermarket,1,
current,727620,AC,LOS CASTILLOS MINI MARKET 03/01/17,LOS CASTILLOS MINI MARKET CORP,1601,UNIVERSITY AVENUE,10453,3000,3000.0,0,3000.0,convenience or deli,1,
current,727535,AC,ALHAMEDI DELI GROCERY,ALHAMEDI DELI GROCERY CORP,1095,PROSPECT AVE FRNT 2,10459,900,900.0,0,900.0,convenience or deli,1,
current,727526,AC,178 GOURMET DELI,178 GOURMET DELI CORP,1930,GRAND CONCOURSE ####,10457,1100,1100.0,0,1100.0,convenience or deli,1,
current,727424,A,ELLIOT DELI AND GROCERY,ELLIOT DELI AND GROCERY CORP,45,ELLIOT PL,10452,1000,1000.0,0,1000.0,convenience or deli,1,
current,727310,AC,JB GAS & FOOD,JB FUEL CORP,2947,JEROME AVE,10468,1200,1200.0,0,,,0,gas station
current,727295,AC,ASRA MINI MART AND DELI,ASRA MINI MART AND DELI INC,2801,MIDDLETOWN ROAD  ###,10461,700,700.0,0,700.0,convenience or deli,1,
current,727260,AC,FRESH DIRECT,FRESH DIRECT LLC,2,ST. ANN'S AVENUE,10454,40000,40000.0,0,,,0,"online, wholesale or warehouse"
current,727233,AC,JOY'S DELI GROCERY II,JOY'S DELI GROCERY II CORP,1481,WESTCHESTER AVENUE,10472,1400,1400.0,0,1400.0,convenience or deli,1,
current,727222,AC,SUAREZ DELI & GROCERY,SUAREZ DELI & GROCERY INC,269,E 188TH STREET,10458,,,1,1100.0,convenience or deli,1,
current,727185,AC,OGDEN COFFEE SHOP,OGDEN COFFEE SHOP INC,1373A,OGDEN AVE,10452,,,1,1200.0,other grocery,1,
current,727181,AC,RED APPLE DELI,RED APPLE DELI CORP,294,E 204TH STREET,10467,1100,1100.0,0,1100.0,convenience or deli,1,
current,727124,AC,J D FOOD MARKET,J D FOOD MARKET CORP,460,QUINCY AVENUE,10465,2000,2000.0,0,2000.0,other grocery,1,
current,727058,AC,SADEQ GOURMET DELI,SADEQ GOURMET DELI INC,2664,GRAND CONCOURSE,10458,,,1,1100.0,convenience or deli,1,
current,726967,AC,COURTSIDE GOURMET,COURTSIDE GOURMET CORP,906,MORRIS AVE,10451,1100,1100.0,0,1100.0,other grocery,1,
current,726957,AC,C TOWN,3220 MARKET CORP,3220,THIRD AVE,10451,4000,4000.0,0,4000.0,supermarket,1,
current,726877,AC,3161 NORWOOD DELI,3161 NORWOOD DELI CORP,3161,BAINBRIDGE AVE,10467,1200,1200.0,0,1200.0,convenience or deli,1,
current,726841,A,HUA MEI DISCOUNT STORE,HUA MEI DISCOUNT STORE INC,1690,BOSTON RD,10460,5000,5000.0,0,,,0,general merchandise or dollar store
current,726484,AC,ADUM AFRICAN MARKET,ADUM AFRICAN MARKET INC,261,EAST 167TH STREET,10456,4000,4000.0,0,4000.0,other grocery,1,
current,726451,AC,EUROPEAN GOURMET & DELI,M.A.Z.D CORP,5622,MOSHOLU AVE ####,10471,1000,1000.0,0,1000.0,convenience or deli,1,
current,726338,AC,BUHRE FISH MARKET,BUHRE FISH MARKET INC,3035,BUHRE AVENUE,10461,1000,1000.0,0,1000.0,specialty,1,
current,726186,AC,EMPIRE STATE GOURMET DELI,EMPIRE STATE GOURMET DELI LLC,5800,MOSHOLU AVENUE ####,10471,1100,1100.0,0,1100.0,convenience or deli,1,
current,726154,AC,NICKS EUROPEAN MARKET,NICKS EUROPEAN MARKET INC,2137-A,WILLIAMSBRIDGE RD,10461,1000,1000.0,0,1000.0,other grocery,1,
current,726084,A,T & S DELI GROCERY,T & S DELI GROCERY CORP,2355,GRAND CONCOURSE,10468,800,800.0,0,800.0,convenience or deli,1,
current,726039,AC,165 STREET MARKET,CHOI HAE S,245,EAST 165TH STREET,10456,2200,2200.0,0,2200.0,other grocery,1,
current,725955,AC,JAMAICA GOURMET DELI,JAMAICA GOURMET DELI INC,1205,COLLEGE AVE,10456,1500,1500.0,0,1500.0,convenience or deli,1,
current,725917,AC,CARNICERIA EL RANCHO,NEW KINGSBRIDGE MARKET CORP,29,E KINGSBRIDGE ROAD STORE 1,10468,900,900.0,0,900.0,specialty,1,
current,725894,AC,ANTILLANA FRESH MEAT MARKET,A AND J SUPER FOOD INC,1025,WESTCHESTER AVE,10459,3000,3000.0,0,3000.0,specialty,1,
current,725880,A,AMEER CONVENIENCE,AMEER CONVENIENCE CORP,730,LYDIG AVENUE,10462,1000,1000.0,0,1000.0,convenience or deli,1,
current,725879,A,LYDIG DOLLAR DEALS,LYDIG DOLLAR DEALS INC,744,LYDIG AVE,10462,2000,2000.0,0,,,0,general merchandise or dollar store
current,725869,AC,GREENVILLAGE MEAT,GREENVILLAGE MEAT CORP,3758,WHITE PLAINS ROAD,10467,1500,1500.0,0,1500.0,specialty,1,
current,725811,AC,681 DELI GROCERY STORE #1,681 DELI GROCERY STORE #1 INC,681,E 187TH STREET,10458,1200,1200.0,0,1200.0,convenience or deli,1,
current,725779,AC,DARU SALAM FOOD & MEAT MARKET,DARU SALAM FOOD & MEAT MARKET INC,669,ELTON AVE,10455,,,1,1200.0,specialty,1,
current,725713,A,718 CONVENIENT STORE,718 CONVENIENT STORE LLC,123,EAST BURNSIDE AVENUE,10453,,,1,1200.0,other grocery,1,
current,725712,A,BEST 1 SMOKE SHOP,BEST 1 SMOKE SHOP CORP,585,E 168TH STREET,10456,700,700.0,0,,,0,food service or non-food retail
current,725703,AC,LUCKY DELI AND MEAT,LUCKY DELI AND MEAT CORP,523,EAST 137TH STREET,10454,,,1,1100.0,convenience or deli,1,
current,725697,AC,UNIVERSITY FRESH MARKET,THREE TIMES C FOOD CORP,1707,UNIVERSITY AVE,10453,2500,2500.0,0,2500.0,supermarket,1,
current,725571,AC,BAEZ DELI GROCERY,BAEZ DELI GROCERY CORP,751,HOME STREET ####,10456,,,1,1100.0,convenience or deli,1,
current,725561,AC,ASHLEY & J FOOD,ASHLEY & J FOOD CORP,1000,E GUN HILL ROAD ###,10469,800,800.0,0,800.0,other grocery,1,
current,725557,AC,3770 FISH MARKET,3770 FISH MARKET INC,3770,WHITE PLAINS RD,10467,1500,1500.0,0,1500.0,specialty,1,
current,725545,AC,D & A DELI GROCERY,D & A DELI GROCERY CORP,3035,VALENTINE AVE ###,10458,,,1,1100.0,convenience or deli,1,
current,725544,AC,QUICK STOP 1 MINI MARKET,QUICK STOP 1 MINI MARKET CORP,685,MORRIS PARK AVE,10462,1500,1500.0,0,1500.0,convenience or deli,1,
current,725506,AC,1798 LOS PRIMOS GROCERY,1798 LOS PRIMOS GROCERY CORP,1798,CROTONA AVE ####,10457,1400,1400.0,0,1400.0,convenience or deli,1,
current,725381,AC,GRAND FISH MARKET,167 PARKS FISH MARKET INC,214,E 167TH STREET,10456,1500,1500.0,0,1500.0,specialty,1,
current,725378,AC,AMOR SUPERMARKET,AMOR SUPERMARKET CORP,35,W 183RD STREET  ##,10453,2400,2400.0,0,2400.0,supermarket,1,
current,725372,AC,LOS MELLIZOS GROCERY STORE,LOS MELLIZOS GROCERY STORE CORP,199,E 165TH STREET ####,10456,,,1,1100.0,convenience or deli,1,
current,725369,AC,ROYAL DELI,ROYAL DELI INC,980,INTERVALE AVE ###,10459,,,1,1100.0,convenience or deli,1,
current,725270,AC,ANLY & MADALY DELI-GROCERY,ANLY & MADALY DELI-GROCERY INC,1365,FINDLAY AVENUE ####,10456,1500,1500.0,0,1500.0,convenience or deli,1,
current,725221,AC,MUSA GOURMET DELI,MUSA GOURMET DELI CORP,1211,JEROME AVE,10452,2400,2400.0,0,2400.0,convenience or deli,1,
current,725218,AC,EXCEL FOOD MART,EXCEL FOOD MART LLC,1264,RANDALL AVE,10474,1200,1200.0,0,1200.0,convenience or deli,1,
current,725215,AC,188 VALENTINE DELI,188 VALENTINE DELI CORP,221,E 188TH ST.,10458,800,800.0,0,800.0,convenience or deli,1,
current,725177,AC,149 WILLIS,149 WILLIS INC,526B,WILLIS AVENUE,10455,,,1,1200.0,other grocery,1,
current,725145,A,99 GRANT,99 GRANT INC,233,E 167 ST,10456,2000,2000.0,0,2000.0,other grocery,1,
current,725107,AC,HALAL DELI MART,DELI R US FOOD MARKET INC,1475,WEST AVENUE  ##,10462,1000,1000.0,0,1000.0,convenience or deli,1,
current,725093,AC,MYW FOOD MARKET,MYW FOOD MARKET CORP,536E,FORDAM ROAD,10458,,,1,1200.0,other grocery,1,
current,725060,AC,MARD DELI GROCERY,MARD DELI GROCERY CORP,2280,WEBSTER AVENUE,10457,1000,1000.0,0,1000.0,convenience or deli,1,
current,724960,AC,RAY'S #1 DELI GROCERY,RAY'S #1 DELI GROCERY LLC,3925,BARNES AVENUE,10466,,,1,1100.0,convenience or deli,1,
current,724958,AC,LA PLAZA DELI MINI MARKET,LA PLAZA DELI MINI MARKET CORP,885,E TREMONT AVE,10460,1000,1000.0,0,1000.0,convenience or deli,1,
current,724859,AC,SOL CACAO,SOL CACAO LLC,780,E 133 ST. SUITE #5,10454,,,1,1200.0,other grocery,1,
current,724807,AC,1086 LUNA DELI GROCERY,1086 LUNA DELI GROCERY CORP,1086,BOSTON ROAD ###,10456,1500,1500.0,0,1500.0,convenience or deli,1,
current,724792,A,180 CANDY GROCERY TOBAC,180 CANDY GROCERY TOBACCO CORP,535A,EAST 180TH STREET,10457,800,800.0,0,800.0,convenience or deli,1,
current,724739,A,DOLLAR TREE #05191,DOLLAR TREE STORES INC,925,HUNTS POINT AVE,10459,2500,2500.0,0,,,0,general merchandise or dollar store
current,724729,AC,729 JACKSON DELI GROCERY,729 JACKSON DELI GROCERY INC,729,WESTCHESTER AVE,10455,1000,1000.0,0,1000.0,convenience or deli,1,
current,724700,A,1517 DELI & DISCOUNT,1517 DELI & DISCOUNT INC,1519,WESTCHESTER AVE. ###,10472,2000,2000.0,0,2000.0,convenience or deli,1,
current,724590,AC,NELLY MINI MARKET,NELLY MINI MARKET CORP,1055,UNIVERSITY AVE. ###,10452,1500,1500.0,0,1500.0,convenience or deli,1,
current,724557,AC,SABOR LATINO DELI SUPERMARKET,SABOR LATINO DELI SUPERMARKET CORP,1000,LONGWOOD AVENUE,10459,2000,2000.0,0,2000.0,supermarket,1,
current,724556,AC,NEEROB BAZAR,NEEROB BAZAR INC,2085,STARLING AVE,10462,2200,2200.0,0,2200.0,other grocery,1,
current,724428,AC,NEW MEXICAN FRUITS & GROCERY,RODRIGUEZ DIAZ JUAN,1517,WESTCHESTER AVE,10472,500,500.0,0,500.0,convenience or deli,1,
current,724425,A,2463 E TREMONT DELI,2463 E TREMONT DELI CORP,2463,E TREMONT AVE ##,10461,800,800.0,0,800.0,convenience or deli,1,
current,724308,AC,BWAY DELI FOOD,BWAY DELI FOOD CORP,5219A,BROADWAY,10463,1500,1500.0,0,1500.0,convenience or deli,1,
current,724248,AC,FERMIN DELI GROCERY,FERMIN DELI GROCERY CORP,1113,GRANT AVE,10456,,,1,1100.0,convenience or deli,1,
current,724181,AC,NELLYS DELI GROCERY,NELLYS DELI GROCERY CORP,1240,SPOFFORD AVE,10474,1000,1000.0,0,1000.0,convenience or deli,1,
current,724178,AC,LOLAS DELI & GROCERY,LOLAS DELI & GROCERY CORP,4008,BRONXWOOD AVE  ##,10466,,,1,1100.0,convenience or deli,1,
current,724176,AC,NEW ANDREWS DELI GROCERY,NEW ANDREWS DELI GROCERY CORP,1899,ANDREWS AVE.,10453,1800,1800.0,0,1800.0,convenience or deli,1,
current,724122,AC,INTERNATIONAL FOOD MARKET,JAITEH KABA LLC,1514,WATSON AVE,10472,1200,1200.0,0,1200.0,other grocery,1,
current,724028,AC,TINTON GOURMET DELI,TINTON GOURMET DELI CORP,643,TINTON AVE,10455,1100,1100.0,0,1100.0,convenience or deli,1,
current,724012,AC,LC GROCERY STORE,LC GROCERY STORE CORP,2155,GRAND CONCOURSE,10453,900,900.0,0,900.0,convenience or deli,1,
current,723891,AC,MIDDLETOWN DELI AND CONVENIENCE,BHAKTI DELI AND CONVENIENCE INC,2959,MIDDLETOWN ROAD,10461,1400,1400.0,0,1400.0,convenience or deli,1,
current,723786,AC,198 BAINBRIDGE DELI & GROCERY,198 BAINBRIDGE DELI & GROCERY CORP,2839,BAINBRIDGE AVE,10458,,,1,1100.0,convenience or deli,1,
current,723734,AC,LA FUENTE BAILEY DELI & GROCERY,LA FUENTE BAILEY DELI & GROCERY INC,148,W 231 ST,10463,2000,2000.0,0,2000.0,convenience or deli,1,
current,723677,AC,SAGAL MEAT MARKET,SOUTHERN BLVD MEAT MARKET CORP,1091,SOUTHERN BLVD,10459,2500,2500.0,0,2500.0,specialty,1,
current,723673,AC,VEGANO SUPERMARKET,VEGANO SUPERMARKET CORP,234-238,E 181 ST. ###,10457,,,1,8250.0,supermarket,1,
current,723467,AC,VICJONA MEAT MARKET,VICJONA MEAT MARKET INC,733,E TREMONT AVE,10457,1000,1000.0,0,1000.0,specialty,1,
current,723441,AC,JOES DELI,RUSC INC,685,E 187TH ST,10458,1500,1500.0,0,1500.0,convenience or deli,1,
current,723294,ACDK,GRADYS COLD BREW,GRADYS COLD BREW INC,819,GARRISON AVE,10474,8000,8000.0,0,,,0,"warehouse, wholesale or plant license"
current,723232,AC,MARIA FOOD MARKET,MARIA FOOD MARKET CORP,920,PROSPECT AVE,10459,1100,1100.0,0,1100.0,other grocery,1,
current,723207,AC,LA ESTRELLITA MEXICAN GROCERY,LA ESTRELLITA MEXICAN GROCERY INC,213,E 198TH STREET,10458,,,1,1100.0,convenience or deli,1,
current,722979,AC,NICKY DELI,NICKY DELI GROCERY CORP,1147,RIVER AVENUE ####,10452,1000,1000.0,0,1000.0,convenience or deli,1,
current,722972,A,1150 WEBSTER PHARMACY,1150 WEBSTER PHARMACY INC,1150,WEBSTER AVENUE,10456,3400,3400.0,0,,,0,pharmacy
current,722910,AC,TAVAREZ DELI GROCERY,TAVAREZ DELI GROCERY CORP,620,E 188TH STREET,10458,1200,1200.0,0,1200.0,convenience or deli,1,
current,722852,AC,FULTON DELI,FULTON DELI CORP,1225,FULTON AVENUE,10456,,,1,1100.0,convenience or deli,1,
current,722833,AC,GNC #8713,H&S NUTRITION LLC,2958,3RD AVENUE,10455,900,900.0,0,,,0,food service or non-food retail
current,722813,AC,CYPRESS GOURMET DELI,AN KASSEM AQEEL M,268,CYPRESS AVENUE,10454,1000,1000.0,0,1000.0,convenience or deli,1,
current,722748,AC,ESSA DELI GROCERY,ESSA DELI GROCERY CORP,4188,BARNES AVENUE ####,10466,700,700.0,0,700.0,convenience or deli,1,
current,722741,AC,EL SITO DELI GROCERY,EL SITIO DELI GROCERY CORP,892-894,HOME STREET,10459,1100,1100.0,0,1100.0,convenience or deli,1,
current,722714,AC,JOEY EXPRESS,JOEY EXPRESS DELI INC,1951,SOUTHERN BLVD,10460,1000,1000.0,0,1000.0,other grocery,1,
current,722693,AC,B H GOURMET DELI,B H GOURMET DELI CORP,2550,BAINBRIDGE AVENUE STORE 1  ##,10458,,,1,1100.0,convenience or deli,1,
current,722692,AC,XPRESS MART,MICHAELS DELI CORP,745,WHITE PLAINS ROAD,10473,800,800.0,0,800.0,other grocery,1,
current,722675,AC,LAMBERT DELI GROCERY,LAMBERT DELI GROCERY CORP,2131,BRYANT AVENUE,10460,1000,1000.0,0,1000.0,convenience or deli,1,
current,722667,AC,LO MAXIMO DELI GROCERY,LO MAXIMO DELI GROCERY LLC,710,BECK STREET,10455,1100,1100.0,0,1100.0,convenience or deli,1,
current,722660,AC,NEW RAMS DELI PLUS,NEW RAMS DELI PLUS INC,574,E FORDHAM RD,10458,,,1,1100.0,convenience or deli,1,
current,722607,AC,KRINOS FOODS,KRINOS FOODS LLC,1750,BATHGATE AVE,10457,,,1,1200.0,other grocery,1,
current,722559,AC,358 FAMOUS DELI,358 FAMOUS DELI LLC,1224-1226,MORRIS AVENUE,10456,,,1,1100.0,convenience or deli,1,
current,722531,AC,WOODLAWN & JEROME,WOODLAWN & JEROME CORP,3598,JEROME AVE  ###,10467,800,800.0,0,800.0,other grocery,1,
current,722523,AC,ALBANIAN MARKET,ALBANIAN MARKET CORP,3043,BUHRE AVE,10461,600,600.0,0,600.0,other grocery,1,
current,722504,AC,CRYSTAL JAIDA GROCERY,CRYSTAL JAIDA GROCERY CORP,1090,LONGFELLOW AVE ####,10459,1000,1000.0,0,1000.0,convenience or deli,1,
current,722367,A,FAMILY DOLLAR STORE #11754,FAMILY DOLLAR STORES OF NY INC,2054,CROSS BRONX EXPY,10472,9180,9180.0,0,,,0,general merchandise or dollar store
current,722294,AC,BEST HOOD DELI & SMOKE SHORP,BEST HOOD DELI & SMOKE SHOP CORP,839,TRINITY AVENUE,10456,,,1,1100.0,convenience or deli,1,
current,722090,AC,MADINA TRADING,MADINA TRADING CORP,270,E 165TH STREET,10456,800,800.0,0,800.0,other grocery,1,
current,721995,AC,PRIMIUM HALAL MEAT & FISH,PREMIUM HALAL MEAT & FISH INC,1500,OLMSTEAD AVE,10462,2500,2500.0,0,2500.0,specialty,1,
current,721962,AC,OKODIEBA AFRICAN MARKET,OKODIEBA AFRICAN MARNKET INC.,751,COMMONWEALTH AVENUE,10473,1000,1000.0,0,1000.0,other grocery,1,
current,721919,AC,C-TOWN SUPERMARKET,E&D 204 FOOD CORP,264,E 204TH STREET,10458,7000,7000.0,0,7000.0,supermarket,1,
current,721868,AC,C-TOWN,PONGO FOOD CORP,3690,THIRD AVENUE,10456,6000,6000.0,0,6000.0,supermarket,1,
current,721856,AC,FOOD BAZAAR,BOGOPA WASHINGTON INC,445,EAST 163RD STREET ####,10451,80000,80000.0,0,80000.0,supermarket,1,
current,721744,AC,JS GOURMET DELI GROCERY,JS GOURMET DELI GROCERY CORP,1881,MCGRAW AVENUE,10462,1300,1300.0,0,1300.0,convenience or deli,1,
current,721708,AC,182ND ST DELI GROCERY,182ND ST DELI GROCERY CORP,816,E 182ND STREET,10460,800,800.0,0,800.0,convenience or deli,1,
current,721681,AC,SUPERFRESH,149 STREET FOOD CORP,459,EAST 149TH STREET,10455,,,1,1200.0,other grocery,1,
current,721652,AC,3RD AVE STOP SHOP,3RD AVE STOP SHOP CORP,3754,3RD AVE ####,10456,4000,4000.0,0,4000.0,other grocery,1,
current,721644,AC,TOP CHOICE MEAT MARKET,TOP CHOICE MEAT MARKET CORP,3600,WHITE PLAINS ROAD,10467,2200,2200.0,0,2200.0,specialty,1,
current,721643,AC,H & Y FRUIT AND VEGETABLES,H & Y FRUIT AND VEGETABLES CORP,156,E 188TH STREET,10468,,,1,1200.0,specialty,1,
current,721625,A,DOLLAR TREE #05774,DOLLAR TREE STORES INC,2026,WESTCHESTER AVENUE,10462,10000,10000.0,0,,,0,general merchandise or dollar store
current,721590,AC,TKRC PRODUCTIONS,TKRC PRODUCTIONS LLC,620-630,GERARD AVENUE ####,10451,10000,10000.0,0,10000.0,other grocery,1,
current,721569,AC,LA LIGA DELI FOOD,LA LIGA DELI FOOD CORP,350,EAST 149TH STREET,10451,3000,3000.0,0,3000.0,convenience or deli,1,
current,721530,AC,166TH DELI AND GROCERY,166TH DELI AND GROCERY INC,182 B,EAST 166 STREET,10456,1600,1600.0,0,1600.0,convenience or deli,1,
current,721516,AC,SOTO GROCERY & DELI #2,SOTO GROCERY & DELI #2 INC,3308,BAILEY AVE. ###,10463,,,1,1100.0,convenience or deli,1,
current,721469,AC,PRUZZOS SUPERMARKET,PRUZZOS SUPERMARKET CORP,2937,WESTCHESTER AVE,10461,5000,5000.0,0,5000.0,supermarket,1,
current,721266,AC,COB DELI & GROCERY,COB DELI & GROCERY INC,2616,JEROME AVE,10468,1100,1100.0,0,1100.0,convenience or deli,1,
current,721260,AC,SUNNY DELI,SUNNY DELI INC,231,W 230TH STREET  ###,10463,,,1,1100.0,convenience or deli,1,
current,721145,A,FAMILY DOLLAR STORE #31428,FAMILY DOLLAR STORES OF NEW YORK LLC,475,SOUTHERN BLVD,10455,,,0,,,0,general merchandise or dollar store
current,721121,A,FAMILY DOLLAR STORE #31449,FAMILY DOLLAR STORES OF NEW YORK LLC,939,E TREMONT AVE,10460,,,0,,,0,general merchandise or dollar store
current,721117,A,MCLEAN DELI & GROCERY,MCLEAN DELI & GROCERY INC,522,EAST 240TH STREET,10470,800,800.0,0,800.0,convenience or deli,1,
current,721094,AC,180 BUS STOP DELI,180 BUS STOP DELI INC,702,E 180TH STREET,10457,,,1,1100.0,convenience or deli,1,
current,721060,AC,VERACRUZ DELI & GROCERY,VERACRUZ DELI & GROCERY INC,1019,E 167TH ST ###,10459,900,900.0,0,900.0,convenience or deli,1,
current,721012,AC,9 CIENTO DELI & GROCERY,9 CIENTO DELI & GROCERY CORP,900,ALLERTON AVE,10469,,,1,1100.0,convenience or deli,1,
current,720908,AC,EMPIRE GOURMET DELI,EMPIRE GOURMET DELI LLC,3764-64A,WHITE PLAINS ROAD,10467,1500,1500.0,0,1500.0,convenience or deli,1,
current,720879,AC,DYLAN SUPER BODEQUITA DELI GROCERY,DYLAN SUPER BODEGUITA DELI GROCERY CORP,1152,OGDEN AVENUE,10452,1200,1200.0,0,1200.0,convenience or deli,1,
current,720877,AC,FORDHAM FRUITS & VEGTABLES,FORDHAM FRUITS & VEGTABLES INC,2450,CRESTON AVE,10468,800,800.0,0,800.0,specialty,1,
current,720851,AC,2 & 5 LINE DELI GROCERY,2 & 5 LINE DELI GROCERY INC,2196,WHITE PLAINS RD,10462,1200,1200.0,0,1200.0,convenience or deli,1,
current,720777,A,COOL N COZY,COOL N COZY INC,2,BEDFORD PARK BLVD EAST,10468,350,350.0,0,350.0,other grocery,1,
current,720758,AC,SPEEDWAY #07890,SPEEDWAY LLC,3355,E TREMONT AVE,10465,1000,1000.0,0,,,0,gas station
current,720604,AC,SOUTHERN BLVD FARM,SOUTHERN BLVD FARM CORP,1700,SOUTHERN BLVD,10460,900,900.0,0,900.0,other grocery,1,
current,720545,AC,RICHY DELI GROCERY,RICHY DELI GROCERY CORP,2334,WASHINGTON AVE,10458,1000,1000.0,0,1000.0,convenience or deli,1,
current,720450,AC,PALO BLANCO DELI GROCERY,PALO BLANCO DELI GROCERY CORP,750,ASTOR AVENUE,10467,1200,1200.0,0,1200.0,convenience or deli,1,
current,720429,AC,SEA BREEZE FISH & SEAFOOD,SEA BREEZE FISH & SEAFOOD INC,831,ROSEDALE AVE,10473,800,800.0,0,800.0,specialty,1,
current,720400,AC,LOS CORBATICAS DELI GROCERY,LOS CORBATICAS DELI GROCERY CORP,1915,ANTHONY AVENUE,10457,400,400.0,0,400.0,convenience or deli,1,
current,720387,AC,STEVEN DELI & GROCERY,STEVEN DELI & GROCERY CORP,325,CYPRESS AVENUE,10454,,,1,1100.0,convenience or deli,1,
current,720379,AC,PHILLIPS GOURMET DELI,AKSHAR 3659 DELI AND GROCERY LLC,3659,EAST TREMONT AVE,10465,1800,1800.0,0,1800.0,convenience or deli,1,
current,720352,AC,S B F FISHERY,SBF FISHERY INC,1041,PROSPECT AVE ###,10459,,,1,1200.0,other grocery,1,
current,720272,AC,ALANS DELI GROCERY,ALANS DELI GROCERY CORP,1246,SHAKESPEARE AVE ####,10452,1200,1200.0,0,1200.0,convenience or deli,1,
current,720269,AC,SPEEDWAY #07599,SPEEDWAY LLC,610,NERIED AVE,10470,800,800.0,0,,,0,gas station
current,720203,AC,C TOWN,SHUNA FOODS LLC,1761,SOUTHERN BOULEVARD,10460,,,1,8250.0,supermarket,1,
current,719865,A,SAMMY 194 GROCERY CANDY,SAMMY 194 GROCERY CANDY CORP,341,EAST 194TH ST,10458,,,1,1100.0,convenience or deli,1,
current,719857,AC,BRAVO SUPERMARKET,RO SUPERMARKET CORP,640,COURTLANDT AVE,10451,8000,8000.0,0,8000.0,supermarket,1,
current,719799,AC,REYES DELI GROCERY,REYES DELI GROCERY CORP,676,CASTLE HILL AVE,10473,1200,1200.0,0,1200.0,convenience or deli,1,
current,719777,AC,MORONTAS SUPERMARKET,MORONTAS SUPERMARKET CORP,3294,HULL AVE,10467,1300,1300.0,0,1300.0,supermarket,1,
current,719769,AC,JULIAN GROCERY,JULIAN GROCERY CORP,143,WEST BURNSIDE AVE,10453,2400,2400.0,0,2400.0,convenience or deli,1,
current,719744,AC,WEBSTER AVE PETROLEUM,WEBSTER AVE PETROLEUM LLC,3059,WEBSTER AVE,10467,1200,1200.0,0,,,0,gas station
current,719683,A,JEROME SUPER DISCOUNT,JEROME SUPER DISCOUNT INC,2025,JEROME AVE,10453,6500,6500.0,0,,,0,general merchandise or dollar store
current,719611,AC,ROYS FRUITS AND VEGETABLES,ROYS FRUITS AND VEGETABLES CORP,720,EAST TREMONT AVE,10457,,,1,1200.0,specialty,1,
current,719607,AC,MN GOURMET DELI,MN GOURMET DELI INC,4398,WHITE PLAINS RD,10466,1100,1100.0,0,1100.0,convenience or deli,1,
current,719351,ABC,STOP & SHOP #2592,STOP & SHOP SUPERMARKET CO LLC THE,2136,BARTOW AVE,10475,55000,55000.0,0,55000.0,supermarket,1,
current,719270,A,LUCKY STAR DISCOUNT,LUCKY STAR DISCOUNT AND 99 CENTS INC,930,E 174TH ST,10460,,,0,,,0,general merchandise or dollar store
current,719261,AC,STOP & SHOP #2593,STOP&SHOP SUPERMARKET CO LLC THE,961,E 174TH ST,10460,8000,8000.0,0,8000.0,supermarket,1,
current,719249,AC,AL QUDS TRADING,AL QUDS TRADING CORP,1827,WHITE PLAINS RD,10462,1200,1200.0,0,1200.0,other grocery,1,
current,719176,A,M A ROYAL DELI FOOD,M A ROYAL DELI FOOD CORP,103,E MOUNT EDEN AVE,10452,950,950.0,0,950.0,convenience or deli,1,
current,719125,AC,LA POTENCIA DELI GROCERY STORE,LA POTENCIA DELI GROCERY STORE CORP,320,E 167TH STREET ###,10456,1000,1000.0,0,1000.0,convenience or deli,1,
current,719063,AC,EL GIRASOL MINI MARKET,EL GIRASOL MINI MARKET CORP,3214,WHITE PLAINS RD,10467,1000,1000.0,0,1000.0,convenience or deli,1,
current,719026,A,FAMILY DOLLAR STORE #31618,FAMILY DOLLAR STORES OF NEW YORK LLC,415,SOUNDVIEW AVE,10473,8000,8000.0,0,,,0,general merchandise or dollar store
current,719016,AC,REEMYS DELI & GRILL,REEMYS INC,1524,UNIONPORT RD,10462,1500,1500.0,0,1500.0,convenience or deli,1,
current,718974,AC,A & G DELI GROCERY II,A&G DELI GROCERY II CORP,976,PROSPECT AVE,10459,,,1,1100.0,convenience or deli,1,
current,718972,AC,245 BROADWAY MARKET,245 BROADWAY MARKET CORP,6029,BROADWAY,10471,1200,1200.0,0,1200.0,other grocery,1,
current,718908,AC,J & E DELI GROCERY,7 H GROUP INC.,3321,3RD AVENUE,10456,,,1,1100.0,convenience or deli,1,
current,718903,AC,1885 ONE STOP ENTERPRISES/SUBWAY,1885 ONE STOP ENTERPRISES INC,1885,WESTCHESTER A VENUE,10472,,,1,1200.0,other grocery,1,
current,718865,ACK,DANBAKO HALAL MEAT MKT,DANBAKO LLC,1387,BOSTON RD,10456,1000,1000.0,0,1000.0,specialty,1,
current,718851,AC,LA TINFORA GROCERY,LA TINFORA GROCERY CORP,2386,WEBSTER AVE,10458,1200,1200.0,0,1200.0,convenience or deli,1,
current,718840,AC,LA TRADICION DELI GROCERY,LA TRADICION DELI GROCERY CORP,1145,BOSTON ROAD,10456,,,1,1100.0,convenience or deli,1,
current,718839,AC,323 GUN HILL DELI & GROCERY,323 GUN HILL DELI & GROCERY CORP,323,E GUN HILL ROAD,10467,1200,1200.0,0,1200.0,convenience or deli,1,
current,718835,AC,K& M DELI MINI MARKET,K& M DELI MINI MARKET CORP,3178,BAINBRIDGE AVENUE,10467,1100,1100.0,0,1100.0,convenience or deli,1,
current,718789,AC,CT GROCERY NY,CT GROCERY NY CORP,869,BRYANT AVE,10474,,,1,1100.0,convenience or deli,1,
current,718784,AC,ZEREGA BAZAR HALAL MEAT AND GROCERY,NEW ZEREGA BAZAR INC,2409,WESTCHESTER AVE,10461,1200,1200.0,0,1200.0,convenience or deli,1,
current,718765,AC,KINGS BRIDGE MARKET,KINGS BRIDGE MARKET INC,30,W KINGSBRIDGE RD,10468,2000,2000.0,0,2000.0,other grocery,1,
current,718671,AC,TELLER MART,TELLER MART LLC,920,TELLER AVE,10451,2000,2000.0,0,2000.0,other grocery,1,
current,718670,AC,MI GENTE DELI GROCERY,MI GENTE DELI GROCERY CORP,1071,ELDER  AVENUE,10472,,,1,1100.0,convenience or deli,1,
current,718578,AC,EXPRESS MINI MARKET,EXPRESS MINI MARKET CORP,980,MORRIS  AVENUE,10456,,,1,1100.0,convenience or deli,1,
current,718570,AC,ULERIO DELI & GROCERY,ULERIO DELI & GROCERY CORP.,1001,MACE AVENUE,10469,950,950.0,0,950.0,convenience or deli,1,
current,718539,AC,FRANCO FRUIT& VEGETABLE,FRANCO FRUIT&VEGETABLE INC,121,EAST BURNSIDE AVE,10453,2400,2400.0,0,2400.0,specialty,1,
current,718489,AC,PIERCE AVE MINI MARKET,PIERCE AVE MINI MARKET INC,1595,WILLIAMSBRIDGE RD,10461,1200,1200.0,0,1200.0,convenience or deli,1,
current,718452,AC,LA REYNA DE WESTCHESTER DELI GROCERY,LA REYNA DE WESTCHESTER DELI GROCERY COR,1218,WESTCHESTER AVE,10459,,,1,1100.0,convenience or deli,1,
current,718374,AC,ADEN 1 DELI GROCERY,ADEN 1 DELI GROCERY CORP,3060,EASTCHESTER RD,10469,,,1,1100.0,convenience or deli,1,
current,718309,AC,FINE FARE,EDWARD FOOD INC,4725,WHITE PLAINS RD,10470,4500,4500.0,0,4500.0,supermarket,1,
current,718305,AC,DON JOSE MEXICANS GROCERY,DON JOSE MEXICANS GROCERY INC,216,ST ANNS AVE,10454,900,900.0,0,900.0,convenience or deli,1,
current,718289,AC,BODEGA BUILT,BODEGA BUILT INC,601,E 180TH ST ##,10457,1000,1000.0,0,1000.0,convenience or deli,1,
current,718260,AC,17UP FOOD,17UP FOOD PRODUCT CORP,1378,WALTON AVE,10452,600,600.0,0,600.0,other grocery,1,
current,718228,AC,LOTUS THIRD GAS,LOTUS THIRD GAS CORP,4643,THIRD AVE #####,10458,600,600.0,0,,,0,gas station
current,718204,AC,EDIBLE ARRANGEMENTS,MOS DISA CORP,3530,JOHNSON AVE,10463,,,0,,,0,food service or non-food retail
current,718180,AC,FINE FARE,AG 49 CORP,49,EAST MT EDEN AVE,10452,4000,4000.0,0,4000.0,supermarket,1,
current,718163,AC,4345 KATONAH ENTERPRISES,4345 KATONAH ENTERPRISES INC,4345A,KATONAH AVE,10470,1000,1000.0,0,1000.0,other grocery,1,
current,718115,AC,HELLEN DELI GROCERY,HELLEN DELI GROCERY CORP,1420,CLAY AVE,10456,800,800.0,0,800.0,convenience or deli,1,
current,718022,A,OBAAPA AFRICAN & CARIBEAN MARKET,AGYEMAN NANA A,2347,GRAND CONCOURSE,10468,450,450.0,0,450.0,other grocery,1,
current,718013,AC,EL TROPICAL DELI GROCERY,EL TROPICAL DELI GROCERY CORP,3100,E TREMONT AVE,10461,1100,1100.0,0,1100.0,convenience or deli,1,
current,717951,AC,EDDIES PLACE AFRICAN MARKET,EDDIES PLACE AFRICAN MARKET INC,5,E 167TH ST,10452,2000,2000.0,0,2000.0,other grocery,1,
current,717779,AC,GOLDEN MANGO,FAD 2300 FOOD CORP,2300,RANDALL AVE,10473,40000,40000.0,0,40000.0,supermarket,1,
current,717755,AC,MODERN MARKET,NEW MODERN INC,2385,ARTHUR AVE #####,10458,6000,6000.0,0,6000.0,other grocery,1,
current,717680,A,BRONX NUTRITIONAL,BRONX NUTRITIONAL CORP,153,EAST 188TH ST,10468,,,1,1200.0,other grocery,1,
current,717675,AC,FERNANDEZ DELI GROCERY,FERNANDEZ ALCIBIADES A,1086,KELLY ST,10459,1000,1000.0,0,1000.0,convenience or deli,1,
current,717671,AC,ISSOWAZENA AFRICAN MARKET,AGBANDJALA RABIETOU,1158,SOUTHERN BLVD,10459,1200,1200.0,0,1200.0,other grocery,1,
current,717658,AC,JEN DELI GROCERY,JEN DELI GROCERY CORP,1665,LONGFELLOW AVE,10460,600,600.0,0,600.0,convenience or deli,1,
current,717610,A,IZZY GROCERY,IZZY GROCERY INC,291,E GUN HILL RD,10467,,,1,1100.0,convenience or deli,1,
current,717589,AC,LOS PEREZ DELI FOOD,LOS PEREZ DELI FOOD CORP,2629,MARION AVE,10458,,,1,1100.0,convenience or deli,1,
current,717587,AC,HILL TOP DELI,J A M W DELI & GROCERY CORP,1253,CASTLE HILL AVE,10462,,,1,1100.0,convenience or deli,1,
current,717586,AC,WESTERN BEEF STORE #062,WESTERN BEEF RETAIL INC,1851,BRUCKNER BLVD. ###,10472,50000,50000.0,0,50000.0,supermarket,1,
current,717546,AC,630 DELI GROCERY CORP,630 DELI GROCERY CORP,630,WALTON AVE,10451,1200,1200.0,0,1200.0,convenience or deli,1,
current,717541,AC,O AND V DELI GROCERY,O AND V DELI GROCERY CORP,1397,FRANKLIN AVE 1ST FLOOR,10456,12000,12000.0,0,12000.0,convenience or deli,1,
current,717528,AC,SUSANS GREEN GREEN MARKET,SUSANS GREEN GREEN GREEN MARKET INC,3002,BUHRE AVE,10461,2000,2000.0,0,2000.0,other grocery,1,
current,717525,AC,SEA AND SALT,SEA AND SALT SEAFOOD CORP,15,EAST 170TH ST,10452,1500,1500.0,0,1500.0,other grocery,1,
current,717515,AC,1459 MIA DELI & GROCERY,1459 MIA DELI & GROCERY LLC,1459-1463,STORY AVE,10473,1000,1000.0,0,1000.0,convenience or deli,1,
current,717495,AC,ADAMS DELI,AHMED ADAM,239,BEDFORD PK BLVD,10458,700,700.0,0,700.0,convenience or deli,1,
current,717459,AC,J-MARKET,JEREMY'S GROCERY INC,1260,MORRISON AVE,10472,,,1,1200.0,other grocery,1,
current,717351,AC,OMEGA SEAFOOD & GREEN MARKET,OMEGA SEAFOOD & GREEN MARKET INC,168,W TREMONT AVE,10453,2400,2400.0,0,2400.0,specialty,1,
current,717253,AC,CAMILLA GROCERY STORE,CAMILLA GROCERY STORE INC,1665,BOSTON RD. ###,10460,1200,1200.0,0,1200.0,convenience or deli,1,
current,717180,A,SAMADAN DELI GROCERY,SAMADAN DELI GROCERY INC,1760,WESTCHESTER AVE,10472,,,1,1100.0,convenience or deli,1,
current,717127,ACK,ICE SCULPTURES OF NY,ICE SCULPTURES OF NY INC,2328,BATHGATE AVE,10458,1500,1500.0,0,1500.0,other grocery,1,
current,716959,AC,H & F GOURMET DELI,H & F GOURMET DELI CORP,1890,RANDALL AVE ####,10473,1000,1000.0,0,1000.0,convenience or deli,1,
current,716943,AC,SUSHI BENTO NY,SUSHI BENTO NY INC,540,W 235TH ST,10463,100,100.0,0,100.0,other grocery,1,
current,716899,AC,2918 GAS CORP,2918 GAS CORP,2918,BOSTON RD,10469,,,0,,,0,gas station
current,716865,AC,CROES GROCERY DELI,CROES GROCERY DELI CORP,1701,E 174TH ST,10472,900,900.0,0,900.0,convenience or deli,1,
current,716722,ABCK,DAVIDOVICH BAKERY,ALL NATURAL PRODUCTS INC,727,DRAKE ST,10474,10000,10000.0,0,10000.0,specialty,1,
current,716721,AC,749 HAPPY DELI GROCERY,749 HAPPY DELI GROCERY CORP,749,E 187TH ST,10458,750,750.0,0,750.0,convenience or deli,1,
current,716328,AC,161 SHADDAD,161 SHADDAD INC,575,E 161 ST,10456,1800,1800.0,0,1800.0,other grocery,1,
current,716293,AC,251 GROCERY & DELI,251 GROCERY & DELI CORP,251,W KINGSBRIDGE RD,10463,2000,2000.0,0,2000.0,convenience or deli,1,
current,716246,AC,MB HALAL MARKET,MB HALAL MARKET CORP,440,E 161ST ST #2,10451,1200,1200.0,0,1200.0,other grocery,1,
current,716190,AC,PIONEER,2400 C&F FOOD CORP,2400,RYER AVE,10458,9000,9000.0,0,9000.0,supermarket,1,
current,716176,AC,MR GRILL DELI GROCERY,MR GRILL DELI GROCERY CORP,1431,PROSPECT AVE ####,10456,1300,1300.0,0,1300.0,convenience or deli,1,
current,716130,AC,VALENCIA BAKERY,HURRIKANE ENTERPRISES UNLIMITED LLC,499,E 138TH ST,10454,900,900.0,0,900.0,specialty,1,
current,716117,AC,SHAKESPEARE DELI & GROCERY,SHAKESPEARE DELI & GROCERY INC,1174,SHAKESPEARE AVE ##,10452,1500,1500.0,0,1500.0,convenience or deli,1,
current,716075,AC,ANTILLANA MEAT MARKET,123 MEAT FRUIT & VEGETABLE CORP,123,W KINGSBRIDGE RD,10468,1300,1300.0,0,1300.0,specialty,1,
current,716068,AC,MAN BRONXWOOD DELI,MAN BRONXWOOD DELI CORP,871,E 220TH ST,10467,1000,1000.0,0,1000.0,convenience or deli,1,
current,715834,AC,BG FRUIT MARKET,GUERRERO BARAQUIEL,857,PROSPECT AVE,10459,1500,1500.0,0,1500.0,specialty,1,
current,715818,AC,AFRICAN MARKET,KARINA ENTERPRISES INC,2075,GRAND CONCOURSE #2,10453,1000,1000.0,0,1000.0,other grocery,1,
current,715815,AC,NEW WORLD DELI GROCERY,NEW WORLD DELI GROCERY CORP,4150,WHITE PLAINS RD,10466,900,900.0,0,900.0,convenience or deli,1,
current,715814,AC,WEBSTER AVE GOURMET DELI,WEBSTER AVE GOURMET DELI CORP,375,E 188TH STREET,10458,800,800.0,0,800.0,convenience or deli,1,
current,715737,AC,AFTAB FOOD MARKET,AFTAB GROCERY & HALAL MEAT INC,1209,WHITE PLAINS RD ###,10472,1600,1600.0,0,1600.0,other grocery,1,
current,715688,AC,AMBER DELI GROCERY,AMBER DELI GROCERY CORP,565,PROSPECT AVE ####,10455,1000,1000.0,0,1000.0,convenience or deli,1,
current,715683,AC,YOUR CHOICE DELI GROCERY,YOUR CHOICE DELI GROCERY CORP,2363,VALENTINE AVE,10458,800,800.0,0,800.0,convenience or deli,1,
current,715672,AC,FRUIT MARKET OF KINGS,FRUIT MARKET OF KINGS LLC,31-26,PERRY AVE,10467,,,1,1200.0,specialty,1,
current,715619,AC,SEDGWICK MARKET PLACE,2891 FOOD CORP,2891,SEDGWICK AVE,10468,5200,5200.0,0,5200.0,supermarket,1,
current,715599,AC,CONCOURSE GOURMET,SAL 845 INC,845,CONCOURSE VILLAGE WEST,10451,1600,1600.0,0,1600.0,other grocery,1,
current,715546,AC,SP BRONX,SP BRONX INC,104,E BURNSIDE AVE,10453,1800,1800.0,0,1800.0,other grocery,1,
current,715513,AC,EXPRESS CONVENIENCE STATIONARY,EXPRESS CONVENIENCE STATIONARY CORP,3500,WHITE PLAINS RD,10467,700,700.0,0,700.0,convenience or deli,1,
current,715309,A,FAMILY DOLLAR STORE #31386,FAMILY DOLLAR STORES OF NEW YORK LLC,3150,WEBSTER AVE,10467,5000,5000.0,0,,,0,general merchandise or dollar store
current,715252,AC,FULTON FISH MARKET,FMM DIGITAL ENTERPRISES CORP,800,FOOD CENTER DRIVE UNIT 3-4,10474,3000,3000.0,0,3000.0,specialty,1,
current,715206,AC,POSHORA MARKET,POSHORA MARKET CORP,2142 & 2144,STARLING AVE,10462,4000,4000.0,0,4000.0,other grocery,1,
current,715201,AC,735 SUPERMARKET,735 SUPERMARKET CORP,735,E 166TH ST,10456,,,1,8250.0,supermarket,1,
current,715101,A,FOS MINI MARKET,FOS MINI MARKET INC,920,EAST 173RD ST,10460,1200,1200.0,0,1200.0,convenience or deli,1,
current,715100,AC,CITY BEST DELI GROCERY,CITYS BEST DELI GROCERY CORP,1660,SOUTERN BLVD,10460,1200,1200.0,0,1200.0,convenience or deli,1,
current,715006,AC,LA FAMILIA DELI MARKET,LA FAMILIA DELI MARKET CORP,281,EAST 170TH ST,10456,1800,1800.0,0,1800.0,convenience or deli,1,
current,714944,A,EXCELLENT,HAMIR FOOD&DISCOUNT INC,1673-1679,MACOMBS RD,10453,3000,3000.0,0,3000.0,other grocery,1,
current,714888,AC,FRESH FISH MARKET,FRESH FISH MARKET INC,217,E TREMONT AVE,10457,,,1,1200.0,specialty,1,
current,714883,A,QUALITY 99 CENTS STORE,QUALITY 99 CENTS STORE INC,286,E 204TH ST,10467,4000,4000.0,0,,,0,general merchandise or dollar store
current,714762,A,GREEN OLIVES FAST MART,GREEN OLIVES FAST MART INC,716B,MORRIS PARK AVE ####,10462,1200,1200.0,0,1200.0,other grocery,1,
current,714597,AC,SHIRLEYN MINI MARKET,SHIRLEYN MINI MARKET CORP,808,EAST 149TH ST,10455,1000,1000.0,0,1000.0,convenience or deli,1,
current,714528,AC,1890 DELI GROCERY,1890 DELI GROCERY CORP,1890,ARCHER ST.,10462,1000,1000.0,0,1000.0,convenience or deli,1,
current,714507,ABC,BARAKA AFRICAN MKT STORE,BARAKA AFRICAN MARKET CORP,1345,WEBSTER AVE,10456,1800,1800.0,0,1800.0,other grocery,1,
current,714430,A,DOLLAR DEAL,2489 GROCERY INC,2489,WEBSTER AVE,10458,,,0,,,0,general merchandise or dollar store
current,714268,AC,ANDREAS DELI GROCERY,ANDREAS DELI GROCERY CORP,1182,WEST FARM RD,10459,1200,1200.0,0,1200.0,convenience or deli,1,
current,714255,A,ALI BABA DELI GROCERY,ALI BABA DELI GROCERY CORP,3565,BOSTON RD,10469,60,,1,1100.0,convenience or deli,1,
current,714239,AC,HALAL MEAT MARKET & GROCERY,KAHO INTERNATIONAL MARKET CORP,741,JENNINGS ST,10459,1200,1200.0,0,1200.0,convenience or deli,1,
current,714220,A,M & K 99 CENTS PLUS,KONATEH MUSTAPHA,776,MELROSE AVE,10451,1800,1800.0,0,,,0,general merchandise or dollar store
current,714189,AC,3226 EXPRESS DELI,3226 EXPRESS DELI CORP,3226,BAINBRIDGE AVE,10467,1000,1000.0,0,1000.0,convenience or deli,1,
current,714185,AC,C TOWN SUPERMARKET,AV FOOD CORP,630,E 169TH ST,10456,5000,5000.0,0,5000.0,supermarket,1,
current,714154,AC,AFRICAN AMERICAN & CARIBBEAN MARKET,KAHO INTERNATIONAL MARKET CORP,285,EAST 170TH ST ###,10456,1200,1200.0,0,1200.0,other grocery,1,
current,714053,AC,LOS HIJOS DE CHORRO DELI GROCERY,LOS HIJOS DE CHORRO DELI GROCERY II CORP,1278,GRAND CONCOURSE,10456,2000,2000.0,0,2000.0,convenience or deli,1,
current,713970,A,DOLLAR JUNCTION,WINS DEAL INC,2087,JEROME AVE,10453,3000,3000.0,0,,,0,general merchandise or dollar store
current,713952,A,DISCOUNT CRAZE,DISCOUNT CRAZE INC,940,MORRIS AVE,10456,2200,2200.0,0,,,0,general merchandise or dollar store
current,713802,AC,MORRIS AVE DELI & GROCERY,MORRIS AVE DELI & GROCERY CORP,928,MORRIS AVE ####,10451,1200,1200.0,0,1200.0,convenience or deli,1,
current,713777,AC,NEW BRONX HALAL MEAT MARKET,NEW BRONX HALAL MEAT MARKET INC,3387,THIRD AVE,10456,1800,1800.0,0,1800.0,specialty,1,
current,713771,AC,TENARES GOURMET DELI GROCERY,TENARES GOURMET DELI GROCERY CORP,642,E 233RD ST,10466,,,1,1100.0,convenience or deli,1,
current,713735,AC,LA MINA MINI MARKET,LA MINA MINI MARKET CORP,1000,HOE AVE,10459,1500,1500.0,0,1500.0,convenience or deli,1,
current,713714,AC,R&M 1 DELI GROCERY,R&M 1 DELI GROCERY CORP,2425,GRAND AVE,10468,1000,1000.0,0,1000.0,convenience or deli,1,
current,713695,A,ALDI 5,ALDI INC,5532,BROADWAY,10463,,,1,8250.0,supermarket,1,
current,713630,A,DOLLAR TREE #5069,DOLLAR TREE STORES INC,250,E 144TH ST,10451,10000,10000.0,0,,,0,general merchandise or dollar store
current,713515,AC,BUHRE MINI MART & DELI,BUHRE MINI MART & DELI CORP,3058,BUHRE AVE,10461,2000,2000.0,0,2000.0,convenience or deli,1,
current,713480,AC,RAY DELI FOOD,RAY DELI FOOD CORP,4048,WHITE PLAINS RD,10466,,,1,1100.0,convenience or deli,1,
current,713368,AC,CHICKEN DELI GROCERY THE,CHICKEN DELI GROCERY CORP THE,555,EAST 180TH ST ####,10457,,,1,1100.0,convenience or deli,1,
current,713333,AC,BJS WHOLESALE CLUB #363,BJS WHOLESALE CLUB INC,184,237TH ST ###,10463,,,0,,,0,general merchandise or dollar store
current,713324,AC,E AND K AFRICAN MARKET,E AND K AFRICAN MARKET INC,56,E TREMONT AVE,10453,750,750.0,0,750.0,other grocery,1,
current,713298,A,UNIVERSAL CANDY & GROCERY,UNIVERSAL CANDY & GROCERY CORP,1521,WESTCHESTER AVE,10472,1000,1000.0,0,1000.0,convenience or deli,1,
current,713293,AC,CHANNELS DELI GROCERY,CHANNELS DELI GROCERY INC,910,PROSPECT AVE,10459,900,900.0,0,900.0,convenience or deli,1,
current,713250,AC,BOSTON ROAD GROCERY & DELI,TONIALEE & ASSOCIATES,3399,BOSTON RD,10469,,,1,1100.0,convenience or deli,1,
current,713227,AC,HOLLAND GOURMET DELI,HOLLAND GOURMET DELI CORP,2460,HOLLAND AVE,10467,1100,1100.0,0,1100.0,convenience or deli,1,
current,713202,AC,CARIBBEAN VARIETY STORE AND FISH MARKET,CYRIL POLETTE,1483,WESTCHESTER AVE,10472,1500,1500.0,0,,,0,general merchandise or dollar store
current,712962,AC,TARGET STORE T-2811,TARGET CORPORATION,815,E HUTCHINSON RIVER PKWY ###,10465,37000,37000.0,0,,,0,general merchandise or dollar store
current,712851,AC,217 BAITOA DELI GROCERY,217 BAITOA DELI GROCERY CORP,217,ST ANNS AVE,10454,950,950.0,0,950.0,convenience or deli,1,
current,712807,AC,LUNA DELI MINI MARKET,LUNA DELI MINI MARKET CORP,2820,BAILEY AVE,10463,1100,1100.0,0,1100.0,convenience or deli,1,
current,712748,A,EAST AVE EXPRESS,EAST AVE EXPRESS CORP,1444,EAST AVE,10462,500,500.0,0,500.0,other grocery,1,
current,712691,AC,ALEX FOOD II,ALEX FOOD II CORP,1615,UNIVERSITY AVE ####,10453,2400,2400.0,0,2400.0,other grocery,1,
current,712689,AC,FAMILY PRIDE BUTCHER SHOP,FAMILY PRIDE BUTCHER SHOP CORP,765,ALLERTON AVE,10467,1500,1500.0,0,1500.0,specialty,1,
current,712626,AC,EL FLACO GROCERY STORE,EL FLACO GROCERY STORE INC,2019,SOUTHERN BLVD,10460,15000,15000.0,0,15000.0,convenience or deli,1,
current,712509,AC,347 CHABELY DELI GROCERY,347 CHABELY DELI GROCERY CORP,347,E 173RD ST,10457,,,1,1100.0,convenience or deli,1,
current,712505,AC,PAL DELI AND GROCERY,PAL DELI AND GROCERY INC,3438,E TREMONT AVE,10465,1000,1000.0,0,1000.0,convenience or deli,1,
current,712495,AC,188 PARK DELI GROCERY,188 PARK DELI GROCERY CORP,2457,UNIVERSITY AVE,10468,1750,1750.0,0,1750.0,convenience or deli,1,
current,712427,AC,GUN HILL ROAD DELI & GROCERY,GUN HILL ROAD DELI & GROCERY INC,362,E GUN HILL RD,10467,1200,1200.0,0,1200.0,convenience or deli,1,
current,712326,AC,A 2 Z DELI,A 2 Z DELI INC,3972,WHITE PLAINS RD,10467,,,1,1100.0,convenience or deli,1,
current,712289,AC,BRAVO SUPERMARKET,MD 210 FOOD CORP,210,E 170TH ST,10456,15000,15000.0,0,15000.0,supermarket,1,
current,712256,AC,DYRE FISH MARKET,DYRE FISH MARKET CORP,3901,DYRE AVE,10466,2125,2125.0,0,2125.0,specialty,1,
current,712179,A,MAX SAVINGS,SAVE ALOT INC,1967,CROTONA AVE. ###,10457,2500,2500.0,0,2500.0,other grocery,1,
current,712132,AC,2152 RAYS CORNER DELI & GROCERY,2152 RAYS CORNER DELI & GROCERY,2152,CROTONA PARKWAY,10460,1200,1200.0,0,1200.0,convenience or deli,1,
current,712097,AC,1460 GOURMET DELI,1460 GOURMET DELI INC,1460,SOUTHERN BLVD,10460,1200,1200.0,0,1200.0,convenience or deli,1,
current,712019,AC,SEAFOOD HOUSE,SEAFOOD HOUSE INC,12,W MOUNT EDEN AVE ###,10452,2400,2400.0,0,2400.0,specialty,1,
current,711941,AC,VEGETABLE FRUIT & FISH MARKET,VEGETABLE FRUIT & FISH MARKET INC,1264,WESTCHESTER AVE,10459,1000,1000.0,0,1000.0,specialty,1,
current,711905,AC,ESPINAL MEAT MARKET,ESPINAL MEAT MARKET CORP,1039,OGDEN AVE,10452,1500,1500.0,0,1500.0,specialty,1,
current,711868,AC,2350 DELI GROCERY,2350 DELI GROCERY CORP,2350,TIEBOUT AVE,10458,1000,1000.0,0,1000.0,convenience or deli,1,
current,711841,A,99 CENTS BEST,99 CENTS BEST INC,2268,WEBSTER AVE,10457,1300,1300.0,0,,,0,general merchandise or dollar store
current,711733,AC,BRONX MEAT & DELI,BRONX MEAT & DELI CORP,100,E 183RD ST,10453,1800,1800.0,0,1800.0,convenience or deli,1,
current,711719,AC,AF RIVERDALE MEAT MARKET,AF RIVERDALE MEAT MARKET CORP,5587,BROADWAY,10463,1600,1600.0,0,1600.0,specialty,1,
current,711714,AC,DELI GROCERY MONTEFU,DELI GROCERY MONTEFU CORP,215,EAST GUNHILL RD,10467,100,100.0,0,100.0,convenience or deli,1,
current,711606,AC,KINGSBRIDGE SMOKE SHOP,KINGSBRIDGE SMOKE SHOP & CANDY INC,5625,BROADWAY  ST #5,10463,1300,1300.0,0,,,0,food service or non-food retail
current,711580,AC,SOUTHERN FISH MARKET,SOUTHERN SEAFOOD MARKET INC,1037E,163ST,10459,2000,2000.0,0,2000.0,specialty,1,
current,711554,AC,251 SUNSHINE DELI GROCERY,251 SUNSHINE DELI GROCERY CORP,251,W 231ST ST,10463,1800,1800.0,0,1800.0,convenience or deli,1,
current,711475,AC,STOP ONE GROCERY & DELI,STOP ONE GROCERY & DELI INC,1101,ALLERTON AVE,10469,1200,1200.0,0,1200.0,convenience or deli,1,
current,711438,AC,BP FOOD SHOP,MUKTI 1360 PETROLEUM INC,1360,BRUCKNER BLVD  ###,10459,1500,1500.0,0,,,0,gas station
current,711356,ACHD,FOODFEST DEPOT,FOODFEST DEPOT LLC,500,E 132ND ST,10454,80000,80000.0,0,,,0,"warehouse, wholesale or plant license"
current,711355,A,TREMONT SUPERDISCOUNT,TREMONT SUPERDISCOUNT INC,2738,E TREMONT AVE,10461,5000,5000.0,0,,,0,general merchandise or dollar store
current,711302,AC,TREMONT GOURMET DELI & GROCERY,TREMONT GOURMET DELI & GROCERY INC,851,E TREMONT AVE,10460,1500,1500.0,0,1500.0,convenience or deli,1,
current,710953,AC,LUCKY CORNER GROCERY,"SHAIBI,YASEEN A & SHAIBI, TAHA A",793,LYDIG AVE,10462,800,800.0,0,800.0,convenience or deli,1,
current,710930,AC,VIVI DELI FOOD DMART,VIVI DELI FOOD MART CORP,724-728,EAST 187TH STREET,10458,1000,1000.0,0,1000.0,convenience or deli,1,
current,710899,AC,S&H FRUIT AND VEGETABLE,S&H FRUIT AND VEGETABLE INC,731,E TREMONT AVE,10457,700,700.0,0,700.0,specialty,1,
current,710858,AC,PASSION INT FOOD DIST,PASSION INT FOOD DIST INC,3411A,BOSTON RD,10469,1200,1200.0,0,1200.0,other grocery,1,
current,710805,AC,GUESSOREH AFRICAN MARKET,GUESSOREH AFRICAN MARKET HALAL MEAT INC,3818,WHITE PLAINS RD,10467,1000,1000.0,0,1000.0,other grocery,1,
current,710802,A,BRIONNE DISCOUNT,BRIONNE DISCOUNT CORP,1801,ARCHER ST,10460,1800,1800.0,0,,,0,general merchandise or dollar store
current,710759,AC,ESPERANZA GROCERY,ESPERANZA GROCERY CORP,1665,GRAND CONCOURSE,10452,1000,1000.0,0,1000.0,convenience or deli,1,
current,710743,AC,SANO HALAL FOOD,SANO HALAL FOOD CORP,3982,WHITE PLAINS RD,10466,3250,3250.0,0,3250.0,other grocery,1,
current,710732,AC,GG & J FOOD CENTER,GG & J FOOD CENTER LLC,151,WEST 228TH ST,10463,1000,1000.0,0,1000.0,other grocery,1,
current,710715,AC,ARROYONDERO DELI GROCERY,ARROYONDERO DELI GROCERY CORP,476,EAST 187TH ST,10458,,,1,1100.0,convenience or deli,1,
current,710706,AC,FIRST STOP DELI THE,FIRST STOP DELI GROCERY INC,3925,WHITE PLAINS RD,10466,,,1,1100.0,convenience or deli,1,
current,710644,A,WESTCHESTER GROCERY & CANDY,WESTCHESTER GROCERY & CANDY CORP,1849,WESTCHESTER AVE #####,10472,500,500.0,0,500.0,convenience or deli,1,
current,710608,AC,KJY FRUIT MARKET,KJY FRUIT MARKET INC,137,DREISER LOOP,10475,1200,1200.0,0,1200.0,specialty,1,
current,710423,AC,965 A & A DELI GROCERY,965 A & A DELI GROCERY CORP,965,MORRIS PARK AVE. ###,10462,800,800.0,0,800.0,convenience or deli,1,
current,710422,AC,C-TOWN SUPERMARKET,KATONAH FOOD MARKET CORP,4265,KATONAH AVE,10470,4000,4000.0,0,4000.0,supermarket,1,
current,710413,AC,PIMENTEL DELI GROCERY,DIGNA DELI GROCERY CORP,3142,HEATH AVE,10463,,,1,1100.0,convenience or deli,1,
current,710402,AC,A M E DELI GROCERY,A M E DELI GROCERY CORP,275,EAST KINGSBRIDGE RD ###,10458,700,700.0,0,700.0,convenience or deli,1,
current,710374,AC,I & C MEAT MARKET,I & C MEAT MARKET INC,541,EAST 183RD ST. ###,10458,1000,1000.0,0,1000.0,specialty,1,
current,710145,AC,TREMONT CORNER STORE,TREMONT CORNER STORE CORP,3742,EAST TREMONT AVE,10465,1000,1000.0,0,1000.0,other grocery,1,
current,710098,AC,EMERALD FOOD,EMERALD FOOD LLC,2711,BRIGGS AVE,10458,2000,2000.0,0,2000.0,other grocery,1,
current,710091,ACE,BRONX BREWERY,BRONX BREWERY LLC THE,856,E 136TH ST,10454,8500,8500.0,0,,,0,"warehouse, wholesale or plant license"
current,709985,AC,MUKTI E 163RD PETROLEUM,MUKTI E 163RD PETROLEUM INC,481,E 163RD ST ###,10451,3000,3000.0,0,,,0,gas station
current,709830,ACH,KENKEY HUT,KANESHIE KENKEY HUT INC,2427-11,WEBSTER AVE. ###,10458,500,500.0,0,,,0,"warehouse, wholesale or plant license"
current,709708,AC,YUMMY HAPPY GOURMET DELI,YUMMY HAPPY GOURMET DELI INC,201,EAST 163RD ST,10451,1500,1500.0,0,1500.0,convenience or deli,1,
current,709501,A,ALDI 8,ALDI INC,3006,THIRD AVE ###,10455,,,1,8250.0,supermarket,1,
current,709429,AC,ZAM ZAM HALAL GROCERY,WORLD GROCERY INC,229,E KINGSBRIDGE RD,10458,1500,1500.0,0,1500.0,convenience or deli,1,
current,709356,AC,NONNAS KITCHEN & DELI,NONNAS KITCHEN & DELI INC,3148,AMPERE AVE,10465,1200,1200.0,0,1200.0,convenience or deli,1,
current,709303,AC,C & T DELI GROCERY STORE,C & T DELI GROCERY STORE INC,2275,WASHINGTON AVE ##,10457,,,1,1100.0,convenience or deli,1,
current,709250,AC,FOOD CHOICE MARKET,FRANCO PARTNERS INC,2244,WHITE PLAINS RD,10467,18000,18000.0,0,18000.0,other grocery,1,
current,709135,AC,DEFENDERS GOURMET DELI,DEFENDERS GOURMET DELI INC,386,EAST 161ST ST,10451,1200,1200.0,0,1200.0,convenience or deli,1,
current,709086,A,K&M DISCOUNT CENTER,K&M DISCOUNT CENTER LLC,2740,3RD AVE,10455,2300,2300.0,0,,,0,general merchandise or dollar store
current,709038,A,DOLLAR TREE #4747,DOLLAR TREE STORES INC,1364,JEROME AVE,10452,10000,10000.0,0,,,0,general merchandise or dollar store
current,709024,AC,LACONIA DISCOUNT & GRILL,LACONIA DISCOUNT & GRILL INC,4043,LACONIA AVE ####,10466,,,0,,,0,general merchandise or dollar store
current,709020,A,DOLLAR TREE #5348,DOLLAR TREE STORES INC,1750,E GUN HILL RD,10469,,,0,,,0,general merchandise or dollar store
current,708951,AC,F&Y DELI GROCERY,F&Y DELI GROCERY CORP,1213,PUGSLEY AVE,10472,1300,1300.0,0,1300.0,convenience or deli,1,
current,708901,A,DOLLAR TREE #5345,DOLLAR TREE STORES INC,612,WESTCHESTER AVE,10455,5200,5200.0,0,,,0,general merchandise or dollar store
current,708895,AC,ANTILLANA & METRO SUPERMARKET,ANTILLANA & METRO SUPERMARKET CORP,1339,JEROME AVE,10452,8500,8500.0,0,8500.0,supermarket,1,
current,708878,AC,ALEX MINI MARKET,ALEX MINI MARKET CORP,2865,WHITE PLAINS RD,10467,1100,1100.0,0,1100.0,convenience or deli,1,
current,708782,AC,CCAM DELI GROCERY,CCAM DELI GROCERY CORP,798,E 170TH ST,10459,1000,1000.0,0,1000.0,convenience or deli,1,
current,708761,AC,BLESSINGS INTERNATIONAL FOODS,AZUR INTERNATIONAL DISTRIBUTION INC,938,MORRIS AVE,10456,,,1,1200.0,other grocery,1,
current,708709,AC,181ST CANDY & DELI,181ST CANDY & DELI CORP,110,E 181ST STREET,10453,800,800.0,0,800.0,convenience or deli,1,
current,708686,AC,AL-AQSA SUPERMARKET,J & Z FOOD MART AND SUPERMARKET INC,2109,STARLING AVE,10462,8000,8000.0,0,8000.0,supermarket,1,
current,708591,AC,BRAVE DELI GROCERY,BRAVE DELI GROCERY INC,712,BURKE AVE ####,10467,1700,1700.0,0,1700.0,convenience or deli,1,
current,708424,AC,MEGA SEAFOOD II,MEGA SEAFOOD II CORP,2500,WEBSTER AVE,10458,800,800.0,0,800.0,specialty,1,
current,708149,A,CVS PHARMACY #8969,CVS ALBANY LLC,50-56,E 167TH ST###,10452,9000,9000.0,0,,,0,pharmacy
current,708134,AC,BLVD FOOD,BLVD FOOD CORP,1917,SOUTHERN BLVD  ###,10460,1200,1200.0,0,1200.0,other grocery,1,
current,708115,AC,LA MEXICANA FRUIT AND GROCERY,LA MEXICANA FRUIT AND GROCERY CORP,1322,JEROME AVE,10452,1500,1500.0,0,1500.0,convenience or deli,1,
current,708028,AC,PARADISE FOOD MARKET,PARADISE MEAT CORP,2476,WILLIAMS BRIDGE RD,10469,6500,6500.0,0,6500.0,other grocery,1,
current,708020,AC,FEATHERBED LANE GROCERY,FEATHERBED LANE GROCERY CORP,117A,FEATHERBED LANE###,10452,2000,2000.0,0,2000.0,convenience or deli,1,
current,707988,AC,EL VALLE PRODUCE & DELI,EL VALLE PRODUCE & DELI INC,796,SOUTHERN BLVD,10455,2000,2000.0,0,2000.0,convenience or deli,1,
current,707982,A,571 EXPRESS DELI GROCERY,571 EXPRESS DELI GROCERY INC,571,EAST 139TH ST,10454,1200,1200.0,0,1200.0,convenience or deli,1,
current,707889,AC,FAISAL EXPRESS ONE DELI,FAISAL EXPRESS ONE DELI CORP,3083,MIDDLETOWN RD,10461,700,700.0,0,700.0,convenience or deli,1,
current,707700,A,SJS PHARMACY,SJS PHARMACY INC,105,EAST BURNSIDE AVE,10453,4000,4000.0,0,,,0,pharmacy
current,707580,AC,BRIDGE DELI & GROCERY,BRIDGE DELI & GROCERY INC,2690,WEBB AVE,10468,600,600.0,0,600.0,convenience or deli,1,
current,707564,AC,M&M GOURMET DELI,M&M GOURMET DELI INC,2102,EASTCHESTER AVE,10461,1100,1100.0,0,1100.0,convenience or deli,1,
current,707463,AC,ALSADI MEAT HALAL & GROCERY,ALSADI MEAT HALAL & GROCERY CORP,1883-1887,WHITE PLAINS RD,10462,1000,1000.0,0,1000.0,convenience or deli,1,
current,707416,AC,SEDGWICK DELI & GROCERY,SEDGWICK DELI & GROCERY CORP,2701,SEDGWICK AVENUE,10468,1000,1000.0,0,1000.0,convenience or deli,1,
current,707183,A,WALGREENS #11267,WALGREEN EASTERN CO INC,244,E 161ST ST,10451,11094,11094.0,0,,,0,pharmacy
current,707170,A,ALDUS 99 CENTS DISCOUNT STORE,ALDUS 99 CENT DISCOUNT STORE CORP,951,HOE AVE,10459,,,0,,,0,general merchandise or dollar store
current,707160,AC,SYL FISH MARKET,LIN SHENG YONG,684,E 187TH ST,10458,600,600.0,0,600.0,specialty,1,
current,707148,AC,MOBIL MART,FORDHAM SERVICES CENTER INC,730,E FORDHAM RD,10458,500,500.0,0,,,0,gas station
current,707009,AC,PASCUAL FOOD,PASCUAL FOOD CORP,1020,OLMSTEAD AVE  ###,10472,600,600.0,0,600.0,other grocery,1,
current,706962,AC,VASQUEZ DELI GROCERY,VASQUEZ SANTIAGO LEONARDO,680,MELROSE AVE STORE 4,10455,,,1,1100.0,convenience or deli,1,
current,706947,AAC,SHELL,3N CONVENIENCE STORE INC,950,ALLERTON AVE,10469,,,0,,,0,gas station
current,706866,AC,163 KING DELI,163 KING DELI INC,3240,3RD AVE #5 ####,10451,1000,1000.0,0,1000.0,convenience or deli,1,
current,706808,AC,FOOD UNIVERSE MARKET PLACE,FERNANDEZ 224 FOOD CORP,3942,WHITE PLAINS RD,10466,20000,20000.0,0,20000.0,supermarket,1,
current,706759,AC,LA CHARRITA DELI GROCERY,LA CHARRITA DELI GROCERY CORP,416,WILLIS AVE,10454,1200,1200.0,0,1200.0,convenience or deli,1,
current,706744,AC,DELIMANIA GROCERY,DELIMANIA GROCERY CORP,2780,KINGSBRIDGE TERRACE,10463,,,1,1100.0,convenience or deli,1,
current,706504,AC,A S K DELI GROCERY,A S K DELI GROCERY,1479,BEACH AVE,10460,,,1,1100.0,convenience or deli,1,
current,706409,AC,CLAREMONT PARK DELI GROCERY,CLAREMONT PARK DELI GROCERY CORP,1570,WEBSTER AVENUE,10457,2500,2500.0,0,2500.0,convenience or deli,1,
current,706321,AC,2363 ROSEWOOD GROCERY,2363 ROSEWOOD GROCERY INC,3263,WHITE PLAINS RD,10467,1200,1200.0,0,1200.0,convenience or deli,1,
current,706316,AC,ALLERTON FISH MARKET,ALLERTON FISH MARKET CORP,718,ALLERTON AVE,10467,1500,1500.0,0,1500.0,specialty,1,
current,706291,AC,AKRAM DELI GROCERY,4192 AKRAM DELI & GROCERY CORP,4192,WHITE PLAINS RD,10466,,,1,1100.0,convenience or deli,1,
current,705986,AC,SHEBAMZ GRILL,MT EDEN GROCERY CORP,5,EAST MT EDEN AVE,10452,2000,2000.0,0,2000.0,other grocery,1,
current,705781,AC,ROYAL ONE STOP SUPERMARKET,ROYAL ONE STOP SUPERMARKET CORP,1230A,JEROME AVE,10452,2500,2500.0,0,2500.0,supermarket,1,
current,705758,AC,SHOP FAIR,KDA FOOD CORP,306,E 170TH ST,10456,8000,8000.0,0,8000.0,supermarket,1,
current,705744,AC,SOUNDVIEW 99CENT PLUS,SOUNDVIEW 99CENT PLUS INC,253-263,SOUNDVIEW AVENUE,10473,2000,2000.0,0,,,0,general merchandise or dollar store
current,705601,A,A TO Z VALUE STORE,A TO Z VALUE STORE INC,223,E 198TH ST,10458,1500,1500.0,0,,,0,general merchandise or dollar store
current,705401,AC,180 LA DELI GROCERY,180 LA DELI GROCERY CORP,180,MCLELLAN ST ####,10456,1100,1100.0,0,1100.0,convenience or deli,1,
current,705348,AC,MAR FRUIT MARKET&DELI,MAR FRUIT MARKET&DELI CORP,2445A,CRESTON AVE,10468,500,500.0,0,500.0,convenience or deli,1,
current,705333,AC,MEXICAN DELI INC,GUERRERO UBALDO,1302-1304,LAFAYETTE AVE,10474,600,600.0,0,600.0,convenience or deli,1,
current,705332,AC,CO OP CITY AFRICAN MARKET,CO OP CITY AFRICAN MARKET INC,2829 E,EDSON AVE,10469,1200,1200.0,0,1200.0,other grocery,1,
current,705172,AC,YUNS FRUIT MARKET,YUN SUNG HAN,349,E 138TH ST,10454,1200,1200.0,0,1200.0,specialty,1,
current,705040,AC,AGOGO,AGOGO AFRICAN TRADING CORP,1347,EDWARD L GRANT HWY,10452,600,600.0,0,600.0,other grocery,1,
current,704892,AC,FINE FARE SUPERMARKET,950 FAIR FOOD CORP,950,WESTCHESTER AVE,10459,10000,10000.0,0,10000.0,supermarket,1,
current,704871,AC,FOOD TOWN,3100 THIRD AVENUE FOOD LLC,3100,3RD AVE,10451,8000,8000.0,0,8000.0,supermarket,1,
current,704851,AC,SHELL SERVICE STATION,FAIRFIELD FOOD INC,2525,3RD AVE,10451,1200,1200.0,0,,,0,gas station
current,704697,AC,BROTHER MEAT & MARKET,FLAMING MEAT WAREHOUSE CORP,522,E 138TH ST,10454,1500,1500.0,0,1500.0,specialty,1,
current,704649,AC,163 ASHLEY DELI GROCERY,163 ASHLEY DELI GROCERY INC,3244,THIRD AVE,10451,1500,1500.0,0,1500.0,convenience or deli,1,
current,704616,AC,SANCHEZ FAMILY DELI GROCERY,SANCHEZ FAMILY DELI GROCERY CORP,703,PROSPECT AVE,10455,,,1,1100.0,convenience or deli,1,
current,704515,AC,MERCEDES GROCERY,MERCEDES GROCERY CORP,5,W MOSHOLU PKWY ##,10467,1000,1000.0,0,1000.0,convenience or deli,1,
current,704399,ABCK,ORWASHERS,OVEN ARTISANS LLC,1187,E 156TH ST,10474,8000,8000.0,0,8000.0,other grocery,1,
current,704371,AC,EL GUANO DELI GROCERY,EL GUANO DELI GROCERY LLC,81,W 162ND STREET,10452,1800,1800.0,0,1800.0,convenience or deli,1,
current,704329,AC,MAYSAA FORDHAM DELI,MAYSAA FORDHAM DELI INC,164,E 188TH ST,10468,1200,1200.0,0,1200.0,convenience or deli,1,
current,704318,AC,KATONAH FAMILY DELI GROCERY,KATONAH FAMILY DELI GROCERY CORP,4293,KATONAH AVE,10470,1600,1600.0,0,1600.0,convenience or deli,1,
current,704275,AC,SHINING STAR DELI GROCERY,SHINING STAR DELI GROCERY CORP,3489A,BOSTON RD,10469,1500,1500.0,0,1500.0,convenience or deli,1,
current,704248,AC,19 W BRONX DELI GROCERY,19 W BRONX DELI GROCERY CORP,19,W 183RD ST,10453,1800,1800.0,0,1800.0,convenience or deli,1,
current,704148,A,240 VALENTINE DISCOUNT,240 VALENTINE DISCOUNT INC,240,E 204TH ST,10458,1000,1000.0,0,,,0,general merchandise or dollar store
current,704098,AC,FINE FARE,320 FAIR FARM FOOD CORP,320,EAST GUN HILL ROAD,10467,3000,3000.0,0,3000.0,supermarket,1,
current,704092,AC,BX METRO SUPERETTE,BX METRO SUPERETTE CORP,3504,FORT INDEPENDENCE ST,10463,,,1,1200.0,other grocery,1,
current,704036,AC,GOLDEN PRODUCE,GOLDEN PRODUCE LLC,364,EAST 204TH ST,10467,2700,2700.0,0,2700.0,specialty,1,
current,703788,AC,DE LUXE DELI,DE LUXE DELI CORP,3359,BAYCHESTER AVE,10469,1500,1500.0,0,1500.0,convenience or deli,1,
current,703503,AC,LOS TRES HERMANITOS DELI GROCERY,LOS TRES HERMANITOS DELI GROCERY CORP,654,MORRIS PARK AVE,10462,1100,1100.0,0,1100.0,convenience or deli,1,
current,703339,AC,FOOD UNIVERSE MARKETPLACE,SKYLIGHT HOLDINGS INC,312,EAST 194TH STREET,10458,4000,4000.0,0,4000.0,supermarket,1,
current,703267,AC,YOUR RED ROSES,YOUR RED ROSES INC,268,WILLIS AVE,10454,1000,1000.0,0,1000.0,other grocery,1,
current,703250,AC,SHOP FRESH FOOD MKT PL,124 MEAT FOOD CORP,122-124,W FORDHAM RD,10468,3900,3900.0,0,3900.0,other grocery,1,
current,703145,AC,FOOD DINASTY SUPERMKT,24 WEST FOOD CORP,24-30,WEST FORDHAM ROAD,10468,5000,5000.0,0,5000.0,supermarket,1,
current,703060,AC,10 NEIGHBORHOOD CANDY GROCERY,10 NEIGHBORHOOD CANDY GROCERY CORP,10,W. GUN HILL RD.,10467,1000,1000.0,0,1000.0,convenience or deli,1,
current,702952,AC,BIG MARKET,BIG MARKET OF 237 INC,4362,WHITE PLAINS RD #####,10466,1000,1000.0,0,1000.0,other grocery,1,
current,702892,A,MASJID WAHAB STORE,TUNKARA AMIE,248,E 169TH ST,10456,200,200.0,0,200.0,other grocery,1,
current,702655,AC,K & L FRUIT & VEGETABLE,K & L FRUIT & VEGETABLE CORP,558,MORRIS AVE,10451,2000,2000.0,0,2000.0,specialty,1,
current,702614,AC,2001 GOURMET DELI,2001 GOURMET DELI INC,2001,CLINTON AVE,10457,2000,2000.0,0,2000.0,convenience or deli,1,
current,702445,AC,JOY'S DELI GROCERY,JOY'S DELI GROCERY CORP,1400,GRAND CONCOURSE,10456,1200,1200.0,0,1200.0,convenience or deli,1,
current,702401,A,FANE GROCERY,FANE GROCERY INC,609,COURTLANDT AVE,10451,1300,1300.0,0,1300.0,convenience or deli,1,
current,609927,AC,C TOWN SUPERMARKET,R&E CORP,809,SOUTHERN BLVD,10459,7500,7500.0,0,7500.0,supermarket,1,
current,609843,AC,BRISKA GROCERY,MUSOVIC SUNAN,2333,ARTHUR AVE,10458,700,700.0,0,700.0,convenience or deli,1,
current,609834,AC,C TOWN 054,JSMD FOOD CORP,100,HUGH J GRANT CIRCLE,10472,8000,8000.0,0,8000.0,supermarket,1,
current,609649,AC,24 DELI GROCERY,24 DELI GROCERY INC,1801,WILLIAMSBRIDGE RD,10461,700,700.0,0,700.0,convenience or deli,1,
current,609624,AC,99 CENTS FACTORY,99 CENTS FACTORY INC,278,E 149TH ST,10451,5000,5000.0,0,,,0,general merchandise or dollar store
current,609623,AC,BOSTON ROAD CANDY,BOSTON ROAD CANDY INC,1737,BOSTON RD,10460,900,900.0,0,900.0,convenience or deli,1,
current,609621,AC,1158 GROCERY & DELI,1158 GROCERY & DELI INC,1158,ST LAWRENCE AVE,10472,500,500.0,0,500.0,convenience or deli,1,
current,609583,AC,2300 DELI,2300 DELI CORP,2300,CROTONA AVE,10458,2000,2000.0,0,2000.0,convenience or deli,1,
current,609503,AC,BEATO DELI &GROCERY,BEATO DELI &GROCERY CORP,615,E 189TH ST,10458,600,600.0,0,600.0,convenience or deli,1,
current,609488,AC,ROMANA GROCERY,ROMANA GROCERY CORP,3851,BRONXWOOD AVE ###,10469,1200,1200.0,0,1200.0,convenience or deli,1,
current,609486,AC,BANGLATOWN SUPERMARKET,ALI SUPERMARKET INC,1860,WESTCHESTER AVE,10472,4600,4600.0,0,4600.0,supermarket,1,
current,609462,AC,MD AFRICAN MKT & DISCOU,DIKO MUHAMADOU,2252,WEBSTER AVE,10457,2000,2000.0,0,2000.0,other grocery,1,
current,609456,A,PARKCHESTER CONVENIENCE STORE,PARKCHESTER CONVENIENCE STORE INC,2001,WESTCHESTER AVE #F,10462,1200,1200.0,0,1200.0,convenience or deli,1,
current,609438,AC,BRONX M&E DELI,BRONX M&E DELI GROCERY CORP,732,E 187TH ST,10458,1100,1100.0,0,1100.0,convenience or deli,1,
current,609429,AC,627 GARDEN GOURMENT DL,627 GARDEN GOURMENT DELI CORP,627,E TREMONT AVE,10457,1000,1000.0,0,1000.0,other grocery,1,
current,609423,AC,TAVERAS FOOD CENTER,TAVERAS FOOD CENTER CORP,5193,BROADWAY,10463,0,,1,1200.0,other grocery,1,
current,609420,A,ALDI #19,ALDI INC,1750,E GUN HILL RD STORE B ###,10469,0,,1,8250.0,supermarket,1,
current,609383,A,BUHRE GROCERY,PAVAN NEW YORK INC,2875,BUHRE AVE,10461,600,600.0,0,600.0,convenience or deli,1,
current,609373,A,MTR GROCERY,MTR GROCERY CORP,760,E 187TH ST,10458,700,700.0,0,700.0,convenience or deli,1,
current,609369,AC,CHRISTOPHER MINI MARKET,CHRISTOPHER MINI MARKET CORP,1539,WATSON AVE,10472,1200,1200.0,0,1200.0,convenience or deli,1,
current,609368,AC,POU KOU HALAL FOOD,DIALLO ELHADJ M,585,"TINTON AVE, STORE #1",10455,1500,1500.0,0,1500.0,other grocery,1,
current,609365,AC,AMANI HALAL MEAT,AMANI HALAL MEAT MARKET CORP,705,RHINELANDER AVE,10462,700,700.0,0,700.0,specialty,1,
current,609360,AC,GOOD GUY MEAT MARKET,GOOD GUY MEAT MARKET CORP THE,187,E 167TH ST,10456,1000,1000.0,0,1000.0,specialty,1,
current,609354,AC,7 ELEVEN DELI,674 GOURMET DELI CORP,674,ALLERTON AVE,10467,1200,1200.0,0,1200.0,convenience or deli,1,
current,609352,AC,180TH ST FAMILY DELI-GROCERY,ORTIZ SANDY A,676,E 180TH,10457,1200,1200.0,0,1200.0,convenience or deli,1,
current,609350,AC,LOS PRIMOS MINI MARKET,LOS PRIMOS MINI MARKET INC,1050,WOODYCREST AVE###,10452,2000,2000.0,0,2000.0,convenience or deli,1,
current,609329,AC,NEW BEST SUSHI WORLD,NEW BEST SUSHI WORLD INC,5665,BROADWAY #####,10463,0,,1,1200.0,other grocery,1,
current,609325,AC,JOSMAR MINI MARKET,JOSMAR MINI MARKET CORP,775,E 149TH ST,10455,2300,2300.0,0,2300.0,convenience or deli,1,
current,609316,AC,FOOD UNIVERSE MARKET PLACE,3462 THIRD AVE FOOD CORP,3470,3RD AVE,10456,14000,14000.0,0,14000.0,supermarket,1,
current,609302,AC,J&L FISH MARKET,J&L FISH MARKET INC,3706,3RD AVE #9,10456,1200,1200.0,0,1200.0,specialty,1,
current,609282,AC,NEW WAY DELI&LOTTERY,NEW WAY DELI&LOTTERY CORP,77,E KINGSBRIDGE RD,10468,1800,1800.0,0,1800.0,convenience or deli,1,
current,609259,AC,RIVERDALE DELI & GROCER,RIVERDALE DELI & GROCERY INC,5991,BROADWAY,10471,600,600.0,0,600.0,convenience or deli,1,
current,609255,AC,FOOD DYNASTY,A&C FOUR WINGS INC,1470,WESTCHESTER AVE,10472,2000,2000.0,0,2000.0,supermarket,1,
current,609245,AC,OMALE NEW YORK GROCERY,OMALE NEW YORK GROCERY CORP,2172,CROTONA AVE,10457,1500,1500.0,0,1500.0,convenience or deli,1,
current,609239,AC,MORENITA DELI&GROCERY,MORENITA DELI & GROCERY CORP,1274,BRONX RIVER AVE,10472,700,700.0,0,700.0,convenience or deli,1,
current,609232,AC,CALIFORNIA FARMS FRIUT & VEGETABLES,CALIFORNIA FARMS FRIUT & VEGETABLES CORP,234,W 231ST ST,10463,1000,1000.0,0,1000.0,specialty,1,
current,609231,AC,DOUBLE A SUPER DELI,DOUBLE A SUPER DELI INC,350,E 204TH ST,10467,1200,1200.0,0,1200.0,convenience or deli,1,
current,609227,AC,RIVERDALE KOSHER MARKET,BLUSHAN FOODS LLC,5683,RIVERDALE AVE,10471,12000,12000.0,0,12000.0,other grocery,1,
current,609226,AC,BONOFUL GROCERY,BONOFUL GROCERY INC,7,E 182ND ST,10453,1200,1200.0,0,1200.0,convenience or deli,1,
current,609219,AC,EL PAISANO 2 FRUITS & VEGETABLES,EL PAISANO 2 FRUITS & VEGETABLES LLC,1555,WATSON AVE,10472,800,800.0,0,800.0,specialty,1,
current,609195,AC,CYPRESS 138 DELI GROCERY,CYPRESS 138 DELI GROCERY CORP,651,E 138TH ST,10454,1800,1800.0,0,1800.0,convenience or deli,1,
current,609181,ABC,WESTERN BEEF 29,WESTERN BEEF RETAIL INC,2050,WEBSTER AVE,10457,34000,34000.0,0,34000.0,supermarket,1,
current,609160,AC,TAKE A BITE DELI&GRCY,TAKE A BITE DELI&GROCERY INC,34,BEDFORD PARK BLVD,10468,900,900.0,0,900.0,convenience or deli,1,
current,609146,AC,FOOD UNIVERSE MARKET PLACE,FRUITS PRODUCE & GROCERY CORP,1334,LOUIS NINE BLVD,10459,17500,17500.0,0,17500.0,supermarket,1,
current,609135,AC,3052 VALENTINE GROCERY,3052 VALENTINE GROCERY CORP,3052,VALENTINE AVE,10458,500,500.0,0,500.0,convenience or deli,1,
current,609124,AC,FOOD UNIVERSE MARKET,ALFA Y OMEGA FOOD CORP,82-84,W KINGSBRIDGE RD,10468,3000,3000.0,0,3000.0,supermarket,1,
current,609116,AC,LUPITAS MEXICAN GROCERY,LUPITAS MEXICAN GROCERY INC,9,E GUN HILL ROAD,10467,1000,1000.0,0,1000.0,convenience or deli,1,
current,609115,AC,EXOTIC CONVENIENCE,WHITE PLAINS FOOD INC,3766 A,WHITE PLAINS RD.,10467,1100,1100.0,0,1100.0,convenience or deli,1,
current,609111,AC,PELHAM DELI,PELHAM DELI INC,3026,BUHRE AVE,10461,1000,1000.0,0,1000.0,convenience or deli,1,
current,609098,AC,FRESH FOOD DELI GROCERY,TEJEDA JUAN,2179,WASHINGTON AVE,10457,891,891.0,0,891.0,convenience or deli,1,
current,609069,AC,REYES MEXICAN DELI,REYES MEXICAN DELI INC,998,LONGWOOD AVE #6,10459,400,400.0,0,400.0,convenience or deli,1,
current,609068,AC,LYDIG DELI&GROCERY,LYDIG DELI&GROCERY INC,750,LYDIG AVE,10462,1200,1200.0,0,1200.0,convenience or deli,1,
current,609065,AC,1105 TINTON DELI GRCY,1105 TINTON DELI GROCERY CORP,1105,TINTON AVE,10456,1200,1200.0,0,1200.0,convenience or deli,1,
current,609037,AC,JYJ DELI GROCERY,JYJ DELI GROCERY CORP,968,E 165TH ST,10459,800,800.0,0,800.0,convenience or deli,1,
current,609035,A,CVS PHARMACY #8940,CVS ALBANY LLC,1688,WESTCHESTER AVE####,10472,8000,8000.0,0,,,0,pharmacy
current,609026,AC,SAVEMORE DELI GROCERY,SAVEMORE DELI GROCERY CORP,1363,WEBSTER AVE,10456,1800,1800.0,0,1800.0,convenience or deli,1,
current,609022,AC,JJN CORP,JJN CORPORATION,1512,WASHINGTON AVE ##,10457,0,,1,1200.0,other grocery,1,
current,609010,AC,IZZY'S GOURMET DELI,E FLYING EAGLE CORP,3001,WESTCHESTER AVE,10461,1000,1000.0,0,1000.0,convenience or deli,1,
current,609007,AC,NOBLE DELI GROCERY,NOBLE DELI GROCERY CORP,1721,E 172ND ST,10472,800,800.0,0,800.0,convenience or deli,1,
current,608992,AC,FINE FARE SUPERMARKET,CAGUEYES FOOD CORP,3315,WHITE PLAINS RD,10467,6000,6000.0,0,6000.0,supermarket,1,
current,608983,AC,REAL SUPERMARKET,PROSPECT SUPERMARKET OF NY INC,795,PROSPECT AVE,10455,4000,4000.0,0,4000.0,supermarket,1,
current,608950,AC,HA-MAKOLET (SHOSHI MARKET),U&S ALLON LLC,3714,RIVERDALE AVE,10463,3000,3000.0,0,3000.0,other grocery,1,
current,608944,AC,58 BURNSIDE FOOD,58 BURNSIDE FOOD CORP,58-60,W BURNSIDE AVE,10453,2700,2700.0,0,2700.0,other grocery,1,
current,608943,AC,FOODTOWN SUPERMARKET,PALMA NUEVA FOODS CORP,3471,BOSTON RD,10469,15000,15000.0,0,15000.0,supermarket,1,
current,608934,AC,NEW EUROPEAN MARKET,NEW EUROPEAN INC,810,MORRIS PARK AVE,10462,600,600.0,0,600.0,other grocery,1,
current,608933,A,TWO STAR DELI & GROCERY,SHAMMAKH FAISAL M,3548,BRONX BLVD,10467,700,700.0,0,700.0,convenience or deli,1,
current,608931,ABC,MEAT MARKET JAZMIN II,MEAT MARKET JAZMIN II CORP,2356,GRAND CONCOURSE,10458,1200,1200.0,0,1200.0,specialty,1,
current,608908,AC,NADAL 3 DELI CONVNIENCE,NADAL 3 DELI CONVENIENCE INC,888A,GRAND CONCOURSE,10451,1800,1800.0,0,1800.0,convenience or deli,1,
current,608906,AC,LA CONIA FISH MARKET,DYRE FISH MARKET CORP,3959,LACONIA AVE,10466,585,585.0,0,585.0,specialty,1,
current,608900,AC,1307 CORP,1307 CORP,1307,CROSBY AVE,10461,600,600.0,0,600.0,other grocery,1,
current,608898,AC,1704 JENNY FOOD,1704 JENNY FOOD CORP,1704,GRAND AVE ###,10453,2100,2100.0,0,2100.0,other grocery,1,
current,608886,AC,J&W FOOD CENTER,J&W FOOD CENTER CORP,990,LEGGETT AVE,10455,2000,2000.0,0,2000.0,other grocery,1,
current,608884,AC,LA GRANJA MEAT MARKET,LA GRANJA MEAT MARKET INC,1111,E TREMONT AVE,10460,800,800.0,0,800.0,specialty,1,
current,608882,AC,FIREHOUSE CRNR DELI GRY,FIREHOUSE CORNER DELI GRCY CORP,240,CITY ISLAND AVE  ##,10464,800,800.0,0,800.0,convenience or deli,1,
current,608876,AC,FOOD UNIVERSE,675 MORRIS AVE FOOD CORP,675,MORRIS AVE,10451,5000,5000.0,0,5000.0,supermarket,1,
current,608872,AC,PAULINO DELI GROCERY,PAULINO DELI GROCERY INC,798,HUNTS PT AVE,10474,1100,1100.0,0,1100.0,convenience or deli,1,
current,608862,AC,GREEN LAND FARM DELI&GR,GREEN LAND FARM DELI&GROCERY CORP,4313,KATONAH AVE,10470,1800,1800.0,0,1800.0,convenience or deli,1,
current,608857,AC,ANTHONYS FAMOUS GRMT DL,ANTHONYS FAMOUS GOURMET DELI INC,169,E GUN HILL RD,10467,1400,1400.0,0,1400.0,other grocery,1,
current,608834,A,SILVER DOLLAR FOOD,SILVER DOLLAR FOOD LLC,1557-1565,WATSON AVE,10472,5000,5000.0,0,5000.0,other grocery,1,
current,608820,AC,JAMTAN AFRICAN AMERICAN MARKET,JAMTAN AFRICAN AMERICAN MKT CORP,1479,WESTCHESTER AVE,10472,1500,1500.0,0,1500.0,other grocery,1,
current,608802,AC,NY FAMOUS DELI,CROES AVENUE FAMOUS DELI CORP,1683,E 172ND ST,10472,500,500.0,0,500.0,convenience or deli,1,
current,608800,AC,CACAO DELI GROCERY,CACAO DELI GROCERY CORP,918,FAILE ST #1,10474,1200,1200.0,0,1200.0,convenience or deli,1,
current,608796,AC,FAMOUS HERO CITY DELI,FAMOUS HERO CITY DELI GRCRY CORP,485,JACKSON AVE,10455,1000,1000.0,0,1000.0,convenience or deli,1,
current,608789,AC,YAFFA DELI GROCERY,YAFFA DELI GROCERY CORP,719A,LYDIG AVE,10462,1800,1800.0,0,1800.0,convenience or deli,1,
current,608788,A,LEROY PHARMACY,AVS PHARMACY INC,314,E 204TH ST,10467,8400,8400.0,0,,,0,pharmacy
current,608780,ABC,KEY FOOD SUPERMARKET,LYDIG FOOD CORP,751,LYDIG AVE #######,10462,14000,14000.0,0,14000.0,supermarket,1,
current,608768,AC,SANCHEZ GROCERY&BAKERY,SANCHEZ GROCERY&BAKERY STORE INC,3197,BAINBRIDGE AVE,10467,1300,1300.0,0,1300.0,convenience or deli,1,
current,608767,AC,BROTHERHOOD GOURMET DEL,BROTHERHOOD GOURMET DELI CORP,703,SOUTHERN BLVD,10455,1800,1800.0,0,1800.0,other grocery,1,
current,608754,AC,BOSTON ROAD DELI GRCY,BOSTON ROAD DELI GROCERY INC,1490,BOSTON RD,10460,1200,1200.0,0,1200.0,convenience or deli,1,
current,608748,AC,543 NORTH DELI GROCERY,543 NORTH DELI GROCERY INC,543,SOUTHERN BLVD,10455,2000,2000.0,0,2000.0,convenience or deli,1,
current,608731,AC,MI PUEBLITO ZUMPANGO,LEONARDO SANTIAGO,615,MELROSE AVE STORE #2,10455,1200,1200.0,0,1200.0,other grocery,1,
current,608702,AC,180 PENA GROCERY,PENA JUAN B,180,W 167TH ST,10452,1500,1500.0,0,1500.0,convenience or deli,1,
current,608673,A,GOOD VALUE 99 CENTS STR,FADHLE NAGI & SAMED MUTHANA,105A,E 183RD ST,10453,2200,2200.0,0,,,0,general merchandise or dollar store
current,608643,AC,156 FOOD MARKET,156 FOOD MARKET INC,760,GRAND CONCOURSE,10451,1800,1800.0,0,1800.0,other grocery,1,
current,608637,ABC,BONAVITA KEY FOOD 1329,BELFIORE FOOD CORP,4171,WHITE PLAINS RD #####,10466,24000,24000.0,0,24000.0,supermarket,1,
current,608624,AC,LINAS GROCERY DELI,LINAS GROCERY DELI CORP,1785,MONROE AVE,10457,900,900.0,0,900.0,convenience or deli,1,
current,608623,AC,7S FISH MARKET,PARK JONG SEOK,3123,BAINBRIDGE AVE,10467,1000,1000.0,0,1000.0,specialty,1,
current,608616,A,KRAZY DOLLAR DEALS,KRAZY DOLLAR DEALS INC,270,E BURNSIDE AVE,10457,4000,4000.0,0,,,0,general merchandise or dollar store
current,608595,AC,635 GOURMET EXPRESS DELI,635 GOURMET EXPRESS DELI INC,635,E 169TH ST,10456,1200,1200.0,0,1200.0,convenience or deli,1,
current,608592,AC,FOOD UNIVERSE MARKET PLACE,LOS PINOS FOOD CORP,148,E BURNSIDE AVE,10453,8000,8000.0,0,8000.0,supermarket,1,
current,608591,AC,DANIEL RODRIGUEZ PRODUCTOS MEXICANOS,RODRIGUEZ DANIEL,190,E 166TH ST,10456,1000,1000.0,0,1000.0,other grocery,1,
current,608588,AC,BP,1740 PETROLEUM LLC,1740,JEROME AVE,10453,400,400.0,0,,,0,gas station
current,608587,AC,EL REY DELI GROCERY,EL REY DELI GROCERY LLC,3002,BAILEY AVE,10463,1800,1800.0,0,1800.0,convenience or deli,1,
current,608584,AC,MET FOOD MARKET DELI,NICKS & JULIO SUPERMARKET CORP,1894,LAFAYETTE AVE.,10473,6600,6600.0,0,6600.0,supermarket,1,
current,608578,A,BRONX VIEW DELI & GROCERY,BRONX VIEW DELI & GROCERY INC,717,ALLERTON AVE,10467,1200,1200.0,0,1200.0,convenience or deli,1,
current,608572,AC,KEY FOOD 1327,TREMONT FOOD CORP,2722,E TREMONT AVE #####,10461,15000,15000.0,0,15000.0,supermarket,1,
current,608559,AC,BAYCHESTER EXPRESS DELI,BAYCHESTER EXPRESS DELI INC,3929,BAYCHESTER AVE,10466,1400,1400.0,0,1400.0,convenience or deli,1,
current,608551,AC,M&A GOURMET DELI,M&A GOURMET DELI INC,777,ALLERTON AVE,10467,1000,1000.0,0,1000.0,convenience or deli,1,
current,608547,A,R & R CONVENIENT STORE,R & R CONVENIENT STORE LLC,4759,WHITE PLAINS RD,10470,1500,1500.0,0,1500.0,other grocery,1,
current,608541,AC,QUICK HERO CITY DELI GR,QUICK HERO CITY DELI GROCERY INC,617,E FORDHAM RD,10458,0,,1,1100.0,convenience or deli,1,
current,608536,A,DOLLAR RESORT,DOLLAR RESORT INC,190,EAST 167 ST ####,10456,0,,0,,,0,general merchandise or dollar store
current,608511,AC,HARDING DELI & GROCERY,HARDING DELI AND GROCERY INC,3009,HARDING AVE,10465,2000,2000.0,0,2000.0,convenience or deli,1,
current,608508,AC,RAFAEL JR FOOD CENTER,RAFAEL JR FOOD CENTER CORP,2701,DECATUR AVE,10458,2000,2000.0,0,2000.0,other grocery,1,
current,608493,A,548 CANDY GROCERY,548 CANDY GROCERY CORP,548,E 138TH ST,10454,750,750.0,0,750.0,convenience or deli,1,
current,608488,AC,242 DELI FOOD,242 DELI FOOD LLC,4781,WHITE PLAINS RD,10470,1200,1200.0,0,1200.0,convenience or deli,1,
current,608476,AC,MEX DELI GROCERY,MEX DELI GROCERY CORP,576,E 187TH ST,10458,400,400.0,0,400.0,convenience or deli,1,
current,608464,AC,BEST H&H,BEST H&H INC,4368-4370,WHITE PLAINS RD #7D,10466,3000,3000.0,0,3000.0,other grocery,1,
current,608454,AC,CHOCOLATE PLACE,MORRIS PARK CHOCOLATE DIST INC,839,MORRIS PARK AVE,10462,1200,1200.0,0,1200.0,specialty,1,
current,608451,AC,219 FISH MARKET,219 FISH MARKET INC,219,ST ANNS AVE,10454,900,900.0,0,900.0,specialty,1,
current,608418,AC,OSCAR DELI GROCERY,OSCAR DELI GROCERY CORP,750,E 149TH ST,10455,1800,1800.0,0,1800.0,convenience or deli,1,
current,608416,A,1439 CANDY DELI GROCERY,1439 CANDY DELI GROCERY INC,1439,WEBSTER AVE,10456,1500,1500.0,0,1500.0,convenience or deli,1,
current,608411,AC,LA GONDOLA DELI GROCERY,LA GONDOLA DELI GROCERY INC,167,E 205TH ST  ####,10458,1150,1150.0,0,1150.0,convenience or deli,1,
current,608378,AC,TRONCOSO DELI GROCERY,TRONCOSO DELI GROCERY CORP,590,SOUTHERN BLVD,10455,1800,1800.0,0,1800.0,convenience or deli,1,
current,608355,AC,MCDAVE 1738,MCDAVE 1738 INC,2280,TILLOTSON AVE,10475,1000,1000.0,0,1000.0,other grocery,1,
current,608348,ABC,BJS WHOLESALE CLUB 176,BJS WHOLESALE CLUB INC,610,EXTERIOR ST ######,10451,4000,4000.0,0,,,0,general merchandise or dollar store
current,608343,AC,TARGET STORE T-2475,TARGET CORPORATION,700,EXTERIOR ST,10451,4000,4000.0,0,,,0,general merchandise or dollar store
current,608339,AC,YOHANS DELI AND GROCERY,GUERRERO ARENAS JOSUE,5995,RIVERDALE AVE,10471,600,600.0,0,600.0,convenience or deli,1,
current,608331,AC,PELHAMBAY MINI MART,JHER INC,3287A,WESTCHESTER AVE ##,10461,1000,1000.0,0,1000.0,convenience or deli,1,
current,608286,ABCHK,ZEPPIERI & SONS BAKERY,ZEPPIERI & SONS ITALIAN BAKERY INC,3004,BUHRE AVE.,10461,2000,2000.0,0,,,0,"warehouse, wholesale or plant license"
current,608281,AC,BMCB DELI GROCERY,BMCB DELI GROCERY CORP,931,CASTLE HILL AVE,10473,1100,1100.0,0,1100.0,convenience or deli,1,
current,608280,AC,LISBETH FOOD,LISBETH FOOD CORP,1702,WATSON AVE,10472,2000,2000.0,0,2000.0,other grocery,1,
current,608279,A,BARGAIN TEAM,BARGAIN TEAM INC,216,WILLIS AVE #####,10454,2500,2500.0,0,,,0,general merchandise or dollar store
current,608256,AC,HM DELI AND GROCERY,901 BURKE DELI & GROCERY LLC,901,BURKE AVE,10469,1000,1000.0,0,1000.0,convenience or deli,1,
current,608248,AC,ALESRAA HALAL MEAT MRKT,ALESRAA HALAL MEAT MARKET INC,1903,WHITE PLAINS RD,10462,1000,1000.0,0,1000.0,specialty,1,
current,608247,ABC,MEXICANS GROCERY,MEXICANS GROCERY SANTA CRUZ CORP,245,WILLIS AVE,10454,750,750.0,0,750.0,convenience or deli,1,
current,608225,AC,LA VINA FOOD,LA VINA FOOD CORP,89,W KINGSBRIDGE RD ####,10468,1600,1600.0,0,1600.0,other grocery,1,
current,608221,AC,SWEET DELI&GROCERY,SWEET GROCERY & CANDY CORP,956,INTERVALE AVE,10459,1000,1000.0,0,1000.0,convenience or deli,1,
current,608215,AC,FOOD UNIVERSE MARKETPLACE,1757 TJM FOOD CORP,1757,RANDALL AVE,10473,30000,30000.0,0,30000.0,supermarket,1,
current,608214,AC,DERLYN FOOD,DERLYN FOOD CORP,150,WEST KINGSBRIDGE RD,10463,0,,1,1200.0,other grocery,1,
current,608213,AC,RIVERDALE GLATT SHOP,RGS&ASSOCIATES INC,3540,JOHNSON AVE,10463,2000,2000.0,0,2000.0,other grocery,1,
current,608190,AC,I&C DELI MINI MARKET,I&C DELI MINI MARKET CORP,531-533,E 183RD ST ####,10458,1500,1500.0,0,1500.0,convenience or deli,1,
current,608181,AC,MAKEY DELI GROCERY,MAKEY DELI GROCERY #1 INC,2704,THIRD AVE,10454,1500,1500.0,0,1500.0,convenience or deli,1,
current,608155,AC,FOOD UNIVERSE,111 MEAT & PRODUCE INC,111,DREISER LOOP ####,10475,25000,25000.0,0,25000.0,supermarket,1,
current,608154,AC,FOOD UNIVERSE,2061 MEAT&PRODUCE INC,2061,BARTOW AVE ####,10475,20000,20000.0,0,20000.0,supermarket,1,
current,608153,AC,FOOD UNIVERSE,119 MEAT&PRODUCE INC,119,EINSTEIN LOOP ####,10475,10000,10000.0,0,10000.0,supermarket,1,
current,608136,A,TWO STARS EXPRESS GRCY,TWO STARS EXPRESS GROCERY INC,6A,E 167TH ST,10452,700,700.0,0,700.0,other grocery,1,
current,608135,AC,CACHEO FOOD,CACHEO FOOD CORP,1011,SHERIDAN AVE,10456,1500,1500.0,0,1500.0,other grocery,1,
current,608129,A,WALGREENS #12309,WALGREEN EASTERN CO INC,2504,EASTCHESTER RD,10469,5000,5000.0,0,,,0,pharmacy
current,608127,AC,ELDER AVE #2 GROCERY,ELDER AVE #2 GROCERY CORP,1206,ELDER AVE  ##,10472,1500,1500.0,0,1500.0,convenience or deli,1,
current,608106,AC,VALENTINE FOOD,VALENTINE FOOD CORP,2840,VALENTINE AVE,10458,1000,1000.0,0,1000.0,other grocery,1,
current,608046,A,WALGREENS #10411,WALGREEN EASTERN CO INC,406,E FORDHAM RD,10458,7000,7000.0,0,,,0,pharmacy
current,608019,A,WALGREENS 11172,WALGREEN EASTERN CO INC,1371,METROPOLITAN AVE,10462,3000,3000.0,0,,,0,pharmacy
current,607979,AC,FOOD CHOICE NO 1,FOOD CHOICE NO 1 CORP,333,E 184TH ST,10458,1300,1300.0,0,1300.0,other grocery,1,
current,607967,ACK,VINCENTS MEAT MARKET,VINCENTS MEAT MARKET INC,2374,ARTHUR AVE,10458,1000,1000.0,0,1000.0,specialty,1,
current,607955,AC,SABA QUALITY PLUS DELI,SABA QUALITY PLUS DELI INC,1183,CASTLE HILL AVE,10462,1400,1400.0,0,1400.0,convenience or deli,1,
current,607950,AC,S&P MINI MARKET,S&P MINI MARKET CORP,270,E 165TH ST,10456,1100,1100.0,0,1100.0,convenience or deli,1,
current,607936,AC,JSR DELI,JSR DELI INC,994,MORRIS PARK AVE,10462,1500,1500.0,0,1500.0,convenience or deli,1,
current,607931,AC,H&M FOOD CORP,H&M FOOD CORP I,131,EINSTEIN LOOP,10475,2000,2000.0,0,2000.0,other grocery,1,
current,607919,ABC,BRAVO SUPERMARKET,GAVA FOOD CORP,127,W BURNSIDE AVE,10453,5000,5000.0,0,5000.0,supermarket,1,
current,607918,AC,GNP SUNIL,GNP SUNIL CORP,585,W 235TH ST,10463,1500,1500.0,0,1500.0,other grocery,1,
current,607910,AC,C TOWN SUPERMARKET,NEW ERA FOODS ONE INC,668,CRESCENT AVE,10458,7000,7000.0,0,7000.0,supermarket,1,
current,607909,A,JPS PETROLEUM,JPS PETROLEUM INC,4090,BOSTON RD,10475,1000,1000.0,0,,,0,gas station
current,607893,AC,EKITI-KETE AFRICAN&CARRIBBEAN STORE,OLOFIN SESAN,2700,WILLIAMSBRIDGE ROAD,10469,500,500.0,0,500.0,other grocery,1,
current,607890,AC,AB INTERNATIONAL MARKET,AB INTERNATIONAL MARKET INC,2233-35,JEROME AVE,10453,2800,2800.0,0,2800.0,other grocery,1,
current,607888,AC,SANTOS FISH MARKET,SANTOS FISH MARKET INC,2859,WHITE PLAINS RD,10467,1400,1400.0,0,1400.0,specialty,1,
current,607880,AC,PAOLA DELI GROCERY,PAOLA DELI GROCERY CORP,485,E 188TH ST,10458,1200,1200.0,0,1200.0,convenience or deli,1,
current,607876,AC,NONGSA FRUIT & VEG MKT,NONGSA CORP,14,W 183RD ST,10453,1200,1200.0,0,1200.0,specialty,1,
current,607867,AC,ALLERTON DELI GROCERY,ALLERTON DELI GROCERY INC,801,ALLERTON AVE,10467,800,800.0,0,800.0,convenience or deli,1,
current,607865,AC,ALANTE ALANTE DELI GRCY,207 ALANTE ALANTE DELI GRCY CORP,207,MT HOPE PL,10457,1000,1000.0,0,1000.0,convenience or deli,1,
current,607841,AC,C TOWN,HJ FAMILY FOOD CORP,1580,UNION PORT RD,10462,12000,12000.0,0,12000.0,supermarket,1,
current,607837,AC,BUTCHERS CHOICE THE,HUB MEAT MARKET LLC,448,E 149TH ST,10455,1400,1400.0,0,1400.0,other grocery,1,
current,607822,AC,775 MENA GROCERY,775 MENA GROCERY CORP,775,LYDIG AVE ####,10462,1200,1200.0,0,1200.0,convenience or deli,1,
current,607815,AC,MARINS GROCERY & CANDY,MARINS GROCERY & CANDY STORE INC,42,E167TH ST,10452,500,500.0,0,500.0,convenience or deli,1,
current,607810,A,S&T 99 & MORE,MOHAMED TALIM,851,E 180TH ST,10460,2500,2500.0,0,2500.0,other grocery,1,
current,607804,AC,20/20 CONVENIENCE STORE,20/20 CONVENIENCE STORE INC,400,E 161ST ST,10451,1200,1200.0,0,1200.0,convenience or deli,1,
current,607802,AC,ULTIMATE GAS,WEST GAS INC,2276,WESTCHESTER AVE,10462,700,700.0,0,,,0,gas station
current,607800,AC,CITGO MINI MART,N&I VENTURE CORP,6571,BROADWAY,10471,700,700.0,0,,,0,gas station
current,607793,AC,EAST TREMONT DELI GRCY,EAST TREMONT DELI GROCERY 1 INC,660,E TREMONT AVE,10457,1100,1100.0,0,1100.0,convenience or deli,1,
current,607764,AC,ASSOCIATED,WEST EAST FOOD CORP,35,RICHMAN PLAZA,10453,20000,20000.0,0,20000.0,supermarket,1,
current,607763,A,99 CENTS VALUE,A Z DISCOUNT INC,3251,3RD AVE,10456,2000,2000.0,0,,,0,general merchandise or dollar store
current,607755,ACHDK,WORLD WIDE DIRECT SEAFD,WORLD WIDE DIRECT SEAFOOD LLC,800,FOOD CENTER DR  UNIT 13,10474,5500,5500.0,0,,,0,"warehouse, wholesale or plant license"
current,607747,AC,G&R DELI,G&R DELI CORP,1928,WILLIAMSBRIDGE RD,10461,800,800.0,0,800.0,convenience or deli,1,
current,607723,AC,STAR DELI GROCERY,SHAIBI ABDALLA M&NASR F A,188,"E 167TH ST, STORE#2",10456,1200,1200.0,0,1200.0,convenience or deli,1,
current,607719,AC,SY STRAWBERRY FARMS,SY STRAWBERRY FARMS AND GROCERY,2403,WESTCHESTER AVE. ###,10461,1800,1800.0,0,1800.0,other grocery,1,
current,607716,AC,CONVENIENCE MART,CONVENIENCE MART CORP,410,CITY ISLAND AVE,10464,1000,1000.0,0,1000.0,convenience or deli,1,
current,607709,A,LITTLE ANNIES,KRISHNA CONVENIENCE NY INC,17,WESTCHESTER SQ,10461,1000,1000.0,0,1000.0,other grocery,1,
current,607701,AC,LA CAMPINA DELI GROCERY,LA CAMPINA DELI GROCERY INC,802,MELROSE AVE,10451,1100,1100.0,0,1100.0,convenience or deli,1,
current,607685,AC,TULCIMEX DELI/GROCERY,TULCIMEX CORP,1197A,BRYANT AVE ####,10459,900,900.0,0,900.0,convenience or deli,1,
current,607684,AC,LA COLONIA FOOD,LA COLONIA FOOD INC,594,MORRIS AVE,10451,750,750.0,0,750.0,other grocery,1,
current,607617,A,99 CENTS AMAZING,DISCOUNT BAZAAR INC,1181,WEBSTER AVE ###,10456,3000,3000.0,0,,,0,general merchandise or dollar store
current,607615,AC,LOS HIJOS DE CHORRO DEL,LOS HIJOS DEL CHORRO DELI GR CORP,701-703,FAILE ST,10474,1400,1400.0,0,1400.0,other grocery,1,
current,607611,A,705 FAMILY DISCOUNT,705 FAMILY DISCOUNT CORP,705,E GUN HILL  RD,10467,11000,11000.0,0,,,0,general merchandise or dollar store
current,607596,AC,MANUEL MINI MART,MANUEL MINI MART CORP,481,E 180TH ST,10457,1000,1000.0,0,1000.0,convenience or deli,1,
current,607590,ACD,IMPORT&EXPORT FAL,FAL AISSATOU,1466,INWOOD AVE,10452,250,250.0,0,,,0,"warehouse, wholesale or plant license"
current,607569,AC,BP GAS,BOSTON RD GAS INC,2475,BOSTON RD #######,10467,1100,1100.0,0,,,0,gas station
current,607554,A,DOLLAR TREE #3788,DOLLAR TREE STORES INC,2641,E TREMONT AVE,10461,14000,14000.0,0,,,0,general merchandise or dollar store
current,607552,ACD,ROYAL AFRICAN & CARIBBEAN FOOD,ROYAL AFRICAN & CARIBBEAN FOOD INC,2957,WEBSTER AVE,10458,3000,3000.0,0,,,0,"warehouse, wholesale or plant license"
current,607551,AC,EUROPEAN FRESH PRODUCE,EUROPEAN FRESH PRODUCE INC,720,LYDIG AVE.,10462,1000,1000.0,0,1000.0,specialty,1,
current,607547,AC,MEGA SEAFOOD,MEGA SEAFOOD CORP,1181,MORRISON AVE,10472,1200,1200.0,0,1200.0,specialty,1,
current,607508,AC,COMPARE SUPERMARKET,FIFTH TOWER GROCERY CORP,1091,BOSTON RD,10456,2000,2000.0,0,2000.0,supermarket,1,
current,607498,AC,T FAMOUS GOURMET DELI CORP,T FAMOUS GOURMET DELI CORP,34-31,BAYCHESTER AVE,10469,1800,1800.0,0,1800.0,convenience or deli,1,
current,607475,A,MOSES CANDY & GROCERY,ALI RAMI O & HAIMED FAWAZ A M,682,ALLERTON AVE,10467,900,900.0,0,900.0,convenience or deli,1,
current,607459,AC,168TH SUPERIOR MARKET,168TH SUPERIOR MARKET INC,108,W 168TH ST,10452,1300,1300.0,0,1300.0,other grocery,1,
current,607438,AC,MELO BAEZ #2,MELO BAEZ #2 CORP,321,E 166TH ST,10456,1500,1500.0,0,1500.0,other grocery,1,
current,607421,AC,FRESH CITY MARKET,VILLA JUANA PRODUCE INC,2477-2481,VALENTINE AVE,10458,4000,4000.0,0,4000.0,other grocery,1,
current,607395,AC,EL PASO DELI,HERNANDEZ GABRIEL,721,VAN NEST AVE,10462,800,800.0,0,800.0,convenience or deli,1,
current,607360,A,TOTAL CARE PHARMACY,TOTAL CARE PHARMACY BX INC,1721,CROSBY AVE,10461,1800,1800.0,0,,,0,pharmacy
current,607339,AC,PALM TREE MARKET PLACE,SIN & SIN MANAGEMENT INC,3717,BOSTON POST RD,10466,17000,17000.0,0,17000.0,supermarket,1,
current,607336,A,FAMILY DOLLAR STORE #26745,FAMILY DOLLAR STORES OF NEW YORK LLC,1315,BOSTON RD,10456,3000,3000.0,0,,,0,general merchandise or dollar store
current,607335,A,FAMILY DOLLAR #7031,FAMILY DOLLAR STORES OF NEW YORK LLC,910,RIVER AVE,10452,2000,2000.0,0,,,0,general merchandise or dollar store
current,607329,A,FAMILY DOLLAR #6851,FAMILY DOLLAR STORES OF NEW YORK LLC,1081,OGDEN AVE,10452,2000,2000.0,0,,,0,general merchandise or dollar store
current,607328,A,FAMILY DOLLAR #6737,FAMILY DOLLAR STORES OF NEW YORK LLC,1227,WEBSTER AVE,10456,3000,3000.0,0,,,0,general merchandise or dollar store
current,607326,A,FAMILY DOLLAR #6112,FAMILY DOLLAR STORES OF NEW YORK LLC,2301,JEROME AVE,10468,10000,10000.0,0,,,0,general merchandise or dollar store
current,607324,A,FAMILY DOLLAR #5364,FAMILY DOLLAR STORES OF NEW YORK LLC,2105,CLINTON AVE,10457,4000,4000.0,0,,,0,general merchandise or dollar store
current,607315,AC,TU GENTE DELI & GROCERY,TU GENTE DELI & GROCERY CORP,1801,UNIVERSITY AVE,10453,1500,1500.0,0,1500.0,convenience or deli,1,
current,607313,AC,DELI MINI MARKET,DELI MINI MARKET CORP,1472,INWOOD AVE. ###,10452,1100,1100.0,0,1100.0,convenience or deli,1,
current,607302,AC,FRIENDS HALAL MT SPRMKT,FRIENDS HALAL MEAT SUPERMRKT INC,2100,STARLING AVE,10462,1800,1800.0,0,1800.0,other grocery,1,
current,607301,ABC,KEY FOOD 1515,DANS SUPREME SUPERMARKETS INC,540,W 235TH ST #######,10463,25000,25000.0,0,25000.0,supermarket,1,
current,607296,AC,2031 WEBSTER FOOD,2031 WEBSTER FOOD CORP,2031,WEBSTER AVE,10457,1200,1200.0,0,1200.0,other grocery,1,
current,607283,AC,TONY FRUITS & GROCERY,TONY FRUITS & GROCERY CORP,1004,E 174TH ST,10460,1100,1100.0,0,1100.0,convenience or deli,1,
current,607270,AC,TRES K DELI GRCY FRT&MT,TRES K DELI GRCY FRUIT&MEAT INC,125,W TREMONT AVE,10453,1200,1200.0,0,1200.0,convenience or deli,1,
current,607261,AC,FOOD UNIVERSE #2368,EMPORIUM SUPERMARKET CORP,148,E 170TH ST,10452,8000,8000.0,0,8000.0,supermarket,1,
current,607249,AC,COMMUNITY DELI FOOD MKT,COMMUNITY DELI FOOD MARKET CORP,3861,CARPENTER AVE,10467,1100,1100.0,0,1100.0,convenience or deli,1,
current,607238,AD,GUN HILL BEER DIS,JFP BEER DISTRIBUTORS INC,2850,MICKLE AVE,10469,0,,0,,,0,"warehouse, wholesale or plant license"
current,607207,AC,JASPERS DELI,JASPERS DELI INC,434,W 238TH ST,10463,1500,1500.0,0,1500.0,convenience or deli,1,
current,607185,AC,JOSE DELI GROCERY,JOSE DELI GROCERY CORP,221,ST ANNS AVE,10454,2000,2000.0,0,2000.0,convenience or deli,1,
current,607173,AC,7 ELEVEN STORE 32201B,FARHADI SEAN,3508,E TREMONT AVE. ###,10465,2000,2000.0,0,2000.0,convenience or deli,1,
current,607162,AC,ST PETERS FOOD CENTER,ST PETERS FOOD CENTER CORP,1484,ST PETERS AVE,10461,1000,1000.0,0,1000.0,other grocery,1,
current,607152,ABC,EATWELL BAKERY&RESTRNT,EATWELL BAKERY&RESTAURANT INC,1658,CASTLE HILL AVE,10462,1800,1800.0,0,1800.0,specialty,1,
current,607147,AC,EVOLUTION GOURMET,EVOLUTION GOURMET DELI CORP,923,PROSPECT AVE,10459,0,,1,1200.0,other grocery,1,
current,607119,AC,ROSARIO DELI MARKET,ROSARIO DELI MARKET CORP,831,150TH ST,10455,1000,1000.0,0,1000.0,convenience or deli,1,
current,607109,AC,TRY FRUIT&VEGETABLE,EVANS JOSEPH,4237,WHITE PLAINS RD,10466,1800,1800.0,0,1800.0,specialty,1,
current,607102,ACHDK,TEITEL BROS WAREHOUSE,TEITEL REALTY CORP,2359,ARTHUR AVE #####,10458,1000,1000.0,0,,,0,"warehouse, wholesale or plant license"
current,607095,AC,MANGO GROCERY&MEAT,MANGO GROCERY&MEAT MARKET CORP,101,E 196TH ST,10468,2500,2500.0,0,2500.0,convenience or deli,1,
current,607090,AC,1296 SHERIDAN DELI GRCR,1296 SHERIDAN DELI GROCERY CORP,1296,SHERIDAN AVE ##,10456,1500,1500.0,0,1500.0,convenience or deli,1,
current,607075,AC,S&K WORLD OF SPICE,JAIJAIRAM JULIET,4404,WHITE PLAINS RD #######,10470,1100,1100.0,0,1100.0,specialty,1,
current,607052,AC,LEIDY DELI GROCERY,VENTURA-ALCANTARA LEIDY,501,E 176TH ST,10457,1000,1000.0,0,1000.0,convenience or deli,1,
current,607045,AC,DORKA GROCERY STORE,DORKA GROCERY CORP,963,TELLER AVE ###,10456,1000,1000.0,0,1000.0,convenience or deli,1,
current,607033,AC,7-ELEVEN STORE 32116C,CHO KYUWON,1590,HUTCHINSON RIVER PKWY####,10461,3000,3000.0,0,3000.0,convenience or deli,1,
current,607007,A,ROSA FRASCA GROCERY,FRASCA ROSA,1028,MORRIS PARK AVE,10461,2000,2000.0,0,2000.0,convenience or deli,1,
current,607001,AC,MANUEL DELI GROCERY,MANUEL DELI GROCERY CORP,625,E 137TH ST,10454,1500,1500.0,0,1500.0,convenience or deli,1,
current,606997,AC,LA MEXICANA MT MKT & MI,BROOK MI PUEBLO MEXICAN DELI CORP,245,BROOK AVE  STORE 8&9,10454,1800,1800.0,0,1800.0,other grocery,1,
current,606987,AC,DIA DELI GROCERY,DIA DELI GROCERY CORP,1155,E TREMONT AVE ###,10460,1000,1000.0,0,1000.0,convenience or deli,1,
current,606972,A,SH&NAGA,SH&NAGA INC,3120,BAINBRIDGE AVE,10467,800,800.0,0,800.0,other grocery,1,
current,606960,AC,PASTOSA RAVIOLI,UNCLE MIKES RAVIOLI CO INC,3812,E TREMONT AVE,10465,2500,2500.0,0,2500.0,other grocery,1,
current,606939,AC,PETERS MEAT MARKET,RELLA MICHAEL & SERVEDIO PETER,2344,ARTHUR AVE,10458,500,500.0,0,500.0,specialty,1,
current,606919,AC,LICEY DELI GROCERY,MAYOR JOSE F,1493,ZEREGA AVE,10462,1100,1100.0,0,1100.0,convenience or deli,1,
current,606911,AC,MET FOOD,CAMSENA MEAT CORP,277,E 198TH ST,10458,10000,10000.0,0,10000.0,supermarket,1,
current,606908,AC,3600 BRONXWOOD FOOD CTR,3600 BRONXWOOD FOOD CENTER CORP,3600,BRONXWOOD AVE,10469,1000,1000.0,0,1000.0,other grocery,1,
current,606881,AC,FRUTERIA DE VALLE,FRUTERIA DE VALLE CORP,74,W 183RD ST,10453,800,800.0,0,800.0,other grocery,1,
current,606860,ACH,SUNLIFE HEALTH FOOD,SUNLIFE TOTAL HEALTH INC,4060,WHITE PLAINS RD,10466,1400,1400.0,0,,,0,"warehouse, wholesale or plant license"
current,606849,ABC,LA LUPITA,LA LUPITA CORP,2058,WALLACE AVE,10462,1600,1600.0,0,1600.0,other grocery,1,
current,606842,AC,COFACI FOODS,COFACI FOODS INC,436,BROOK AVE,10454,2500,2500.0,0,2500.0,other grocery,1,
current,606834,AC,JENNINGS FRUITS&VEGTBLS,JENNINGS FRUITS&VEGETABLES INC,937,JENNINGS ST,10460,600,600.0,0,600.0,specialty,1,
current,606820,A,FAMILY DOLLAR #7270,FAMILY DOLLAR STORES OF NEW YORK LLC,2863,WEBSTER AVE,10458,3000,3000.0,0,,,0,general merchandise or dollar store
current,606816,ACD,C TOWN SUPERMARKETS,M&L MEAT MARKET LLC,3970,LACONIA AVE,10466,2500,2500.0,0,,,0,"warehouse, wholesale or plant license"
current,606808,AC,SAYES DELI GROCERY,SAYES DELI GROCERY CORP,1309,WEST FARMS RD,10459,1000,1000.0,0,1000.0,convenience or deli,1,
current,606785,AC,STOP ONE,B-A DELI MART INC,1360,E GUN HILL RD####,10469,1700,1700.0,0,1700.0,other grocery,1,
current,606782,ABCK,CAKE MASTERS,CAKE MASTERS LTD,1212,BROOK AVE,10456,3500,3500.0,0,3500.0,specialty,1,
current,606778,AC,KEY FOOD,TEAMS MARKET INC,1791,WALTON AVE,10453,10000,10000.0,0,10000.0,supermarket,1,
current,606753,AC,LUIS DELI GROCERY,RODRIQUEZ LUIS,1569,HOE AVE,10460,1200,1200.0,0,1200.0,convenience or deli,1,
current,606738,AC,CASTILLO FAMILY GROCERY,MEJIA MINI MARKET CORP,1010,LONGWOOD AVE,10459,1500,1500.0,0,1500.0,convenience or deli,1,
current,606704,AC,L.R. 80 DELI & GROCERY,LR 80 DELI & GROCERY INC,80,W KINGSBRIDGE RD ####,10468,850,850.0,0,850.0,convenience or deli,1,
current,606703,AC,ASSOCIATED SUPERMARKET,TEO FOOD CORP,206,E 167TH ST,10456,15000,15000.0,0,15000.0,supermarket,1,
current,606690,AC,F&K FOOD CENTER,F&K FOOD CENTER CORP,2837-2839,GRAND CONCOURSE,10468,2000,2000.0,0,2000.0,other grocery,1,
current,606667,AC,MAMA FIFI GROCERY,MELO PABLO,595,TAYLOR AVE,10473,1200,1200.0,0,1200.0,convenience or deli,1,
current,606652,AC,LA REYNA MINI MARKET,LA REYNA MINI MARKET CORP,3224,YATES AVE,10469,1100,1100.0,0,1100.0,convenience or deli,1,
current,606638,AC,GREEN TERMINAL,GREEN TERMINAL LLC,3010,RIVERDALE AVE,10463,700,700.0,0,700.0,other grocery,1,
current,606630,AC,DELI FARMS,DELI FARMS CORP,850,LONGWOOD AVE,10459,2000,2000.0,0,2000.0,convenience or deli,1,
current,606620,A,DOLLAR TREE 3096,DOLLAR TREE STORES INC,2047,BARTOW AVE,10475,6000,6000.0,0,,,0,general merchandise or dollar store
current,606619,AC,FELINO GROCERY,FELINO GROCERY CORP,1836,ANTHONY AVE ###,10457,1500,1500.0,0,1500.0,convenience or deli,1,
current,606596,AC,ASTOR PRIME MEATS,ROSSI MICHAEL,1117,ASTOR AVE,10469,1000,1000.0,0,1000.0,specialty,1,
current,606559,AC,PRICE CHOICE,DNJ FOOD CORP,807,E TREMONT AVE,10460,2500,2500.0,0,2500.0,other grocery,1,
current,606557,AC,DE LA CRUZ DELI GROCERY,GENOVEVA DE LA CRUZ-FIGUEROA,694,E 141ST ST,10454,750,750.0,0,750.0,convenience or deli,1,
current,606538,AC,FOOD BAZAAR,BOGOPA BRUCKNER INC,1630,BRUCKNER BLVD #####,10473,35000,35000.0,0,35000.0,supermarket,1,
current,606479,AC,MATANZA DELI GROCERY,MATANZA DELI GROCERY CORP,4027A,LACONIA AVE,10466,1500,1500.0,0,1500.0,convenience or deli,1,
current,606478,AC,LORENA DELI&GROCERY,LORENA DELI&GROCERY INC,611,E 183RD ST,10458,1100,1100.0,0,1100.0,convenience or deli,1,
current,606474,AC,SUPER DELI& GRCY STORE,LOS CUATRO HERMANOS GROCERY INC,740,E 149TH ST  ##,10455,1000,1000.0,0,1000.0,convenience or deli,1,
current,606469,AC,NEW MORRIS DELI GROCERY,NEW MORRIS DELI GROCERY INC,744,MORRIS PARK AVE,10462,1600,1600.0,0,1600.0,convenience or deli,1,
current,606449,AC,IVOIRE AFRICAN MARKET,IVOIRE AFRICAN MARKET INC,1339,PROSPECT AVE S1,10459,1500,1500.0,0,1500.0,other grocery,1,
current,606405,AC,SANBRA AFRICAN MARKET,SANBRA AFRICAN MARKET LLC,861,E TREMONT AVE,10460,1200,1200.0,0,1200.0,other grocery,1,
current,606396,AC,CONTENTO FOOD CENTER,CONTENTO FOOD CENTER INC,1999,UNIVERSITY AVE,10453,1200,1200.0,0,1200.0,other grocery,1,
current,606390,AC,SUNOCO,AS & R PETROLEUM INC,5914,RIVERDALE AVE,10471,500,500.0,0,,,0,gas station
current,606363,AC,CHERRY VALLEY MARKETPLACE,IGUA FOOD CORP,421,E 189TH ST,10458,6000,6000.0,0,6000.0,supermarket,1,
current,606350,AC,BRONX GOURMET FOOD,BRONX GOURMET FOOD CORP,921A,E 180TH ST,10460,1500,1500.0,0,1500.0,other grocery,1,
current,606339,AC,CCA FOOD,CCA FOOD CORP,1623,E 172ND ST,10472,1200,1200.0,0,1200.0,other grocery,1,
current,606299,AC,AMERICAN ALBANIAN DELI,AMERICAN ALBANIAN DELI GRCY INC,745,ASTOR AVE. ###,10467,1000,1000.0,0,1000.0,convenience or deli,1,
current,606275,AC,ABREUS GROCERY,ABREU LUIS,773A,E 169TH ST,10456,1200,1200.0,0,1200.0,convenience or deli,1,
current,606270,AC,M&G FOOD,M&G FOOD CORP,391,E 167TH ST,10456,1200,1200.0,0,1200.0,other grocery,1,
current,606243,AC,YOONS FISH MARKET,LEE YOON BEON,79,W KINGSBRIDGE RD ####,10468,700,700.0,0,700.0,specialty,1,
current,606228,AC,1029 FOOD PLAZA,1029 FOOD PLAZA INC,122,E 181ST ST,10453,2000,2000.0,0,2000.0,supermarket,1,
current,606222,AC,RINCON GROCERY & DELI,RINCON GROCERY & DELI INC,3047,3RD AVE,10451,2100,2100.0,0,2100.0,convenience or deli,1,
current,606220,AC,PIONEER SUPERMARKET,CRUZ MEAT CORP,2262,JEROME AVE,10453,5000,5000.0,0,5000.0,supermarket,1,
current,606216,AC,JONY FOOD,JONY FOOD CORP,2487,UNIVERSITY AVE ##,10468,1100,1100.0,0,1100.0,other grocery,1,
current,606201,A,WALGREENS 07627,WALGREEN EASTERN CO INC,3575,BOSTON RD,10469,1500,1500.0,0,,,0,pharmacy
current,606156,AC,FOOD UNIVERSE,D&A 724 FOOD CORP,724,HUNTS PT AVE,10474,8000,8000.0,0,8000.0,supermarket,1,
current,606151,AC,CACHET DELI FOOD,CACHET DELI FOOD CORP,1425,MACOMBS RD,10452,800,800.0,0,800.0,convenience or deli,1,
current,606115,A,DHAKA DISCOUNT&GROCERY,DHAKA DISCOUNT&GROCERY INC,281,E 204TH ST,10467,1200,1200.0,0,1200.0,convenience or deli,1,
current,606112,AC,JAS GROCERY STORE,JAS GROCERY STORE INC,1792,WESTCHESTER AVE,10472,3000,3000.0,0,3000.0,convenience or deli,1,
current,606071,ABC,BRAVO SUPERMARKET,JLT 156 FOOD CORP,156,W 170TH ST,10452,8000,8000.0,0,8000.0,supermarket,1,
current,605957,AC,12E 196TH STREET FOOD,12E 196TH STREET FOOD INC,12E,196TH ST,10468,1800,1800.0,0,1800.0,other grocery,1,
current,605928,ABC,C TOWN,1040 SHERMAN AVENUE SUPERMKT INC,1040,SHERMAN AVE,10456,16000,16000.0,0,16000.0,supermarket,1,
current,605866,ABC,FOODTOWN,KINGSBRIDGE MARKETPLACE CORP,5555,BROADWAY,10463,20000,20000.0,0,20000.0,supermarket,1,
current,605860,ACDK,GIORDANOS BIG G,GIORDANOS BIG G INC,1554,PAULDING AVE,10462,5000,5000.0,0,,,0,"warehouse, wholesale or plant license"
current,605856,AC,RIVERDALE GOURMET,RIVERDALE GOURMET INC,3543,RIVERDALE AVE,10463,1200,1200.0,0,1200.0,other grocery,1,
current,605830,AC,REEMYS DELI&CONVENIENCE,ABDULKADER RASHAD A & WADAH A,1669,METROPOLITAN AVE,10462,1000,1000.0,0,1000.0,convenience or deli,1,
current,605815,AC,FINE FARE SUPERMARKET,1221 FTELEY FOOD CORP,1221,FTELEY AVE,10472,12000,12000.0,0,12000.0,supermarket,1,
current,605801,AC,383 CAPELLAN GROCERY,383 CAPELLAN GROCERY CORP,383,E 138TH ST,10454,1200,1200.0,0,1200.0,convenience or deli,1,
current,605786,AC,CASA DELLA MOZZARELLA,CASA DELLA MOZZ ITALIAN DELI INC,604,E 187TH ST,10458,1600,1600.0,0,1600.0,other grocery,1,
current,605776,AC,WEBSTER MEAT FARM,1170 WEBSTER AVE MEAT INC,1170,WEBSTER AVE,10456,2300,2300.0,0,2300.0,specialty,1,
current,605747,ABC,S&W SUPERMARKET,S&W SUPERMARKET INC,4028,E TREMONT AVE,10465,3000,3000.0,0,3000.0,supermarket,1,
current,605696,ABC,WESTERN BEEF 10,WESTERN BEEF RETAIL INC,301,MORRIS AVE,10451,45000,45000.0,0,45000.0,supermarket,1,
current,605648,AC,WESTERN BEEF 36,WESTERN BEEF RETAIL INC,1564,SOUTHERN BLVD,10460,15000,15000.0,0,15000.0,supermarket,1,
current,605622,AC,FINE FARE SUPERMARKET,2556 BOSTON FOOD CORP,2556,BOSTON RD,10467,20000,20000.0,0,20000.0,supermarket,1,
current,605589,AC,TARGET STORE T-1798,TARGET CORPORATION,40,W 225TH ST # 50,10463,10000,10000.0,0,,,0,general merchandise or dollar store
current,605580,ABC,WESTERN BEEF 35,WESTERN BEEF RETAIL INC,831,ROSEDALE AVE,10473,25000,25000.0,0,25000.0,supermarket,1,
current,605536,AC,PRODUCTOS CENTROAMERICANOS,PRODUCTOS CENTROAMERICANOS CORP,800,E 149TH STREET,10455,1000,1000.0,0,1000.0,other grocery,1,
current,605533,AC,VC DELI GROCERY,CEVERINO VERONICA,640,E 180TH STREET,10457,800,800.0,0,800.0,convenience or deli,1,
current,605400,AC,C TOWN,FAMA FOOD CORP,2276,CRESTON AVE,10453,5000,5000.0,0,5000.0,supermarket,1,
current,605377,ABC,FINE FARE SUPERMARKET,AC&L FOOD CORP,3680,E TREMONT AVE,10465,10000,10000.0,0,10000.0,supermarket,1,
current,605358,AC,SPANISH AMERICAN GRCY,SENCION VILLEGAS MORALES,655,BURKE AVE #1,10467,1000,1000.0,0,1000.0,other grocery,1,
current,605320,AC,RANDAZZOS FISH MARKET,RANDAZZOS SEAFOOD INC,2327,ARTHUR AVE,10458,800,800.0,0,800.0,specialty,1,
current,605288,AC,BANESA DELI GROCERY 2,RODRIGUEZ BANESA,2007,ANTHONY AVE,10457,700,700.0,0,700.0,convenience or deli,1,
current,605286,AC,CHANG LI SUPERMARKET,CHANG LI SUPERMARKET INC,2079,BENEDICT AVE,10462,15000,15000.0,0,15000.0,supermarket,1,
current,605262,AC,YOUNGS FRUIT MARKET,LEE JIN YOUNG,713,BURKE AVE,10467,800,800.0,0,800.0,specialty,1,
current,605256,AC,KEY FOOD 1323,3151 WESTCHESTER AVENUE FOOD CORP,3151,WESTCHESTER AVE ####,10461,2500,2500.0,0,2500.0,supermarket,1,
current,605168,AC,FOREST DELI GROCERY,DUME JOSE,751,FOREST AVE,10456,1500,1500.0,0,1500.0,convenience or deli,1,
current,605135,ABC,EL RANCHITO TWO,CAZARES GUALBERTO,456,E 138TH ST,10454,800,800.0,0,800.0,other grocery,1,
current,605123,AC,YAMASA DELI GROCERY III,YAMASA DELI&GROCERY III LLC,99,MCCLELLAN ST,10452,800,800.0,0,800.0,convenience or deli,1,
current,605119,AC,FELOMAR GROCERY STORE,FELOMAR GROCERY STORE INC,154,E 175TH ST ###,10457,800,800.0,0,800.0,convenience or deli,1,
current,605104,AC,MASWARAH GROCERY & DELI,MASWARAH GROCERY & DELI INC,3613,KINGSBRIDGE AVE,10463,1200,1200.0,0,1200.0,convenience or deli,1,
current,605082,ABC,BATTAGLIA'S MARKET,EASTCHESTER MEAT MARKET INC,2503,EASTCHESTER RD,10469,2000,2000.0,0,2000.0,other grocery,1,
current,605080,A,CVS PHARMACY 07066,CVS ALBANY LLC,565,W 235TH ST###,10463,2500,2500.0,0,,,0,pharmacy
current,605078,A,CVS PHARMACY 02433,CVS ALBANY LLC,2112,WHITE PLAINS RD####,10462,10000,10000.0,0,,,0,pharmacy
current,605076,A,CVS PHARMACY 02438,CVS ALBANY LLC,282,E 149TH ST####,10451,3500,3500.0,0,,,0,pharmacy
current,605075,A,CVS PHARMACY 02437,CVS ALBANY LLC,732,ALLERTON AVE###,10467,1500,1500.0,0,,,0,pharmacy
current,605074,AC,KEY FOOD SUPERMARKET,MD 1511 MEAT & PRODUCE CORP,1511,METROPOLITAN AVE,10462,10000,10000.0,0,10000.0,supermarket,1,
current,605070,A,CVS PHARMACY 02551,CVS ALBANY LLC,3125,BAINBRIDGE AVE###,10467,4000,4000.0,0,,,0,pharmacy
current,605067,A,CVS PHARMACY 7067,CVS ALBANY LLC,1916,WILLIAMSBRIDGE RD###,10461,6000,6000.0,0,,,0,pharmacy
current,605037,AC,FOOD UNIVERSE MARKETPLACE,JD 248 FOOD CORP,248,E 174TH ST,10457,10000,10000.0,0,10000.0,supermarket,1,
current,605014,ABCK,C-TOWN SUPERMARKET,MR SUPER FOOD CORP,30,E 198TH ST,10468,10000,10000.0,0,10000.0,supermarket,1,
current,604998,A,RITE AID PHARMACY 02669,RITE AID OF NEW YORK INC,2063,BARTOW AVE,10475,4000,4000.0,0,,,0,pharmacy
current,604997,A,RITE AID PHARMACY 03359,RITE AID OF NEW YORK INC,911,MORRIS PARK AVE,10462,5000,5000.0,0,,,0,pharmacy
current,604989,A,RITE AID PHARMACY 03774,RITE AID OF NEW YORK INC,2426-34,EASTCHESTER RD,10469,1500,1500.0,0,,,0,pharmacy
current,604987,AC,BROTHERS FOOD MARKET,YAFAI HAMOOD A & ELOUDI ABDULRAHMAN,761,E 182ND ST,10460,3000,3000.0,0,3000.0,other grocery,1,
current,604974,A,RITE AID PHARMACY 03844,RITE AID OF NEW YORK INC,950-960,SOUTHERN BLVD,10459,5000,5000.0,0,,,0,pharmacy
current,604942,AC,BIG DEAL SUPERMARKET,MORRIS PARK SUPERMARKET FOOD CORP,1018,MORRIS PARK AVE,10462,8500,8500.0,0,8500.0,supermarket,1,
current,604916,AC,PEOPLE'S CHOICE MT MKT & GRILL,TIRADO ENTERPRISES INC,427,E 149TH ST,10455,1300,1300.0,0,1300.0,other grocery,1,
current,604888,AC,VARGAS GROCERY,VARGAS RONIS M,208,W 238TH ST,10463,1500,1500.0,0,1500.0,convenience or deli,1,
current,604870,AC,FOODTOWN,MADDAJ A&J INC,1000,ALLERTON AVE  #######,10469,3000,3000.0,0,3000.0,supermarket,1,
current,604863,A,WALGREENS 5074,WALGREEN EASTERN CO INC,55,WESTCHESTER SQ,10461,3500,3500.0,0,,,0,pharmacy
current,604850,AC,250 JB FOOD CENTER,250 JB FOOD CENTER INC,250,E GUN HILL RD,10467,1200,1200.0,0,1200.0,other grocery,1,
current,604848,AC,NAGUABO GROCERY,NAGUABO GROCERY CORP,26,E MOUNT EDEN AVE ##,10452,1000,1000.0,0,1000.0,convenience or deli,1,
current,604821,AC,1296 RIVERA GROCERY,1296 RIVERA GROCERY INC,1296,WALTON AVE,10452,1000,1000.0,0,1000.0,convenience or deli,1,
current,604815,AC,CALABRIA PORK STORE,CALABRIA PORK STORE INC,2338,ARTHUR AVE,10458,2000,2000.0,0,2000.0,other grocery,1,
current,604783,AC,JL MEAT MARKET,JL MEAT MARKET CORP,26,E 167TH ST,10452,1000,1000.0,0,1000.0,specialty,1,
current,604712,AC,KATELYN FOOD CENTER,KATELYN FOOD CENTER INC,3201,PARK AVE,10451,1300,1300.0,0,1300.0,other grocery,1,
current,604631,AC,WEST FARM FISH MARKET,LEE HOJOON,855,E TREMONT AVE,10460,800,800.0,0,800.0,specialty,1,
current,604622,AC,TREMONT FISH,TREMONT FISH CORP,725,E TREMONT AVE,10457,1400,1400.0,0,1400.0,specialty,1,
current,604562,AC,MALATA AFRICAN MARKET,MALATA AFRICAN&CARIBBEAN MKT INC,185,MCCLELLAN ST STORE #8,10456,1000,1000.0,0,1000.0,other grocery,1,
current,604509,AC,MANUEL MINI GROC CORP,MANUEL MINI GROCERY CORP,648-650A,WESTCHESTER AVE,10455,1000,1000.0,0,1000.0,other grocery,1,
current,604501,AC,A&G DELI GROCERY,A&G DELI GROCERY CORP,931,FOX ST,10459,1600,1600.0,0,1600.0,convenience or deli,1,
current,604498,AC,MEGA FOOD STORE,MEGA FOOD STORE INC,1405,WEBSTER AVE,10456,1200,1200.0,0,1200.0,other grocery,1,
current,604464,AC,BIANCARDI MEATS,A BIANCARDI&SONS INC,2350,ARTHUR AVE,10458,2000,2000.0,0,2000.0,specialty,1,
current,604459,AC,PICA LUIS MEAT MARKET,PICA LUIS MEAT MARKET CORP,251,W KINGSBRIDGE RD,10463,1300,1300.0,0,1300.0,specialty,1,
current,604387,AC,CAPRI DELI,MNY DELI CORP,159,EINSTEIN LOOP,10475,2000,2000.0,0,2000.0,convenience or deli,1,
current,604386,A,RITE AID 10543,GENOVESE DRUG STORES INC,21B,KNOLLS CRESCENT,10463,10000,10000.0,0,,,0,pharmacy
current,604384,AC,LONGWOOD ONE FISH,LONGWOOD ONE FISH CORP,838,WESTCHESTER AVE,10455,1000,1000.0,0,1000.0,specialty,1,
current,604381,A,RITE AID 10541,GENOVESE DRUG STORES INC,5825-35,BROADWAY,10463,10000,10000.0,0,,,0,pharmacy
current,604323,AC,EL KIOSCO GROCERY,EL KIOSCO GROCERY CORP,1814,CROTONA AVE,10457,1000,1000.0,0,1000.0,convenience or deli,1,
current,604316,AC,MERCY GAS,MERCY GAS INC,4220,BRONX BLVD,10466,500,500.0,0,,,0,gas station
current,604311,AC,1359 OGDEN GROCERY,1359 OGDEN GROCERY CORP,1359,OGDEN AVE,10452,2500,2500.0,0,2500.0,convenience or deli,1,
current,604283,ABH,E&V BAKERY,MORRIS PARK BAKING CORP,1723-1729,UNIONPORT RD,10462,7000,7000.0,0,,,0,"warehouse, wholesale or plant license"
current,604249,AC,S&J DELI,AHMON FOOD INC,1572,WILLIAMSBRIDGE RD,10461,1800,1800.0,0,1800.0,convenience or deli,1,
current,604248,AC,MANUELS FISH MARKET,WILLETS POINT FISH MARKET INC,2724,E TREMONT AVE,10461,0,,1,1200.0,specialty,1,
current,604230,ACHK,COSENZAS FISH MARKET,JJC FISH MARKET INC,2354,ARTHUR AVE,10458,800,800.0,0,,,0,"warehouse, wholesale or plant license"
current,604126,AC,NUNEZ GERARDO A,NUNEZ GERARDO A,2856,VALENTINE AVE,10458,1200,1200.0,0,1200.0,other grocery,1,
current,604124,AC,TWIN MOUNT SERVICE,TWIN MOUNT SERVICE STATION INC,3333,E TREMONT AVE,10461,800,800.0,0,800.0,other grocery,1,
current,604092,AC,FOODTOWN #647,C MARKET FOOD CORP,3734-36,WHITE PLAINS RD,10467,8000,8000.0,0,8000.0,supermarket,1,
current,604082,AC,SALLY FOOD,SALLY FOOD CORP,126-28,W 228TH ST,10463,1200,1200.0,0,1200.0,other grocery,1,
current,604055,AC,MERGIMTARI MEAT&GROCERY,MERGIMTARI MEAT&GROCERY LLC,565,E 187TH ST,10458,1500,1500.0,0,1500.0,convenience or deli,1,
current,604052,AC,LA BONITA GROCERY,LA BONITA GROCERY STORE CORP,231,E 183RD ST###,10458,1200,1200.0,0,1200.0,convenience or deli,1,
current,604037,AC,ILIANA DELI GROCERY,ILIANA DELI GROCERY LLC,25,E 176TH ST,10453,1800,1800.0,0,1800.0,convenience or deli,1,
current,604012,AC,WESTCHESTER DELI GRCY,WESTCHESTER DELI GROCERY INC,2397,WESTCHESTER AVE,10461,1000,1000.0,0,1000.0,convenience or deli,1,
current,603962,A,RITE AID 4294,RITE AID OF NEW YORK INC,4159,WHITE PLAINS RD,10466,10000,10000.0,0,,,0,pharmacy
current,603960,A,CVS 03096,CVS ALBANY LLC,3775,E TREMONT AVE###,10465,1000,1000.0,0,,,0,pharmacy
current,603940,AC,LOS RODRIGUEZ DELI&GROCERY,LOS RODRIGUEZ DELI&GROCERY CORP,879,E 175TH ST ####,10460,5000,5000.0,0,5000.0,convenience or deli,1,
current,603933,ABC,FINE FARE SUPERMARKET,GREEN FOREST FOOD CORP,1136,OGDEN AVE,10452,20000,20000.0,0,20000.0,supermarket,1,
current,603904,AC,C TOWN,RIVERDALE MEAT&PRODUCE CORP,5249,BROADWAY,10463,8000,8000.0,0,8000.0,supermarket,1,
current,603899,ABC,WESTERN BEEF 48,WESTERN BEEF RETAIL INC,1041,PROSPECT AVE ######,10459,60000,60000.0,0,60000.0,supermarket,1,
current,603841,AC,KEY FOOD SUPERMARKET,BRONX 656 FOOD CORP,656,CASTLE HILL AVE,10473,35000,35000.0,0,35000.0,supermarket,1,
current,603826,AC,NOBOA GROCERY,846 GROCERY CORP,846,GERARD AVE,10451,3000,3000.0,0,3000.0,convenience or deli,1,
current,603809,AC,GRCY DELI KINGSBRIDGE,GROCERY DELI KINGSBRIDGE AVE INC,245,W 230TH ST,10463,1500,1500.0,0,1500.0,convenience or deli,1,
current,603800,AC,PIONEER SUPERMARKET,FRUITS VEGS & MEAT CORP,256,ST ANNS AVE,10454,10000,10000.0,0,10000.0,supermarket,1,
current,603799,AC,HEIGHT STAR SERVICE STA,HEIGHT STAR SERVICE STATION CORP,4068,3RD AVE,10457,1000,1000.0,0,1000.0,other grocery,1,
current,603794,AC,GARDEN GOURMET,VILLAS MARKET PLACE INC,5665,BROADWAY,10463,5000,5000.0,0,5000.0,other grocery,1,
current,603793,AC,CRUZ FOOD MARKET,CRUZ FOOD MARKET LLC,273,E 198TH ST,10458,1200,1200.0,0,1200.0,other grocery,1,
current,603788,AC,VASQUEZ DELI GROCERY,VASQUEZ FELIX B,1959,CLINTON AVE ###,10457,1500,1500.0,0,1500.0,convenience or deli,1,
current,603764,AC,1029 SIMPSON DELI&GROCERY,1029 SIMPSON DELI & GROCERY CORP,1029,WESTCHESTER AVE,10459,1800,1800.0,0,1800.0,convenience or deli,1,
current,603659,AC,FOOD BAZAAR,BOGOPA 170TH INC,535,E 170TH ST #####,10456,10000,10000.0,0,10000.0,supermarket,1,
current,603652,AC,FOOD FAIR FRESH MARKET,FT MEAT CORP,1065,E 163RD ST,10459,13000,13000.0,0,13000.0,supermarket,1,
current,603492,AC,GOOD N NATURAL,GOOD N NATURAL INC,2173,WHITE PLAINS RD,10462,3000,3000.0,0,3000.0,other grocery,1,
current,603491,A,BATTAMBANG MARKET 2,TEK VANSY,229,E KINGSBRIDGE RD,10458,1200,1200.0,0,1200.0,other grocery,1,
current,603423,AC,STAR CITY FRUIT&VEG,LEE UI DUK,676,ALLERTON AVE,10467,1200,1200.0,0,1200.0,specialty,1,
current,603400,AC,FINE FARE SUPERMARKET,VARGAS&RODRIGUEZ SUPERMARKET INC,3131,GRAND CONCOURSE,10468,5000,5000.0,0,5000.0,supermarket,1,
current,603275,AC,FELU GROCERY,FELU GROCERY CORP,1275,BURKE AVE,10469,2100,2100.0,0,2100.0,convenience or deli,1,
current,603267,ABC,PRICE CHOICE,JVD FOOD CORP,820,E 180TH ST,10460,9000,9000.0,0,9000.0,other grocery,1,
current,603265,AC,PINKY QUICK STOP,PINKY QUICK STOP INC,2934,WILKINSON AVE,10461,685,685.0,0,685.0,other grocery,1,
current,603248,AC,EDDIES DELI,ATE DELI INC,3165,BAINBRIDGE AVE,10467,1200,1200.0,0,1200.0,convenience or deli,1,
current,603147,AC,FIREHOUSE DELI,2690 GROCERY CORP,2690,3RD AVE,10454,4000,4000.0,0,4000.0,convenience or deli,1,
current,603138,AC,JOSELYN GROCERY,JOSELYN GROCERY CORP,2238,MORRIS AVE,10453,1800,1800.0,0,1800.0,convenience or deli,1,
current,603129,AC,ELIA VITO,CROSBY AVENUE DELI CORP,1715,CROSBY AVE,10461,2500,2500.0,0,2500.0,other grocery,1,
current,603109,AC,ASAFO MARKET,ADJEI-BAAFUOR MAXWELL,1884,GUERLAIN ST,10462,800,800.0,0,800.0,other grocery,1,
current,603092,ABK,TERRANOVA BAKERY,TERRANOVA BREAD INC,691,E 187TH ST,10458,2000,2000.0,0,2000.0,specialty,1,
current,603070,AC,FINE FARE SUPERMARKET,1654 METROPOLITAN FOOD CORP,1654,METROPOLITAN AVE,10462,16000,16000.0,0,16000.0,supermarket,1,
current,603058,AC,520 EAST GROCERY,520 EAST GROCERY CORP,520-522,BROOK AVE,10455,1200,1200.0,0,1200.0,convenience or deli,1,
current,603025,AC,ASSOCIATED SUPERMARKET,161 EAST MEAT CORP,724,E 161ST ST,10456,14000,14000.0,0,14000.0,supermarket,1,
current,602906,AC,LEBANON DELI GROCERY,ALKIFI AHMED M,638,E 169TH ST #9,10456,700,700.0,0,700.0,convenience or deli,1,
current,602868,AC,ANN CLAIRS SALUMERIA,ANN CLAIRS SALUMERIA INC,1130,MORRIS PARK AVE,10461,1200,1200.0,0,1200.0,other grocery,1,
current,602856,AC,GESHMAKE FISH,GESHMAKE FISH CORP,513,W 236TH ST,10463,1000,1000.0,0,1000.0,specialty,1,
current,602817,AC,FOOD BAZAAR,BOGOPA-CONCOURSE INC,238,E 161ST ST #####,10451,54000,54000.0,0,54000.0,supermarket,1,
current,602768,A,BROADWAY GRCRY CANDY ST,ABDULLAH SALEH M,249,W 231ST ST,10463,900,900.0,0,900.0,convenience or deli,1,
current,602726,AC,PASCUAL MINI MARKET,PASCUAL MINI MARKET CORP,951-959,OGDEN AVE,10452,2000,2000.0,0,2000.0,convenience or deli,1,
current,602697,ABC,STOP&SHOP 504,STOP&SHOP SUPERMARKET CO LLC THE,691,CO-OP CITY BLVD,10475,58000,58000.0,0,58000.0,supermarket,1,
current,602545,AC,KEY FOOD,BATFER FOOD CORP,256,E 167TH ST,10456,12000,12000.0,0,12000.0,supermarket,1,
current,602513,AC,ASSOCIATED 867,FRANCO FOOD CORP,1585,WESTCHESTER AVE,10472,8000,8000.0,0,8000.0,supermarket,1,
current,602475,AC,LA OAXAQUENA PRODUCE,LA OAXAQUENA CORP,2276,JEROME AVE,10453,1800,1800.0,0,1800.0,specialty,1,
current,602448,AC,LUCKY LELAND,LUCKY LELAND CORP,1859,ARCHER ST,10460,1600,1600.0,0,1600.0,other grocery,1,
current,602442,AC,YENIDE DELI GROCERY,ALANIS DELI GROCERY CORP,2563-2565,GRAND CONCOURSE,10468,1500,1500.0,0,1500.0,convenience or deli,1,
current,602339,AC,LOS HERMANOS DELI,RICARDITO&ANTHONY DELI GRCRY INC,2019,VYSE AVE,10460,1800,1800.0,0,1800.0,convenience or deli,1,
current,602316,ABC,EMPIRE BAGELS,EMPIRE BAGELS INC,3101D,WESTCHESTER AVE,10461,1000,1000.0,0,1000.0,other grocery,1,
current,602299,AC,S.A. DELI GROCERY,S.A. DELI GROCERY CORP,29,CLINTON PL,10453,1500,1500.0,0,1500.0,convenience or deli,1,
current,602284,AC,BENS MARKET,ROSEMARIE INC,19,KNOLLS CRESCENT,10463,3000,3000.0,0,3000.0,other grocery,1,
current,602272,AC,SAMMY GROCERY,SAMMY 2500 GROCERY CORP,2500,ARTHUR AVE,10458,700,700.0,0,700.0,convenience or deli,1,
current,602258,AC,KEY FOOD,PRINCE FOOD CORP,2044,BOSTON RD,10460,14000,14000.0,0,14000.0,supermarket,1,
current,602229,AC,FINE FARE SUPERMARKET,C&R FOOD CORP,708,E TREMONT AVE,10457,14000,14000.0,0,14000.0,supermarket,1,
current,602110,AC,SUNDIAL HERBAL PRODUCTS,SUNDIAL HERBS & HERBAL PRODUCTS ENTERPRI,3609,BOSTON RD,10466,2000,2000.0,0,2000.0,other grocery,1,
current,601906,AC,LA INDIA MINI MARKET,LA INDIA MINI MARKET INC,1942,MARMION AVE,10460,800,800.0,0,800.0,convenience or deli,1,
current,601816,AC,A&A EXPRESS DELI & GROCERY,AHMED ALI M & ABDO M,3101,WESTCHESTER AVE,10461,1100,1100.0,0,1100.0,convenience or deli,1,
current,601770,AC,20/20 DELI,20/20 DELI INC,1120,SOUTHERN BLVD,10459,1100,1100.0,0,1100.0,convenience or deli,1,
current,601642,AC,CASTILLO MEAT & PRODUCE,965 CASTILLO MEAT & PRODUCE INC,965,E 172ND ST,10460,1700,1700.0,0,1700.0,specialty,1,
current,601621,AC,KEY FOODS,MK FOOD CORP,1535,UNIONPORT RD,10462,9000,9000.0,0,9000.0,supermarket,1,
current,601566,AC,GONZALEZ GROCERY STORE,GONZALEZ ALBERTO,2665,VALENTINE AVE,10458,1200,1200.0,0,1200.0,convenience or deli,1,
current,601536,AC,FINE FARE SUPERMARKET,EAST 233 FOOD CORP,1197-99,E 233RD ST,10466,14000,14000.0,0,14000.0,supermarket,1,
current,601535,AC,FOOD DYNASTY SUPERMARKE,48 BURNSIDE FOOD CORP,40-48,W BURNSIDE AVE,10453,15000,15000.0,0,15000.0,supermarket,1,
current,601477,ABC,STOP&SHOP 503,STOP&SHOP SUPERMARKET CO LLC THE,5716,BROADWAY,10463,27000,27000.0,0,27000.0,supermarket,1,
current,601470,ABCHK,LLOYDS CARROT CAKE,LLOYDS CARROT CAKE INC,6087,BROADWAY,10471,800,800.0,0,,,0,"warehouse, wholesale or plant license"
current,601435,AC,KEY FOOD,B&ME FOOD CORP,1050,WESTCHESTER AVE,10459,15000,15000.0,0,15000.0,supermarket,1,
current,601356,AC,TAYLOR SUPERETTE,TAYLOR SUPERETTE CORP,459,TAYLOR AVE,10473,600,600.0,0,600.0,other grocery,1,
current,601293,AC,VAN VAN GROCERY,VAN VAN GROCERY CORP,523,VAN NEST AVE. ###,10460,1500,1500.0,0,1500.0,convenience or deli,1,
current,601292,AC,SUPER FRESH SUPERMARKET,PWP EQUITIES CORP,1188,WEBSTER AVE,10456,15000,15000.0,0,15000.0,supermarket,1,
current,601273,AC,J&C GROCERY,J&C GROCERY OF NY INC,566,E 188TH ST,10458,1000,1000.0,0,1000.0,convenience or deli,1,
current,601241,AC,J&A FRUIT&GROCERY CNTR,J&A FRUIT&GROCERY CORP,11-17,E 171ST ST,10452,1700,1700.0,0,1700.0,convenience or deli,1,
current,601227,AC,CASADO DELI GROCERY STR,672 E 138TH STREET FOOD CORP,672,E 138TH ST,10454,1500,1500.0,0,1500.0,convenience or deli,1,
current,601129,AC,502 SOUTHERN BLVD GRCY,502 SOUTHERN BLVD GROCERY CORP,502,SOUTHERN BLVD,10455,1000,1000.0,0,1000.0,other grocery,1,
current,601041,ABC,BILLYS DELI&GROCERY STR,GONZALEZ BILLY G,83,W FORDHAM RD,10468,1500,1500.0,0,1500.0,convenience or deli,1,
current,600998,AC,FINE FARE SUPERMARKET,PALERO FOOD CORP,3550,WHITE PLAINS RD,10467,5500,5500.0,0,5500.0,supermarket,1,
current,600992,ABC,FOODTOWN 582,283 FOOD LLC,283,E 204TH ST ######,10467,20000,20000.0,0,20000.0,supermarket,1,
current,600961,AC,A WORLD OF SPICE,A WORLD OF SPICE NY LLC,2164,WESTCHESTER AVE,10462,1500,1500.0,0,1500.0,specialty,1,
current,600951,AC,FOODTOWN,1489 FOOD CORP,1477-1489,WEST AVE,10462,5000,5000.0,0,5000.0,supermarket,1,
current,600931,AC,CASA DORO DELICATESSEN,SMA DELI GROCERY CORP,2487,EASTCHESTER RD,10469,1000,1000.0,0,1000.0,other grocery,1,
current,600805,ABC,TOP BANANA MARKET,ITALCORP INC,947,CASTLE HILL AVE,10473,2000,2000.0,0,2000.0,other grocery,1,
current,600774,AC,SANTIAGO GROCERY,SANTIAGO MIGUEL,15,W TREMONT AVE. ###,10453,1500,1500.0,0,1500.0,convenience or deli,1,
current,600770,ABC,FINE FARE,C & CBROTHERS OF NY,59,E 167TH ST,10452,20000,20000.0,0,20000.0,supermarket,1,
current,600758,ABH,MADONIA BROTHERS BAKERY,MADONIA BROTHERS BAKERY INC,2348,ARTHUR AVE,10458,3400,3400.0,0,,,0,"warehouse, wholesale or plant license"
current,600723,AC,MORRIS PARK MEAT MARKET,MARIOS MEAT MARKET INC,1037,MORRIS PARK AVE,10461,1000,1000.0,0,1000.0,specialty,1,
current,600709,AC,FOOD TOWN,AJC FOOD MARKET CORP,4332,WHITE PLAINS RD,10466,24000,24000.0,0,24000.0,supermarket,1,
current,600701,AC,L&V FOOD CENTER,2676 MORRIS FOOD CORP,2676,MORRIS AVE,10468,1500,1500.0,0,1500.0,other grocery,1,
current,600580,AC,MATA E CANA DELI & GRCY,GOMEZ EDWARD,911,E 156TH ST,10455,1500,1500.0,0,1500.0,convenience or deli,1,
current,600514,AC,PREMIER FOOD,PREMIER FOOD INC,738,LYDIG AVE,10462,1300,1300.0,0,1300.0,other grocery,1,
current,600477,AC,GREEN OCEAN FISH MARKET,GREEN OCEAN FISH MARKET CORP,67,E KINGSBRIDGE RD,10468,1200,1200.0,0,1200.0,specialty,1,
current,600437,ABC,MORTON WILLIAMS SPRMRKT,RED&WHITE MARKETS INC,15,E KINGSBRIDGE RD,10468,25000,25000.0,0,25000.0,supermarket,1,
current,600413,AC,BORGATTIS,BORGATTIS RAVIOLI&EGG NOODLES INC,632,E 187TH ST,10458,1000,1000.0,0,1000.0,other grocery,1,
current,600405,AC,TEITEL BROTHERS,TEITEL BROTHERS INC,2372,ARTHUR AVE,10458,1000,1000.0,0,1000.0,other grocery,1,
current,600350,AC,RODRIGUEZ GROCERY,RODRIGUEZ RAMON A,753,FOX ST,10455,1500,1500.0,0,1500.0,convenience or deli,1,
current,600314,AC,FRANCIS GROCERY,ER FOOD CORP,3738,3RD AVE,10456,1000,1000.0,0,1000.0,convenience or deli,1,
current,600307,A,WALGREENS 1013,WALGREEN EASTERN CO INC,5564,BROADWAY,10463,20000,20000.0,0,,,0,pharmacy
current,600246,ABC,C-TOWN SUPERMARKET,564 GROCERY INC,564,SOUTHERN BLVD,10455,8000,8000.0,0,8000.0,supermarket,1,
current,600205,AC,CARINO GROCERY,CARINO DELI GROCERY CORP,643,E 182ND ST. ###,10457,1200,1200.0,0,1200.0,convenience or deli,1,
current,600187,AC,ALMANZAR GROCERY&FOOD,ALMANZAR GROCERY&FOOD CORP,854,INTERVALE AVE,10459,1000,1000.0,0,1000.0,convenience or deli,1,
current,600103,AC,SCALINADA MEAT GROC&DEL,SILJKOVIC RABA&VEZIRA,667,E 187TH ST,10458,800,800.0,0,800.0,specialty,1,
current,600057,ABCHK,S&S CHEESECAKE,S&S CHEESECAKE INC,222,W 238TH ST,10463,4000,4000.0,0,,,0,"warehouse, wholesale or plant license"
current,600049,AC,C TOWN,NANIN FOOD CORP,2733,3RD AVE,10451,10000,10000.0,0,10000.0,supermarket,1,
current,600005,ABCHK,ADDEO BAKERS,ADDEO BAKERS INC,2372,HUGHES AVE,10458,4000,4000.0,0,,,0,"warehouse, wholesale or plant license"
