county,license_number,operation_type,estab_type,entity_name,dba_name,street_number,street_name,city,state,zip_code,georeference,:@computed_region_yamh_8v7k,square_footage,address_line_2,address_line_3,longitude,latitude
BRONX,768373,Store,A,2490 GROCERY HOUSEWARE CORP,2490 GROCERY HOUSEWARE,2490,WILLIAMSBRIDGE RD,BRONX,NY,10469,"{'type': 'Point', 'coordinates': [-73.85786, 40.86268]}",307,,,,-73.85786,40.86268
BRONX,767877,Store,AC,BANGLA HALAL FOOD MARKET INC,BANGLA HALAL FOOD MARKET,1002,CASTLE HILL AVE ##,BRONX,NY,10472,"{'type': 'Point', 'coordinates': [-73.85008, 40.8278]}",307,2200,,,-73.85008,40.8278
BRONX,767797,Store,AC,A&Z GOURMET DELI CORP,A&Z GOURMET DELI,772,HUNTS POINT AVE,BRONX,NY,10474,"{'type': 'Point', 'coordinates': [-73.88739, 40.81603]}",307,,,,-73.88739,40.81603
BRONX,767608,Store,A,1892A DELI GROCERY CORP,1892A DELI GROCERY,1892,ARCHER STREET,BRONX,NY,10462,"{'type': 'Point', 'coordinates': [-73.86307, 40.83791]}",307,,,,-73.86307,40.83791
BRONX,767536,Store,A,MANDELA DELI MART CORP,MANDELA DELI MART,3660,WHITE PLAINS RD,BRONX,NY,10467,"{'type': 'Point', 'coordinates': [-73.86443, 40.88066]}",307,,,,-73.86443,40.88066
BRONX,767311,Store,A,TOP 5 DELI GROCERY CORP,TOP 5 DELI GROCERY,1074,NEILL AVE,BRONX,NY,10461,"{'type': 'Point', 'coordinates': [-73.85668, 40.85318]}",307,,,,-73.85668,40.85318
BRONX,766917,Store,AC,BEST HOOD DELI & GROCERY INC,BEST HOOD DELI & GROCERY,839,TRINITY AVE,BRONX,NY,10456,"{'type': 'Point', 'coordinates': [-73.90662, 40.82142]}",307,1100,,,-73.90662,40.82142
BRONX,766916,Store,AC,BRONX FRESH DELI CORP,BRONX FRESH DELI,1307,BOSTON ROAD ####,BRONX,NY,10456,"{'type': 'Point', 'coordinates': [-73.89995, 40.83135]}",307,800,,,-73.89995,40.83135
BRONX,766541,Store,AC,RAYALIS DELI GROCERY INC,RAYALIS DELI GROCERY,385,E 194TH STREET,BRONX,NY,10458,"{'type': 'Point', 'coordinates': [-73.88997, 40.86337]}",307,,,,-73.88997,40.86337
BRONX,766454,Store,AC,FANTASY 188 DELI GROCERY CORP,FANTASY 188 DELI GROCERY,3460,E 188TH STREET,BRONX,NY,10458,,,,,,,
BRONX,766381,Store,AC,188 VALENTINE CONVENIENCE CORP,188 VALENTINE CONVENIENCE,221,EAST 188TH STREET,BRONX,NY,10458,"{'type': 'Point', 'coordinates': [-73.89664, 40.86105]}",307,,,,-73.89664,40.86105
BRONX,766339,Store,AC,3022 E TREMONT DELI GROCERY CORP,3022 E TREMONT DELI GROCERY,3022,E TREMONT AVE,BRONX,NY,10461,"{'type': 'Point', 'coordinates': [-73.83712, 40.83989]}",307,750,,,-73.83712,40.83989
BRONX,766338,Store,AC,ELDERS GOURMET & CREPES CORP,ELDERS GOURMET & CREPES,1513,WESTCHESTER AVE,BRONX,NY,10472,"{'type': 'Point', 'coordinates': [-73.87949, 40.82856]}",307,,,,-73.87949,40.82856
BRONX,766218,Store,A,PELHAM CANDY STORE CORP,PELHAM CANDY STORE,3040,BUHRE AVE,BRONX,NY,10461,"{'type': 'Point', 'coordinates': [-73.831, 40.84749]}",307,700,,,-73.831,40.84749
BRONX,766176,Store,AC,1054 UNITED DELI & SALAD INC,1054 UNITED DELI & SALAD,1054,SOUTHERN BLVD,BRONX,NY,10459,"{'type': 'Point', 'coordinates': [-73.89191, 40.82439]}",307,900,,,-73.89191,40.82439
BRONX,766169,Store,AC,EHAB DELI & GROCERY CORP,EHAB DELI & GROCERY,2865,WHITE PLAINS RD,BRONX,NY,10467,"{'type': 'Point', 'coordinates': [-73.86724, 40.86776]}",307,,,,-73.86724,40.86776
BRONX,766161,Store,AC,YADIEL GROCERY STORE CORP,YADIEL GROCERY STORE,670,BARRETTO STREET,BRONX,NY,10474,"{'type': 'Point', 'coordinates': [-73.8892, 40.8139]}",307,1000,,,-73.8892,40.8139
BRONX,766148,Store,AC,1524 S&A GOURMET DELI INC,1524 S&A GOURMET DELI,1524-1526,MAYFLOWER AVE ####,BRONX,NY,10461,"{'type': 'Point', 'coordinates': [-73.83469, 40.84151]}",307,800,,,-73.83469,40.84151
BRONX,766137,Store,AC,EURO MARKET DIASPORA 2 INC,EURO MARKET DIASPORA 2,1058,MORRIS PARK AVE,BRONX,NY,10461,"{'type': 'Point', 'coordinates': [-73.85429, 40.84899]}",307,1000,,,-73.85429,40.84899
BRONX,766108,Store,AC,BRONX CHOPPED CHEESE & GRILL CORP,BRONX CHOPPED CHEESE & GRILL,4800,WHITE PLAINS RD ####,BRONX,NY,10470,"{'type': 'Point', 'coordinates': [-73.84933, 40.90588]}",307,,,,-73.84933,40.90588
BRONX,766033,Store,AC,FRESH START BODEGA INC,FRESH START BODEGA,2777,WEBSTER AVE,BRONX,NY,10458,"{'type': 'Point', 'coordinates': [-73.88566, 40.86611]}",307,800,,,-73.88566,40.86611
BRONX,766017,Store,AC,1203 WEST INDIAN GROCERY INC,1203 WEST INDIAN GROCERY,1203,ROSEDALE AVE,BRONX,NY,10472,"{'type': 'Point', 'coordinates': [-73.86875, 40.82967]}",307,800,,,-73.86875,40.82967
BRONX,765976,Store,AC,NEW CASTILE DELI AND GROCERY CORP,NEW CASTILE DELI AND GROCERY,1105,CASTLE HILL AVE ####,BRONX,NY,10472,"{'type': 'Point', 'coordinates': [-73.85059, 40.83004]}",307,600,,,-73.85059,40.83004
BRONX,765882,Store,AC,DHAKA MART LLC,DHAKA FOOD EXPRESS & DELI,368,E 204TH ST,BRONX,NY,10467,"{'type': 'Point', 'coordinates': [-73.87726, 40.87158]}",307,2200,,,-73.87726,40.87158
BRONX,765825,Store,AC,EL NUEVO CORRAL MEAT MARKET & GROCERY,EL NUEVO CORRAL MEAT MARKET,75,E KINGSBRIDGE RD,BRONX,NY,10468,"{'type': 'Point', 'coordinates': [-73.89563, 40.86672]}",307,1900,,,-73.89563,40.86672
BRONX,765782,Store,A,82 GROCERY CANDY INC,82 GROCERY CANDY,82,W 165TH STREET,BRONX,NY,10452,"{'type': 'Point', 'coordinates': [-73.92726, 40.83399]}",307,1000,,,-73.92726,40.83399
BRONX,765762,Store,AC,CELINE T GROCERY INC,CELINE T GROCERY,3900,WHITE PLAINS ROAD,BRONX,NY,10466,"{'type': 'Point', 'coordinates': [-73.86153, 40.88592]}",307,800,,,-73.86153,40.88592
BRONX,765753,Store,AC,ILYAS GOURMET DELI CORP,ILYAS GOURMET DELI,3998,WHITE PLAINS RD,BRONX,NY,10466,"{'type': 'Point', 'coordinates': [-73.86015, 40.88842]}",307,,,,-73.86015,40.88842
BRONX,765715,Store,AC,AMG RETAIL I LLC,AMG #192,281,BRUCKNER BLVD ##,BRONX,NY,10454,"{'type': 'Point', 'coordinates': [-73.91113, 40.80545]}",307,950,,,-73.91113,40.80545
BRONX,765506,Store,AC,APEX PETROLEUM 91 INC,APEX PETROLEUM 91,91,WESTCHESTER SQUARE,BRONX,NY,10461,"{'type': 'Point', 'coordinates': [-73.84085, 40.84104]}",307,1000,,,-73.84085,40.84104
BRONX,765456,Store,A,SH&N AGA INC,SH&N AGA INC,3120,BAINBRIDGE AVENUE,BRONX,NY,10467,"{'type': 'Point', 'coordinates': [-73.87933, 40.87423]}",307,,,,-73.87933,40.87423
BRONX,765408,Store,AC,TOWN FOOD MARKET CORP,TOWN FOOD MARKET,4702,WHITE PLAINS ROAD,BRONX,NY,10470,"{'type': 'Point', 'coordinates': [-73.85006, 40.90377]}",307,,,,-73.85006,40.90377
BRONX,765394,Store,ACDK,KADOSH TRADING INC,KADOSH FOODS,490,HUNTS POINT AVE,BRONX,NY,10474,"{'type': 'Point', 'coordinates': [-73.88135, 40.8102]}",307,5000,,,-73.88135,40.8102
BRONX,765292,Store,A,NATIONWIDE COOOP CITY BLVD INC,USA NATIONWIDE WAREHOUSE,691,COOP CITY BLVD,BRONX,NY,10475,"{'type': 'Point', 'coordinates': [-73.82493, 40.88049]}",307,,,,-73.82493,40.88049
BRONX,765177,Store,AC,HOT GRILL DELI & MART CORP,HOT GRILL DELI & MART,1745,RANDALL AVE,BRONX,NY,10473,"{'type': 'Point', 'coordinates': [-73.86547, 40.8168]}",307,1000,,,-73.86547,40.8168
BRONX,765131,Store,AC,SUAVE DELI GROCERY INC,SUAVE DELI GROCERY,794,COURTLANDT AVENUE ####,BRONX,NY,10451,"{'type': 'Point', 'coordinates': [-73.91666, 40.82268]}",307,1500,,,-73.91666,40.82268
BRONX,765129,Store,AC,BARNES AVENUE DELI GROCERY INC,BARNES AVENUE DELI GROCERY,3868,BARNES AVENUE ####,BRONX,NY,10467,"{'type': 'Point', 'coordinates': [-73.85886, 40.88461]}",307,900,,,-73.85886,40.88461
BRONX,765025,Store,AC,WEAM CORPORATION,WEAM,3822,E TREMONT AVE,BRONX,NY,10465,"{'type': 'Point', 'coordinates': [-73.82036, 40.82468]}",307,1200,,,-73.82036,40.82468
BRONX,765011,Store,AC,LUCKY ONE DELI CORP,LUCKY ONE DELI,1400,CROSBY AVE ####,BRONX,NY,10461,"{'type': 'Point', 'coordinates': [-73.82971, 40.84079]}",307,,,,-73.82971,40.84079
BRONX,765009,Store,AC,GREEN APPLE GOURMET & MORE 1 CORP,GREEN APPLE GOURMET & MORE 1,2197,WHITE PLAINS RD,BRONX,NY,10462,"{'type': 'Point', 'coordinates': [-73.86764, 40.85633]}",307,1000,,,-73.86764,40.85633
BRONX,765005,Store,AC,GOLD MINE GOURMET DELI CORP,GOLD MINE GOURMET DELI,3460,BOSTON RD,BRONX,NY,10469,"{'type': 'Point', 'coordinates': [-73.84805, 40.87649]}",307,1000,,,-73.84805,40.87649
BRONX,765004,Store,AC,R & N CARIBBEAN MEAL LLC,R & N CARIBBEAN MEAT,4206,WHITE PLAINS RD,BRONX,NY,10466,"{'type': 'Point', 'coordinates': [-73.85718, 40.89378]}",307,,,,-73.85718,40.89378
BRONX,764952,Store,AC,AINARA DELI GROCERY CORP,AINARA DELI GROCERY,15,MARCY PLACE,BRONX,NY,10452,"{'type': 'Point', 'coordinates': [-73.91814, 40.83881]}",307,,,,-73.91814,40.83881
BRONX,764933,Store,AC,BANGLA BAZAR SUPERMARKET INC,BANGLA BAZAR SUPERMARKET,1450,ST PETERS AVE ##,BRONX,NY,10462,"{'type': 'Point', 'coordinates': [-73.84571, 40.83929]}",307,2000,,,-73.84571,40.83929
BRONX,764881,Store,A,VALENTINE 181 MINI MART CORP #1,VALENTINE 181 MINI MART,2130,VALENTINE AVE,BRONX,NY,10457,"{'type': 'Point', 'coordinates': [-73.89937, 40.85396]}",307,2000,,,-73.89937,40.85396
BRONX,764879,Store,A,1 NEYMAR CANDY GROCERY CORP,1 NEYMAR CANDY GROCERY,1175,VYSE AVE,BRONX,NY,10459,"{'type': 'Point', 'coordinates': [-73.88995, 40.82846]}",307,,FRONT 2,,-73.88995,40.82846
BRONX,764829,Store,AC,MOON LIGHT 1 DELI CORP,MOON LIGHT 1 DELI,751,E GUN HILL RD,BRONX,NY,10467,"{'type': 'Point', 'coordinates': [-73.86397, 40.8766]}",307,,,,-73.86397,40.8766
BRONX,764822,Store,AC,R ECHAVARRIA DELI & GROCERIES CORP,R ECHAVARRIA DELI & GROCERIES,1888,WALTON AVE,BRONX,NY,10453,"{'type': 'Point', 'coordinates': [-73.90934, 40.84941]}",307,1700,,,-73.90934,40.84941
BRONX,764813,Store,A,BARAKAH BAZAR LLC,BARAKAH BAZAR,731,BURKE AVE,BRONX,NY,10467,"{'type': 'Point', 'coordinates': [-73.86555, 40.87141]}",307,,,,-73.86555,40.87141
BRONX,764806,Store,AC,SEA MART LLC,FORDHAM FRESH FISH,155,E 188TH ST,BRONX,NY,10468,"{'type': 'Point', 'coordinates': [-73.89839, 40.86166]}",307,500,,,-73.89839,40.86166
BRONX,764771,Store,AC,235 FRESH BITES DELI CORP,235 FRESH BITES DELI,560,W 235TH ST,BRONX,NY,10463,"{'type': 'Point', 'coordinates': [-73.91017, 40.8857]}",307,,,,-73.91017,40.8857
BRONX,764768,Store,AC,FRESH UP DELI AND GRILL CORP,FRESH UP DELI AND GRILL,3844,WHITE PLAINS RD,BRONX,NY,10467,"{'type': 'Point', 'coordinates': [-73.86209, 40.8849]}",307,,,,-73.86209,40.8849
BRONX,764706,Store,A,AMENAZEL HALAL MARKET INC,AMENAZEL HALAL MARKET,744,ALLERTON AVENUE,BRONX,NY,10467,"{'type': 'Point', 'coordinates': [-73.86567, 40.86546]}",307,2100,,,-73.86567,40.86546
BRONX,764698,Store,AC,MI BODEGA DELI FOOD CORP,MI BODEGA DELI FOOD,663,ALLERTON AVE,BRONX,NY,10467,"{'type': 'Point', 'coordinates': [-73.86877, 40.86542]}",307,1100,,,-73.86877,40.86542
BRONX,764672,Store,A,NOOR DISCOUNT CONVENIENCE CORP,NOOR DISCOUNT CONVENIENCE,276,SAINT ANNS AVE,BRONX,NY,10454,"{'type': 'Point', 'coordinates': [-73.91695, 40.80761]}",307,,,,-73.91695,40.80761
BRONX,764665,Store,AC,BOSTON RD GROCERY DELI & MORE CORP,BOSTON RD GROCERY DELI & MORE,1682,BOSTON ROAD,BRONX,NY,10460,"{'type': 'Point', 'coordinates': [-73.88901, 40.83665]}",307,1100,,,-73.88901,40.83665
BRONX,764646,Store,AC,ORGANIC DELI 2 INC,ORGANIC DELI 2,550,TRINITY AVE,BRONX,NY,10455,"{'type': 'Point', 'coordinates': [-73.90988, 40.81379]}",307,1200,,,-73.90988,40.81379
BRONX,764586,Store,AC,KABORE LLC,EASY STOP SHOP,1134,CASTLE AVENUE,BRONX,NY,10462,"{'type': 'Point', 'coordinates': [-73.85074, 40.8307]}",307,400,,,-73.85074,40.8307
BRONX,764554,Store,AC,33 MART DELI CORP,MART 33 CONVENIENCE STORE,259,E 167TH ST  ####,BRONX,NY,10456,"{'type': 'Point', 'coordinates': [-73.91461, 40.83347]}",307,1400,,,-73.91461,40.83347
BRONX,764544,Store,A,CASA FRESH INC,CASA FRESH,720,E TREMONT AVE STORE B,BRONX,NY,10457,"{'type': 'Point', 'coordinates': [-73.89037, 40.84503]}",307,1300,,,-73.89037,40.84503
BRONX,764530,Store,AC,844 MINI MARKET FISH AND FRIES INC,844 MINI MARKET FISH,844,HUNTS POINT AVE,BRONX,NY,10474,"{'type': 'Point', 'coordinates': [-73.88851, 40.81757]}",307,,,,-73.88851,40.81757
BRONX,764527,Store,AC,A & A MARKET DELI & GROCERY CORP,A & A MARKET DELI & GROCERY,1513,WATSON AVE ##,BRONX,NY,10472,"{'type': 'Point', 'coordinates': [-73.87893, 40.82598]}",307,1000,,,-73.87893,40.82598
BRONX,764455,Store,AC,D LORA CORP,D LORA,814,HEWITT PLACE,BRONX,NY,10459,"{'type': 'Point', 'coordinates': [-73.89988, 40.81882]}",307,,,,-73.89988,40.81882
BRONX,764447,Store,AC,ORLANDO 7 CORP,ORLANDO 7,1190,CROMWELL AVENUE,BRONX,NY,10452,"{'type': 'Point', 'coordinates': [-73.92242, 40.83585]}",307,900,,,-73.92242,40.83585
BRONX,764429,Store,A,ROSEDALE 99 CENTS INC,ROSEDALE 99 CENTS,1741,LAFAYETTE AVE,BRONX,NY,10473,"{'type': 'Point', 'coordinates': [-73.86636, 40.82092]}",307,,,,-73.86636,40.82092
BRONX,764420,Store,AC,MILA DELI & GROCERY CORP,MILA DELI & GROCERY,684,E 189 ST ####,BRONX,NY,10458,"{'type': 'Point', 'coordinates': [-73.88369, 40.85623]}",307,,,,-73.88369,40.85623
BRONX,764345,Store,AC,TENTEN FOOD CORP,S&Y FISH & MEAT CARIBBEAN SUPERMARKET,4008,BOSTON RD,BRONX,NY,10475,"{'type': 'Point', 'coordinates': [-73.83287, 40.88388]}",307,15000,,,-73.83287,40.88388
BRONX,764331,Store,A,CONVENIENCE ON CONCOURSE INC,CONVENIENCE ON CONCOURSE,1398,GRAND CONCOURSE,BRONX,NY,10456,"{'type': 'Point', 'coordinates': [-73.91374, 40.83848]}",307,900,,,-73.91374,40.83848
BRONX,764322,Store,AC,FERNANDEZ MARGARITA,MARGARITAS GROCERY STORE,926,INTERVALE AVE,BRONX,NY,10459,"{'type': 'Point', 'coordinates': [-73.89661, 40.81984]}",307,1000,,,-73.89661,40.81984
BRONX,764315,Store,AC,PANADERIA MEXICANA GUADALUPANA CORP,PANADERIA MEXICANA GUADALUPANA,735,LYDIG AVE,BRONX,NY,10462,"{'type': 'Point', 'coordinates': [-73.86642, 40.85447]}",307,1000,,,-73.86642,40.85447
BRONX,764313,Store,AC,MIM DELI & GROCERY INC,SUNDARBAN HALAL MEAT &,1404,UNIONPORT ROAD ####,BRONX,NY,10462,"{'type': 'Point', 'coordinates': [-73.85427, 40.83466]}",307,1600,,,-73.85427,40.83466
BRONX,764306,Store,AC,GOLLO GROCERY STORE & DELI CORP,GOLLO GROCERY STORE & DELI,212,W KINGSBRIDGE RD ##,BRONX,NY,10463,"{'type': 'Point', 'coordinates': [-73.90446, 40.87182]}",307,750,,,-73.90446,40.87182
BRONX,764246,Store,AC,FAMILY GRILL 1 CORP,FAMILY GRILL 1,1712,UNIVERSITY AVE,BRONX,NY,10453,"{'type': 'Point', 'coordinates': [-73.91804, 40.84851]}",307,1300,,,-73.91804,40.84851
BRONX,764232,Store,AC,TASTY BITES DELI INC,TASTY BITES DELI,1560,GRAND CONCOURSE,BRONX,NY,10457,"{'type': 'Point', 'coordinates': [-73.91207, 40.84228]}",307,1900,,,-73.91207,40.84228
BRONX,764211,Store,AC,EL SABOR CHAPIN CORP,EL SABOR CHAPIN,1484,WESTCHESTER AVE,BRONX,NY,10472,"{'type': 'Point', 'coordinates': [-73.88077, 40.82846]}",307,1000,,,-73.88077,40.82846
BRONX,764182,Store,AC,JUAN DIAZ MARTINEZ & MARGARITO CITLAME P,DELI TAQUERIA XOCHITLALLI 2,680,ALLERON AVENUE,BRONX,NY,10467,"{'type': 'Point', 'coordinates': [-73.86804, 40.86544]}",307,,,,-73.86804,40.86544
BRONX,764179,Store,AC,R&R CORTES DE PESCADO CORP,R&R CORTES DE PESCADO,301,MORRIS AVE ##,BRONX,NY,10451,"{'type': 'Point', 'coordinates': [-73.92615, 40.81247]}",307,100,,,-73.92615,40.81247
BRONX,764154,Store,AC,ELY MOUNA INC,ELY MOUNA,3925,WHITE PLAINS RD,BRONX,NY,10466,"{'type': 'Point', 'coordinates': [-73.86121, 40.88649]}",307,,,,-73.86121,40.88649
BRONX,764147,Store,AC,BINC FOOD CORP,BINC & BEYOND UNIVERSAL MARKET,1346,E GUNHILL RD,BRONX,NY,10469,"{'type': 'Point', 'coordinates': [-73.84664, 40.87069]}",307,800,,,-73.84664,40.87069
BRONX,764141,Store,AC,Q GOURMET DELI CORP,Q GOURMET DELI,1798,WESTCHESTER AVE ####,BRONX,NY,10472,"{'type': 'Point', 'coordinates': [-73.8666, 40.83185]}",307,1300,,,-73.8666,40.83185
BRONX,764136,Store,AC,PRINCE GROCERY STORE CORP,PRINCE GROCERY STORE,237,EAST 203RD ST ####,BRONX,NY,10458,"{'type': 'Point', 'coordinates': [-73.88526, 40.87364]}",307,1000,,,-73.88526,40.87364
BRONX,764126,Store,AC,PRINCE DELI & GROCERY CORP 1,PRINCE DELI & GROCERY 1,211,ST ANNS AVE,BRONX,NY,10454,"{'type': 'Point', 'coordinates': [-73.91787, 40.80625]}",307,1000,,,-73.91787,40.80625
BRONX,764095,Store,AC,2 EAST BURNSIDE KING DELI INC,2 EAST BURNSIDE KING DELI,2,EAST BURNSIDE AVE,BRONX,NY,10453,"{'type': 'Point', 'coordinates': [-73.90743, 40.85356]}",307,1400,,,-73.90743,40.85356
BRONX,764062,Store,AC,HEALTHY 1 DELI CORP,HEALTHY 1 DELI,4521,3RD AVE,BRONX,NY,10457,"{'type': 'Point', 'coordinates': [-73.89105, 40.85396]}",307,1500,,,-73.89105,40.85396
BRONX,764061,Store,AC,QUIK STOP DELI CORP,QUIK STOP DELI,3401,OLINVILLE AVE,BRONX,NY,10467,"{'type': 'Point', 'coordinates': [-73.86813, 40.8754]}",307,600,,,-73.86813,40.8754
BRONX,763989,Store,AC,MACE DELI & GRILL INC,MACE DELI & GRILL,2500,WHITE PLAINS RD ##,BRONX,NY,10467,"{'type': 'Point', 'coordinates': [-73.86743, 40.86341]}",307,1400,,,-73.86743,40.86341
BRONX,763988,Store,AC,ASHA GROCERY & HALAL MEAT INC,ASHA GROCERY & HALAL MEAT,3110,BAINBRIDGE AVE ####,BRONX,NY,10467,"{'type': 'Point', 'coordinates': [-73.87928, 40.87394]}",307,,,,-73.87928,40.87394
BRONX,763987,Store,AC,CITY STAR MINI MARKET CORP I,CITY STAR MINI MARKET,1203,WHITE PLAINS RD  ####,BRONX,NY,10472,"{'type': 'Point', 'coordinates': [-73.8617, 40.83066]}",307,1200,,,-73.8617,40.83066
BRONX,763975,Store,AC,MOMS ANGEL KISSES CORP,SUGAR GIRL BAKERY,3071,BAILEY AVE,BRONX,NY,10463,"{'type': 'Point', 'coordinates': [-73.90261, 40.87779]}",307,1500,,,-73.90261,40.87779
BRONX,763967,Store,A,1811 DISCOUNT INC,1811 DISCOUNT,1811,WHITE PLAINS RD,BRONX,NY,10462,"{'type': 'Point', 'coordinates': [-73.86625, 40.8456]}",307,,,,-73.86625,40.8456
BRONX,763964,Store,A,TAYLOR MINI MARKET CORP,TAYLOR MINI MARKET,1703,TAYLOR AVE,BRONX,NY,10460,"{'type': 'Point', 'coordinates': [-73.86882, 40.84217]}",307,,,,-73.86882,40.84217
BRONX,763945,Store,AC,ORGANIC DELI & CONVENIENCE CORP,ORGANIC DELI & CONVENIENCE,3124,TREMONT AVE ####,BRONX,NY,10461,"{'type': 'Point', 'coordinates': [-73.83514, 40.83822]}",307,1200,,,-73.83514,40.83822
BRONX,763926,Store,AC,LUS LICENSING LLC,LIDL #1574,700,EXTERIOR STREET,BRONX,NY,10451,"{'type': 'Point', 'coordinates': [-73.93048, 40.81998]}",307,10000,,,-73.93048,40.81998
BRONX,763916,Store,AC,NEW BEST FISH MARKET INC,NEW BEST FISH MARKET,422A,WESTCHESTER AVE,BRONX,NY,10455,"{'type': 'Point', 'coordinates': [-73.91622, 40.81649]}",307,1200,,,-73.91622,40.81649
BRONX,763865,Store,A,ALDI INC,ALDI #153,4720,THIRD AVE,BRONX,NY,10458,"{'type': 'Point', 'coordinates': [-73.89111, 40.85941]}",307,,,,-73.89111,40.85941
BRONX,763790,Store,AC,OS DELI & GROCERY CORP,OS DELI & GROCERY,99,E 198TH STREET,BRONX,NY,10468,"{'type': 'Point', 'coordinates': [-73.89175, 40.87061]}",307,1000,,,-73.89175,40.87061
BRONX,763787,Store,AC,CRESTON CONVENIENCE & MORE CORP,CRESTON CONVENIENCE & MORE,2449,CRESTON AVE,BRONX,NY,10468,"{'type': 'Point', 'coordinates': [-73.89878, 40.86156]}",307,,,,-73.89878,40.86156
BRONX,763770,Store,AC,IZZY GOURMET DELI CORP,IZZY GOURMET DELI,2481,"CROTONA AVE, STORE #4",BRONX,NY,10458,"{'type': 'Point', 'coordinates': [-73.88255, 40.85635]}",307,,,,-73.88255,40.85635
BRONX,763757,Store,A,PRICELESS DISCOUNT CORP,PRICELESS DISCOUNT,125,W KINGSBRIDGE RD ####,BRONX,NY,10468,"{'type': 'Point', 'coordinates': [-73.90283, 40.86894]}",307,1800,,,-73.90283,40.86894
BRONX,763723,Store,AC,BAINBRIDGE FISH MARKET CORP,BAINBRIDGE FISH MARKET,3163,BAINBRIDGE AVE ##,BRONX,NY,10467,"{'type': 'Point', 'coordinates': [-73.87948, 40.87514]}",307,1200,,,-73.87948,40.87514
BRONX,763718,Store,AC,STAY COOL GOURMET DELI CORP,STAY COOL GORUMET DELI,69,BRUCKNER BLVD,BRONX,NY,10454,"{'type': 'Point', 'coordinates': [-73.92632, 40.80633]}",307,1500,,,-73.92632,40.80633
BRONX,763696,Store,AC,CHANA DELI GROCERY CORP,CHANA DELI GROCERY,2386,WEBSTER AVE,BRONX,NY,10458,"{'type': 'Point', 'coordinates': [-73.89401, 40.85866]}",307,,,,-73.89401,40.85866
BRONX,763685,Store,AC,JUNIOR MARKET CORP,BENS MARKET,19,"KNOLLS CRESCENT, STORE B",BRONX,NY,10463,"{'type': 'Point', 'coordinates': [-73.91761, 40.87869]}",307,,,,-73.91761,40.87869
BRONX,763682,Store,AC,EATHUB DELI INCC,EATHUB DELI,1838,WESTCHESTER AVE,BRONX,NY,10472,"{'type': 'Point', 'coordinates': [-73.86478, 40.83236]}",307,1200,,,-73.86478,40.83236
BRONX,763663,Store,AC,NEW FORDHAM MEAT MARKET CORP,NEW FORDHAM MEAT MARKET,91,W FORDHAM RD #8,BRONX,NY,10468,"{'type': 'Point', 'coordinates': [-73.90441, 40.86275]}",307,1100,,,-73.90441,40.86275
BRONX,763636,Store,A,99C B AND K BLESSING CORP,B AND K BLESSING,512,EAST 149 STREET,BRONX,NY,10455,"{'type': 'Point', 'coordinates': [-73.91451, 40.81478]}",307,1000,,,-73.91451,40.81478
BRONX,763630,Store,AC,1 FORDHAM CONVENIENCE CORP,1 FORDHAM CONVENIENCE,605,B EAST 187TH STREET,BRONX,NY,10458,"{'type': 'Point', 'coordinates': [-73.88735, 40.85544]}",307,650,,,-73.88735,40.85544
BRONX,763602,Store,AC,VARIEDADES DE MI CULTURA EBENEZER CORP,VARIEDADES DE MI CULTURA EBENEZER,1087-1093,SOUTHERN BLVD,BRONX,NY,10459,"{'type': 'Point', 'coordinates': [-73.89194, 40.82577]}",307,,,,-73.89194,40.82577
BRONX,763585,Store,AC,PRIME GROCERY AND VEGETABLE CORP,PRIME GROCERY AND VEGETABLE,145,E GUN HILL ROAD,BRONX,NY,10467,"{'type': 'Point', 'coordinates': [-73.8791, 40.88138]}",307,,,,-73.8791,40.88138
BRONX,763573,Store,AC,BRIELLA DELI & GROCERY CORP,BRIELLA DELI & GROCERY,1420,GRAND CONCOURSE ####,BRONX,NY,10456,"{'type': 'Point', 'coordinates': [-73.91314, 40.83944]}",307,1600,,,-73.91314,40.83944
BRONX,763552,Store,A,MEGA STAR DISCOUNT CORP,MEGA STAR DISCOUNT,1509,WESTCHESTER AVE ####,BRONX,NY,10472,"{'type': 'Point', 'coordinates': [-73.87973, 40.82854]}",307,,,,-73.87973,40.82854
BRONX,763544,Store,AC,J&J DELI GROCERY STORE CORP,J&J DELI GROCERY STORE,699,BECK STREET ##,BRONX,NY,10455,"{'type': 'Point', 'coordinates': [-73.9003, 40.81503]}",307,1000,,,-73.9003,40.81503
BRONX,763525,Store,A,ZEEDAN FOODS INC,ZEEDAN FOODS,1455,UNIONPORT RD ##,BRONX,NY,10462,"{'type': 'Point', 'coordinates': [-73.85544, 40.83558]}",307,,,,-73.85544,40.83558
BRONX,763448,Store,AC,HALAL GYRO KING 3 INC,HALAL GYRO KING 3,319,E 204 STREET,BRONX,NY,10467,"{'type': 'Point', 'coordinates': [-73.87817, 40.87256]}",307,,,,-73.87817,40.87256
BRONX,763440,Store,AC,LEGEND DELI GROCERY CORP,LEGEND DELI GROCERY,282,E GUN HILL RD,BRONX,NY,10467,"{'type': 'Point', 'coordinates': [-73.87468, 40.87924]}",307,1100,,,-73.87468,40.87924
BRONX,763410,Store,AC,UNION MEATS MARKET INC,UNION MEATS MARKET,810,E 180TH STREET,BRONX,NY,10460,"{'type': 'Point', 'coordinates': [-73.88506, 40.84628]}",307,,,,-73.88506,40.84628
BRONX,763396,Store,AC,183 FISH MARKET CORP,183 FISH MARKET,7,W 183RD ST ####,BRONX,NY,10453,"{'type': 'Point', 'coordinates': [-73.90427, 40.85849]}",307,1300,,,-73.90427,40.85849
BRONX,763341,Store,AC,53W 167 VARIETY 99 CENT DISCOUNT STORE,AH VARIETY DISCOUNT STORE,53,W 167 ST ####,BRONX,NY,10452,"{'type': 'Point', 'coordinates': [-73.92489, 40.83622]}",307,1800,,,-73.92489,40.83622
BRONX,763290,Store,AC,LEILE DELI CORP,LEILE DELI CORP,486,E 138TH STREET ####,BRONX,NY,10454,"{'type': 'Point', 'coordinates': [-73.92016, 40.80796]}",307,900,,,-73.92016,40.80796
BRONX,763288,Store,AC,444 FUEL CORP,444 FUEL,444,SOUNDVIEW AVE,BRONX,NY,10473,"{'type': 'Point', 'coordinates': [-73.85883, 40.81475]}",307,,,,-73.85883,40.81475
BRONX,763274,Store,AC,MOE GOURMET SHOP DELI & GRILL INC,MOE GOURMET SHOP DELI & GRILL,610,CASTLE HILL AVE ####,BRONX,NY,10473,"{'type': 'Point', 'coordinates': [-73.8479, 40.81941]}",307,,,,-73.8479,40.81941
BRONX,763271,Store,A,MAARS BROADWAY DISCOUNT KING CORP,MAARS BROADWAY DISCOUNT KING,5657A,BROADWAY FRONT A,BRONX,NY,10463,"{'type': 'Point', 'coordinates': [-73.90362, 40.88066]}",307,2300,,,-73.90362,40.88066
BRONX,763267,Store,AC,DRAMMEH LLC,SAMA PARADISE MARKET,3840,WHITEPLAINS ROAD,BRONX,NY,10467,"{'type': 'Point', 'coordinates': [-73.86215, 40.88479]}",307,1000,,,-73.86215,40.88479
BRONX,763217,Store,AC,DOMINICANA DELI INC,DOMINICANA DELI,1836,NEREID AVE,BRONX,NY,10466,"{'type': 'Point', 'coordinates': [-73.84887, 40.89865]}",307,,,,-73.84887,40.89865
BRONX,763176,Store,AC,GRAND B DELI GROCERY CORP,1269 BRONX DELI,1269,GRAND CONCOURSE ####,BRONX,NY,10452,"{'type': 'Point', 'coordinates': [-73.91643, 40.83607]}",307,1100,,,-73.91643,40.83607
BRONX,763153,Store,ABC,AL AMEEN BAKERY LLC,AL AMEEN BAKERY,1742,UNIONPORT RD,BRONX,NY,10462,"{'type': 'Point', 'coordinates': [-73.86773, 40.84466]}",307,485,,,-73.86773,40.84466
BRONX,763145,Store,AC,DIANA MINI MARKET CORP,DIANA MINI MARKET,701,COSTER STREET ####,BRONX,NY,10474,"{'type': 'Point', 'coordinates': [-73.88748, 40.81464]}",307,1200,,,-73.88748,40.81464
BRONX,763143,Store,AC,SEYMOUR DELI GROCERY CORP,SEYMOUR DELI GROCERY,3438,BOSTON RD,BRONX,NY,10469,"{'type': 'Point', 'coordinates': [-73.84918, 40.87612]}",307,,,,-73.84918,40.87612
BRONX,763142,Store,AC,BAILEY GOURMET DELI INC,BAILEY GOURMET DELI,3654,BAILEY AVE,BRONX,NY,10463,"{'type': 'Point', 'coordinates': [-73.89808, 40.88387]}",307,1500,,,-73.89808,40.88387
BRONX,763136,Store,AC,3040 EASTCHESTER FOOD CORP,FINE FARE SUPERMARKET,3040,EASTCHESTER ROAD,BRONX,NY,10469,"{'type': 'Point', 'coordinates': [-73.84284, 40.87059]}",307,,,,-73.84284,40.87059
BRONX,763132,Store,A,ARDENT PHARMACY INC,BENJAMINS PHARMACY & SURGICAL,987-989,ALLERTON AVE ####,BRONX,NY,10469,"{'type': 'Point', 'coordinates': [-73.85878, 40.86551]}",307,,,,-73.85878,40.86551
BRONX,763102,Store,AC,LA GRAND GROCERY CORP,LA GRAND GROCERY,2241,GRAND AVE,BRONX,NY,10453,"{'type': 'Point', 'coordinates': [-73.90619, 40.85822]}",307,1200,,,-73.90619,40.85822
BRONX,763097,Store,AC,J & E GRAND CONCOURSE RETAIL LLC,FINE FARE SUPERMARKET,2530,GRAND CONCOURSE ####,BRONX,NY,10458,"{'type': 'Point', 'coordinates': [-73.89605, 40.86361]}",307,,,,-73.89605,40.86361
BRONX,763089,Store,AC,LA ECONOMICA MEAT MARKET INC,LA ECONOMICA MEAT MARKET,1717,UNIVERSITY AVE ####,BRONX,NY,10453,"{'type': 'Point', 'coordinates': [-73.91689, 40.84959]}",307,1200,,,-73.91689,40.84959
BRONX,763082,Store,AC,GORDO DELI DELIGHT INC,GORDO DELI DELIGHT,5189,BROADWAY,BRONX,NY,10463,"{'type': 'Point', 'coordinates': [-73.91013, 40.87434]}",749,1500,,,-73.91013,40.87434
BRONX,763061,Store,AC,FAMILY MEXICAN DELI CORP,FAMILY MEXICAN DELI,1865,E TREMONT AVE,BRONX,NY,10460,"{'type': 'Point', 'coordinates': [-73.86474, 40.84103]}",307,1300,,,-73.86474,40.84103
BRONX,763059,Store,AC,AZTECA DELI LLC,AZTECA DELI,1207,BEACH AVE,BRONX,NY,10472,"{'type': 'Point', 'coordinates': [-73.86596, 40.83015]}",307,600,,,-73.86596,40.83015
BRONX,763023,Store,AC,BRONX DELI & MINI MARKET INC,BRONX DELI & MINI MARKET,3645,BRUCKNER BLVD,BRONX,NY,10461,"{'type': 'Point', 'coordinates': [-73.8272, 40.85157]}",307,1200,,,-73.8272,40.85157
BRONX,763020,Store,AC,MR SAM DELI CORP,MR SAM DELI,1950,BRYANT AVE,BRONX,NY,10460,"{'type': 'Point', 'coordinates': [-73.88169, 40.84048]}",307,,,,-73.88169,40.84048
BRONX,763012,Store,AC,BALDE FAMILY GENERAL MERCHANDISING LLC,BALDE FAMILY GENERAL MERCHANDISING,756,BURKE AVENUE ##,BRONX,NY,10467,"{'type': 'Point', 'coordinates': [-73.86483, 40.8714]}",307,,,,-73.86483,40.8714
BRONX,763011,Store,A,ESTRELLA MEATS FRUITS & GROCERY 2 CORP,ESTRELLA MEATS FRUITS & GROCERY 2,350,E GUN HILL RD,BRONX,NY,10467,"{'type': 'Point', 'coordinates': [-73.87281, 40.87877]}",307,1000,,,-73.87281,40.87877
BRONX,762996,Store,A,ALEX CANDY STORE CORP,ALEX CANDY STORE,1373A,OGDEN AVE,BRONX,NY,10452,"{'type': 'Point', 'coordinates': [-73.92455, 40.8419]}",307,,,,-73.92455,40.8419
BRONX,762990,Store,AC,BETWEEN THE BUN DELI 4 CORP,BETWEEN THE BUN DELI 4,439,E 162ND ST###,BRONX,NY,10451,"{'type': 'Point', 'coordinates': [-73.91222, 40.82437]}",307,,,,-73.91222,40.82437
BRONX,762971,Store,AC,787 DELI GROCERY CORP,787 DELI GROCERY,787,EAST 185TH STREET ####,BRONX,NY,10460,"{'type': 'Point', 'coordinates': [-73.88235, 40.85229]}",307,,,,-73.88235,40.85229
BRONX,762938,Store,AC,1000 MEAT AND FOOD CORP,SHOP FRESH FOOD MARKETPLACE,1000,MORRIS AVE,BRONX,NY,10456,"{'type': 'Point', 'coordinates': [-73.91655, 40.82903]}",307,30000,,,-73.91655,40.82903
BRONX,762916,Store,AC,ROLLIE FOOD CORP,ROLLIE FOOD,3690,3RD AVE,BRONX,NY,10456,"{'type': 'Point', 'coordinates': [-73.90355, 40.83497]}",307,,,,-73.90355,40.83497
BRONX,762915,Store,AC,SAAM DELI AND GROCERY CORP,SAAM DELI AND GROCERY,45,RICHMAN PLAZA,BRONX,NY,10453,"{'type': 'Point', 'coordinates': [-73.92236, 40.85205]}",307,140000,,,-73.92236,40.85205
BRONX,762907,Store,AC,STOP 1 MINI MARKET & DELI INC,STOP 1 MINI MARKET & DELI,1360,E GUN HILL ROAD,BRONX,NY,10469,"{'type': 'Point', 'coordinates': [-73.84611, 40.87041]}",307,,,,-73.84611,40.87041
BRONX,762906,Store,AC,DTJ 1727 CORP,ANTILLANA MARKET PLACE,1725,UNIVERSITY AVE,BRONX,NY,10453,"{'type': 'Point', 'coordinates': [-73.91669, 40.84973]}",307,12000,,,-73.91669,40.84973
BRONX,762888,Store,AC,TREMONT FOOD MARKET INC,TREMONT FOOD MARKET,920,E TREMONT AVE,BRONX,NY,10460,"{'type': 'Point', 'coordinates': [-73.8837, 40.84175]}",307,1000,,,-73.8837,40.84175
BRONX,762887,Store,A,SANAA DISCOUNT INC,SANAA DISCOUNT,778,MORRIS PARK AVE,BRONX,NY,10462,"{'type': 'Point', 'coordinates': [-73.86323, 40.84582]}",307,,,,-73.86323,40.84582
BRONX,762822,Store,AC,TOP DELI CONVENIENCE CORP,TOP DELI CONVENIENCE,4125,WHITE PLAINS RD,BRONX,NY,10466,"{'type': 'Point', 'coordinates': [-73.85848, 40.89143]}",307,1000,,,-73.85848,40.89143
BRONX,762804,Store,AC,BELLA FE MARKET CORP,BELLA FE MARKET,571,E 184TH STREET ####,BRONX,NY,10458,"{'type': 'Point', 'coordinates': [-73.88998, 40.85418]}",307,,,,-73.88998,40.85418
BRONX,762802,Store,AC,2750 FOOD CORP,ANTILLANA SUPERFOOD MARKETPLACE,2750,EAST TREMONT AVENUE,BRONX,NY,10461,"{'type': 'Point', 'coordinates': [-73.84425, 40.84208]}",307,4,,,-73.84425,40.84208
BRONX,762791,Store,AC,GALINDO FARM INC,GALINDO FARM,4160,WHITE PLAINS ROAD,BRONX,NY,10467,"{'type': 'Point', 'coordinates': [-73.85792, 40.89244]}",307,,,,-73.85792,40.89244
BRONX,762749,Store,AC,GREENLAND FARM DELI MART CORP,GREENLAND FARM DELI MART,5670,RIVERDALE,BRONX,NY,10471,"{'type': 'Point', 'coordinates': [-73.90432, 40.90604]}",307,,,,-73.90432,40.90604
BRONX,762731,Store,AC,METRO D DELICATESSEN THE INC,METRO D DELICATESSEN THE,2231,GRAND CONCOURSE ####,BRONX,NY,10453,"{'type': 'Point', 'coordinates': [-73.90096, 40.85611]}",307,2000,,,-73.90096,40.85611
BRONX,762653,Store,AC,ALLERTONN DELI MARKET CORPORATION,ALLERTONN DELI MARKET,1305,ALLERTON AVE,BRONX,NY,10469,"{'type': 'Point', 'coordinates': [-73.84866, 40.86531]}",307,,,,-73.84866,40.86531
BRONX,762645,Store,AC,KRK BENDICION DELI GROCERY CORP,KRK BENDICION DELI GROCERY,1721,EAST 174TH STREET ####,BRONX,NY,10472,"{'type': 'Point', 'coordinates': [-73.87077, 40.83466]}",307,1100,,,-73.87077,40.83466
BRONX,762631,Store,AC,BUUNNI COFFEE LLC,ROASTING ROOM THE,542,BARRETTO ST,BRONX,NY,10474,"{'type': 'Point', 'coordinates': [-73.88848, 40.81117]}",307,5000,,,-73.88848,40.81117
BRONX,762597,Store,A,JOSE MINI MARKET INC,JOSE MINI MARKET,549,SOUTHERN BLVD,BRONX,NY,10455,"{'type': 'Point', 'coordinates': [-73.90358, 40.81228]}",307,,,,-73.90358,40.81228
BRONX,762585,Store,AC,E & Y DELI GROCERY CORP,E & Y DELI GROCERY,1312,JEROME AVE,BRONX,NY,10452,"{'type': 'Point', 'coordinates': [-73.91915, 40.83834]}",307,1800,,,-73.91915,40.83834
BRONX,762584,Store,AC,1007 GOURMET DELI INC,1007 GOURMET DELI,1007,SOUTHERN BLVD,BRONX,NY,10459,"{'type': 'Point', 'coordinates': [-73.89179, 40.82304]}",307,,,,-73.89179,40.82304
BRONX,762527,Store,AC,LUZ VEGETABLE FRUIT & GROCERY LLC,LUZ VEGETABLE MARKET,350A,EAST 204TH STREET ####,BRONX,NY,10467,"{'type': 'Point', 'coordinates': [-73.87766, 40.87202]}",307,500,,,-73.87766,40.87202
BRONX,762509,Store,AC,FAITH SUPERMARKET CORP,CHERRY VALLEY MARKET PLACE,2852,WEBSTER AVENUE,BRONX,NY,10458,"{'type': 'Point', 'coordinates': [-73.88472, 40.86663]}",307,,,,-73.88472,40.86663
BRONX,762506,Store,A,LA FARMA LLC,A1 HEALTH PHARMACY,1003,OGDEN AVE,BRONX,NY,10452,"{'type': 'Point', 'coordinates': [-73.9293, 40.83307]}",307,2000,,,-73.9293,40.83307
BRONX,762499,Store,AC,ONE KING DELI INC,ONE KING DELI,65,W KINGBRIDGE RD###,BRONX,NY,10468,"{'type': 'Point', 'coordinates': [-73.90014, 40.86807]}",307,,,,-73.90014,40.86807
BRONX,762487,Store,AC,CASITA MARIA DELI CORP,CASITA MARIA DELI,1020-1022,EAST 163RD STREET,BRONX,NY,10459,"{'type': 'Point', 'coordinates': [-73.89225, 40.82098]}",307,,,,-73.89225,40.82098
BRONX,762444,Store,AC,80 BRONX FINEST MARKET INC,80 BRONX FINEST MARKET,2109,SOUTHERN BLVD,BRONX,NY,10460,"{'type': 'Point', 'coordinates': [-73.88436, 40.84614]}",307,1750,,,-73.88436,40.84614
BRONX,762393,Store,AC,QUALITY NY MEAT &FISH MRKT 2 CORP,QUALITY NY MEAT & FISH,3722,WHITE PLAINS RD,BRONX,NY,10467,"{'type': 'Point', 'coordinates': [-73.86366, 40.88207]}",307,1200,,,-73.86366,40.88207
BRONX,762387,Store,AC,RANCH DELI CORP,RANCH DELI,3511,E TREMONT AVE,BRONX,NY,10465,"{'type': 'Point', 'coordinates': [-73.8264, 40.8309]}",307,,,,-73.8264,40.8309
BRONX,762385,Store,AC,CIARAS DELI CORP,CIARAS DELI,89,W 170TH STREET,BRONX,NY,10452,"{'type': 'Point', 'coordinates': [-73.92222, 40.84038]}",307,1800,,,-73.92222,40.84038
BRONX,762381,Store,AC,77 SWIPER DELI CORP,77 SWIPER DELI,2742,E TREMONT AVE,BRONX,NY,10461,"{'type': 'Point', 'coordinates': [-73.84448, 40.84217]}",307,,,,-73.84448,40.84217
BRONX,762380,Store,AC,MUNCHIES DELI CORP,MUNCHIES DELI,500,BAYCHESTER AVE,BRONX,NY,10475,"{'type': 'Point', 'coordinates': [-73.83149, 40.86913]}",307,,,,-73.83149,40.86913
BRONX,762372,Store,AC,4158 MEAT MARKET INC,4158 MEAT MARKET,4158,WHITE PLAINS RD,BRONX,NY,10466,"{'type': 'Point', 'coordinates': [-73.85796, 40.89238]}",307,,,,-73.85796,40.89238
BRONX,762350,Store,AC,LA TIA DELI GROCERY INC,LA TIA DELI GROCERY,253,E 188TH STREET ####,BRONX,NY,10458,"{'type': 'Point', 'coordinates': [-73.89616, 40.86094]}",307,900,,,-73.89616,40.86094
BRONX,762315,Store,AC,LAS 3S R DELI GROCERY CORP,LAS 3'S DELI GROCERY,1001,E 167TH ST,BRONX,NY,10459,"{'type': 'Point', 'coordinates': [-73.88968, 40.82677]}",307,1000,,,-73.88968,40.82677
BRONX,762264,Store,AC,EL NAZARENO MEAT PRODUCT CORP,EL NAZARENO MEAT PRODUCT,152,E 171ST STREET,BRONX,NY,10452,"{'type': 'Point', 'coordinates': [-73.91416, 40.84022]}",307,1200,,,-73.91416,40.84022
BRONX,762254,Store,AC,A1 GOURMET DELI INC,A1 GOURMET DELI,1800-02,CEDAR AVE,BRONX,NY,10453,"{'type': 'Point', 'coordinates': [-73.92033, 40.85255]}",307,1100,,,-73.92033,40.85255
BRONX,762227,Store,AC,MUNCHN OUT FOOD & CONVENIENCE CORP,MUNCH'N OUT FOOD & CONVENIENCE,1215,GRAND CONCOURSE,BRONX,NY,10452,"{'type': 'Point', 'coordinates': [-73.91779, 40.83464]}",307,900,,,-73.91779,40.83464
BRONX,762217,Store,AC,FRESH & TASTY SUSHI INC,FRESH & TASTY SUSHI,2870,WEBSTER AVE,BRONX,NY,10458,"{'type': 'Point', 'coordinates': [-73.88369, 40.86692]}",307,,,,-73.88369,40.86692
BRONX,762215,Store,AC,JIMENEZ AMABLE,PELLE MEAT & PRODUCE MARKET,931,EAST 174TH STREET,BRONX,NY,10460,"{'type': 'Point', 'coordinates': [-73.88703, 40.83715]}",307,,,,-73.88703,40.83715
BRONX,762205,Store,AC,GEES GOURMET DELI INC,GEES GOURMET DELI,4028,BOSTON RD,BRONX,NY,10475,"{'type': 'Point', 'coordinates': [-73.83112, 40.88474]}",307,1000,,,-73.83112,40.88474
BRONX,762199,Store,AC,VALENTINO DELI GROCERY CORP,VALENTINO DELI GROCERY,3321,3RD AVE,BRONX,NY,10456,"{'type': 'Point', 'coordinates': [-73.9078, 40.8264]}",307,,,,-73.9078,40.8264
BRONX,762164,Store,AC,MACCA HALAL MARKET 2 INC,ALMADENAH HALAL MEAT MA,869,MORRIS PARK AVE,BRONX,NY,10462,"{'type': 'Point', 'coordinates': [-73.86, 40.84667]}",307,2500,,,-73.86,40.84667
BRONX,762159,Store,AC,FAMILIA CONVENIENCE CORP,FAMILIA CONVENIENCE,2112,WESTCHESTER AVE,BRONX,NY,10462,"{'type': 'Point', 'coordinates': [-73.85388, 40.83398]}",307,,,,-73.85388,40.83398
BRONX,762149,Store,AC,EL TORITO MEAT MARKET CORP,EL TORITO MEAT MARKET,577,EAST 187TH ST,BRONX,NY,10458,"{'type': 'Point', 'coordinates': [-73.88826, 40.85592]}",307,,,,-73.88826,40.85592
BRONX,762137,Store,AC,FERNANDEZ DELI GROCERY II CORP,FERNANDEZ DELI GROCERY II,986,ROGERS PLACE,BRONX,NY,10459,"{'type': 'Point', 'coordinates': [-73.89761, 40.82374]}",307,,,,-73.89761,40.82374
BRONX,762106,Store,AC,GUATELINDA DELI CORP,GUATELINDA DELI,1526,WESTCHESTER AVE,BRONX,NY,10472,"{'type': 'Point', 'coordinates': [-73.87875, 40.82862]}",307,1000,,,-73.87875,40.82862
BRONX,762099,Store,AC,INJ DELI & GROCERY CORP,INJ DELI & GROCERY,292,E 166TH ST,BRONX,NY,10456,"{'type': 'Point', 'coordinates': [-73.91471, 40.83021]}",307,1400,,,-73.91471,40.83021
BRONX,762092,Store,A,ALLYSSIA DISCOUNTS CORP,ALLYSSIA DISCOUNTS,172,W FORDHAM RD ####,BRONX,NY,10468,"{'type': 'Point', 'coordinates': [-73.90859, 40.86278]}",307,700,,,-73.90859,40.86278
BRONX,762035,Store,AC,DELI GROCERY MANA DEL CIELO INC,DELI GROCERY MANA DEL CIELO,1305,ROSEDALE AVE,BRONX,NY,10472,"{'type': 'Point', 'coordinates': [-73.86948, 40.83278]}",307,1000,,,-73.86948,40.83278
BRONX,762019,Store,AC,3RD AVE FISH MARKET CORP,3RD AVE FISH MARKET,3240,THIRD AVE ####,BRONX,NY,10451,"{'type': 'Point', 'coordinates': [-73.90881, 40.82388]}",307,900,,,-73.90881,40.82388
BRONX,761990,Store,AC,CARNICERIA EL TORITO CORP,CARNICERIA EL TORITO,513,EAST 180TH STREET ####,BRONX,NY,10457,"{'type': 'Point', 'coordinates': [-73.89442, 40.85088]}",307,1200,,,-73.89442,40.85088
BRONX,761943,Store,AC,WICKHAM MINI MARKET CORP,WICKHAM MINI MARKET,4400,WICKHAM AVE  STORE A,BRONX,NY,10466,"{'type': 'Point', 'coordinates': [-73.85059, 40.89848]}",307,,,,-73.85059,40.89848
BRONX,761934,Store,AC,M&M SUPERMARKET AND HALAL MEAT INC,M&M SUPERMARKET AND HALAL MEAT,239,E KINGSBRIDGE RD,BRONX,NY,10458,"{'type': 'Point', 'coordinates': [-73.89401, 40.86494]}",307,900,,,-73.89401,40.86494
BRONX,761933,Store,A,DREAMS 1 99C CORPORATION,99 CENT DREAMS,874,HUNTS POINT AVE,BRONX,NY,10474,"{'type': 'Point', 'coordinates': [-73.88928, 40.81878]}",307,,,,-73.88928,40.81878
BRONX,761914,Store,AC,AM FAMILY SUPERMARKET CORP,AM FAMILY SUPERMARKET,1025,MORRIS PARK AVE,BRONX,NY,10461,"{'type': 'Point', 'coordinates': [-73.85523, 40.84857]}",307,3000,,,-73.85523,40.84857
BRONX,761834,Store,AC,YEDELINE DELI & GROCERY 3 CORP,YEDELINE DELI & GROCERY 3,900,HOE AVE,BRONX,NY,10459,"{'type': 'Point', 'coordinates': [-73.89028, 40.82135]}",307,,,,-73.89028,40.82135
BRONX,761832,Store,AC,AISLYN MEAT MARKET INC,AISLYN MEAT MARKET,3981,LACONIA AVE,BRONX,NY,10466,"{'type': 'Point', 'coordinates': [-73.84913, 40.88448]}",307,1200,,,-73.84913,40.88448
BRONX,761803,Store,AC,EL CIELO MEXICANO DELI GROCERY CO,EL CIELO MEXICANO DELI GROCERY,1701,CASTLE HILL AVE,BRONX,NY,10462,"{'type': 'Point', 'coordinates': [-73.85296, 40.84036]}",307,400,,,-73.85296,40.84036
BRONX,761788,Store,AC,3001 PLAZA LIBRE FOOD CORP,3001 PLAZA LIBRE FOOD,3001,KINGSBRIDGE TERRACE,BRONX,NY,10463,"{'type': 'Point', 'coordinates': [-73.90213, 40.87564]}",307,1200,,,-73.90213,40.87564
BRONX,761784,Store,AC,FRESH & TASTY SUSHI INC,FRESH & TASTY SUSHI,421,E 189TH STREET,BRONX,NY,10458,"{'type': 'Point', 'coordinates': [-73.89188, 40.86024]}",307,30,,,-73.89188,40.86024
BRONX,761772,Store,A,CHULAMEX LLC,CHULAMEX,3622,WHITE PLAINS ROAD,BRONX,NY,10467,"{'type': 'Point', 'coordinates': [-73.8648, 40.87986]}",307,,,,-73.8648,40.87986
BRONX,761699,Store,AC,FREEMAN DELI GROCERY CORP,FREEMAN DEL GROCERY,854,FREEMAN ST,BRONX,NY,10459,"{'type': 'Point', 'coordinates': [-73.89572, 40.83051]}",307,,,,-73.89572,40.83051
BRONX,761637,Store,AC,HOE CANDY GROCERY CORP,HOE CANDY GROCERY,937,E 172ND ST,BRONX,NY,10460,"{'type': 'Point', 'coordinates': [-73.88902, 40.83382]}",307,1000,,,-73.88902,40.83382
BRONX,761626,Store,AC,HALAL MEAT & GROCERY LLC,HALAL MEAT & GROCERY,1152,SHERMAN AVE STORE 2,BRONX,NY,10456,"{'type': 'Point', 'coordinates': [-73.91664, 40.83249]}",307,800,,,-73.91664,40.83249
BRONX,761622,Store,AC,ULISESS BUTCHER SHOP NY INC,ULISESS BUTCHER SHOP NY,956,LONGWOOD AVE###,BRONX,NY,10459,"{'type': 'Point', 'coordinates': [-73.89827, 40.81755]}",307,,,,-73.89827,40.81755
BRONX,761605,Store,A,UTC PHARMACY INC,HEALTH PLUS SPECIALTY PHARMACY,516,E 149TH ST,BRONX,NY,10455,"{'type': 'Point', 'coordinates': [-73.91457, 40.8148]}",307,,,,-73.91457,40.8148
BRONX,761596,Store,AC,JK & SONS CORPORATION,JK & SONS,952,FREEMAN STREET,BRONX,NY,10459,"{'type': 'Point', 'coordinates': [-73.89025, 40.83012]}",307,,,,-73.89025,40.83012
BRONX,761553,Store,AC,732 FOOD CORP,732 FOOD,732,COURTLANDT AVE,BRONX,NY,10451,"{'type': 'Point', 'coordinates': [-73.91746, 40.82121]}",307,1200,,,-73.91746,40.82121
BRONX,761523,Store,AC,ARIES FISH MARKET INC,ARIES FISH MARKET,748,LYDIG AVE ##,BRONX,NY,10462,"{'type': 'Point', 'coordinates': [-73.86598, 40.85446]}",307,3000,,,-73.86598,40.85446
BRONX,761520,Store,AC,HONEST KING DELI GROCERY CORP,HONEST KING DELI GROCERY,1587,THIERIOT AVE,BRONX,NY,10460,"{'type': 'Point', 'coordinates': [-73.8662, 40.84027]}",307,1800,,,-73.8662,40.84027
BRONX,761508,Store,AC,165 CONVENIENCE & MORE CORP,165 CONVENIENCE & MORE,1036,SHERIDAN AVE,BRONX,NY,10456,"{'type': 'Point', 'coordinates': [-73.91906, 40.83014]}",307,,,,-73.91906,40.83014
BRONX,761447,Store,AC,WB SEAFOOD INC,WB SEAFOOD,1041,PROSPECT AVE,BRONX,NY,10459,"{'type': 'Point', 'coordinates': [-73.90006, 40.82491]}",307,,,,-73.90006,40.82491
BRONX,761416,Store,AC,10 DAYS GROCERY CORP,10 DAYS GROCERY,459,BROOK AVE,BRONX,NY,10455,"{'type': 'Point', 'coordinates': [-73.9163, 40.8126]}",307,1800,,,-73.9163,40.8126
BRONX,761410,Store,AC,MOSES BAGELS & MORE CORP,MOSES BAGELS & MORE,674,ALLERTON AVE,BRONX,NY,10467,"{'type': 'Point', 'coordinates': [-73.8682, 40.86543]}",307,,,,-73.8682,40.86543
BRONX,761405,Store,AC,K&M GOURMET DELI CORP,K&M GOURMET DELI,69,FEATHERBED LN,BRONX,NY,10452,"{'type': 'Point', 'coordinates': [-73.9175, 40.84634]}",307,1000,,,-73.9175,40.84634
BRONX,761392,Store,AC,MANA DELI & GROCERY CORP,MANA DELI & GROCERY,1680,GLEASON AVE###,BRONX,NY,10472,"{'type': 'Point', 'coordinates': [-73.87127, 40.82922]}",307,800,,,-73.87127,40.82922
BRONX,761388,Store,AC,A & E HEALTHY CHOICE CORP,A & E HEALTHY CHOICE,237,WILLIS AVE,BRONX,NY,10454,"{'type': 'Point', 'coordinates': [-73.92271, 40.80935]}",307,,,,-73.92271,40.80935
BRONX,761378,Store,A,SKYLINER CONVENIENCE CORP,SKYLINER CONVENIENCE,3815,E TREMONT AVE ####,BRONX,NY,10465,"{'type': 'Point', 'coordinates': [-73.82035, 40.82466]}",307,,,,-73.82035,40.82466
BRONX,761376,Store,AC,LA TIENDITA DONA FIDE 2 CORP,LA TIENDITA DONA FIDE 2,2589,ST RAYMOND AVENUE,BRONX,NY,10461,"{'type': 'Point', 'coordinates': [-73.84548, 40.8431]}",307,800,,,-73.84548,40.8431
BRONX,761373,Store,A,BRONX MINI MART CORP,BRONX MINI MART,3324,3RD AVE ####,BRONX,NY,10456,"{'type': 'Point', 'coordinates': [-73.90791, 40.82613]}",307,1000,,,-73.90791,40.82613
BRONX,761360,Store,AC,SIMREEN PACKING ENTERPRISE INC,MUSA MEAT MARKET,1260,WESTCHESTER AVE,BRONX,NY,10459,"{'type': 'Point', 'coordinates': [-73.88741, 40.82701]}",307,,,,-73.88741,40.82701
BRONX,761313,Store,AC,MOTT HAVENS MARKETPLACE INC,MOTT HAVEN'S MARKETPLACE,441,GERARD AVE ##,BRONX,NY,10451,"{'type': 'Point', 'coordinates': [-73.92981, 40.8175]}",307,1800,,,-73.92981,40.8175
BRONX,761307,Store,AC,KIMBERLY DELI GROCERY CORP,KIMBERLY DELI GROCERY,3340-44,FORT INDEPENDENCE STREET,BRONX,NY,10463,"{'type': 'Point', 'coordinates': [-73.89963, 40.87907]}",307,2000,,,-73.89963,40.87907
BRONX,761303,Store,AC,M&A DELI GROCERY 1 INC,M&A DELI GROCERY 1,374,E 188TH ST,BRONX,NY,10458,"{'type': 'Point', 'coordinates': [-73.89357, 40.86006]}",307,700,,,-73.89357,40.86006
BRONX,761224,Store,AC,MAX FRESH FOOD DELI CORP,MAX FRESH FOOD DELI,870,PROSPECT AVE,BRONX,NY,10459,"{'type': 'Point', 'coordinates': [-73.90137, 40.82027]}",307,,,,-73.90137,40.82027
BRONX,761206,Store,AC,BEST DELI & GRILL II CORP,BEST DELI & GRILL II,201,W 242ND ST,BRONX,NY,10471,"{'type': 'Point', 'coordinates': [-73.89878, 40.88948]}",307,1500,,,-73.89878,40.88948
BRONX,761204,Store,AC,MI TEHUACAN CORP,MI TEHUACAN,2446,E TREMONT AVE ##,BRONX,NY,10461,"{'type': 'Point', 'coordinates': [-73.8517, 40.84267]}",307,,,,-73.8517,40.84267
BRONX,761197,Store,AC,OLINVILLE DELI PLAZA CORP,OLINVILLE DELI PLAZA,2220,OLINVILLE AVE,BRONX,NY,10467,"{'type': 'Point', 'coordinates': [-73.86859, 40.85865]}",307,1200,,,-73.86859,40.85865
BRONX,761150,Store,AC,EL TRIANGULO DELI MARKET INC,EL TRIANGULO DELI MARKET,2160,TIEBOUT AVENUE ##,BRONX,NY,10457,"{'type': 'Point', 'coordinates': [-73.89852, 40.85428]}",307,1800,,,-73.89852,40.85428
BRONX,761136,Store,A,HUSSIENS 99 CENTS AND UP INC,HUSSIENS 99 CENTS AND UP,2128,JEROME AVENUE FRNT 3 ##,BRONX,NY,10453,"{'type': 'Point', 'coordinates': [-73.90573, 40.85567]}",307,800,,,-73.90573,40.85567
BRONX,761132,Store,A,W CANDY CORP,W CANDY,641,COURTLANDT AVE,BRONX,NY,10451,"{'type': 'Point', 'coordinates': [-73.9185, 40.81882]}",307,,,,-73.9185,40.81882
BRONX,761118,Store,AC,1285 ROYALTY GOURMET DELI & GROC CORP,1285 ROYALTY GOURMET,1285,SOUTHERN BLVD,BRONX,NY,10459,"{'type': 'Point', 'coordinates': [-73.89183, 40.83033]}",307,2000,,,-73.89183,40.83033
BRONX,761096,Store,AC,GUNHILL MEXICAN DELI GROCERY LLC,GUNHILL MEXICAN DELI GROCERY,751,E GUN HILL ROAD STE B,BRONX,NY,10467,"{'type': 'Point', 'coordinates': [-73.86397, 40.8766]}",307,800,,,-73.86397,40.8766
BRONX,761074,Store,AC,53 CHOPPED CHEESE CORP,53 CHOPPED CHEESE,53,W FORDHAM RD,BRONX,NY,10468,"{'type': 'Point', 'coordinates': [-73.90348, 40.86274]}",307,1400,,,-73.90348,40.86274
BRONX,761067,Store,AC,6052 DOLPHINS GOURMET DELI CORP,6052 DOLPHINS GOURMET DELI,6052,RIVERDALE AVE,BRONX,NY,10471,"{'type': 'Point', 'coordinates': [-73.90328, 40.91]}",307,1700,,,-73.90328,40.91
BRONX,761066,Store,AC,TREMONT 10 STAR GOURMET CORP,TREMONT 10 STAR GOURMET,303,E TREMONT AVE,BRONX,NY,10457,"{'type': 'Point', 'coordinates': [-73.90305, 40.84866]}",307,,,,-73.90305,40.84866
BRONX,761055,Store,AC,HALA DELI CORP,HALA DELI,2086,ARTHUR AVE,BRONX,NY,10457,"{'type': 'Point', 'coordinates': [-73.8917, 40.84921]}",307,900,,,-73.8917,40.84921
BRONX,761023,Store,AC,TACO GRANDE DELI CORP,TACO GRANDE DELI,1257,ST LAWRENCE AVE,BRONX,NY,10472,"{'type': 'Point', 'coordinates': [-73.86721, 40.83144]}",307,800,,,-73.86721,40.83144
BRONX,760985,Store,AC,H&S CONVENIENCE CORP,H&S CONVENIENCE,288,EAST 174TH STREET ###,BRONX,NY,10457,"{'type': 'Point', 'coordinates': [-73.90506, 40.8446]}",307,1000,,,-73.90506,40.8446
BRONX,760984,Store,AC,BLACK OLIVE GOURMET INC,BLACK OLIVE GOURMET,1318,JEROME AVE,BRONX,NY,10452,"{'type': 'Point', 'coordinates': [-73.91895, 40.8386]}",307,1200,,,-73.91895,40.8386
BRONX,760983,Store,AC,9 STAR DELI AND GROCERY CORP,9 STAR DELI AND GROCERY,900,ALLERTON AVE,BRONX,NY,10469,"{'type': 'Point', 'coordinates': [-73.86133, 40.86555]}",307,,,,-73.86133,40.86555
BRONX,760979,Store,AC,UNITY AFRICAN MARKET LLC,UNITY AFRICAN MARKET,60,E 174TH ST.,BRONX,NY,10452,"{'type': 'Point', 'coordinates': [-73.91271, 40.84489]}",307,1000,,,-73.91271,40.84489
BRONX,760974,Store,AC,NUEVA ESPERANZA DELI 2 CORP,NUEVA ESPERANZA DELI,1374,SHERIDAN AVE ##,BRONX,NY,10456,"{'type': 'Point', 'coordinates': [-73.91294, 40.83805]}",307,500,,,-73.91294,40.83805
BRONX,760938,Store,AC,NAJIM GOURMET DELI INC,NAJIM GOURMET DELI,526,MORRIS PARK AVE,BRONX,NY,10460,"{'type': 'Point', 'coordinates': [-73.87169, 40.84231]}",307,,,,-73.87169,40.84231
BRONX,760895,Store,AC,MORRIS MINI MARKET CORP,MORRIS MINI MARKET,554,MORRIS AVENUE,BRONX,NY,10451,"{'type': 'Point', 'coordinates': [-73.92265, 40.81763]}",307,1200,,,-73.92265,40.81763
BRONX,760883,Store,AC,SAM 4 DELI GROCERY INC,SAM 4 DELI GROCERY,2039,GRAND CONCOURSE,BRONX,NY,10453,"{'type': 'Point', 'coordinates': [-73.90404, 40.85215]}",307,1000,,,-73.90404,40.85215
BRONX,760864,Store,AC,SKANDERBEG ALBANIAN MARKET LLC,SKANDERBEG ALBANIAN MARKET,2000,CONTINENTAL AVE,BRONX,NY,10461,"{'type': 'Point', 'coordinates': [-73.82948, 40.85215]}",307,600,,,-73.82948,40.85215
BRONX,760782,Store,AC,ONE BEST DELI & MORE CORP,ONE BEST DELI & MORE,3807,E TREMONT FL 1 ##,BRONX,NY,10465,"{'type': 'Point', 'coordinates': [-73.82044, 40.82486]}",307,1000,,,-73.82044,40.82486
BRONX,760773,Store,AC,KPODA CT SERVICES LLC,KPODA CT SERVICES,383,E 169TH ST,BRONX,NY,10456,"{'type': 'Point', 'coordinates': [-73.90982, 40.83427]}",307,600,,,-73.90982,40.83427
BRONX,760772,Store,AC,U-RAY HALAL MEAT & FISH CORP,U-RAY HALAL MEAT & FISH,1378,BOSTON ROAD,BRONX,NY,10456,"{'type': 'Point', 'coordinates': [-73.89821, 40.83258]}",307,,,,-73.89821,40.83258
BRONX,760662,Store,AC,WHEELER DELI GROCERY CORPORATION,WHEELER DELI GROCERY,1209,WHEELER AVE,BRONX,NY,10472,"{'type': 'Point', 'coordinates': [-73.8802, 40.82888]}",307,1000,,,-73.8802,40.82888
BRONX,760633,Store,AC,BRONX FAMOUS DELI CORP,BRONX FAMOUS DELI,782,E 163RD ST,BRONX,NY,10456,"{'type': 'Point', 'coordinates': [-73.9029, 40.82266]}",307,,,,-73.9029,40.82266
BRONX,760617,Store,AC,174TH GRAND FOODMART CORP,174TH GRAND FOODMART,1645,GRAND AVE,BRONX,NY,10453,"{'type': 'Point', 'coordinates': [-73.91512, 40.84699]}",307,1800,,,-73.91512,40.84699
BRONX,760539,Store,A,TOP HELL MINI MART MARKET CORP,TOP HELL MINI MART MARKET,708,CASTLE HILL AVE,BRONX,NY,10473,"{'type': 'Point', 'coordinates': [-73.84857, 40.82135]}",307,,,,-73.84857,40.82135
BRONX,760512,Store,AC,3RD AVE BLUE STAR CORP,3RD AVE BLUE STAR,2614,3RD AVE,BRONX,NY,10454,"{'type': 'Point', 'coordinates': [-73.92504, 40.81223]}",307,1300,,,-73.92504,40.81223
BRONX,760509,Store,AC,3 X 3 KITCHEN PROVISIONS LLC,3 X 3 KITCHEN PROVISIONS,3601,FIELDSTON RD,BRONX,NY,10463,"{'type': 'Point', 'coordinates': [-73.90659, 40.88679]}",307,1000,,,-73.90659,40.88679
BRONX,760507,Store,AC,TOP DELI & MORE CORP,TOP DELI & MORE,743,BURKE AVE,BRONX,NY,10467,"{'type': 'Point', 'coordinates': [-73.86508, 40.87141]}",307,,,,-73.86508,40.87141
BRONX,760464,Store,AC,BROTHERS GROCERY & CONVENIENCE INC,BROTHERS GROCERY & CONVENIENCE,271,EAST 161ST ST,BRONX,NY,10451,"{'type': 'Point', 'coordinates': [-73.91815, 40.8255]}",307,1800,,,-73.91815,40.8255
BRONX,760457,Store,AC,SOCOTRA MEAT MARKET LLC,SOCOTRA MEAT MARKET,762,ALLERTON AVE,BRONX,NY,10467,"{'type': 'Point', 'coordinates': [-73.86502, 40.86548]}",307,1000,,,-73.86502,40.86548
BRONX,760455,Store,A,MAX DEALS OGDEN INC,DOLLAR DEALS,1049,OGDEN AVE ####,BRONX,NY,10452,"{'type': 'Point', 'coordinates': [-73.9286, 40.83431]}",307,,,,-73.9286,40.83431
BRONX,760453,Store,A,MOODY GROCERY CORP,MOODY GROCERY,2660,3RD AVE,BRONX,NY,10454,"{'type': 'Point', 'coordinates': [-73.92354, 40.813]}",307,800,,,-73.92354,40.813
BRONX,760451,Store,A,MORRO DELI GROCERY CORP,MORRO DELI GROCERY,602,MORRIS AVE #3,BRONX,NY,10451,"{'type': 'Point', 'coordinates': [-73.9222, 40.8187]}",307,800,,,-73.9222,40.8187
BRONX,760449,Store,A,DELI GROCERY 137A CORP,DELI GROCERY 137A,575,E 137TH ST,BRONX,NY,10454,"{'type': 'Point', 'coordinates': [-73.91782, 40.80605]}",307,800,,,-73.91782,40.80605
BRONX,760435,Store,AC,GLOBAL FRUIT MARKET CORP,GLOBAL FRUIT MARKET,722,BURKE AVE,BRONX,NY,10467,"{'type': 'Point', 'coordinates': [-73.86634, 40.87142]}",307,1000,,,-73.86634,40.87142
BRONX,760402,Store,AC,JP BXWOOD GROCERY CORP,JP DELI AND GROCERY,884,E 233RD STREET ###,BRONX,NY,10466,"{'type': 'Point', 'coordinates': [-73.85188, 40.89166]}",307,,,,-73.85188,40.89166
BRONX,760386,Store,AC,WALES AVE GROCERY CORP,WALES AVE GROCERY,481,WALES AVE ####,BRONX,NY,10455,"{'type': 'Point', 'coordinates': [-73.90781, 40.81127]}",307,,,,-73.90781,40.81127
BRONX,760377,Store,AC,LA MIA DELI INC,LA MIA DELI,1398,OGDEN AVENUE,BRONX,NY,10452,"{'type': 'Point', 'coordinates': [-73.92403, 40.8426]}",307,,,,-73.92403,40.8426
BRONX,760358,Store,AC,BAKERY AND TAQUERIA ZITALALY CORPORATION,BAKERY AND TAQUERIA ZITALALY,34,W 183RD ST,BRONX,NY,10453,"{'type': 'Point', 'coordinates': [-73.90524, 40.85882]}",307,1400,,,-73.90524,40.85882
BRONX,760356,Store,AC,MONTER SEAFOOD CORP,MONTER SEAFOOD,3824,WHITE PLAINS RD,BRONX,NY,10467,"{'type': 'Point', 'coordinates': [-73.86238, 40.88438]}",307,,,,-73.86238,40.88438
BRONX,760341,Store,AC,DELY GROCERY METRO LOS REYES INC,DELY GROCERY METRO LOS REYES,531,E 184TH ST,BRONX,NY,10458,"{'type': 'Point', 'coordinates': [-73.89115, 40.8551]}",307,800,,,-73.89115,40.8551
BRONX,760337,Store,AC,MARCS DELI & GROCERY CORP,MARCS DELI & GROCERY,1126,WESTCHESTER AVE,BRONX,NY,10459,"{'type': 'Point', 'coordinates': [-73.88993, 40.82569]}",307,,,,-73.88993,40.82569
BRONX,760309,Store,A,WESTCHESTER AMIGO 99 INC,AMIGO FOOD FOR LESS,1255,WESTCHESTER AVE,BRONX,NY,10459,"{'type': 'Point', 'coordinates': [-73.88723, 40.8271]}",307,,,,-73.88723,40.8271
BRONX,760290,Store,AC,STAR ONE DELI GROCERY 1 CORP,STAR ONE DELI GROCERY 1,541,E TREMONT AVE,BRONX,NY,10457,"{'type': 'Point', 'coordinates': [-73.89549, 40.84652]}",307,1200,,,-73.89549,40.84652
BRONX,760246,Store,AC,LEBANON GOURMET DELI INC,LEBANON GOURMET DELI,750,E 169TH STREET STORE #1,BRONX,NY,10456,"{'type': 'Point', 'coordinates': [-73.89998, 40.83098]}",307,,,,-73.89998,40.83098
BRONX,760240,Store,AC,MAYSA GOURMET DELI 2 CORP,MAYSA GOURMET DELI 2,243B,EAST 138TH ST,BRONX,NY,10451,"{'type': 'Point', 'coordinates': [-73.92801, 40.81164]}",307,800,,,-73.92801,40.81164
BRONX,760230,Store,AC,1612 FRESH MARKET INC,C TOWN,1612,WESTCHESTER AVE,BRONX,NY,10472,"{'type': 'Point', 'coordinates': [-73.87512, 40.82935]}",307,10000,,,-73.87512,40.82935
BRONX,760222,Store,AC,NOVAX DELI CORPORATION,NOVAX DELI,831,DAWSON ST,BRONX,NY,10459,"{'type': 'Point', 'coordinates': [-73.89844, 40.81897]}",307,,,,-73.89844,40.81897
BRONX,760218,Store,AC,1214 CONVENIENCE STORE CORPORATION,1214 CONVENIENCE STORE,1214,SOUTHERN BLVD,BRONX,NY,10459,"{'type': 'Point', 'coordinates': [-73.8919, 40.82902]}",307,,,,-73.8919,40.82902
BRONX,760217,Store,AC,NSR DELI GROCERY CORP,NSR DELI GROCERY,182-B,E 166 STREET,BRONX,NY,10456,"{'type': 'Point', 'coordinates': [-73.91883, 40.8316]}",307,,,,-73.91883,40.8316
BRONX,760170,Store,A,E149 DISCOUNT STORE CORP,E149 DISCOUNT STORE,833,E 149TH ST,BRONX,NY,10455,"{'type': 'Point', 'coordinates': [-73.90523, 40.81244]}",307,1500,,,-73.90523,40.81244
BRONX,760136,Store,AC,ALAND GOURMET DELI 2 INC,ALAND GOURMET DELI 2,1851,ARCHER ST,BRONX,NY,10460,"{'type': 'Point', 'coordinates': [-73.86496, 40.83773]}",307,1000,,,-73.86496,40.83773
BRONX,760107,Store,AC,FIRST HEALTH FRESH GOURMET INC,FIRST HEALTH FRESH GOURMET,795,SOUTHERN BLVD,BRONX,NY,10455,"{'type': 'Point', 'coordinates': [-73.89645, 40.81609]}",307,,,,-73.89645,40.81609
BRONX,760086,Store,A,290 FAMILY DISCOUNT 99CENTS PLUS LLC,290 FAMILY DISCOUNT 99CENTS PLUS,290,E KINGSBRIDGE ROAD,BRONX,NY,10458,"{'type': 'Point', 'coordinates': [-73.89423, 40.86323]}",307,,,,-73.89423,40.86323
BRONX,760078,Store,AC,BRONX PARK CONVENIENCE CORPORATION,BRONX PARK CONVENIENCE,2028,WHITE PLAINS RD,BRONX,NY,10462,"{'type': 'Point', 'coordinates': [-73.86786, 40.85106]}",307,1200,,,-73.86786,40.85106
BRONX,760077,Store,A,NEW HOPE GROCERY INC,NEW HOPE GROCERY,944,ALDUS ST,BRONX,NY,10459,"{'type': 'Point', 'coordinates': [-73.89145, 40.8231]}",307,,,,-73.89145,40.8231
BRONX,760063,Store,AC,LINO DELI GROCERY CORP,LINO DELI GROCERY,1160,BOYNTON AVE,BRONX,NY,10472,"{'type': 'Point', 'coordinates': [-73.87812, 40.82818]}",307,900,,,-73.87812,40.82818
BRONX,760050,Store,A,C&S AFRICAN-CARIBBEAN SUPERMARKET LLC,C&S AFRICAN-CARIBBEAN SUPERMARKET,3535,WHITE PLAINS RD###,BRONX,NY,10467,"{'type': 'Point', 'coordinates': [-73.86611, 40.87845]}",307,700,,,-73.86611,40.87845
BRONX,760049,Store,AC,GREEN VILLAGE MEAT MARKET II CORP,GREEN VILLAGE MEAT MARKET II,116,E 170TH ST###,BRONX,NY,10452,"{'type': 'Point', 'coordinates': [-73.91536, 40.83932]}",307,,,,-73.91536,40.83932
BRONX,760046,Store,AC,CHARLIES DELI & GRILL CORP,CHARLIES DELI & GRILL,2434,CRESTON AVE,BRONX,NY,10468,"{'type': 'Point', 'coordinates': [-73.89885, 40.86143]}",307,,,,-73.89885,40.86143
BRONX,760035,Store,AC,BLUE BAY KITCHEN & MARKET INC,BLUE BAY KITCHEN & MARKET,2769,3RD AVE ##,BRONX,NY,10451,"{'type': 'Point', 'coordinates': [-73.92041, 40.8146]}",307,,,,-73.92041,40.8146
BRONX,760030,Store,AC,JASON DELI & GROCERY CORP,JASON DELI & GROCERY,218,W TREMONT AVE,BRONX,NY,10453,"{'type': 'Point', 'coordinates': [-73.91728, 40.85207]}",307,,,,-73.91728,40.85207
BRONX,760029,Store,AC,SABROSURA 718 DELI INC,SABROSURA 718 DELI,2258,MORRIS AVE,BRONX,NY,10453,"{'type': 'Point', 'coordinates': [-73.90235, 40.8574]}",307,1600,,,-73.90235,40.8574
BRONX,760028,Store,AC,EL SABOR DELI GROCERY CORP,EL SABOR DELI GROCERY,860,E 180TH STREET,BRONX,NY,10460,"{'type': 'Point', 'coordinates': [-73.88325, 40.84538]}",307,1600,,,-73.88325,40.84538
BRONX,760001,Store,AC,ACEMAK DELI & GROCERY INC,ACEMAK DELI & GROCERY,363,E 180TH STREET,BRONX,NY,10457,"{'type': 'Point', 'coordinates': [-73.89863, 40.85201]}",307,,,,-73.89863,40.85201
BRONX,759996,Store,AC,PAYA GOURMET DELI CORP,PAYA GOURMET DELI,1570,E 174TH ST,BRONX,NY,10472,"{'type': 'Point', 'coordinates': [-73.87795, 40.83397]}",307,1000,,,-73.87795,40.83397
BRONX,759984,Store,AC,AA DELI & GRILL INC,AA DELI & GRILL,839C,PROSPECT AVE,BRONX,NY,10459,"{'type': 'Point', 'coordinates': [-73.90155, 40.81986]}",307,2000,,,-73.90155,40.81986
BRONX,759971,Store,AC,NOAH GOURMET DELI INC,NOAH GOURMET DELI,1801,RADCLIFF AVE,BRONX,NY,10462,"{'type': 'Point', 'coordinates': [-73.85723, 40.84792]}",307,1200733,,,-73.85723,40.84792
BRONX,759916,Store,AC,ALCANTARA 05 DELI GROCERY CORP,ALCANTARA 05 DELI GROCERY,1736,ZEREGA AVE,BRONX,NY,10462,"{'type': 'Point', 'coordinates': [-73.85212, 40.84053]}",307,1500,,,-73.85212,40.84053
BRONX,759903,Store,AC,BX23 DELI FOOD CORP,BX23 DELI FOOD,1584,UNIVERSITY###,BRONX,NY,10453,"{'type': 'Point', 'coordinates': [-73.92061, 40.8468]}",307,900,,,-73.92061,40.8468
BRONX,759894,Store,AC,1850 FOOD CORP,ANTILLANA SUPERFOOD MARKETPLACE,1850,JEROME AVENUE,BRONX,NY,10453,"{'type': 'Point', 'coordinates': [-73.91135, 40.84913]}",307,,,,-73.91135,40.84913
BRONX,759882,Store,AC,ORLANDINA DELI GROCERY CORP,ORLANDINA DELI GROCERY,261,EAST 172ND STREET ##,BRONX,NY,10457,"{'type': 'Point', 'coordinates': [-73.91048, 40.8403]}",307,1400,,,-73.91048,40.8403
BRONX,759830,Store,AC,NICOLE DELI GROCERY CORP,NICOLE DELI GROCERY,119,EAST 157TH STREET ##,BRONX,NY,10451,"{'type': 'Point', 'coordinates': [-73.9263, 40.82543]}",307,1200,,,-73.9263,40.82543
BRONX,759799,Store,AC,JB 170 DELI CORP,JB 170 DELI,1346,EDWARD L GRANT HWY,BRONX,NY,10452,"{'type': 'Point', 'coordinates': [-73.9216, 40.84062]}",307,1200,,,-73.9216,40.84062
BRONX,759790,Store,AC,ECG DELI INC,ECG DELI,1349,WEBSTER AVENUE,BRONX,NY,10456,"{'type': 'Point', 'coordinates': [-73.90802, 40.83515]}",307,1200,,,-73.90802,40.83515
BRONX,759770,Store,AC,RDP PETROLEUM INC,SUNOCO,1724,WEBSTER AVE,BRONX,NY,10457,"{'type': 'Point', 'coordinates': [-73.90299, 40.84404]}",307,1100,,,-73.90299,40.84404
BRONX,759752,Store,AC,ANGELS & SON FISH MARKET LLC,ANGELS & SON FISH MARKET,12,E 183RD STREET,BRONX,NY,10453,"{'type': 'Point', 'coordinates': [-73.90315, 40.85852]}",307,1800,,,-73.90315,40.85852
BRONX,759721,Store,AC,RAMIREZ GROCERY CORP,RAMIREZ GROCERY,571,E 139TH STREET,BRONX,NY,10454,"{'type': 'Point', 'coordinates': [-73.91688, 40.80745]}",307,,,,-73.91688,40.80745
BRONX,759713,Store,AC,MURAD 1 DELI GROCERY CORP,MURAD 1 DELI GROCERY,2026,LAFONTAINE AVENUE,BRONX,NY,10457,"{'type': 'Point', 'coordinates': [-73.89335, 40.84814]}",307,,,,-73.89335,40.84814
BRONX,759706,Store,AC,MI VIEJA DELI GROCERY & MORE CORP,MI VIEJA DELI GROCERY & MORE,314,EAST KINGSBRIDGE ROAD ###,BRONX,NY,10458,"{'type': 'Point', 'coordinates': [-73.89416, 40.86273]}",307,1000,,,-73.89416,40.86273
BRONX,759580,Store,A,AL REHMAN GROCERY & HALAL MEAT INC,AL REHMAN GROCERY & HALAL MEAT,1059,ALLERTON AVE,BRONX,NY,10469,"{'type': 'Point', 'coordinates': [-73.85724, 40.86548]}",307,,,,-73.85724,40.86548
BRONX,759552,Store,A,TOP TOP DELI CORP,TOP TOP DELI,1405,WALTON AVE STORE ONE,BRONX,NY,10452,"{'type': 'Point', 'coordinates': [-73.9158, 40.83977]}",307,900,,,-73.9158,40.83977
BRONX,759537,Store,A,ETS ESSOVALENINI LLC,ETS ESSOVALENINI,1458,BOSTON RD###,BRONX,NY,10460,"{'type': 'Point', 'coordinates': [-73.89513, 40.83408]}",307,,,,-73.89513,40.83408
BRONX,759526,Store,AC,EVERGREEN DELI MARKET INC,EVERGREEN DELI MARKET,1480,WESTCHESTER AVENUE  ##,BRONX,NY,10472,"{'type': 'Point', 'coordinates': [-73.88089, 40.82845]}",307,1200,,,-73.88089,40.82845
BRONX,759521,Store,A,KINGS CASH & CARRY 2 INC,KINGS CASH & CARRY,17,CANAL PLACE,BRONX,NY,10451,"{'type': 'Point', 'coordinates': [-73.9281, 40.8125]}",307,10000,,,-73.9281,40.8125
BRONX,759519,Store,AC,266 DELI & GOURMET CORP,266 DELI & GOURMET,266,E GUN HILL RD,BRONX,NY,10467,"{'type': 'Point', 'coordinates': [-73.87555, 40.87967]}",307,900,,,-73.87555,40.87967
BRONX,759510,Store,AC,271 CONVENIENCE STORE INC,271 CONVENIENCE STORE,271,E KINGSBRIDGE RD,BRONX,NY,10458,"{'type': 'Point', 'coordinates': [-73.89427, 40.8636]}",307,,,,-73.89427,40.8636
BRONX,759507,Store,AC,JEROME EXPRESS CONVENIENCE CORP,JEROME EXPRESS CONVENIENCE,2130,JEROME AVE. ###,BRONX,NY,10453,"{'type': 'Point', 'coordinates': [-73.90566, 40.85574]}",307,1300,,,-73.90566,40.85574
BRONX,759500,Store,AC,MUKTI 590 PETROLEUM INC,MULTI 590 PETROLEUM,119,BRUCKNER BLVD ###,BRONX,NY,10454,"{'type': 'Point', 'coordinates': [-73.92181, 40.80442]}",307,,,,-73.92181,40.80442
BRONX,759496,Store,AC,975 WALTON DELI AND GROCERY CORP,975 WALTON DELI AND GROCERY,975 A,WALTON AVE. ###,BRONX,NY,10452,"{'type': 'Point', 'coordinates': [-73.92258, 40.82983]}",307,300,,,-73.92258,40.82983
BRONX,759484,Store,AC,ROCHELL DELI GROCERY CORP,ROCHELL DELI GROCERY,984,JENNINGS STREET###,BRONX,NY,10460,"{'type': 'Point', 'coordinates': [-73.88773, 40.83138]}",307,,,,-73.88773,40.83138
BRONX,759481,Store,AC,FIVE STAR CONVENIENCE & DELI CORP,FIVE STAR CONVENIENCE & DELI,1531,WESTCHESTER AVE STORE 1,BRONX,NY,10472,"{'type': 'Point', 'coordinates': [-73.87873, 40.82862]}",307,600,,,-73.87873,40.82862
BRONX,759480,Store,AC,FAMOUS 837 GOURMET DELI INC,FAMOUS 837 GOURMET DELI,837,HOME ST,BRONX,NY,10459,"{'type': 'Point', 'coordinates': [-73.89845, 40.82786]}",307,,,,-73.89845,40.82786
BRONX,759461,Store,AC,BUCKMART GROCERY INC,BUCKMART GROCERY,1151,NELSON AVE,BRONX,NY,10452,"{'type': 'Point', 'coordinates': [-73.92619, 40.83649]}",307,,,,-73.92619,40.83649
BRONX,759439,Store,AC,CRUNCH & MUNCH GROCERY INC,CRUNCH & MUNCH GROCERY,949A,OGDEN AVENUE,BRONX,NY,10452,"{'type': 'Point', 'coordinates': [-73.93018, 40.83152]}",307,,,,-73.93018,40.83152
BRONX,759404,Store,AC,CASTLE HILL SUPERMARKET INC,ADI'S SUPERMARKET,1375,CASTLE HILL AVE,BRONX,NY,10462,"{'type': 'Point', 'coordinates': [-73.8521, 40.83581]}",307,500,,,-73.8521,40.83581
BRONX,759371,Store,A,CHOSEN RX INC,JJ PHARMACY,332,EAST 188TH STREET,BRONX,NY,10458,"{'type': 'Point', 'coordinates': [-73.89438, 40.86044]}",307,,,,-73.89438,40.86044
BRONX,759363,Store,AC,MYA GOURMET DELI CORP,MYA GOURMET DELI,1718,SOUTHERN BLVD,BRONX,NY,10460,"{'type': 'Point', 'coordinates': [-73.88782, 40.83722]}",307,1000,,,-73.88782,40.83722
BRONX,759340,Store,AC,FAMOUS DELI CORP THE,FAMOUS DELI,4201,ONEIDA AVE,BRONX,NY,10470,"{'type': 'Point', 'coordinates': [-73.87247, 40.89636]}",307,1000,,,-73.87247,40.89636
BRONX,759294,Store,AC,NATALIA GROCERY CORP,NATALIA GROCERY,459,TAYLOR AVENUE,BRONX,NY,10473,"{'type': 'Point', 'coordinates': [-73.86144, 40.81484]}",307,,,,-73.86144,40.81484
BRONX,759288,Store,AC,ADALYNE DELI GROCERY CORP,ADALYNE DELI GROCERY,551,EAST 172ND ST.,BRONX,NY,10457,"{'type': 'Point', 'coordinates': [-73.89939, 40.83944]}",307,1300,,,-73.89939,40.83944
BRONX,759256,Store,AC,N DELICATESSEN LLC,N DELICATESSEN,5706,MOSHOLU AVE,BRONX,NY,10471,"{'type': 'Point', 'coordinates': [-73.90029, 40.90552]}",307,,,,-73.90029,40.90552
BRONX,759158,Store,AC,EAST 177TH DELI & GROCERY INC,EAST 177TH DELI & GROCERY,1898,JEROME AVE,BRONX,NY,10453,"{'type': 'Point', 'coordinates': [-73.91065, 40.85013]}",307,1000,,,-73.91065,40.85013
BRONX,759153,Store,AC,IN & OUT DELI 1 & GROCERY INC,IN & OUT DELI 1 & GROCERY,3742,3RD AVE,BRONX,NY,10456,"{'type': 'Point', 'coordinates': [-73.90277, 40.83612]}",307,,,,-73.90277,40.83612
BRONX,759124,Store,AC,ROSEDALE DELI & JUICE BAR CORP,ROSEDALE DELI & JUICE BAR,843,SOUNDVIEW AVE,BRONX,NY,10473,"{'type': 'Point', 'coordinates': [-73.86759, 40.82235]}",307,,,,-73.86759,40.82235
BRONX,759118,Store,AC,169 STREET MATANZA DELI GROCERY INC,169 STREET MATANZA DELI GROCERY,157,W 169TH STREET ###,BRONX,NY,10452,"{'type': 'Point', 'coordinates': [-73.92573, 40.84013]}",307,1000,,,-73.92573,40.84013
BRONX,759115,Store,AC,NOAH DELI AND GROCERY CORP,NOAH DELI AND GROCERY,229,SAINT ANNS AVE,BRONX,NY,10454,"{'type': 'Point', 'coordinates': [-73.91707, 40.80744]}",307,,,,-73.91707,40.80744
BRONX,759068,Store,A,CAZARES GROCERY LLC,CAZARES GROCERY,344,E 148TH STREET  ##,BRONX,NY,10451,"{'type': 'Point', 'coordinates': [-73.92011, 40.81594]}",307,800,,,-73.92011,40.81594
BRONX,759050,Store,AC,NEW BEST GOURMET DELI CORP,NEW BEST GOURMET DELI,573,EAST FORDHAM RD,BRONX,NY,10458,"{'type': 'Point', 'coordinates': [-73.8858, 40.85877]}",307,,,,-73.8858,40.85877
BRONX,759046,Store,AC,ALLERTON HALAL MEAT MARKET INC,ALLERTON HALAL MEAT MARKET,755,ALLERTON AVE,BRONX,NY,10467,"{'type': 'Point', 'coordinates': [-73.86508, 40.86547]}",307,,,,-73.86508,40.86547
BRONX,758942,Store,AC,BEDFORD DELI 1 INC,BEDFORD DELI,26,BEDFORD PARK BLVD E,BRONX,NY,10468,"{'type': 'Point', 'coordinates': [-73.88854, 40.87257]}",307,1000,,,-73.88854,40.87257
BRONX,758938,Store,AC,SABANA BUEY DELI GROCERY CORP,SABANA BUEY DELI GROCERY,804,E 178TH STREET,BRONX,NY,10460,"{'type': 'Point', 'coordinates': [-73.887, 40.84453]}",307,,,,-73.887,40.84453
BRONX,758917,Store,AC,ILUSION DELI GROCERY CORP,ILUSION DELI GROCERY,662,EAST 141ST ST,BRONX,NY,10454,"{'type': 'Point', 'coordinates': [-73.9131, 40.80748]}",307,1000,,,-73.9131,40.80748
BRONX,758904,Store,A,CULINART INC,BALDOR SPECIALTY FOODS,155,FOOD CENTER DRIVE  ##,BRONX,NY,10474,"{'type': 'Point', 'coordinates': [-73.87445, 40.80814]}",307,400,,,-73.87445,40.80814
BRONX,758884,Store,AC,SEANS QUALITY DELI LLC,SEAN'S QUALITY DELI,4273,KATONAH AVENUE,BRONX,NY,10470,"{'type': 'Point', 'coordinates': [-73.86721, 40.8977]}",307,1100,,,-73.86721,40.8977
BRONX,758879,Store,AC,FM GROCERY & CANDY CORP,FM GROCERY & CANDY,131,WEST KINGSBRIDGE RD. ###,BRONX,NY,10468,"{'type': 'Point', 'coordinates': [-73.90296, 40.86902]}",307,,,,-73.90296,40.86902
BRONX,758855,Store,A,ALDI INC,ALDI #149 (10/18/23),843,WHITE PLAINS RD,BRONX,NY,10473,"{'type': 'Point', 'coordinates': [-73.85827, 40.82201]}",307,,,,-73.85827,40.82201
BRONX,758838,Store,AC,Z3 MARKET AND DELI CORP,Z3 MARKET AND DELI,3200,WHITE PLAINS RD,BRONX,NY,10467,"{'type': 'Point', 'coordinates': [-73.86715, 40.87167]}",307,,,,-73.86715,40.87167
BRONX,758835,Store,AC,MAWNIA DELI & GROCERY CORP,MAWNIA DELI & GROCERY,180,E 156TH ST,BRONX,NY,10451,"{'type': 'Point', 'coordinates': [-73.92371, 40.82321]}",307,1200,,,-73.92371,40.82321
BRONX,758825,Store,AC,413 DELI CORP,413 DELI,2315,HUGHES AVE###,BRONX,NY,10458,"{'type': 'Point', 'coordinates': [-73.88771, 40.85346]}",307,,,,-73.88771,40.85346
BRONX,758804,Store,AC,231 BIG APPLE DELI GROCERY CORPORATION,231 BIG APPLE DELI GROCERY,141,W 231ST ST,BRONX,NY,10463,"{'type': 'Point', 'coordinates': [-73.90256, 40.87809]}",307,1200,,,-73.90256,40.87809
BRONX,758752,Store,AC,DARIOS DELIGHTS CORP,DARIO'S DELIGHTS,2349,ANDREW AVE NORTH,BRONX,NY,10468,"{'type': 'Point', 'coordinates': [-73.9064, 40.86248]}",307,900,,,-73.9064,40.86248
BRONX,758711,Store,AC,TIM LOTTERY AND GROCERY CORP,TIM LOTTERY AND GROCERY,3968,WHITE PLAINS RD,BRONX,NY,10466,"{'type': 'Point', 'coordinates': [-73.86057, 40.88766]}",307,1000,,,-73.86057,40.88766
BRONX,758699,Store,AC,MI GERIZIN MARKET CORP,MI GERIZIN MARKET,777,ELTON AVE,BRONX,NY,10451,"{'type': 'Point', 'coordinates': [-73.9135, 40.82127]}",307,2000,,,-73.9135,40.82127
BRONX,758694,Store,AC,ABU AND BROTHERS CORP,ABU AND BROTHERS,1393,WEBBSTER AVE ###,BRONX,NY,10456,"{'type': 'Point', 'coordinates': [-73.90746, 40.83618]}",307,3000,,,-73.90746,40.83618
BRONX,758690,Store,AC,HALAL LINCOLN DELI CORP,HALAL LINCOLN DELI,522,MORRIS AVE,BRONX,NY,10451,"{'type': 'Point', 'coordinates': [-73.92304, 40.81681]}",307,1500,,,-73.92304,40.81681
BRONX,758686,Store,AC,717 DELI GROCERY CORP,717 DELI GROCERY,717,E 187TH ST,BRONX,NY,10458,"{'type': 'Point', 'coordinates': [-73.88389, 40.85399]}",307,,,,-73.88389,40.85399
BRONX,758675,Store,AC,AZ DELI & GRILL NY INC,AZ DELI & GRILL NY,3827,3RD AVE,BRONX,NY,10457,"{'type': 'Point', 'coordinates': [-73.90134, 40.83799]}",307,,,,-73.90134,40.83799
BRONX,758653,Store,AC,GINO DELI GROCERY CORP,GINO DELI GROCERY,935,E 163RD ST  ##,BRONX,NY,10459,"{'type': 'Point', 'coordinates': [-73.89653, 40.821]}",307,1200,,,-73.89653,40.821
BRONX,758647,Store,A,198 99 PLUS CORP,198 99 PLUS,223,E 198TH STREET,BRONX,NY,10458,"{'type': 'Point', 'coordinates': [-73.89006, 40.86961]}",307,,,,-73.89006,40.86961
BRONX,758574,Store,AC,STOP 1 KING DELI & GROCERY CORP,STOP 1 KING DELI & GROCERY,1803,MANSION ST ###,BRONX,NY,10460,"{'type': 'Point', 'coordinates': [-73.86745, 40.83803]}",307,750,,,-73.86745,40.83803
BRONX,758568,Store,AC,868 JUQUILA BAKERY AND DELI GROCERY CORP,MEXICANA PATY DELI GROCERY,868,EAST 180TH ST.,BRONX,NY,10460,"{'type': 'Point', 'coordinates': [-73.88312, 40.84532]}",307,,,,-73.88312,40.84532
BRONX,758442,Store,AC,WISAM MART LLC,WISAM MART,1764,DR MARTIN LUTHER KING JR BLVD,BRONX,NY,10453,"{'type': 'Point', 'coordinates': [-73.91656, 40.8494]}",307,,,,-73.91656,40.8494
BRONX,758412,Store,AC,ABBY MART LLC,ABBY MART,688,E GUN HILL RD,BRONX,NY,10467,"{'type': 'Point', 'coordinates': [-73.86769, 40.8773]}",307,,,,-73.86769,40.8773
BRONX,758391,Store,AC,BUS STOP MINI MARKET 1 CORP,BUS STOP MINI MARKET 1,271,E 206TH STREET,BRONX,NY,10467,"{'type': 'Point', 'coordinates': [-73.87994, 40.87494]}",307,,,,-73.87994,40.87494
BRONX,758360,Store,AC,THOMAS LEKISHA,KAYLA'S HUT PLUS,805,PROSPECT AVENUE,BRONX,NY,10455,"{'type': 'Point', 'coordinates': [-73.90182, 40.81921]}",307,900,,,-73.90182,40.81921
BRONX,758343,Store,AC,HONOR GROCERY & DELI CORP,HONOR GROCERY & DELI,1217,SHERMAN AVE ###,BRONX,NY,10456,"{'type': 'Point', 'coordinates': [-73.91569, 40.83409]}",307,,,,-73.91569,40.83409
BRONX,758299,Store,A,LOLYS PHARMACY INC,LOLYS PHARMACY,21,W 183RD STREET  ##,BRONX,NY,10453,"{'type': 'Point', 'coordinates': [-73.90506, 40.85876]}",307,2000,,,-73.90506,40.85876
BRONX,758203,Store,A,DOLLAR TREE STORES INC,DOLLAR TREE #09507,1820,WILLIAMSBURG RD,BRONX,NY,10461,,,7000,,,,
BRONX,758171,Store,A,TIMS CANDY & GROCERY CORP,TIMS CANDY & GROCERY,3374,HULL AVE ###,BRONX,NY,10467,"{'type': 'Point', 'coordinates': [-73.87354, 40.87869]}",307,,,,-73.87354,40.87869
BRONX,758170,Store,A,NEW STOP GROCERY INC,NEW STOP GROCERY,120,E 157TH STREET,BRONX,NY,10451,"{'type': 'Point', 'coordinates': [-73.92607, 40.82535]}",307,800,,,-73.92607,40.82535
BRONX,758165,Store,AC,MI FAVORITA FRUIT MEAT MARKET CORP,MI FAVORITA FRUIT MEAT MARKET,745-747,LYDIG AVE,BRONX,NY,10462,"{'type': 'Point', 'coordinates': [-73.86595, 40.85446]}",307,3000,,,-73.86595,40.85446
BRONX,758163,Store,AC,AYEL DELI GROCERY CORP,AYEL DELI GROCERY,1299,FRANKLIN AVE ###,BRONX,NY,10456,"{'type': 'Point', 'coordinates': [-73.90172, 40.8319]}",307,1100,,,-73.90172,40.8319
BRONX,758154,Store,AC,CASA AMIGOS DELI & GROCERY CORP,CASA AMIGOS DELI & GROCERY,301,SOUNDVIEW AVE,BRONX,NY,10473,"{'type': 'Point', 'coordinates': [-73.85623, 40.81157]}",307,,,,-73.85623,40.81157
BRONX,758118,Store,AC,MY WAY SUPERMARKET CORP,MY WAY SUPERMARKET,200,SOUNDVIEW AVENUE,BRONX,NY,10473,"{'type': 'Point', 'coordinates': [-73.85541, 40.80968]}",307,,,,-73.85541,40.80968
BRONX,758115,Store,AC,616 SUPERMRKET CORP,SUPER ASSOCIATED FRESH,616,MELROSE AVENUE,BRONX,NY,10455,"{'type': 'Point', 'coordinates': [-73.91703, 40.81772]}",307,8000,,,-73.91703,40.81772
BRONX,758103,Store,AC,BRUCKNER JUICE BAR & GROCERY INC,BRUCKNER JUICE BAR & GROCERY,1616,BRUCKNER BLVD,BRONX,NY,10473,"{'type': 'Point', 'coordinates': [-73.87466, 40.82271]}",307,1000,,,-73.87466,40.82271
BRONX,758098,Store,A,NONAS EUROPEAN MARKET INC.,NONA'S EUROPEAN MARKET,3071,WESTCHESTER AVE,BRONX,NY,10461,"{'type': 'Point', 'coordinates': [-73.83064, 40.84899]}",307,1700,,,-73.83064,40.84899
BRONX,758054,Store,AC,BRONXDALE VEGS & MEAT CORP,C TOWN OF MORRIS PARK,1859,BRONXDALE AVE,BRONX,NY,10462,"{'type': 'Point', 'coordinates': [-73.86017, 40.84789]}",307,,,,-73.86017,40.84789
BRONX,758033,Store,AC,DINOAH MARKET CORP,DINOAH MARKET,111,EAST 167TH STREET ###,BRONX,NY,10452,"{'type': 'Point', 'coordinates': [-73.91891, 40.83503]}",307,1200,,,-73.91891,40.83503
BRONX,757964,Store,A,JEROME AVE DOLLAR DISCOUNT & GROCERY COR,JEROME AVE DOLLAR DISCOUNT & GROCERY,1,E 182ND ST,BRONX,NY,10453,"{'type': 'Point', 'coordinates': [-73.90455, 40.85734]}",307,1800,,,-73.90455,40.85734
BRONX,757962,Store,A,MAX SUPER DISCOUNT LLC,MAX SUPER DISCOUNT,620,MORRIS PARK,BRONX,NY,10460,"{'type': 'Point', 'coordinates': [-73.86907, 40.84431]}",307,800,,,-73.86907,40.84431
BRONX,757949,Store,A,AMS PHARMACY INC,TWIN PARKS PHARMACY & SURG ASSOCIATES,817,EAST 180TH ST,BRONX,NY,10460,"{'type': 'Point', 'coordinates': [-73.88523, 40.84637]}",307,,,,-73.88523,40.84637
BRONX,757936,Store,AC,JEROME DELI DELICIOUS INC,JEROME DELI DELICIOUS,1769,JEROME AVE,BRONX,NY,10453,"{'type': 'Point', 'coordinates': [-73.91186, 40.84843]}",307,800,,,-73.91186,40.84843
BRONX,757890,Store,AC,SISI FAMILY DELI CORP,SISI FAMILY DELI,531,E TREMONT AVE,BRONX,NY,10457,"{'type': 'Point', 'coordinates': [-73.89596, 40.8466]}",307,1000,,,-73.89596,40.8466
BRONX,757886,Store,AC,AM FAMILY DISCOUNT & 99C STORE INC,AM FAMILY DISCOUNT & 99C STORE,2135,WILLIAMSBRIDGE RD,BRONX,NY,10461,"{'type': 'Point', 'coordinates': [-73.85576, 40.85631]}",307,2800,,,-73.85576,40.85631
BRONX,757885,Store,AC,2143 PALMA EXOTIC DELI CORP,2143 PALMA EXOTIC DELI,2143,WILLIAMSBRIDGE RD,BRONX,NY,10461,"{'type': 'Point', 'coordinates': [-73.85589, 40.85658]}",307,2000,,,-73.85589,40.85658
BRONX,757845,Store,AC,KELLY SREET DELI CORP,KELLY SREET DELI,947,E 163RD STREET,BRONX,NY,10459,"{'type': 'Point', 'coordinates': [-73.89617, 40.82099]}",307,1400,,,-73.89617,40.82099
BRONX,757831,Store,AC,260 BURNSIDE DELI INC,260 BURNSIDE DELI,260,E BURNSIDE AVE,BRONX,NY,10457,"{'type': 'Point', 'coordinates': [-73.90234, 40.85147]}",307,,,,-73.90234,40.85147
BRONX,757825,Store,AC,TU PODEROSA GROCERY STORE CORP,TU PODEROSA GROCERY STORE,27,EAST 175TH STREET,BRONX,NY,10453,"{'type': 'Point', 'coordinates': [-73.91173, 40.84742]}",307,1875,,,-73.91173,40.84742
BRONX,757821,Store,AC,PEACEFUL GROCERY MARKET LLC,PEACEFUL GROCERY MARKET,3738,WHITE PLAINS ROAD ##,BRONX,NY,10467,"{'type': 'Point', 'coordinates': [-73.86335, 40.88263]}",307,,,,-73.86335,40.88263
BRONX,757820,Store,AC,180TH MINI MART CORP,180TH MINI MART,906,E 180TH ST. FRONT 4  ###,BRONX,NY,10460,"{'type': 'Point', 'coordinates': [-73.88209, 40.84481]}",307,,,,-73.88209,40.84481
BRONX,757735,Store,AC,AHMED DELI DISCOUNT CORPORATION,AHMED DELI DISCOUNT,857,E 241ST STREET  ##,BRONX,NY,10470,"{'type': 'Point', 'coordinates': [-73.84709, 40.90181]}",307,1200,,,-73.84709,40.90181
BRONX,757703,Store,AC,MACCA INC,MACCA,609,MORRIS PARK AVE,BRONX,NY,10460,"{'type': 'Point', 'coordinates': [-73.86924, 40.84421]}",307,,,,-73.86924,40.84421
BRONX,757692,Store,AC,BROTHER FINEST DELI CORP,BROTHER FINEST DELI,6,W BURNSIDE AVE,BRONX,NY,10453,"{'type': 'Point', 'coordinates': [-73.90786, 40.85386]}",307,1000,,,-73.90786,40.85386
BRONX,757687,Store,AC,VYSE 2021 DELI CORP,VYSE 2021 DELI,1175,VYSE AVE FRONT 1,BRONX,NY,10459,"{'type': 'Point', 'coordinates': [-73.88995, 40.82846]}",307,,,,-73.88995,40.82846
BRONX,757686,Store,AC,ST ANNS MEAT CORP,SHOP FAIR SUPERMARKET,345,SAINT ANNS AVENUE,BRONX,NY,10454,"{'type': 'Point', 'coordinates': [-73.91577, 40.80945]}",307,10000,,,-73.91577,40.80945
BRONX,757645,Store,AC,WEST IN & OUT DELI CORP,WEST IN & OUT DELI,19,W TREMONT AVE,BRONX,NY,10453,"{'type': 'Point', 'coordinates': [-73.91031, 40.85199]}",307,1200,,,-73.91031,40.85199
BRONX,757644,Store,AC,GREEN LEAF DELI MART CORP,GREEN LEAF DELI MART,2901,WHITE PLAINS RD  ##,BRONX,NY,10467,"{'type': 'Point', 'coordinates': [-73.86722, 40.86855]}",307,,,,-73.86722,40.86855
BRONX,757611,Store,AC,RUDDY DELI GROCERY INC,RUDDY DELI GROCERY,309,CRIMMINS AVE,BRONX,NY,10454,"{'type': 'Point', 'coordinates': [-73.91528, 40.80866]}",307,3000,,,-73.91528,40.80866
BRONX,757592,Store,AC,FAMOUS DELI MARKET CORP,FAMOUS DELI MARKET,333,E 138TH ST,BRONX,NY,10454,"{'type': 'Point', 'coordinates': [-73.92486, 40.80994]}",307,1500,,,-73.92486,40.80994
BRONX,757579,Store,A,DUA BALKAN MARKET CORP,DUA BALKAN MARKET,371,E 204 ST,BRONX,NY,10467,"{'type': 'Point', 'coordinates': [-73.87703, 40.87135]}",307,,,,-73.87703,40.87135
BRONX,757534,Store,A,BURKE 99 CENTS AND UP CORP,BURKE 99 CENTS AND UP,717,BURKE AVENUE,BRONX,NY,10467,"{'type': 'Point', 'coordinates': [-73.86639, 40.87143]}",307,1200,,,-73.86639,40.87143
BRONX,757510,Store,A,CASTLE HILL DEALS INC,DOLLAR DEALS,650,CASTLE HILL AVE  ##,BRONX,NY,10473,"{'type': 'Point', 'coordinates': [-73.84801, 40.81989]}",307,,,,-73.84801,40.81989
BRONX,757503,Store,A,HAPPY MARKET & DISCOUNT INC,HAPPY MARKET & DISCOUNT,784,E 152ND STREET,BRONX,NY,10455,"{'type': 'Point', 'coordinates': [-73.90605, 40.81562]}",307,1500,,,-73.90605,40.81562
BRONX,757501,Store,AC,SUGAR KING DELI GROCERY INC,SUGAR KING DELI GROCERY,2366,JEROME AVE,BRONX,NY,10468,"{'type': 'Point', 'coordinates': [-73.90266, 40.86045]}",307,,,,-73.90266,40.86045
BRONX,757500,Store,AC,YUMMY GOURMET DELI 1 CORP,YUMMY GOURMET DELI,379,BEDFORD PARK BLVD,BRONX,NY,10458,"{'type': 'Point', 'coordinates': [-73.88417, 40.86793]}",307,,,,-73.88417,40.86793
BRONX,757450,Store,AC,PACO MEAT & FRUIT MARKET CORP,PACO MEAT & FRUIT MARKET,744,EAST TREMONT AVENUE,BRONX,NY,10457,"{'type': 'Point', 'coordinates': [-73.88952, 40.84462]}",307,,,,-73.88952,40.84462
BRONX,757447,Store,AC,CROSBY DELI & GROCERY INC,CROSBY DELI & GROCERY,1450,CROSBY AVE,BRONX,NY,10461,"{'type': 'Point', 'coordinates': [-73.83, 40.84207]}",307,1200,,,-73.83,40.84207
BRONX,757417,Store,AC,FRANCYS64 DELI GROCERY CORP,FRANCYS64 DELI GROCERY,1275,WEBSTER AVE ###,BRONX,NY,10456,"{'type': 'Point', 'coordinates': [-73.90875, 40.83384]}",307,,,,-73.90875,40.83384
BRONX,757407,Store,AC,EL MECIA MEAT PRODUCT CORP,EL MECIA MEAT PRODUCT,1299,SAINT LAWRENCE ST,BRONX,NY,10472,"{'type': 'Point', 'coordinates': [-73.86749, 40.83262]}",307,2000,,,-73.86749,40.83262
BRONX,757313,Store,AC,J DELI & GRILL PR CORP,J DELI & GRILL PR,689,MELROSE AVE,BRONX,NY,10455,"{'type': 'Point', 'coordinates': [-73.91612, 40.81972]}",307,1650,,,-73.91612,40.81972
BRONX,757294,Store,AC,GT DELI CORP,GT DELI,131,ALEXANDER AVE,BRONX,NY,10454,"{'type': 'Point', 'coordinates': [-73.92731, 40.80712]}",307,2000,,,-73.92731,40.80712
BRONX,757280,Store,AC,MG SUSHI INC,MG SUSHI,801,E GUN HILL ROAD,BRONX,NY,10467,"{'type': 'Point', 'coordinates': [-73.86142, 40.8758]}",307,100,,,-73.86142,40.8758
BRONX,757257,Store,AC,LA CHIQUITA DE MOUNT EDEN CORP,LA CHIQUITA DE MOUNT EDEN,120,E MOUNT EDEN AVE###,BRONX,NY,10452,"{'type': 'Point', 'coordinates': [-73.91243, 40.8433]}",307,650,,,-73.91243,40.8433
BRONX,757252,Store,AC,LOS HERNANDEZ MEAT & DELI GROCERY INC,LOS HERNANDEZ MEAT & DELI GROCERY,501 B,JACKSON AVE  ###,BRONX,NY,10455,"{'type': 'Point', 'coordinates': [-73.90954, 40.81195]}",307,2000,,,-73.90954,40.81195
BRONX,757250,Store,AC,EL CAMPITO GROCERY STORE INC,EL CAMPITO GROCERY STORE,1465,BRYANT AVE  ###,BRONX,NY,10460,"{'type': 'Point', 'coordinates': [-73.88779, 40.83198]}",307,1100,,,-73.88779,40.83198
BRONX,757224,Store,AC,LA HACIENDA MEXICANA MEAT MKT CO,LA HACIENDA MEXICANA MEAT MARKET,1528-1528A,WESTCHESTER AVE,BRONX,NY,10472,"{'type': 'Point', 'coordinates': [-73.8787, 40.82863]}",307,2500,,,-73.8787,40.82863
BRONX,757218,Store,AC,AAA MORRIS GAS INC,AAA MORRIS GAS,699,MORRIS AVENUE,BRONX,NY,10451,"{'type': 'Point', 'coordinates': [-73.921, 40.8213]}",307,900,,,-73.921,40.8213
BRONX,757212,Store,AC,PROSPECT GOURMET DELI NY INC,PROSPECT GOURMET DELI NY,823,FREEMAN STREET,BRONX,NY,10459,"{'type': 'Point', 'coordinates': [-73.89682, 40.8304]}",307,,,,-73.89682,40.8304
BRONX,757140,Store,AC,PIVI GNAMA,QUEEN AFRICAN MARKET,598,MORRIS AVE,BRONX,NY,10451,"{'type': 'Point', 'coordinates': [-73.92227, 40.81854]}",307,,,,-73.92227,40.81854
BRONX,757131,Store,AC,HANINI GOURMET DELI CORP,HANINI GOURMET DELI,24,EAST 167TH STREET,BRONX,NY,10452,"{'type': 'Point', 'coordinates': [-73.92153, 40.83584]}",307,1800,,,-73.92153,40.83584
BRONX,757116,Store,AC,MI BEBE DELI GROCERY CORP,MI BEBE DELI GROCERY,25,W 184TH ST,BRONX,NY,10468,"{'type': 'Point', 'coordinates': [-73.90364, 40.86096]}",307,1100,,,-73.90364,40.86096
BRONX,757045,Store,AC,AL OSRAAH MARKET CORP,AL OSRAAH MARKET,3006,MIDDLETOWN RD,BRONX,NY,10461,"{'type': 'Point', 'coordinates': [-73.82993, 40.84401]}",307,3000,,,-73.82993,40.84401
BRONX,756854,Store,A,2023 CONVENIENCE CORP,2023 CONVENIENCE,720,COURTLANDT AVENUE  ##,BRONX,NY,10451,"{'type': 'Point', 'coordinates': [-73.91763, 40.82082]}",307,2000,,,-73.91763,40.82082
BRONX,756839,Store,AC,CASARRUBIAS FISH MARKET INC,CASARRUBIAS FISH MARKET,81B,W FORDHAM ROAD,BRONX,NY,10468,"{'type': 'Point', 'coordinates': [-73.90414, 40.86275]}",307,1000,,,-73.90414,40.86275
BRONX,756815,Store,AC,ZAID DELI GROCERY CORP,ZAID DELI GROCERY,1236,INTERVALE AVE,BRONX,NY,10459,"{'type': 'Point', 'coordinates': [-73.89443, 40.82904]}",307,,,,-73.89443,40.82904
BRONX,756788,Store,AC,FERRERA DELI GROCERY CORP,FERRERA DELI GROCERY,2381,VALENTINE AVE,BRONX,NY,10458,"{'type': 'Point', 'coordinates': [-73.89726, 40.859]}",307,,,,-73.89726,40.859
BRONX,756730,Store,AC,BESA MEAT MARKET INC,BESA MEAT MARKET,2133B,WILLIAMSBRIDGE ROAD,BRONX,NY,10461,"{'type': 'Point', 'coordinates': [-73.85572, 40.85621]}",307,,,,-73.85572,40.85621
BRONX,756727,Store,AC,MI RANCHITO MEAT MARKET INC,MI RANCHITO MEAT MARKET,1733,E 172ND STREET,BRONX,NY,10472,"{'type': 'Point', 'coordinates': [-73.86974, 40.8325]}",307,3000,,,-73.86974,40.8325
BRONX,756699,Store,AC,ENZOS ARTHUR AVE FOOD PROD LLC,ENZOS ON THE GO,2344,ARTHUR AVENUE  ##,BRONX,NY,10458,"{'type': 'Point', 'coordinates': [-73.8886, 40.85436]}",307,300,,,-73.8886,40.85436
BRONX,756609,Store,AC,ALFRED DELI GROCERY CORP,ALFRED DELI GROCERY,1849,ANTHONY AVE. ###,BRONX,NY,10457,"{'type': 'Point', 'coordinates': [-73.90369, 40.84749]}",307,1200,,,-73.90369,40.84749
BRONX,756605,Store,AC,5 KINGS DELI CORP,5 KINGS DELI,3595,3RD AVE ###,BRONX,NY,10456,"{'type': 'Point', 'coordinates': [-73.90501, 40.83275]}",307,1200,,,-73.90501,40.83275
BRONX,756563,Store,AC,AMG RETAIL 1 LLC,AMG RETAIL #174,1,E 223RD ST,BRONX,NY,10470,,,1500,,,,
BRONX,756554,Store,AC,SON SONATECA GROCERY STORE CORP,RP GROCERY DELI,945,ALDUS ST,BRONX,NY,10459,"{'type': 'Point', 'coordinates': [-73.89143, 40.8231]}",307,,,,-73.89143,40.8231
BRONX,756547,Store,A,BOUNA CANDY CONVENIENCE INC,BOUNA CANDY CONVENIENCE,718,E 180TH STREET,BRONX,NY,10457,"{'type': 'Point', 'coordinates': [-73.88813, 40.84778]}",307,,,,-73.88813,40.84778
BRONX,756543,Store,AC,GRAND GRILL & GROCERY DELI CORP,GRAND GRILL & GROCERY DELI,50A,W BURNSIDE AVENUE,BRONX,NY,10453,"{'type': 'Point', 'coordinates': [-73.90959, 40.85405]}",307,1000,,,-73.90959,40.85405
BRONX,756541,Store,AC,GRAB 2 GO DELI CORP,GRAB 2 GO DELI,1101,GARRISON AVE,BRONX,NY,10474,"{'type': 'Point', 'coordinates': [-73.88951, 40.81957]}",307,2000,,,-73.88951,40.81957
BRONX,756525,Store,AC,REPUBLIC DELI INC,REPUBLIC DELI,4129,WHITE PLAINS RD,BRONX,NY,10466,"{'type': 'Point', 'coordinates': [-73.85843, 40.89152]}",307,,,,-73.85843,40.89152
BRONX,756412,Store,AC,KINGFELLAS II CORP,KINGFELLAS,3000,BAILEY AVE. STORE #1,BRONX,NY,10463,"{'type': 'Point', 'coordinates': [-73.90387, 40.87635]}",307,950,,,-73.90387,40.87635
BRONX,756407,Store,AC,MEXICAN DELI GROCERY ACE CORP,MEXICAN DELI GROCERY ACE,450,E 138TH ST  ##,BRONX,NY,10454,"{'type': 'Point', 'coordinates': [-73.92122, 40.80841]}",307,,,,-73.92122,40.80841
BRONX,756360,Store,AC,43 BROTHER CONVENIENCE CORP,43 BROTHER CONVENIENCE,43,RICHMAN PLAZA,BRONX,NY,10453,"{'type': 'Point', 'coordinates': [-73.92218, 40.8522]}",307,1600,,,-73.92218,40.8522
BRONX,756349,Store,AC,SJB DELI GROCERY CORP,SJB DELI GROCERY,1291,CLAY AVE,BRONX,NY,10456,"{'type': 'Point', 'coordinates': [-73.90951, 40.83434]}",307,,,,-73.90951,40.83434
BRONX,756317,Store,AC,BRUCKNER EXPRESSWAY INC,BRUCKNER EXPRESSWAY,1419,BRUCKNER BLVD,BRONX,NY,10472,"{'type': 'Point', 'coordinates': [-73.88328, 40.82317]}",307,1000,,,-73.88328,40.82317
BRONX,756301,Store,AC,JAEL DELI GROCERY CORP,JAEL DELI GROCERY,911,MELROSE AVE,BRONX,NY,10451,"{'type': 'Point', 'coordinates': [-73.9136, 40.82464]}",307,2000,,,-73.9136,40.82464
BRONX,756300,Store,AC,RAFITO FOOD CENTER CORP,RAFITO FOOD CENTER,16,E 183RD STREET,BRONX,NY,10453,"{'type': 'Point', 'coordinates': [-73.90304, 40.85848]}",307,2000,,,-73.90304,40.85848
BRONX,756243,Store,AC,BEST WAY DELI GROCERY CORP,BEST WAY DELI GROCERY,1106,EAST 216TH ST,BRONX,NY,10469,"{'type': 'Point', 'coordinates': [-73.85293, 40.87796]}",307,1500,,,-73.85293,40.87796
BRONX,756225,Store,AC,FERNANDEZ DELI GROCERY CORP,FERNANDEZ DELI GROCERY,774,E 149TH ST STORE #4,BRONX,NY,10455,"{'type': 'Point', 'coordinates': [-73.90705, 40.81281]}",307,1300,,,-73.90705,40.81281
BRONX,756136,Store,AC,MAMAS DELI CORP,MAMA'S DELI,1553,WATSON AVENUE,BRONX,NY,10472,"{'type': 'Point', 'coordinates': [-73.87699, 40.82624]}",307,1000,,,-73.87699,40.82624
BRONX,756135,Store,AC,181 GOURMET DELI CORP,181 GOURMET DELI,54,EAST 181ST STREET,BRONX,NY,10453,"{'type': 'Point', 'coordinates': [-73.90451, 40.85526]}",307,2000,,,-73.90451,40.85526
BRONX,756099,Store,AC,BOSTON DELI & GROCERY INC,BOSTON DELI & GROCERY,761,E 169TH STREET,BRONX,NY,10456,"{'type': 'Point', 'coordinates': [-73.89986, 40.8309]}",307,1800,,,-73.89986,40.8309
BRONX,756098,Store,AC,526 S&M DELI GROCERY CORP,526 S&M DELI GROCERY,526,EAST 183RD STREET ###,BRONX,NY,10458,"{'type': 'Point', 'coordinates': [-73.89196, 40.8547]}",307,1100,,,-73.89196,40.8547
BRONX,756094,Store,AC,1498 GOURMET DELI CORP,1498 GOURMET DELI,1498,WESTCHESTER AVE,BRONX,NY,10472,"{'type': 'Point', 'coordinates': [-73.88023, 40.8285]}",307,1200,,,-73.88023,40.8285
BRONX,756093,Store,AC,CANABACOA DELI GROCERY CORP,CANABACOA DELI GROCERY,1158,GERARD AVE. ###,BRONX,NY,10452,"{'type': 'Point', 'coordinates': [-73.9211, 40.83403]}",307,,,,-73.9211,40.83403
BRONX,756031,Store,AC,MAHYOOB DELI GROCERY CORP,MAHYOOB DELI GROCERY,56,W 183RD ST,BRONX,NY,10453,"{'type': 'Point', 'coordinates': [-73.90605, 40.8591]}",307,1600,,,-73.90605,40.8591
BRONX,756029,Store,AC,JASPERS DELI 1 CORPORATION,JASPERS DELI 1,434,W238TH ST,BRONX,NY,10463,"{'type': 'Point', 'coordinates': [-73.90455, 40.88717]}",307,,,,-73.90455,40.88717
BRONX,755996,Store,AC,HRFT INC,SHOPNO BAZAR,1430,ST PETERS AVE,BRONX,NY,10461,"{'type': 'Point', 'coordinates': [-73.8454, 40.83908]}",307,1000,,,-73.8454,40.83908
BRONX,755988,Store,AC,204 GOURMET DELI CORP,204 GOURMET DELI,371,E 204TH ST STORE #1,BRONX,NY,10467,"{'type': 'Point', 'coordinates': [-73.87703, 40.87135]}",307,,,,-73.87703,40.87135
BRONX,755971,Store,AC,ALLERTON MARKET LLC,ALLERTON MARKET,766,ALLERTON AVE,BRONX,NY,10467,"{'type': 'Point', 'coordinates': [-73.86483, 40.86548]}",307,,,,-73.86483,40.86548
BRONX,755970,Store,AC,942 E GUN HILL DELI CORP,942 E GUN HILL DELI,942,E GUN HILL RD,BRONX,NY,10469,"{'type': 'Point', 'coordinates': [-73.85902, 40.87505]}",307,1000,,,-73.85902,40.87505
BRONX,755957,Store,AC,LOS DOS CARNALES DELI GRCY INC,LOS DOS CARNALES DELI GRCY,380,E GUN HILL ROAD,BRONX,NY,10467,"{'type': 'Point', 'coordinates': [-73.87183, 40.87867]}",307,1000,,,-73.87183,40.87867
BRONX,755952,Store,AC,F&M GOURMET DELI CORP,F&M GOURMET DELI,1903,WILLIAMSBRIDGE ROAD,BRONX,NY,10461,"{'type': 'Point', 'coordinates': [-73.853, 40.85241]}",307,1000,,,-73.853,40.85241
BRONX,755943,Store,AC,856 E 180TH ST FOOD MARKET INC,856 E 180TH ST FOOD MARKET,856,EAST 180TH ST,BRONX,NY,10460,"{'type': 'Point', 'coordinates': [-73.88358, 40.84555]}",307,1000,,,-73.88358,40.84555
BRONX,755909,Store,AC,AL INSAF HALAL GROCERY LLC,AL INSAF HALAL GROCERY,1430,ZEREGA AVENUE,BRONX,NY,10462,"{'type': 'Point', 'coordinates': [-73.8477, 40.83749]}",307,900,,,-73.8477,40.83749
BRONX,755907,Store,AC,N&L GROCERY STORE INC,N&L GROCERY STORE,1551,SHERIDAN AVENUE,BRONX,NY,10457,"{'type': 'Point', 'coordinates': [-73.91108, 40.84201]}",307,1500,,,-73.91108,40.84201
BRONX,755872,Store,AC,MORRIS PARK DELI &GROCERY CORP,MORRIS PARK DELI &GROCERY,803,MORRIS PARK AVE,BRONX,NY,10462,"{'type': 'Point', 'coordinates': [-73.86239, 40.846]}",307,900,,,-73.86239,40.846
BRONX,755780,Store,AC,WILLIAMSBRIDGE RD GOURMET DELI CORP,WILLIAMSBRIDGE RD GOURMET DELI,2101A,WILLIAMSBRIDGE RD,BRONX,NY,10461,"{'type': 'Point', 'coordinates': [-73.85539, 40.85549]}",307,1800,,,-73.85539,40.85549
BRONX,755760,Store,AC,AIDAS DELI GROCERY CORP,AIDAS DELI GROCERY,3945,CARPENTER AVE ###,BRONX,NY,10466,"{'type': 'Point', 'coordinates': [-73.86378, 40.88792]}",307,,,,-73.86378,40.88792
BRONX,755735,Store,AC,DELICIOUS GROCERY DELI & KITCHEN CORP,DELICIOUS GROCERY DELI & KITCHEN,3136,MILES AVE,BRONX,NY,10465,"{'type': 'Point', 'coordinates': [-73.80891, 40.82163]}",307,,,,-73.80891,40.82163
BRONX,755698,Store,AC,FAHID HALAL MEAT FISH FRUITS AND VEGETAB,FAHID HALAL MEAT FISH FRUITS AND VEGETAB,2128,JEROME AVENUE STORE #2,BRONX,NY,10453,"{'type': 'Point', 'coordinates': [-73.90573, 40.85567]}",307,1200,,,-73.90573,40.85567
BRONX,755679,Store,AC,CINTO ASSOCIATES LLC,CHOLULITA LA BELLA DELI GROCERY,1950,CROSS BRONX EXPY SERVICE RD,BRONX,NY,10472,"{'type': 'Point', 'coordinates': [-73.85847, 40.83241]}",307,1500,,,-73.85847,40.83241
BRONX,755665,Store,AC,RANCH MINI MARKET & DELI INC,RANCH MINI MARKET & DELI,2739,WHITE PLAINS ROAD,BRONX,NY,10467,"{'type': 'Point', 'coordinates': [-73.86728, 40.86646]}",307,1000,,,-73.86728,40.86646
BRONX,755649,Store,AC,BRONX 1 DELI GROCERY CORP,BRONX 1 DELI GROCERY,3706,3RD AVE. STORE #8,BRONX,NY,10456,"{'type': 'Point', 'coordinates': [-73.90343, 40.83515]}",307,,,,-73.90343,40.83515
BRONX,755627,Store,AC,WINKLEBLACKS INC,WINKLEBLACKS,2022,EASTCHESTER ROAD ###,BRONX,NY,10461,"{'type': 'Point', 'coordinates': [-73.84345, 40.85378]}",307,2200,,,-73.84345,40.85378
BRONX,755591,Store,AC,LA CENIZA DELI GROCERY INC,LA CENIZA DELI GROCERY,551 B,COMMONWEALTH AVE,BRONX,NY,10473,"{'type': 'Point', 'coordinates': [-73.8647, 40.81659]}",307,,,,-73.8647,40.81659
BRONX,755568,Store,A,ST LOREN MULTI SERVICES INC,ST LOREN MULTI SERVICES,219,EAST TREMONT AVE,BRONX,NY,10457,"{'type': 'Point', 'coordinates': [-73.90499, 40.84913]}",307,,,,-73.90499,40.84913
BRONX,755553,Store,AC,LA DIANA BAKERY SHOP CORP,LA DIANA BAKERY SHOP,2712B,E TREMONT AVE,BRONX,NY,10461,"{'type': 'Point', 'coordinates': [-73.8453, 40.84251]}",307,700,,,-73.8453,40.84251
BRONX,755540,Store,AC,PASS ORGANIC DELI CORP,PASS ORGANIC DELI,688,E 187TH ST,BRONX,NY,10458,"{'type': 'Point', 'coordinates': [-73.8847, 40.85422]}",307,1000,,,-73.8847,40.85422
BRONX,755529,Store,AC,ARW DELI GROCERY CORP,ARW DELI GROCERY,165,LINCOLN AVE,BRONX,NY,10454,"{'type': 'Point', 'coordinates': [-73.92848, 40.80918]}",307,1000,,,-73.92848,40.80918
BRONX,755526,Store,AC,HEALTHY SHACK DELI GROCERY CORP,HEALTHY SHACK DELI GROCERY,1086,SOUTHERN BLVD. STORE #2 ###,BRONX,NY,10459,"{'type': 'Point', 'coordinates': [-73.89172, 40.82599]}",307,,,,-73.89172,40.82599
BRONX,755471,Store,AC,BAY DELI MARKET CORP,BAY DELI MARKET,3967,LACONIA AVE,BRONX,NY,10466,"{'type': 'Point', 'coordinates': [-73.84938, 40.8841]}",307,1100,,,-73.84938,40.8841
BRONX,755352,Store,AC,ABES GOURMET DELI CORP,ABES GOURMET DELI,1741,EAST 172ND STREET ###,BRONX,NY,10472,"{'type': 'Point', 'coordinates': [-73.86914, 40.83259]}",307,1200,,,-73.86914,40.83259
BRONX,755347,Store,AC,A&Y DELI CORPORATION,A&Y DELI,73,WESTCHESTER SQUARE,BRONX,NY,10461,"{'type': 'Point', 'coordinates': [-73.84241, 40.84131]}",307,,,,-73.84241,40.84131
BRONX,755339,Store,AC,137 TITA MINI MARKET CORP,137 TITA MINI MARKET,137,E GUN HILL RD,BRONX,NY,10467,"{'type': 'Point', 'coordinates': [-73.87915, 40.8814]}",307,,,,-73.87915,40.8814
BRONX,755300,Store,AC,RIVERAS MEAT MARKET CORP,RIVERAS MEAT MARKET,624,MORRIS AVE,BRONX,NY,10451,"{'type': 'Point', 'coordinates': [-73.92205, 40.81905]}",307,,,,-73.92205,40.81905
BRONX,755281,Store,AC,SUMMIT FOOD & DELI CORP,SUMMIT FOOD & DELI,1090,SUMMIT AVE,BRONX,NY,10452,"{'type': 'Point', 'coordinates': [-73.92887, 40.83557]}",307,1000,,,-73.92887,40.83557
BRONX,755270,Store,AC,MINI MARKET DELI CORP,MINI MARKET DELI,3929,BAYCHESTER AVE 2,BRONX,NY,10466,"{'type': 'Point', 'coordinates': [-73.84249, 40.88937]}",307,,,,-73.84249,40.88937
BRONX,755269,Store,AC,NEW STAR DELI INC,NEW STAR DELI,59,W 170TH STREET,BRONX,NY,10452,"{'type': 'Point', 'coordinates': [-73.92087, 40.84038]}",307,1000,,,-73.92087,40.84038
BRONX,755268,Store,AC,DELI STOP SHOP MART CORP,DELI STOP SHOP MART,4702,WHITE PLAINS RD,BRONX,NY,10470,"{'type': 'Point', 'coordinates': [-73.85006, 40.90377]}",307,1200,,,-73.85006,40.90377
BRONX,755220,Store,AC,ARMANDO DELI & GROCERY CORP,EL PATRON DELI & GROCERY,1761,BRONXDALE AVE,BRONX,NY,10462,"{'type': 'Point', 'coordinates': [-73.85922, 40.84627]}",307,800,,,-73.85922,40.84627
BRONX,755175,Store,AC,LALAS GROCERY INC,LALA'S GROCERY,1553 A,WESTCHESTER AVENUE,BRONX,NY,10472,"{'type': 'Point', 'coordinates': [-73.87771, 40.82871]}",307,700,,,-73.87771,40.82871
BRONX,755174,Store,A,ZAMZAM DRUGS INC,ZAMZAM DRUGS,3105,BAINBRIDGE AVENUE,BRONX,NY,10467,"{'type': 'Point', 'coordinates': [-73.87929, 40.87401]}",307,3400,,,-73.87929,40.87401
BRONX,755104,Store,AC,LA BAHIA DELI GROCERY CORP,LA BAHIA DELI GROCERY,1975,LAFONTAINE AVE ST 2,BRONX,NY,10457,"{'type': 'Point', 'coordinates': [-73.89414, 40.84682]}",307,1300,,,-73.89414,40.84682
BRONX,755064,Store,AC,BEL CANTO FOODS LLC,DOWN EAST SEAFOOD,311,MANIDA ST ###,BRONX,NY,10474,"{'type': 'Point', 'coordinates': [-73.88641, 40.80688]}",307,,,,-73.88641,40.80688
BRONX,755057,Store,AC,1420 DELI FOOD CORP,1420 DELI FOOD,1420,CLAY AVENUE,BRONX,NY,10456,"{'type': 'Point', 'coordinates': [-73.90784, 40.83726]}",307,,,,-73.90784,40.83726
BRONX,755019,Store,A,SAMI CONVENIENCE STORE INC,SAMI CONVENIENCE STORE,384,BEDFORD PARK BLVD,BRONX,NY,10458,"{'type': 'Point', 'coordinates': [-73.88407, 40.8678]}",307,900,,,-73.88407,40.8678
BRONX,754994,Store,AC,DIAWARA SALIMOU,SALIM GOURMET DELI PLUS,766,MELROSE AVENUE,BRONX,NY,10451,"{'type': 'Point', 'coordinates': [-73.91514, 40.82176]}",307,,,,-73.91514,40.82176
BRONX,754963,Store,AC,TYE ARI LLC,TYE ARI,3820,DYRE AVENUE,BRONX,NY,10466,"{'type': 'Point', 'coordinates': [-73.83129, 40.88853]}",307,,,,-73.83129,40.88853
BRONX,754960,Store,A,ZACK MINI MARKET DELI & GROCERY CORP,ZACK MINI MARKET DELI & GROCERY,105,E 175TH ST,BRONX,NY,10453,"{'type': 'Point', 'coordinates': [-73.91037, 40.84686]}",307,800,,,-73.91037,40.84686
BRONX,754925,Store,AC,TROCHEZ MEAT 2 CORP,TROCHEZ MEAT 2,106,W 168TH STREET,BRONX,NY,10452,"{'type': 'Point', 'coordinates': [-73.92461, 40.8383]}",307,,,,-73.92461,40.8383
BRONX,754856,Store,AC,WEST FORDHAM GROCERY INC,WEST FORDHAM GROCERY,150,W FORDHAM ROAD ##,BRONX,NY,10468,"{'type': 'Point', 'coordinates': [-73.90785, 40.86285]}",307,,,,-73.90785,40.86285
BRONX,754842,Store,AC,B&B FOOD AND FRIED CHICKEN INC,B&B FOOD AND FRIED CHICKEN,755,WHITE PLAINS RD,BRONX,NY,10473,"{'type': 'Point', 'coordinates': [-73.85812, 40.82134]}",307,1400,,,-73.85812,40.82134
BRONX,754784,Store,AC,WATERS ORGANIC DELI CORP,WATERS ORGANIC DELI,1497,WILLIAMSBRIDGE RD,BRONX,NY,10461,"{'type': 'Point', 'coordinates': [-73.84613, 40.84436]}",307,1000,,,-73.84613,40.84436
BRONX,754773,Store,AC,LA PRESION DELI GROCERY CORP,LA PRESION DELI GROCERY,269,E 188TH STREET  ##,BRONX,NY,10458,"{'type': 'Point', 'coordinates': [-73.89565, 40.86081]}",307,,,,-73.89565,40.86081
BRONX,754765,Store,AC,WZ DELI MINI MARKET INC,ZEREGA MINI MARKET,2366,WESTCHESTER AVE  ##,BRONX,NY,10462,"{'type': 'Point', 'coordinates': [-73.84687, 40.83666]}",307,1200,,,-73.84687,40.83666
BRONX,754737,Store,AC,BANI 03 DELI GROCERY CORP,BANI 03 DELI GROCERY,766,E 152ND ST,BRONX,NY,10455,"{'type': 'Point', 'coordinates': [-73.90643, 40.8157]}",307,,,,-73.90643,40.8157
BRONX,754734,Store,AC,OLIVES FOOD MARKET CORP,OLIVES FOOD MARKET,4200,BAYCHESTER AVE,BRONX,NY,10466,"{'type': 'Point', 'coordinates': [-73.84479, 40.89591]}",307,,,,-73.84479,40.89591
BRONX,754673,Store,AC,PERLA GROCERY CORP,PERLA GROCERY,1142,EAST 165TH STREET ###,BRONX,NY,10459,"{'type': 'Point', 'coordinates': [-73.88748, 40.82523]}",307,,,,-73.88748,40.82523
BRONX,754670,Store,A,1 S&F DELI GROCERY CORP,1 S&F DELI GROCERY,260,BROOK AVE ###,BRONX,NY,10454,"{'type': 'Point', 'coordinates': [-73.91892, 40.80807]}",307,800,,,-73.91892,40.80807
BRONX,754647,Store,AC,W & M GROCERY INC,W & M GROCERY,1105,MORRISON AVENUE,BRONX,NY,10472,"{'type': 'Point', 'coordinates': [-73.87395, 40.82689]}",307,950,,,-73.87395,40.82689
BRONX,754609,Store,AC,DOLLY DELI CORP,DOLLY DELI,2001,SOUTHERN BLVD,BRONX,NY,10460,"{'type': 'Point', 'coordinates': [-73.88541, 40.84395]}",307,900,,,-73.88541,40.84395
BRONX,754567,Store,AC,4457 NATURAL DELI INC,4457 NATURAL DELI,4457,3RD AVE,BRONX,NY,10457,"{'type': 'Point', 'coordinates': [-73.89227, 40.85262]}",307,800,,,-73.89227,40.85262
BRONX,754531,Store,AC,BUY & BUY DELI CORP,BUY & BUY DELI,798,LYDIG AVE,BRONX,NY,10462,"{'type': 'Point', 'coordinates': [-73.86403, 40.85442]}",307,1000,,,-73.86403,40.85442
BRONX,754519,Store,AC,ANDREWS AVE DELI GROCERY LLC,ANDREWS AVE DELI GROCERY,1893,ANDREWS AVENUE,BRONX,NY,10453,"{'type': 'Point', 'coordinates': [-73.91389, 40.85365]}",307,1300,,,-73.91389,40.85365
BRONX,754489,Store,AC,VALENTINE GIFT & FLOWERS CORP,VALENTINE GIFT & FLOWER,243,E 198TH ST,BRONX,NY,10458,"{'type': 'Point', 'coordinates': [-73.8894, 40.86922]}",307,1000,,,-73.8894,40.86922
BRONX,754427,Store,AC,FAMILY AFRICAN MEAT MARKET CORPORATION,FAMILY AFRICAN MEAT MARKET,4028,WHITE PLAINS RD,BRONX,NY,10466,"{'type': 'Point', 'coordinates': [-73.8596, 40.88942]}",307,,,,-73.8596,40.88942
BRONX,754419,Store,AC,CONTIS BAKING COMPANY INC,CONTIS PASTRY SHOPPE,784-788,MORRIS PARK AVE,BRONX,NY,10462,"{'type': 'Point', 'coordinates': [-73.86298, 40.84587]}",307,,,,-73.86298,40.84587
BRONX,754377,Store,AC,233RD CARRIBEAN MEAT MARKET CORP,233RD CARRIBEAN MEAT MARKET,4206,WHITE PLAINS RD ###,BRONX,NY,10466,"{'type': 'Point', 'coordinates': [-73.85718, 40.89378]}",307,,,,-73.85718,40.89378
BRONX,754372,Store,AC,LORRIES DELI GROCERY CORP,LORRIES DELI GROCERY,365,E 193RD ST.,BRONX,NY,10458,"{'type': 'Point', 'coordinates': [-73.8909, 40.86311]}",307,,,,-73.8909,40.86311
BRONX,754323,Store,A,CASTLE HILL FRUITS & GROCERY INC,CASTLE HILL FRUITS & GROCERY,2167,CROSS BRONX EXPY #4 ####,BRONX,NY,10462,"{'type': 'Point', 'coordinates': [-73.85143, 40.83073]}",307,700,,,-73.85143,40.83073
BRONX,754277,Store,A,FAMILY 2 CANDY AND GROCERY CORP,FAMILY 2 CANDY AND GROCERY,287,E 170TH ST,BRONX,NY,10456,"{'type': 'Point', 'coordinates': [-73.91094, 40.83765]}",307,,,,-73.91094,40.83765
BRONX,754259,Store,AC,1172 SAMS DELI CORP,1172 SAMS DELI,1172,E GUN HILL RD,BRONX,NY,10469,"{'type': 'Point', 'coordinates': [-73.85296, 40.8731]}",307,,,,-73.85296,40.8731
BRONX,754240,Store,AC,GNG EUROPEAN GROCERY INC,GNG EUROPEAN GROCERY,1005,MACE AVE,BRONX,NY,10469,"{'type': 'Point', 'coordinates': [-73.85851, 40.86305]}",307,1500,,,-73.85851,40.86305
BRONX,754204,Store,AC,NO 2 VARIEDADES DE MI CULTURA EBENEZER G,NO 2 VARIEDADES DE MI CULTURA EBENEZER G,1553,WESTCHESTER AVE B,BRONX,NY,10472,"{'type': 'Point', 'coordinates': [-73.87771, 40.82871]}",307,,,,-73.87771,40.82871
BRONX,754192,Store,AC,QTBAN DELI & GROCERY LLC,QTBAN DELI & GROCERY,1623,WESTCHESTER AVENUE,BRONX,NY,10472,"{'type': 'Point', 'coordinates': [-73.87434, 40.82958]}",307,1000,,,-73.87434,40.82958
BRONX,754165,Store,AC,NEW HEIGHTS FOOD CORP,NEW HEIGHTS FOOD,1705,DR MARTIN L KING JR BLVD,BRONX,NY,10453,"{'type': 'Point', 'coordinates': [-73.91719, 40.84938]}",307,2500,,,-73.91719,40.84938
BRONX,754158,Store,AC,AFRICAN UNITY MEAT V CORP,AFRICAN UNITY MEAT V,1770,JEROME AVE,BRONX,NY,10453,"{'type': 'Point', 'coordinates': [-73.91187, 40.84841]}",307,,,,-73.91187,40.84841
BRONX,754117,Store,AC,AMAZING DELI MARKET CORP,AMAZING DELI MARKET,299,E 158TH STREET,BRONX,NY,10451,"{'type': 'Point', 'coordinates': [-73.91816, 40.82333]}",307,1800,,,-73.91816,40.82333
BRONX,754023,Store,A,TARGET CORPORATION,TARGET STORE T-3395,215,E FORDHAM RD,BRONX,NY,10458,"{'type': 'Point', 'coordinates': [-73.89616, 40.86231]}",307,,,,-73.89616,40.86231
BRONX,754017,Store,AC,AMEXNY LLC,DELI D'LUX,3223A,WESTCHESTER AVE,BRONX,NY,10461,"{'type': 'Point', 'coordinates': [-73.82912, 40.85199]}",307,800,,,-73.82912,40.85199
BRONX,754013,Store,AC,ECHO DELI AND GROCERY CORP,ECHO DELI AND GROCERY,3740,BOSTON ROAD,BRONX,NY,10469,"{'type': 'Point', 'coordinates': [-73.84022, 40.88072]}",307,,,,-73.84022,40.88072
BRONX,753999,Store,A,RSH FLOWERS 99 CENTS STORE CORP,RSH FLOWERS 99 CENTS STORE,5601,BROADWAY  ##,BRONX,NY,10463,"{'type': 'Point', 'coordinates': [-73.9044, 40.87954]}",307,2000,,,-73.9044,40.87954
BRONX,753993,Store,AC,J&B AFRICAN MARKET LLC,J&B AFRICAN MARKET,2649,JEROME AVE,BRONX,NY,10468,"{'type': 'Point', 'coordinates': [-73.89779, 40.86701]}",307,1100,,,-73.89779,40.86701
BRONX,753977,Store,AC,RCC DELI FOOD CORP,RCC DELI FOOD,588,MORRIS AVENUE,BRONX,NY,10451,"{'type': 'Point', 'coordinates': [-73.92235, 40.81832]}",307,,,,-73.92235,40.81832
BRONX,753975,Store,AC,3610 MINI MARKET DELI CORP,3610 MINI MARKET DELI,3610,WHITE PLAINS RD,BRONX,NY,10467,"{'type': 'Point', 'coordinates': [-73.86495, 40.87956]}",307,,,,-73.86495,40.87956
BRONX,753944,Store,AC,MAL DELI & GROCERY CORP,MAL DELI & GROCERY,1226,E GUN HILL RD.,BRONX,NY,10469,"{'type': 'Point', 'coordinates': [-73.85148, 40.87263]}",307,,,,-73.85148,40.87263
BRONX,753938,Store,AC,JAHANGIR GENERAL GROCERY CORP,JAHANGIR GENERAL GROCERY,3133,WEBSTER AVENUE,BRONX,NY,10467,"{'type': 'Point', 'coordinates': [-73.87622, 40.87169]}",307,1600,,,-73.87622,40.87169
BRONX,753929,Store,AC,AYHAM DELI GROCERY & GRILL CORP,AYHAM DELI GROCERY & GRILL,350,BROOK AVE,BRONX,NY,10454,"{'type': 'Point', 'coordinates': [-73.91773, 40.81012]}",307,1100,,,-73.91773,40.81012
BRONX,753888,Store,AC,JRI JEROME FOOD CORP,FOOD DYNASTY SPMKT,2343,JEROME AVE,BRONX,NY,10468,"{'type': 'Point', 'coordinates': [-73.9032, 40.85956]}",307,14000,,,-73.9032,40.85956
BRONX,753841,Store,A,HIGHBRIDGE GROCERY INC,HIGHBRIDGE GROCERY,82,W 165TH ST.,BRONX,NY,10452,"{'type': 'Point', 'coordinates': [-73.92726, 40.83399]}",307,,,,-73.92726,40.83399
BRONX,753794,Store,AC,125 MAIN ESSENTIALS FOOD CORP,COMPARE FRESH,125,W KINGSBRIDGE RD. STORE 4&5,BRONX,NY,10468,"{'type': 'Point', 'coordinates': [-73.90283, 40.86894]}",307,3500,,,-73.90283,40.86894
BRONX,753779,Store,AC,163RD DELI GROCERY CORP,163RD DELI GROCERY,928,MORRIS AVE,BRONX,NY,10451,"{'type': 'Point', 'coordinates': [-73.91759, 40.82715]}",307,,,,-73.91759,40.82715
BRONX,753775,Store,AC,KING 163RD DELI CORP,KING 163RD DELI,517,EAST 163RD STREET,BRONX,NY,10451,"{'type': 'Point', 'coordinates': [-73.909, 40.82419]}",307,1000,,,-73.909,40.82419
BRONX,753697,Store,AC,IMPERIO GROCERY STORE CORP,IMPERIO GROCERY STORE,728,E 233RD ST,BRONX,NY,10466,"{'type': 'Point', 'coordinates': [-73.85619, 40.89303]}",307,900,,,-73.85619,40.89303
BRONX,753694,Store,AC,DRAFT SNEAKERS INC,HUGOS GOURMET MARKET,6469,BROADWAY,BRONX,NY,10471,"{'type': 'Point', 'coordinates': [-73.89639, 40.90379]}",307,1400,,,-73.89639,40.90379
BRONX,753685,Store,AC,166 GOURMET GROCERY INC,166 GOURMET GROCERY,1097,BOSTON RD,BRONX,NY,10456,"{'type': 'Point', 'coordinates': [-73.90499, 40.82719]}",307,,,,-73.90499,40.82719
BRONX,753661,Store,AC,STAR BLOCK INC,STAR BLOCK CONVENIENCE STORE,1401,E 233RD ST.,BRONX,NY,10466,"{'type': 'Point', 'coordinates': [-73.83628, 40.88898]}",307,,,,-73.83628,40.88898
BRONX,753651,Store,AC,KINGSTON FINE FOODS CORP,KEY FOOD,2711,WHITE PLAINS ROAD,BRONX,NY,10467,"{'type': 'Point', 'coordinates': [-73.86731, 40.86602]}",307,10000,,,-73.86731,40.86602
BRONX,753628,Store,AC,MI FINQUITA MINI MARKET 2 CORP,MI FINQUITA MINI MARKET 2,276,SAINT ANNS AVE,BRONX,NY,10454,"{'type': 'Point', 'coordinates': [-73.91695, 40.80761]}",307,1500,,,-73.91695,40.80761
BRONX,753621,Store,AC,LACONIA DELI GROCERY CORP,LACONIA DELI GROCERY,3952,LACONIA AVE,BRONX,NY,10466,"{'type': 'Point', 'coordinates': [-73.84958, 40.88377]}",307,,,,-73.84958,40.88377
BRONX,753620,Store,A,AAYAN FRUITS & VEGETABLES INC,AAYAN FRUITS & VEGETABLES,547,SOUTHERN BLVD,BRONX,NY,10455,"{'type': 'Point', 'coordinates': [-73.90362, 40.81227]}",307,,,,-73.90362,40.81227
BRONX,753606,Store,AC,207 MEAT CORP,SHOP FAIR SUPERMARKET,3917,WHITE PLAINS RD,BRONX,NY,10466,"{'type': 'Point', 'coordinates': [-73.86138, 40.88619]}",307,,,,-73.86138,40.88619
BRONX,753580,Store,A,2 BROTHERS BEST DISCOUNT CORP,2 BROTHERS BEST DISCOUNT,536,E 168TH ST,BRONX,NY,10456,"{'type': 'Point', 'coordinates': [-73.90518, 40.83085]}",307,,,,-73.90518,40.83085
BRONX,753575,Store,AC,NEW KINGS FINEST INC,NEW KINGS FINEST,25,E GUN HILL ROAD,BRONX,NY,10467,"{'type': 'Point', 'coordinates': [-73.88064, 40.8823]}",307,,,,-73.88064,40.8823
BRONX,753502,Store,AC,KOFTOWN AFRICAN MARKET LLC,KOFTOWN AFRICAN MARKET,3372,HULL AVE,BRONX,NY,10467,"{'type': 'Point', 'coordinates': [-73.87354, 40.8787]}",307,417,,,-73.87354,40.8787
BRONX,753489,Store,AC,SARRS ESSENTAIL PALACE AND JUICE BAR INC,SARRS ESSENTIAL PALACE AND JUICE BAR,305,E KINGSBRIDGE RD,BRONX,NY,10458,"{'type': 'Point', 'coordinates': [-73.89414, 40.86266]}",307,,,,-73.89414,40.86266
BRONX,753474,Store,AC,J&L DELI GROCERY MINI MARKET CORP,J&L DELI GROCERY MINI MARKET,3214,WHITE PLAINS ROAD,BRONX,NY,10467,"{'type': 'Point', 'coordinates': [-73.86714, 40.87197]}",307,,,,-73.86714,40.87197
BRONX,753452,Store,AC,MOE GOURMET FOOD CENTER CORP,MOE GOURMET FOOD CENTER,2306,WEBSTER AVE. STE #1  ###,BRONX,NY,10458,"{'type': 'Point', 'coordinates': [-73.89543, 40.85651]}",307,,,,-73.89543,40.85651
BRONX,753450,Store,AC,BEBE DELI GROCERY CORP,BEBE DELI GROCERY,3118,BAILEY AVENUE,BRONX,NY,10463,"{'type': 'Point', 'coordinates': [-73.90206, 40.87845]}",307,,,,-73.90206,40.87845
BRONX,753448,Store,AC,EL OSO DELI GROCERY INC,EL OSO DELI GROCERY,756,UNION AVE,BRONX,NY,10455,"{'type': 'Point', 'coordinates': [-73.90356, 40.81776]}",307,,,,-73.90356,40.81776
BRONX,753347,Store,AC,PAPA CHE DELI CORP,PAPA CHE DELI,759-765,COMMONWEALTH AVENUE,BRONX,NY,10473,"{'type': 'Point', 'coordinates': [-73.86567, 40.82083]}",307,1000,,,-73.86567,40.82083
BRONX,753331,Store,AC,675 MORRIS GOURMET DELI CORP,675 MORRIS GOURMET DELI,675,MORRIS AVE ###,BRONX,NY,10451,"{'type': 'Point', 'coordinates': [-73.92126, 40.82076]}",307,,,,-73.92126,40.82076
BRONX,753239,Store,AC,LAST STOP DELI GROCERY CORP THE,LAST STOP DELI GROCERY THE,1380,E GUN HILL RD,BRONX,NY,10469,"{'type': 'Point', 'coordinates': [-73.84541, 40.87004]}",307,,,,-73.84541,40.87004
BRONX,753204,Store,AC,NADIA AFRICAN MARKET LLC,NADIA AFRICAN MARKET,259,E 172ND ST. ###,BRONX,NY,10457,"{'type': 'Point', 'coordinates': [-73.91064, 40.84035]}",307,900,,,-73.91064,40.84035
BRONX,753154,Store,AC,BRONX FRESH FOODS CORP,PIONEER SUPERMARKETS,3035,WHITE PLAINS ROAD,BRONX,NY,10467,"{'type': 'Point', 'coordinates': [-73.86718, 40.87029]}",307,,,,-73.86718,40.87029
BRONX,753149,Store,AC,NERYS GROCERY STORE INC,NERYS GROCERY STORE,1145,CLAY AVE,BRONX,NY,10456,"{'type': 'Point', 'coordinates': [-73.91152, 40.83073]}",307,1000,,,-73.91152,40.83073
BRONX,753117,Store,AC,LA FLOTA #1 DELI GROCERY CORP,LA FLOTA #1 DELI GROCERY,663,MELROSE AVENUE,BRONX,NY,10455,"{'type': 'Point', 'coordinates': [-73.91655, 40.81878]}",307,1300,,,-73.91655,40.81878
BRONX,753105,Store,AC,EL MANA MINI MARKET CORP,EL MANA MINI MARKET,1024,LONGWOOD AVE,BRONX,NY,10459,"{'type': 'Point', 'coordinates': [-73.89645, 40.81645]}",307,1650,,,-73.89645,40.81645
BRONX,753042,Store,AC,DARIAN MINI MARKET CORP,DARIAN MINI MARKET,281,EAST 170TH STREET,BRONX,NY,10456,"{'type': 'Point', 'coordinates': [-73.91048, 40.83853]}",307,,,,-73.91048,40.83853
BRONX,752996,Store,AC,393 MUNCHIES DELI GROCERY CORPORATION,393 MUNCHIES DELI GROCERY,393,E 168TH STREET,BRONX,NY,10456,"{'type': 'Point', 'coordinates': [-73.90996, 40.83239]}",307,,,,-73.90996,40.83239
BRONX,752994,Store,AC,69 DELI GROCERY CORPORATION,69 DELI GROCERY,1274,MORRIS AVE ####,BRONX,NY,10456,"{'type': 'Point', 'coordinates': [-73.91303, 40.83508]}",307,,,,-73.91303,40.83508
BRONX,752976,Store,AD,CHAYANNE DELI GROCERY CORP,CHAYANNE DELI GROCERY,351,E 198TH ST,BRONX,NY,10458,"{'type': 'Point', 'coordinates': [-73.88686, 40.86717]}",307,,(AKA:2820 MARION AVE),,-73.88686,40.86717
BRONX,752969,Store,AC,F&M CONVENIENCE CORP,F&M CONVENIENCE,511,SOUNDVIEW AVE ###,BRONX,NY,10473,"{'type': 'Point', 'coordinates': [-73.86021, 40.81575]}",307,1000,,,-73.86021,40.81575
BRONX,752967,Store,AC,ELA POSTRES GROCERY INC,ELA POSTRES GROCERY,69,E 181ST STREET  ###,BRONX,NY,10453,"{'type': 'Point', 'coordinates': [-73.90439, 40.8552]}",307,800,,,-73.90439,40.8552
BRONX,752938,Store,AC,M&R BRONX DELI CORP,M&R BRONX DELI,1991,BRONXDALE AVE,BRONX,NY,10462,"{'type': 'Point', 'coordinates': [-73.86443, 40.84988]}",307,1200,,,-73.86443,40.84988
BRONX,752927,Store,AC,JEANNINE DELI GROCERY CORP,JEANNINE DELI GROCERY,115E,EAST 184TH ST,BRONX,NY,10468,"{'type': 'Point', 'coordinates': [-73.90008, 40.85973]}",307,1100,,,-73.90008,40.85973
BRONX,752909,Store,AC,ELIAM FOOD CORP,ELIAM FOOD,1001,FREEMAN STREET,BRONX,NY,10459,"{'type': 'Point', 'coordinates': [-73.88747, 40.82923]}",307,1400,,,-73.88747,40.82923
BRONX,752903,Store,AC,3 HERMANAS DELI GROCERY CORP,3 HERMANAS DELI GROCERY,3004,HEATH AVE ###,BRONX,NY,10463,"{'type': 'Point', 'coordinates': [-73.90306, 40.87596]}",307,,,,-73.90306,40.87596
BRONX,752886,Store,AC,Y N CAMPUS GOURMET DELI INC,Y N CAMPUS GOURMET DELI,386,E 161ST STREET,BRONX,NY,10451,"{'type': 'Point', 'coordinates': [-73.91438, 40.82436]}",307,,,,-73.91438,40.82436
BRONX,752801,Store,AC,COMMUNITY DELI GROCERY 1 INC,COMMUNITY DELI GROCERY,951,EAST 180TH STREET,BRONX,NY,10460,"{'type': 'Point', 'coordinates': [-73.88067, 40.84403]}",307,1500,,,-73.88067,40.84403
BRONX,752792,Store,AC,ALAMO DELICATESSAN INC THE,ALAMO DELICATESSAN,239,E 181ST STREET,BRONX,NY,10457,"{'type': 'Point', 'coordinates': [-73.90037, 40.85432]}",307,800,,,-73.90037,40.85432
BRONX,752769,Store,AC,EMELI GROCERY CORP,EMELI GROCERY,593,VAN NEST AVE  ##,BRONX,NY,10460,"{'type': 'Point', 'coordinates': [-73.8681, 40.84242]}",307,750,,,-73.8681,40.84242
BRONX,752701,Store,AC,MANNY & SAMMY DELI GROCERY CORP,MANNY & SAMMY DELI GROCERY,2009,CRUGER AVENUE,BRONX,NY,10462,"{'type': 'Point', 'coordinates': [-73.86681, 40.85082]}",307,700,,,-73.86681,40.85082
BRONX,752684,Store,AC,192 DELI GROCERY CORP,192 DELI GROCERY,2587,JEROME AVE,BRONX,NY,10468,"{'type': 'Point', 'coordinates': [-73.89883, 40.86568]}",307,,,,-73.89883,40.86568
BRONX,752640,Store,A,MELROSE CORNER INC,MELROSE CORNER,406,E 161 STREET,BRONX,NY,10451,"{'type': 'Point', 'coordinates': [-73.91308, 40.82354]}",307,,,,-73.91308,40.82354
BRONX,752518,Store,AC,SB DELI GROCERY CORP,SB DELI GROCERY,337,E 146TH STREET,BRONX,NY,10451,"{'type': 'Point', 'coordinates': [-73.92121, 40.81538]}",307,,,,-73.92121,40.81538
BRONX,752514,Store,AC,VARGAS FRUITS & DELI GROCERY CORP,VARGAS FRUITS & DELI GROCERY,2132,MOHEGAN AVENUE,BRONX,NY,10460,"{'type': 'Point', 'coordinates': [-73.88266, 40.84645]}",307,,,,-73.88266,40.84645
BRONX,752513,Store,AC,1 PIECE DELI & GRILL INC,1 PIECE DELI & GRILL,2325,SOUTHERN BLVD,BRONX,NY,10460,"{'type': 'Point', 'coordinates': [-73.88222, 40.85144]}",307,,,,-73.88222,40.85144
BRONX,752506,Store,AC,GALAXY GOURMET DELI CORP,GALAXY GOURMET DELI,300,E 170TH ST,BRONX,NY,10456,"{'type': 'Point', 'coordinates': [-73.91042, 40.83743]}",307,,,,-73.91042,40.83743
BRONX,752500,Store,AC,DARIANNA FRUIT & MEAT MARKET CORP,DARIANNA FRUIT & MEAT MARKET,73,W KINGSBRIDGE TERRACE,BRONX,NY,10468,"{'type': 'Point', 'coordinates': [-73.9004, 40.86813]}",307,,,,-73.9004,40.86813
BRONX,752433,Store,AC,VARGAS II FRUITS DELI & GRCY CORP,VARGAS II FRUITS DELI & GRCY,774,BURKE AVENUE,BRONX,NY,10467,"{'type': 'Point', 'coordinates': [-73.86407, 40.87139]}",307,1600,,,-73.86407,40.87139
BRONX,752389,Store,AC,DAVIEL DELI GROCERY CORP,DAVIEL DELI GROCERY,740,GERARD AVENUE,BRONX,NY,10451,"{'type': 'Point', 'coordinates': [-73.92661, 40.82465]}",307,,,,-73.92661,40.82465
BRONX,752388,Store,AC,LA MONTRA DELI GROCERY CORP,LA MONTRA DELI GROCERY,1575-1579,WALTON AVENUE,BRONX,NY,10452,"{'type': 'Point', 'coordinates': [-73.91321, 40.84339]}",307,3000,,,-73.91321,40.84339
BRONX,752377,Store,AC,LG MEAT PRODUCT CORP,LG MEAT PRODUCT,1531,WATSON AVENUE,BRONX,NY,10472,"{'type': 'Point', 'coordinates': [-73.87795, 40.82611]}",307,1000,,,-73.87795,40.82611
BRONX,752373,Store,AC,FIVE LINE GOURMET DELI 24 CORP,FIVE LINE GOURMET DELI 24,255,E TREMONT AVE,BRONX,NY,10457,"{'type': 'Point', 'coordinates': [-73.90392, 40.8489]}",307,1000,,,-73.90392,40.8489
BRONX,752335,Store,AC,50 VAN CORTLANDT MEAT CORP,FOOD UNIVERSE,50,VAN CORTLANDT AVE W,BRONX,NY,10463,"{'type': 'Point', 'coordinates': [-73.89291, 40.88312]}",307,15000,,,-73.89291,40.88312
BRONX,752311,Store,AC,MARVINS GOURMET DELI INC,MARVIN'S GOURMET DELI,1963,GRAND CONCOURSE A  ##,BRONX,NY,10453,"{'type': 'Point', 'coordinates': [-73.90505, 40.85088]}",307,,,,-73.90505,40.85088
BRONX,752283,Store,AC,IRON GRILL CORP,IRON GRILL,596,SOUTHERN BLVD  ###,BRONX,NY,10455,"{'type': 'Point', 'coordinates': [-73.90165, 40.81284]}",307,,,,-73.90165,40.81284
BRONX,752213,Store,ACDK,ADEPA FOODS LLC,ADEPA FOODS,1028,NEILL AVE ##,BRONX,NY,10461,"{'type': 'Point', 'coordinates': [-73.85823, 40.85248]}",307,1200,,,-73.85823,40.85248
BRONX,752189,Store,AC,E 187TH DELI GROCERY INC,E 187TH DELI GROCERY,662,E 187TH ST,BRONX,NY,10458,"{'type': 'Point', 'coordinates': [-73.88569, 40.85462]}",307,,,,-73.88569,40.85462
BRONX,752169,Store,AC,KING CHOP CHEESE DELI AND GROCERY CORP,KING CHOP CHEESE DELI AND GROCERY,620,EAST 178TH ST,BRONX,NY,10457,"{'type': 'Point', 'coordinates': [-73.89251, 40.84679]}",307,800,(AKA 1977 HUGHES),,-73.89251,40.84679
BRONX,752131,Store,AC,AL ZAID DELI & GROCERY CORP,AL ZAID DELI & GROCERY,1539,WESTCHESTER AVE,BRONX,NY,10472,"{'type': 'Point', 'coordinates': [-73.87842, 40.82865]}",307,1800,,,-73.87842,40.82865
BRONX,752123,Store,A,JEFFERSON PHARMA LLC,FEEL GOOD PHARMACY,3058,THIRD AVE,BRONX,NY,10451,"{'type': 'Point', 'coordinates': [-73.91268, 40.8207]}",307,,,,-73.91268,40.8207
BRONX,752118,Store,AC,LOJA GROCERY LLC,ALEX'S MARKET,2639,JEROME AVE,BRONX,NY,10468,"{'type': 'Point', 'coordinates': [-73.898, 40.86675]}",307,1600,,,-73.898,40.86675
BRONX,752103,Store,AC,RUBI & RINA INC,ALI-AMIN SUPERMARKET,276,EAST 169TH STREET ##,BRONX,NY,10456,"{'type': 'Point', 'coordinates': [-73.91268, 40.8351]}",307,,,,-73.91268,40.8351
BRONX,752102,Store,A,FAMILY DOLLAR STORES OF NEW YORK LLC,FAMILY DOLLAR #32473,130,E BURNSIDE AVE,BRONX,NY,10453,"{'type': 'Point', 'coordinates': [-73.90461, 40.85275]}",307,,,,-73.90461,40.85275
BRONX,752066,Store,AC,362 GROCERY CORP,362 GROCERY,362,WILLIS AVE,BRONX,NY,10454,"{'type': 'Point', 'coordinates': [-73.92089, 40.81189]}",307,,,,-73.92089,40.81189
BRONX,752044,Store,AC,GRAND CONCOURSE DELI INC,GRAND CONCOURSE DELI,200,E 170TH ST,BRONX,NY,10456,"{'type': 'Point', 'coordinates': [-73.91351, 40.83853]}",307,900,,,-73.91351,40.83853
BRONX,752030,Store,AC,TREMONT GOURMET DELI INC,TREMONT GOURMET DELI,706,E TREMONT AVE,BRONX,NY,10457,"{'type': 'Point', 'coordinates': [-73.89081, 40.84526]}",307,1200,,,-73.89081,40.84526
BRONX,752021,Store,AC,JK BOTANICAL MARKET INC,BOTANICAL MARKET,2220,BOSTON ROAD,BRONX,NY,10467,"{'type': 'Point', 'coordinates': [-73.86789, 40.85821]}",307,,,,-73.86789,40.85821
BRONX,751996,Store,AC,CORNER FRESH MARKET CORP,CORNER FRESH MARKET,1133,MORRIS AVE,BRONX,NY,10456,"{'type': 'Point', 'coordinates': [-73.91509, 40.83158]}",307,,,,-73.91509,40.83158
BRONX,751962,Store,AC,EL SITIO DELI GROCERY CORP,EL SITIO DELI GROCERY,1307,EDWARD L GRANT HWY ###,BRONX,NY,10452,"{'type': 'Point', 'coordinates': [-73.92149, 40.83921]}",307,,,,-73.92149,40.83921
BRONX,751932,Store,A,NEW STADIUM DISCOUNT INC,NEW STADIUM DISCOUNT,880,RIVER AVE,BRONX,NY,10452,"{'type': 'Point', 'coordinates': [-73.92564, 40.82846]}",307,1200,,,-73.92564,40.82846
BRONX,751864,Store,AC,LA CHAPEL DELI GROCERY CORP,LA CHAPEL DELI GROCERY,3429,THIRD AVE,BRONX,NY,10456,"{'type': 'Point', 'coordinates': [-73.90669, 40.82916]}",307,,,,-73.90669,40.82916
BRONX,751852,Store,AC,GILBERT PLACE DELI GROCERY INC,GILBERT PLACE DELI GROCERY,1204,GILBERT PLACE,BRONX,NY,10474,"{'type': 'Point', 'coordinates': [-73.88814, 40.81784]}",307,1400,,,-73.88814,40.81784
BRONX,751846,Store,AC,RAMS DELI & PIZZA INC,RAMS DELI & PIZZA,574,E FORDHAM RD,BRONX,NY,10458,"{'type': 'Point', 'coordinates': [-73.88575, 40.85874]}",307,,,,-73.88575,40.85874
BRONX,751822,Store,AC,CASTEL EXPRESS GOURMET DELI INC,CASTEL EXPRESS GOURMET,2170,WESTCHESTER AVE,BRONX,NY,10462,"{'type': 'Point', 'coordinates': [-73.85196, 40.83418]}",307,1400,,,-73.85196,40.83418
BRONX,751809,Store,AC,LAITH GOURMET DELI INC,LAITH GOURMET DELI,1286,WASHINGTON AVE,BRONX,NY,10456,"{'type': 'Point', 'coordinates': [-73.90609, 40.83274]}",307,,,,-73.90609,40.83274
BRONX,751781,Store,A,UNIONPORT CANDY LLC,UNIONPORT CANDY,1541,UNIONPORT ROAD,BRONX,NY,10462,"{'type': 'Point', 'coordinates': [-73.8573, 40.83676]}",307,,,,-73.8573,40.83676
BRONX,751773,Store,AC,TIMS DELI & GROCERY CORPORATION,TIMS DELI & GROCERY,804,BURKE AVENUE,BRONX,NY,10467,"{'type': 'Point', 'coordinates': [-73.86312, 40.87138]}",307,2000,,,-73.86312,40.87138
BRONX,751673,Store,AC,R&A MEAT MARKET LLC,RICHIES MEAT MARKET,3818,EAST TREMONT AVENUE,BRONX,NY,10465,"{'type': 'Point', 'coordinates': [-73.82039, 40.82474]}",307,900,,,-73.82039,40.82474
BRONX,751666,Store,A,RAYEN DISCOUNT INC,RAYEN DISCOUNT,240,E 204TH ST ####,BRONX,NY,10458,"{'type': 'Point', 'coordinates': [-73.88458, 40.87422]}",307,,,,-73.88458,40.87422
BRONX,751648,Store,AC,FOOD MARKET GROCERY STORE INC,FOOD MARKET GROCERY STORE,305,E 181ST STREET,BRONX,NY,10457,"{'type': 'Point', 'coordinates': [-73.89901, 40.85399]}",307,,,,-73.89901,40.85399
BRONX,751634,Store,AC,EL PROVOCON DELI GROCERY CORP,EL PROVOCON DELI GROCERY,622-624,MANIDA ST - STORE 1,BRONX,NY,10474,"{'type': 'Point', 'coordinates': [-73.88782, 40.8123]}",307,1000,,,-73.88782,40.8123
BRONX,751631,Store,AC,HASAN SUPERMARKET INC,HASAN SUPERMARKET,2165,STARLING AVE,BRONX,NY,10462,"{'type': 'Point', 'coordinates': [-73.85312, 40.83627]}",307,1100,,,-73.85312,40.83627
BRONX,751608,Store,AC,EL CATRIN LLC,EL CATRIN MEXICAN GROCERY,508,WILLIS AVE,BRONX,NY,10455,"{'type': 'Point', 'coordinates': [-73.91843, 40.81528]}",307,,,,-73.91843,40.81528
BRONX,751606,Store,AC,PALISADES FUELS INC,SOUNDVIEW DISCOUNT GAS,902,SOUNDVIEW AVE. ###,BRONX,NY,10473,"{'type': 'Point', 'coordinates': [-73.86764, 40.82336]}",307,,,,-73.86764,40.82336
BRONX,751592,Store,AC,F&A GOURMET DELI INC,F&A GOURMET DELI,4402,WHITE PLAIINS RD,BRONX,NY,10470,"{'type': 'Point', 'coordinates': [-73.85415, 40.89866]}",307,,,,-73.85415,40.89866
BRONX,751571,Store,AC,BCC DELI CORP,BCC DELI,88,W 181ST STREET ###,BRONX,NY,10453,"{'type': 'Point', 'coordinates': [-73.90883, 40.85694]}",307,1500,,,-73.90883,40.85694
BRONX,751569,Store,AC,NEW SPRING DELI CORP,NEW SPRING DELI,651,EAST 187TH STREET ###,BRONX,NY,10458,"{'type': 'Point', 'coordinates': [-73.8861, 40.85482]}",307,,,,-73.8861,40.85482
BRONX,751504,Store,A,SW GROCERY & DELI CORP,SW GROCERY & DELI,935,E 163 ST - CORNER,BRONX,NY,10459,"{'type': 'Point', 'coordinates': [-73.89653, 40.821]}",307,,,,-73.89653,40.821
BRONX,751495,Store,A,SMA GROCERY CORPORATION,SMA GROCERY,4643,WHITE PLAINS RD,BRONX,NY,10470,"{'type': 'Point', 'coordinates': [-73.85069, 40.90307]}",307,700,,,-73.85069,40.90307
BRONX,751490,Store,A,BROOK AVE CONVENIENCE CORP,BROOK AVE CONVENIENCE,487,BROOK AVE,BRONX,NY,10455,"{'type': 'Point', 'coordinates': [-73.91583, 40.81342]}",307,,,,-73.91583,40.81342
BRONX,751450,Store,AC,MADE IN MEXICO DELI GROCERY CORP,MADE IN MEXICO DELI GROCERY,1764,EAST 174TH STREET,BRONX,NY,10472,"{'type': 'Point', 'coordinates': [-73.8687, 40.83481]}",307,1500,,,-73.8687,40.83481
BRONX,751422,Store,AC,184 KING DELI GROCERY LLC,184 KING DELI GROCERY,2374,JEROME AVE,BRONX,NY,10468,"{'type': 'Point', 'coordinates': [-73.90251, 40.86069]}",307,,,,-73.90251,40.86069
BRONX,751417,Store,AC,HEALTHY EATS DELI CORP,HEALTHY EATS DELI,527,E 137TH ST ###,BRONX,NY,10454,"{'type': 'Point', 'coordinates': [-73.91905, 40.80658]}",307,1800,,,-73.91905,40.80658
BRONX,751416,Store,AC,173RD GOURMET DELI CORP,173RD GOURMET DELI,1680,CLAY AVE,BRONX,NY,10457,"{'type': 'Point', 'coordinates': [-73.90493, 40.84356]}",307,1200,,,-73.90493,40.84356
BRONX,751408,Store,AC,BARI SUPER MARKET LLC,BARI SUPER MARKET,1412,CASTLE HILL AVENUE,BRONX,NY,10462,"{'type': 'Point', 'coordinates': [-73.85217, 40.8361]}",307,4500,,,-73.85217,40.8361
BRONX,751390,Store,AC,JJM DELI GROCERY CORP,JJM DELI GROCERY,713,E 138TH STREET,BRONX,NY,10454,"{'type': 'Point', 'coordinates': [-73.91307, 40.80496]}",307,600,,,-73.91307,40.80496
BRONX,751375,Store,AC,J & D NUTRITION CORP,J & D NUTRITION,1601,WILLIAMSBRIDGE RD ###,BRONX,NY,10461,"{'type': 'Point', 'coordinates': [-73.84914, 40.84715]}",307,800,,,-73.84914,40.84715
BRONX,751372,Store,A,ALLERTON GROCERY & CONVENIENCE CORP,ALLERTON GROCERY & CONVENIENCE,685,ALLERTON AVENUE,BRONX,NY,10467,"{'type': 'Point', 'coordinates': [-73.86791, 40.86544]}",307,1800,,,-73.86791,40.86544
BRONX,751359,Store,AC,MY DELI & GRILL INC,FINEST FOOD VEGAN GRILL,1201,CASTLE HILL AVE,BRONX,NY,10462,"{'type': 'Point', 'coordinates': [-73.85107, 40.83204]}",307,,,,-73.85107,40.83204
BRONX,751327,Store,AC,TOP FRUITS AND VEGETABLES CORP,TOP FRUITS AND VEGETABLES,1057,SOUTHERN BLVD,BRONX,NY,10459,"{'type': 'Point', 'coordinates': [-73.89194, 40.82482]}",307,1500,,,-73.89194,40.82482
BRONX,751320,Store,A,MCGRAW PHARMACY INC,MCGRAW PHARMACY,2048,MCGRAW AVE,BRONX,NY,10462,"{'type': 'Point', 'coordinates': [-73.85619, 40.83551]}",307,4000,,,-73.85619,40.83551
BRONX,751319,Store,AC,BRONXDALE ENTERPRISE INC,MOBIL MART,2090,BRONXDALE AVE ####,BRONX,NY,10462,"{'type': 'Point', 'coordinates': [-73.86834, 40.85192]}",307,2350,,,-73.86834,40.85192
BRONX,751288,Store,AC,MK HALAL AND TRADING CORPORATION,MK HALAL FOOD MARKET,2610,THIRD AVE,BRONX,NY,10454,"{'type': 'Point', 'coordinates': [-73.9252, 40.81214]}",307,,,,-73.9252,40.81214
BRONX,751242,Store,AC,IGNITE USA INC,PELHAM SUPERMARKET,706,LYDIG AVE,BRONX,NY,10462,"{'type': 'Point', 'coordinates': [-73.86733, 40.85451]}",307,2200,,,-73.86733,40.85451
BRONX,751208,Store,AC,BUENA VISTA DELI GROCERY CORP,BUENA VISTA DELI GROCERY,650-652,PROSPECT AVE ###,BRONX,NY,10455,"{'type': 'Point', 'coordinates': [-73.90328, 40.81558]}",307,2000,,,-73.90328,40.81558
BRONX,751207,Store,AC,MI CHAPINCITA QUETZAL CORP,MI CHAPINCITA QUETZAL,1093,SOUTHERN BLVD,BRONX,NY,10459,"{'type': 'Point', 'coordinates': [-73.89194, 40.82605]}",307,,,,-73.89194,40.82605
BRONX,751125,Store,AC,TINOS SEAFOOD LTD,TINOS SEAFOOD,540,WEST 235TH STREET ##,BRONX,NY,10463,"{'type': 'Point', 'coordinates': [-73.90919, 40.88551]}",307,,,,-73.90919,40.88551
BRONX,751093,Store,AC,EMPIDE DELI GROCERY INC,EMPIDE DELI GROCERY,511,EAST 138TH STREET ###,BRONX,NY,10454,"{'type': 'Point', 'coordinates': [-73.91907, 40.80749]}",307,1800,,,-73.91907,40.80749
BRONX,751092,Store,AC,TEAM RD DELI GROCERY CORP,TEAM RD DELI GROCERY,306,EAST 178TH STREET,BRONX,NY,10457,"{'type': 'Point', 'coordinates': [-73.90239, 40.84999]}",307,1000,,,-73.90239,40.84999
BRONX,751090,Store,AC,LONGWOOD FISH MARKET #1 INC,LONGWOOD FISH MARKET #1,410,E 148TH STREET,BRONX,NY,10455,"{'type': 'Point', 'coordinates': [-73.91743, 40.81503]}",307,,,,-73.91743,40.81503
BRONX,751084,Store,AC,LOYALTY DELI CORP,LOYALTY DELI,1512,BOONE AVE,BRONX,NY,10460,"{'type': 'Point', 'coordinates': [-73.88566, 40.83209]}",307,1300,,,-73.88566,40.83209
BRONX,751083,Store,AC,784 DELI GROCERY INC,784 DELI GROCERY,784,E 163RD STREET,BRONX,NY,10456,"{'type': 'Point', 'coordinates': [-73.90284, 40.82265]}",307,,,,-73.90284,40.82265
BRONX,751064,Store,AC,MTB HALAL INC,MTB HALAL,1104,WEBSTER AVE,BRONX,NY,10456,"{'type': 'Point', 'coordinates': [-73.91118, 40.82952]}",307,,,,-73.91118,40.82952
BRONX,751044,Store,AC,M&A FRUITS & DELI CORP,M&A FRUITS & DELI,1976,ARTHUR AVENUE,BRONX,NY,10457,"{'type': 'Point', 'coordinates': [-73.8931, 40.84687]}",307,,,,-73.8931,40.84687
BRONX,751043,Store,AC,150 J&J DELI GROCERY CORP,150 J&J DELI GROCERY,150,EAST 174TH STREET,BRONX,NY,10468,"{'type': 'Point', 'coordinates': [-73.90965, 40.84486]}",307,1500,,,-73.90965,40.84486
BRONX,751038,Store,AC,4028 GOURMET LLC,4028 GOURMET,4028,BOSTON RD,BRONX,NY,10475,"{'type': 'Point', 'coordinates': [-73.83112, 40.88474]}",307,1300,,,-73.83112,40.88474
BRONX,751032,Store,AC,CARIBBEAN DELI GROCERY CORP,CARIBBEAN DELI GROCERY,646,EAST 241ST ST ##,BRONX,NY,10470,"{'type': 'Point', 'coordinates': [-73.85204, 40.9042]}",307,1300,,,-73.85204,40.9042
BRONX,750994,Store,AC,CA FOOD MART INC,CA FOOD MART,3706,3RD AVENUE,BRONX,NY,10456,"{'type': 'Point', 'coordinates': [-73.90343, 40.83515]}",307,,,,-73.90343,40.83515
BRONX,750926,Store,AC,EDDIES PLACE AFRICAN MKET 2 INC,EDDIES PACE AFRICAN MKET,1221,E 233RD ST,BRONX,NY,10466,"{'type': 'Point', 'coordinates': [-73.84268, 40.8887]}",307,,,,-73.84268,40.8887
BRONX,750839,Store,AC,RIVER CITY DELI INC,RIVER CITY DELI,2430,E TREMONT AVE,BRONX,NY,10461,"{'type': 'Point', 'coordinates': [-73.85213, 40.84262]}",307,1600,,,-73.85213,40.84262
BRONX,750830,Store,AC,HEALTHY CHOICE GOURMET III INC,HEALTHY CHOICE GOURMET III,4507,3RD AVE ####,BRONX,NY,10457,"{'type': 'Point', 'coordinates': [-73.89126, 40.85373]}",307,,,,-73.89126,40.85373
BRONX,750780,Store,AC,WILSON GOURMET DELI CORP,WILSON GOURMET DELI,3401,BOSTON ROAD,BRONX,NY,10469,"{'type': 'Point', 'coordinates': [-73.85024, 40.87571]}",307,,,,-73.85024,40.87571
BRONX,750779,Store,AC,MAXX MINI MARKET LLC,MAXX GROCERY MARKET,759,GERARD AVENUE,BRONX,NY,10451,"{'type': 'Point', 'coordinates': [-73.92627, 40.82523]}",307,,,,-73.92627,40.82523
BRONX,750767,Store,AC,EL NIETO DE MAMA FIFI DELI FOOD CORP,EL NIETO DE MAMA FIFI DELI FOOD,660,BEACH AVE,BRONX,NY,10473,"{'type': 'Point', 'coordinates': [-73.86335, 40.81899]}",307,,,,-73.86335,40.81899
BRONX,750697,Store,AC,THEMACCS LLC,MACCS,220,COSTER ST,BRONX,NY,10474,"{'type': 'Point', 'coordinates': [-73.88505, 40.80519]}",307,2000,,,-73.88505,40.80519
BRONX,750569,Store,AC,PACES ITALIAN MARKET INC,PACE'S ITALIAN MARKET,2314,ARTHUR AVE ##,BRONX,NY,10458,"{'type': 'Point', 'coordinates': [-73.88911, 40.85378]}",307,,,,-73.88911,40.85378
BRONX,750536,Store,AC,5 CORNERS GROCERY CORP,5 CORNERS GROCERY,1701,UNIONPORT ROAD,BRONX,NY,10462,"{'type': 'Point', 'coordinates': [-73.86662, 40.84356]}",307,800,,,-73.86662,40.84356
BRONX,750535,Store,AC,MANITO FOOD CENTER CORP,MANITO FOOD CENTER,1133,WASHINGTON AVE ##,BRONX,NY,10456,"{'type': 'Point', 'coordinates': [-73.90804, 40.82924]}",307,,,,-73.90804,40.82924
BRONX,750497,Store,AC,HUNTS POINT DELI CORP,HUNTS POINT DELI,1331,SENECA AVE,BRONX,NY,10474,"{'type': 'Point', 'coordinates': [-73.88637, 40.81904]}",307,,,,-73.88637,40.81904
BRONX,750478,Store,AC,1791 SAN ANTONIO GROCERY CORP,1791 SAN ANTONIO GROCERY,1791,GLEASON AVENUE,BRONX,NY,10472,"{'type': 'Point', 'coordinates': [-73.86657, 40.82984]}",307,,,,-73.86657,40.82984
BRONX,750413,Store,AC,SAYLON DELI CORP,SAYLON DELI,125,MARCY PLACE,BRONX,NY,10452,"{'type': 'Point', 'coordinates': [-73.91589, 40.83793]}",307,900,,,-73.91589,40.83793
BRONX,750410,Store,AC,OCOA DELI GROCERY INC,OCOA DELI GROCERY,1201,LELAND AVE ####,BRONX,NY,10472,"{'type': 'Point', 'coordinates': [-73.86316, 40.83041]}",307,1000,,,-73.86316,40.83041
BRONX,750403,Store,AC,BAINBRIDGE MARKET CORP,BAINBRIDGE MARKET,3215,BRAINBRIDGE AVE,BRONX,NY,10467,"{'type': 'Point', 'coordinates': [-73.87965, 40.87635]}",307,,,,-73.87965,40.87635
BRONX,750396,Store,AC,SLOW COCOA LLC,SLOW COCOA,1361,VIELE AVE #201  ##,BRONX,NY,10474,"{'type': 'Point', 'coordinates': [-73.88142, 40.80729]}",307,800,,,-73.88142,40.80729
BRONX,750284,Store,AC,PRINCE ZACHARY DELI GRCY CORP,PRINCE ZACHRY DELI GROCERY,1898,LONGFELLOW AVE,BRONX,NY,10460,"{'type': 'Point', 'coordinates': [-73.88242, 40.83886]}",307,,,,-73.88242,40.83886
BRONX,750254,Store,AC,LABADDO HEALTH AND BEAUTY LLC,MOTHERLAND HALAL MARKET,623,E TREMONT AVE,BRONX,NY,10457,"{'type': 'Point', 'coordinates': [-73.89256, 40.8461]}",307,1500,,,-73.89256,40.8461
BRONX,750220,Store,AC,CRIS DELI GROCERY CORP,CRIS DELI GROCERY,450,E 160TH STREET,BRONX,NY,10451,"{'type': 'Point', 'coordinates': [-73.91243, 40.82304]}",307,1000,,,-73.91243,40.82304
BRONX,750154,Store,AC,Y&K LARA GROCERY CORP,Y&K LARA GROCERY,3945,CARPENTER AVE,BRONX,NY,10466,"{'type': 'Point', 'coordinates': [-73.86378, 40.88792]}",307,,,,-73.86378,40.88792
BRONX,750145,Store,AC,UNITED 16 CONVENIENCE & DELI CORP,UNITED 16 CONVENIENCE & DELI,16,WEST 177TH ST,BRONX,NY,10453,"{'type': 'Point', 'coordinates': [-73.9111, 40.85007]}",307,1800,,,-73.9111,40.85007
BRONX,750144,Store,AC,FRIENDSHIP DELI & TOBACCO LLC,FRIENDSHIP DELI & TOBACCO,3650,WHITE PLAINS RD,BRONX,NY,10467,"{'type': 'Point', 'coordinates': [-73.86454, 40.88042]}",307,,,,-73.86454,40.88042
BRONX,750099,Store,AC,AURORA & AARON MEAT & PRODUCE CORP,AURORA & AARON MEAT & PRODUCE,1932,BRYANT AVENUE,BRONX,NY,10460,"{'type': 'Point', 'coordinates': [-73.8819, 40.84029]}",307,10000,,,-73.8819,40.84029
BRONX,750077,Store,A,MADRID BAKERY LLC,VALENCIA BAKERY #4,9,WEST BURNSIDE AVENUE,BRONX,NY,10453,"{'type': 'Point', 'coordinates': [-73.9082, 40.85384]}",307,500,,,-73.9082,40.85384
BRONX,750033,Store,AC,GOURMET MARKET & BAGEL INC,GOURMET MARKET & BAGEL,5993,BROADWAY,BRONX,NY,10471,"{'type': 'Point', 'coordinates': [-73.89801, 40.89018]}",307,1500,,,-73.89801,40.89018
BRONX,749997,Store,AC,LA TIENDITA DONA FIDE CORP,LA TIENDITA DONA FIDE,2210,WESTCHESTER,BRONX,NY,10462,"{'type': 'Point', 'coordinates': [-73.85117, 40.83428]}",307,,,,-73.85117,40.83428
BRONX,749946,Store,AC,2080 VALENTINE DELI GROCERY CORP,2080 VALENTINE DELI GROCERY,2080,VALENTINE AVE ####,BRONX,NY,10457,"{'type': 'Point', 'coordinates': [-73.89997, 40.85261]}",307,1100,,,-73.89997,40.85261
BRONX,749945,Store,AC,1930 BARTOW AVE PETROLEUM LLC,BP,1930,BARTOW AVE ##,BRONX,NY,10469,"{'type': 'Point', 'coordinates': [-73.83346, 40.86804]}",307,1500,,,-73.83346,40.86804
BRONX,749902,Store,AC,BROTHER PRODUCE FARM CORP,BROTHER PRODUCE FARM,1154,E GUN HILL RD,BRONX,NY,10469,"{'type': 'Point', 'coordinates': [-73.85334, 40.87298]}",307,2400,,,-73.85334,40.87298
BRONX,749892,Store,AC,RODRIGUEZ PRODUCTOS MEXICANOS INC,RODRIGUEZ PRODUCTOS MEXICANOS,190,EAST 166TH STREET ####,BRONX,NY,10456,"{'type': 'Point', 'coordinates': [-73.91868, 40.83155]}",307,,,,-73.91868,40.83155
BRONX,749891,Store,AC,JORDAN SUPERMARKET INC,JORDAN SUPERMARKET,940,E 174TH STREET,BRONX,NY,10460,"{'type': 'Point', 'coordinates': [-73.88647, 40.83697]}",307,1300,,,-73.88647,40.83697
BRONX,749869,Store,A,SWEET CANDY GROCERY INC,SWEET CANDY GROCERY,3782,THIRD AVE,BRONX,NY,10456,"{'type': 'Point', 'coordinates': [-73.90222, 40.83685]}",307,800,,,-73.90222,40.83685
BRONX,749787,Store,AC,LIAM GROCERY & DELI CORP,LIAM GROCERY & DELI,10,E 198TH STREET,BRONX,NY,10468,"{'type': 'Point', 'coordinates': [-73.89294, 40.8713]}",307,,,,-73.89294,40.8713
BRONX,749781,Store,AC,WESTCHESTER GROCERY CORP,WESTCHESTER GROCERY,987,WESTCHESTER AVE ####,BRONX,NY,10459,"{'type': 'Point', 'coordinates': [-73.89425, 40.8235]}",307,1300,,,-73.89425,40.8235
BRONX,749755,Store,AC,AMAYA EF FOOD CORP,AMAYA EF FOOD,617,CRESCENT AVE,BRONX,NY,10458,"{'type': 'Point', 'coordinates': [-73.88766, 40.85375]}",307,700,,,-73.88766,40.85375
BRONX,749747,Store,AC,PRECISE CUTS DELI CORP,PRECISE CUTS DELI,346,E 188TH ST,BRONX,NY,10458,"{'type': 'Point', 'coordinates': [-73.89411, 40.86031]}",307,1000,,,-73.89411,40.86031
BRONX,749746,Store,AC,BRYANT DELI CORP,BRYANT DELI,1766,BRYANT,BRONX,NY,10460,"{'type': 'Point', 'coordinates': [-73.885, 40.83665]}",307,750,,,-73.885,40.83665
BRONX,749734,Store,AC,ALWAFA DELI GROCERY CORP,BIG AMERICAN GOURMET DELI,1400,CASTLE HILL AVE,BRONX,NY,10462,"{'type': 'Point', 'coordinates': [-73.85208, 40.83573]}",307,1500,,,-73.85208,40.83573
BRONX,749694,Store,AC,FULTON AVE DELI LLC,FULTON AVE DELI,1725,FULTON AVE,BRONX,NY,10457,"{'type': 'Point', 'coordinates': [-73.89745, 40.84214]}",307,800,,,-73.89745,40.84214
BRONX,749610,Store,AC,GREEN APPLE GOURMET AND GROCERY CORP,GREEN APPLE GOURMET & GROCERY,3569,E TREMONT AVE,BRONX,NY,10465,"{'type': 'Point', 'coordinates': [-73.82542, 40.8298]}",307,2400,,,-73.82542,40.8298
BRONX,749583,Store,AC,GREEN DELI MARKETPLACE INC,GREEN DELI MARKETPLACE,2254,E TREMONT AVENUE,BRONX,NY,10462,"{'type': 'Point', 'coordinates': [-73.85591, 40.84219]}",307,600,,,-73.85591,40.84219
BRONX,749538,Store,A,WEBSTER CONVENIENCE MART CORP,WEBSTER CONVENIENCE MART,11439B,WEBSTER AVE,BRONX,NY,10456,,,,,,,
BRONX,749523,Store,AC,MOTT HAVEN GROCERY CORP,MOTT HAVEN GROCERY,2592,3RD AVE,BRONX,NY,10454,"{'type': 'Point', 'coordinates': [-73.92584, 40.81183]}",307,,,,-73.92584,40.81183
BRONX,749519,Store,AC,TOP GOURMET DELI INC,TOP GOURMET DELI,3506,WHITE PLAINS RD,BRONX,NY,10467,"{'type': 'Point', 'coordinates': [-73.86601, 40.87765]}",307,,,,-73.86601,40.87765
BRONX,749494,Store,AC,EL NOVILLO MEAT MARKET CORP,EL NOVILLO MEAT MARKET,214,W 231ST STREET,BRONX,NY,10463,"{'type': 'Point', 'coordinates': [-73.90546, 40.87925]}",307,,,,-73.90546,40.87925
BRONX,749464,Store,AC,2550 DELI GROCERY CORP,2550 DELI GROCERY,2550,E TREMONT AVE,BRONX,NY,10461,"{'type': 'Point', 'coordinates': [-73.84883, 40.84299]}",307,1100,,,-73.84883,40.84299
BRONX,749442,Store,AC,HIMYAR DELI & GROCERY CORP,HIMYAR DELI & GROCERY,1601,WESTCHESTER AVE,BRONX,NY,10472,"{'type': 'Point', 'coordinates': [-73.87563, 40.8292]}",307,,,,-73.87563,40.8292
BRONX,749416,Store,AC,1901 SAFEWAY GOURMET DELI CORP,1901 SAFEWAY GOURMET DELI,1901,STORY AVE ####,BRONX,NY,10473,"{'type': 'Point', 'coordinates': [-73.85964, 40.8241]}",307,,,,-73.85964,40.8241
BRONX,749399,Store,AC,1679 MONROE DELI GROCERY INC,1679 MONROE DELI GROCERY,1679,MONNROE AVENUE  ##,BRONX,NY,10457,"{'type': 'Point', 'coordinates': [-73.9068, 40.84375]}",307,800,,,-73.9068,40.84375
BRONX,749394,Store,AC,1531 METRO DELI INC,1531 METRO DELI,1531,METROPOLITAN AVE,BRONX,NY,10462,"{'type': 'Point', 'coordinates': [-73.8585, 40.83953]}",307,800,,,-73.8585,40.83953
BRONX,749387,Store,AC,MAHADAV ENTERPRISES INC,238 CORNER STORE,5818,BROADWAY,BRONX,NY,10463,"{'type': 'Point', 'coordinates': [-73.90076, 40.88497]}",307,,,,-73.90076,40.88497
BRONX,749363,Store,AC,BARTOW GOURMET DELI & GROCERY CORP,JR DELI & PRODUCE,2045,BARTOW AVENUE,BRONX,NY,10475,"{'type': 'Point', 'coordinates': [-73.82946, 40.86942]}",307,1800,,,-73.82946,40.86942
BRONX,749343,Store,A,CRUZ CONVENIENCE STORE INC,CRUZ CONVENIENCE STORE,1497,WESTCHESTER AVE,BRONX,NY,10472,"{'type': 'Point', 'coordinates': [-73.88034, 40.82849]}",307,,,,-73.88034,40.82849
BRONX,749333,Store,A,DRUG RITE II PHARMACY CORP,DRUG RITE PHARMACY,3432,JEROME AVENUE #34,BRONX,NY,10467,"{'type': 'Point', 'coordinates': [-73.88271, 40.88144]}",307,2500,,,-73.88271,40.88144
BRONX,749222,Store,AC,GUN HILL GOURMET CORP,GUN HILL GOURMET,234,E GUN HILL ROAD,BRONX,NY,10467,"{'type': 'Point', 'coordinates': [-73.87656, 40.88014]}",307,,,,-73.87656,40.88014
BRONX,749205,Store,AC,ROON INC,K & C FRUIT & VEGETABLES,4026,WHITE PLAINS RD,BRONX,NY,10466,"{'type': 'Point', 'coordinates': [-73.85962, 40.88938]}",307,,,,-73.85962,40.88938
BRONX,749201,Store,AC,RANCHITO MIXTECO CORP,RANCHITO MIXTECO,250,E GUN HILL ROAD,BRONX,NY,10467,"{'type': 'Point', 'coordinates': [-73.87597, 40.87987]}",307,,,,-73.87597,40.87987
BRONX,749190,Store,A,BEYOND SNACKS INC,BEYOND SNACKS,575,E 161ST STREET,BRONX,NY,10456,"{'type': 'Point', 'coordinates': [-73.90923, 40.82238]}",307,,,,-73.90923,40.82238
BRONX,749183,Store,AC,S WON PROVISIONS INC,JJ SOUTHERN FARM FRUIT,1046,SOUTHERN BLVD ##,BRONX,NY,10459,"{'type': 'Point', 'coordinates': [-73.89188, 40.82414]}",307,1600,,,-73.89188,40.82414
BRONX,749145,Store,AC,LOS BRAVOS FRUIT MARKET LLC,LOS BRAVOS FRUIT MARKET,14,E BEDFORD PARK BLVD,BRONX,NY,10468,"{'type': 'Point', 'coordinates': [-73.88887, 40.87295]}",307,1300,,,-73.88887,40.87295
BRONX,749134,Store,AC,AGR DELI GROCERY CORP,AGR DELI GROCERY,1662,BOSTON RD,BRONX,NY,10460,"{'type': 'Point', 'coordinates': [-73.88962, 40.83629]}",307,,,,-73.88962,40.83629
BRONX,749121,Store,AC,WILLIS GROCERY AND DELI CORP,WILLIS GROCERY AND DELI,408,E 138TH STREET,BRONX,NY,10454,"{'type': 'Point', 'coordinates': [-73.92259, 40.80899]}",307,1800,,,-73.92259,40.80899
BRONX,749109,Store,AC,LOS 4 CHAROS DELI GROCERY CORP,LOS 4 CHAROS DELI GROCERY,1437,BEACH AVE,BRONX,NY,10460,"{'type': 'Point', 'coordinates': [-73.86704, 40.83629]}",307,1600,,,-73.86704,40.83629
BRONX,749103,Store,AC,LOVER JUICE BAR LLC,LOVER STEAM FISH,230,EAST 181ST STREET ###,BRONX,NY,10457,"{'type': 'Point', 'coordinates': [-73.90053, 40.85435]}",307,800,,,-73.90053,40.85435
BRONX,749087,Store,AC,PYE 245 CORP,PYE SUSHI,283,E 204TH STREET ###,BRONX,NY,10467,"{'type': 'Point', 'coordinates': [-73.8789, 40.87332]}",307,100,,,-73.8789,40.87332
BRONX,749074,Store,AC,RAMA FOOD CORP,RAMA FOOD,605,E 168TH STREET,BRONX,NY,10456,"{'type': 'Point', 'coordinates': [-73.90321, 40.83019]}",307,,,,-73.90321,40.83019
BRONX,749048,Store,AC,LARA MINI MARKET CORP,LARA MINI MARKET,1382,CROTONA AVE ####,BRONX,NY,10456,"{'type': 'Point', 'coordinates': [-73.89802, 40.83332]}",307,,,,-73.89802,40.83332
BRONX,749047,Store,AC,FERS GRILL DELI INC,FERS GRILL DELI,2962,JEROME AVENUE,BRONX,NY,10468,"{'type': 'Point', 'coordinates': [-73.88961, 40.87283]}",307,1200,,,-73.88961,40.87283
BRONX,749042,Store,AC,JP MEAT MARKET & PRODUCTS CORP,JP MEAT MARKET & PRODUCTS,489,E TREMONT AVE  ####,BRONX,NY,10457,"{'type': 'Point', 'coordinates': [-73.89729, 40.84687]}",307,1600,,,-73.89729,40.84687
BRONX,749027,Store,AC,MPQ BRONX COMMISSARY LLC,CONVIVE BRANDS,178,BRUCKNER BLVD ###,BRONX,NY,10454,"{'type': 'Point', 'coordinates': [-73.91415, 40.80331]}",307,15000,,,-73.91415,40.80331
BRONX,749018,Store,A,LIVEWELL PHARMACY INC,LIVEWELL PHARMACY,1432E,GUNHILL ROAD,BRONX,NY,10469,"{'type': 'Point', 'coordinates': [-73.8445, 40.86956]}",307,,,,-73.8445,40.86956
BRONX,748991,Store,AC,GRIFFINS DELI LLC,GRIFFIN'S DELI,400,EAST GUN HILL RD,BRONX,NY,10467,"{'type': 'Point', 'coordinates': [-73.87129, 40.87859]}",307,800,,,-73.87129,40.87859
BRONX,748980,Store,AC,3181 GREEN DELI CORP,3181 GREEN DELI,3187,WEBSTER AVE,BRONX,NY,10467,"{'type': 'Point', 'coordinates': [-73.87483, 40.87308]}",307,,,,-73.87483,40.87308
BRONX,748978,Store,AC,DONA MARY CORP,DONA MARY,550,E 187TH STREET,BRONX,NY,10458,"{'type': 'Point', 'coordinates': [-73.88898, 40.8563]}",307,,,,-73.88898,40.8563
BRONX,748880,Store,A,DCON DISCOUNT INC,DCON DISCOUNT,4412,WHITE PLAINS ROAD ###,BRONX,NY,10470,"{'type': 'Point', 'coordinates': [-73.85387, 40.899]}",307,8000,,,-73.85387,40.899
BRONX,748879,Store,A,BEST 99C DISCOUNT & HARDWHERE INC,BEST 99C DISCOUNT & HARDWHERE THE,695,E GUN HILL RD,BRONX,NY,10467,"{'type': 'Point', 'coordinates': [-73.86723, 40.87761]}",307,,,,-73.86723,40.87761
BRONX,748875,Store,A,EVERGREEN DISCOUNT INC,EVERGREEN DISCOUNT,230,EAST 170TH STREET ###,BRONX,NY,10456,"{'type': 'Point', 'coordinates': [-73.91252, 40.83817]}",307,,,,-73.91252,40.83817
BRONX,748857,Store,AC,VIDANIA GROCERY STORE CORP,VIDANIA GROCERY STORE,124,EAST 176TH STREET,BRONX,NY,10453,"{'type': 'Point', 'coordinates': [-73.90879, 40.84807]}",307,1000,,,-73.90879,40.84807
BRONX,748846,Store,AC,SOUTHERN BLVD GORMET DELI & SMOKE SHOP C,SOUTHERN BLVD GORMET DELI & SMOKE SHOP,1007,SOUTHERN BLVD,BRONX,NY,10459,"{'type': 'Point', 'coordinates': [-73.89179, 40.82304]}",307,600,,,-73.89179,40.82304
BRONX,748839,Store,A,GB LICENSE LLC,GOPUFF 637,1872,E TREMONT AVE,BRONX,NY,10460,"{'type': 'Point', 'coordinates': [-73.8648, 40.84101]}",307,,,,-73.8648,40.84101
BRONX,748830,Store,A,GB LICENSE LLC,GOPUFF 621,3000,JEROME AVE,BRONX,NY,10468,"{'type': 'Point', 'coordinates': [-73.88911, 40.87409]}",307,4000,,,-73.88911,40.87409
BRONX,748828,Store,A,GB LICENSE LLC,GOPUFF 620,780,ST ANNS AVE,BRONX,NY,10456,"{'type': 'Point', 'coordinates': [-73.91027, 40.82022]}",307,,,,-73.91027,40.82022
BRONX,748814,Store,AC,MARIBEL MINI MARKET INC,MARIBEL MINI MARKET,558,COMMONWEALTH AVE ##,BRONX,NY,10473,"{'type': 'Point', 'coordinates': [-73.86471, 40.81663]}",307,1300,,,-73.86471,40.81663
BRONX,748813,Store,AC,ECUATORIANITAS DELI CORP,ECUATORIANITAS DELI,978,LONGWOOD AVE,BRONX,NY,10459,"{'type': 'Point', 'coordinates': [-73.89766, 40.81716]}",307,,,,-73.89766,40.81716
BRONX,748795,Store,AC,HEALTHY CHOICE GOURMET II INC,HEALTHY CHOICE GOURMET II,2698,JEROME AVE  ####,BRONX,NY,10468,"{'type': 'Point', 'coordinates': [-73.89674, 40.86835]}",307,1200,,,-73.89674,40.86835
BRONX,748793,Store,AC,NEW GREENLAND TROPICAL DELI & GROCERY IN,NEW GREENLAND TROPICAL DELI & GROCERY,1737,DR MARTIN L KING JR BLVD ###,BRONX,NY,10453,"{'type': 'Point', 'coordinates': [-73.91628, 40.85]}",307,,,,-73.91628,40.85
BRONX,748738,Store,AC,LILIS DELI GROCERY CORP,LILIS DELI GROCERY,995,"KELLY STREET, STORE 16",BRONX,NY,10459,"{'type': 'Point', 'coordinates': [-73.89586, 40.82283]}",307,600,,,-73.89586,40.82283
BRONX,748734,Store,AC,595 SURIEL DELI GROCERY LLC,595 SURIEL DELI GROCERY,595,E 141ST STREET,BRONX,NY,10454,"{'type': 'Point', 'coordinates': [-73.9147, 40.80816]}",307,1000,,,-73.9147,40.80816
BRONX,748726,Store,AC,6 STARS COURMET DELI CORP,6 STARS GOURMET DELI,2291,CROTONA AVE ##,BRONX,NY,10458,"{'type': 'Point', 'coordinates': [-73.88467, 40.85189]}",307,1000,,,-73.88467,40.85189
BRONX,748718,Store,AC,2358 MEAT CORP,FOOD UNIVERSE MARKETPLACE,2358,UNIVERSITY AVE,BRONX,NY,10468,"{'type': 'Point', 'coordinates': [-73.90524, 40.86243]}",307,4000,,,-73.90524,40.86243
BRONX,748678,Store,AC,1434 FOOD CO LLC,SUPERFRESH KEY FOOD,1434,JEROME AVENUE,BRONX,NY,10452,"{'type': 'Point', 'coordinates': [-73.91701, 40.84115]}",307,14000,,,-73.91701,40.84115
BRONX,748669,Store,AC,BENEFISHAL SEAFOOD LLC,BENEFISHAL SEAFOOD,800,FOOD CENTER DR UNIT 36 ###,BRONX,NY,10474,"{'type': 'Point', 'coordinates': [-73.87625, 40.80434]}",307,800,,,-73.87625,40.80434
BRONX,748665,Store,AC,ILIYAS GOURMET DELI 1 INC,ILIYAS GOURMET DELI 1,3211,WESTCHESTER AVE  ##,BRONX,NY,10461,"{'type': 'Point', 'coordinates': [-73.82969, 40.85176]}",307,1000,,,-73.82969,40.85176
BRONX,748636,Store,A,LEROY PHARMACY II,LEROY PHARMACY,239,E  198TH ST,BRONX,NY,10458,"{'type': 'Point', 'coordinates': [-73.88953, 40.8693]}",307,,,,-73.88953,40.8693
BRONX,748561,Store,AC,PRAMUKH KRUPA 4004 INC,PRAMUKH KRUPA,4004,EAST TREMONT AVE,BRONX,NY,10465,"{'type': 'Point', 'coordinates': [-73.818, 40.82035]}",307,,,,-73.818,40.82035
BRONX,748558,Store,AC,BROTHERS CONVENIENCE STORE INC,BROTHERS CONVENIENCE STORE,1461,SOUTHERN BLVD,BRONX,NY,10460,"{'type': 'Point', 'coordinates': [-73.89067, 40.83253]}",307,1400,,,-73.89067,40.83253
BRONX,748557,Store,AC,A&J 152ST FOOD LLC,A&J 152ST FOOD,835,EAST 152ND STREET,BRONX,NY,10455,"{'type': 'Point', 'coordinates': [-73.90415, 40.8152]}",307,,,,-73.90415,40.8152
BRONX,748553,Store,AC,3413 MEAT MARKET CORP,3413 MEAT MARKET,3413,BOSTON RD ###,BRONX,NY,10469,"{'type': 'Point', 'coordinates': [-73.85008, 40.8758]}",307,,,,-73.85008,40.8758
BRONX,748550,Store,AC,S&A 99 CENTS PLUS CORP,S&A 99 CENTS PLUS,248,W 231ST STREET,BRONX,NY,10463,"{'type': 'Point', 'coordinates': [-73.90634, 40.87969]}",307,,,,-73.90634,40.87969
BRONX,748511,Store,AC,E C DELI & GROCERY CORP,E C DELI & GROCERY,1388,JESUP AVE ####,BRONX,NY,10452,"{'type': 'Point', 'coordinates': [-73.92088, 40.841]}",307,,,,-73.92088,40.841
BRONX,748505,Store,AC,EL RANCHO MARKET CORP,EL RANCHO MARKET,19,E KINGSBRIDGE RD,BRONX,NY,10468,"{'type': 'Point', 'coordinates': [-73.89671, 40.86719]}",307,1300,,,-73.89671,40.86719
BRONX,748501,Store,AC,SAMY MINI MARKET AND DELI CORP,SAMY MINI MARKET AND DELI,2444,WILLIAMSBRIDGE,BRONX,NY,10469,"{'type': 'Point', 'coordinates': [-73.85766, 40.86195]}",307,,,,-73.85766,40.86195
BRONX,748499,Store,A,ABLAN GROCERY STORE CORP,ABLAN GROCERY STORE,3959,BRONXWOOD AVE,BRONX,NY,10466,"{'type': 'Point', 'coordinates': [-73.855, 40.8855]}",307,,,,-73.855,40.8855
BRONX,748442,Store,AC,YANKEE FOOD DELI INC,YANKEE SUPERMARKET,2304,SEDGWICK AVENUE,BRONX,NY,10468,"{'type': 'Point', 'coordinates': [-73.90903, 40.86244]}",307,1500,,,-73.90903,40.86244
BRONX,748426,Store,AC,3 BROS GOURMET DELI INC,3 BROS GOURMET DELI,1570B,BATHGATE AVE,BRONX,NY,10457,"{'type': 'Point', 'coordinates': [-73.90163, 40.83869]}",307,1400,,,-73.90163,40.83869
BRONX,748420,Store,AC,NEW JUABEN AFRICAN MKT LLC,NEW JUABEN AFRICAN MKT,4234,WHITE PALINS RD,BRONX,NY,10466,"{'type': 'Point', 'coordinates': [-73.85676, 40.89454]}",307,,,,-73.85676,40.89454
BRONX,748388,Store,AC,BENDECIDO DELI GROCERY CORP,BENDECIDO DELI GROCERY,927,EAST 169TH STREET,BRONX,NY,10459,"{'type': 'Point', 'coordinates': [-73.89367, 40.82724]}",307,,,,-73.89367,40.82724
BRONX,748377,Store,AC,GOD PROMISE INC,GOD PROMISE AFR & CARIB MKT,2364,JEROME AVE,BRONX,NY,10468,"{'type': 'Point', 'coordinates': [-73.90269, 40.8604]}",307,1800,,,-73.90269,40.8604
BRONX,748346,Store,AC,AGBOGBLOSHIE AFRICAN MARKET INC,AGBOGBLOSHIE AFRICAN MARKET,1322,E GUN HILL ROAD,BRONX,NY,10469,"{'type': 'Point', 'coordinates': [-73.84756, 40.87117]}",307,1000,,,-73.84756,40.87117
BRONX,748335,Store,AC,NEW LYDIG PICK & PACK INC,NEW LYDIG PICK & PACK,716,LYDIG AVE,BRONX,NY,10462,"{'type': 'Point', 'coordinates': [-73.86693, 40.85449]}",307,1400,,,-73.86693,40.85449
BRONX,748332,Store,AC,AMAA GOURMET DELI CORP,AMAA GOURMET DELI,1591,WATSON AVE,BRONX,NY,10472,"{'type': 'Point', 'coordinates': [-73.87513, 40.82649]}",307,,,,-73.87513,40.82649
BRONX,748331,Store,AC,DAYLAN DELI CORP,DAYLAN DELI,100,WEST 168TH ST,BRONX,NY,10452,"{'type': 'Point', 'coordinates': [-73.92439, 40.83827]}",307,,,,-73.92439,40.83827
BRONX,748321,Store,AC,332 BELLO MINI MARKET INC,332 BELLO MINI MARKET,332,ST ANNS AVE ####,BRONX,NY,10454,"{'type': 'Point', 'coordinates': [-73.91612, 40.80889]}",307,,,,-73.91612,40.80889
BRONX,748313,Store,AC,LAYTON AVENUE FOOD CORP,LIZZIE'S SUPERMARKET,3201,LAYTON AVENUE,BRONX,NY,10465,"{'type': 'Point', 'coordinates': [-73.8204, 40.83498]}",307,3000,,,-73.8204,40.83498
BRONX,748272,Store,AC,7 ELEVEN INC,7-ELEVEN STORE 39365H,590,E FORDHAM RD ###,BRONX,NY,10458,"{'type': 'Point', 'coordinates': [-73.88536, 40.85854]}",307,1000,,,-73.88536,40.85854
BRONX,748258,Store,AC,TEMPTATION DELI CORP,TEMPTATION DELI,2851,WEBSTER AVE ##,BRONX,NY,10458,"{'type': 'Point', 'coordinates': [-73.88469, 40.86664]}",307,400,,,-73.88469,40.86664
BRONX,748248,Store,AC,FRIENDLY DELI INC,FRIENDLY DELI,671,KELLY STREET,BRONX,NY,10455,"{'type': 'Point', 'coordinates': [-73.90229, 40.81538]}",307,800,,,-73.90229,40.81538
BRONX,748243,Store,A,PEOPLES DRUG RX INC,PEOPLES DRUG RX,3176,BAINBRIDGE AVE,BRONX,NY,10467,"{'type': 'Point', 'coordinates': [-73.87953, 40.87551]}",307,,,,-73.87953,40.87551
BRONX,748242,Store,A,KINGS DRUGS INC,KINGS DRUGS,306,E 149TH ST,BRONX,NY,10451,"{'type': 'Point', 'coordinates': [-73.92131, 40.81703]}",307,,,,-73.92131,40.81703
BRONX,748192,Store,AC,TOWN MARKET CORP,TOWN MARKET,700,MORRIS PARK AVE,BRONX,NY,10462,"{'type': 'Point', 'coordinates': [-73.8659, 40.84526]}",307,800,,,-73.8659,40.84526
BRONX,748178,Store,AC,DA OWNERZ BOX LLC,BLACK BODEGA,231,E 167TH STREET,BRONX,NY,10456,"{'type': 'Point', 'coordinates': [-73.91525, 40.83367]}",307,,,,-73.91525,40.83367
BRONX,748176,Store,A,MAX DEALS PROSPECT INC,MAX DEALS,985,PROSPECT AVE###,BRONX,NY,10459,"{'type': 'Point', 'coordinates': [-73.90017, 40.82317]}",307,1200,,,-73.90017,40.82317
BRONX,748165,Store,AC,FASO AFRICAN MARKET CORP,FASO AFRICAN MARKET,953A,WESTCHESTER AVE,BRONX,NY,10459,"{'type': 'Point', 'coordinates': [-73.89603, 40.82254]}",307,400,,,-73.89603,40.82254
BRONX,748164,Store,A,BAJAJ FOOD CORP,EVERYDAY SAVINGS,1031,WESTCHESTER AVE,BRONX,NY,10459,"{'type': 'Point', 'coordinates': [-73.89271, 40.82428]}",307,2000,,,-73.89271,40.82428
BRONX,748105,Store,A,1781 WESTCHESTER GROCERY & CANDY,1781 WESTCHESTER GROCERY & CANDY,1795,WESTCHESTER AVE. ###,BRONX,NY,10472,"{'type': 'Point', 'coordinates': [-73.8666, 40.83185]}",307,800,,,-73.8666,40.83185
BRONX,748083,Store,AC,JVY DELI GROCERY CORP,JVY DELI GROCERY,1685,UNIVERSITY AVENUE,BRONX,NY,10453,"{'type': 'Point', 'coordinates': [-73.91769, 40.84901]}",307,,,,-73.91769,40.84901
BRONX,748069,Store,AC,4577 YAMILKA DELI GROCERY CORP,4577 YAMILKA DELI GROCERY,4577,MATILDA AVENUE,BRONX,NY,10470,"{'type': 'Point', 'coordinates': [-73.85337, 40.90273]}",307,1300,,,-73.85337,40.90273
BRONX,748058,Store,AC,TANG & TASTY DELI GROCERY CORP,TANG & TASTY DELI GROCERY,260,EAST 143RD STREET,BRONX,NY,10451,"{'type': 'Point', 'coordinates': [-73.92459, 40.81542]}",307,,,,-73.92459,40.81542
BRONX,748045,Store,AC,BRONX FISH MARKET INC,KIMS FISH MARKET,555,MORRIS AVE ##,BRONX,NY,10451,"{'type': 'Point', 'coordinates': [-73.92264, 40.81766]}",307,,,,-73.92264,40.81766
BRONX,747990,Store,AC,ST MEAT & GROCERY INC,FOOD FAIR FRESH MARKET,2467,JEROME AVE,BRONX,NY,10468,"{'type': 'Point', 'coordinates': [-73.90093, 40.86296]}",307,15000,,,-73.90093,40.86296
BRONX,747954,Store,A,1160 TREMONT DISCOUNT CORP,1160 TREMONT DISCOUNT,1160,E TREMONT AVENUE,BRONX,NY,10460,"{'type': 'Point', 'coordinates': [-73.87522, 40.8399]}",307,2200,,,-73.87522,40.8399
BRONX,747908,Store,AC,198 ST DELI GROCERY CORP,198 ST DELI GROCERY,2840,VALENTINE AVE,BRONX,NY,10458,"{'type': 'Point', 'coordinates': [-73.89004, 40.86937]}",307,,,,-73.89004,40.86937
BRONX,747907,Store,AC,MARLEY 2 GROCERY CORP,MARLEY 2 GROCERY,4236,WHITE PLAINS RD,BRONX,NY,10466,"{'type': 'Point', 'coordinates': [-73.85674, 40.89457]}",307,,,,-73.85674,40.89457
BRONX,747893,Store,AC,NEW FORDHAM FOOD PLAZA 1 CORP,NEW FORDHAM FOOD PLAZA,2487,CRESTON AVE,BRONX,NY,10468,"{'type': 'Point', 'coordinates': [-73.89815, 40.86268]}",307,1200,,,-73.89815,40.86268
BRONX,747889,Store,AC,SWEET DELI GROCERY CORP,SWEET DELI GROCERY,3001,ALBANY CRESCENT,BRONX,NY,10463,"{'type': 'Point', 'coordinates': [-73.90315, 40.87677]}",307,,,,-73.90315,40.87677
BRONX,747884,Store,AC,CAMILA DELI MARKET LLC,CAMILA DELI MARKET,950,ANDERSON AVENUE,BRONX,NY,10452,"{'type': 'Point', 'coordinates': [-73.92814, 40.83095]}",307,1000,,,-73.92814,40.83095
BRONX,747837,Store,AC,SANTANA GROCERY DELI CORP,SANTANA GROCERY DELI,2001,WHITE PLAINS ROAD,BRONX,NY,10462,"{'type': 'Point', 'coordinates': [-73.86791, 40.84997]}",307,,,,-73.86791,40.84997
BRONX,747815,Store,AC,SAMMY 194 DELI INC,SAMMY 194 DELI,2629,MARION AVE,BRONX,NY,10458,"{'type': 'Point', 'coordinates': [-73.89112, 40.86431]}",307,,,,-73.89112,40.86431
BRONX,747814,Store,AC,C&A DELI MART CORP,C&A DELI MART,966,WOODMANSTEN PL.,BRONX,NY,10462,"{'type': 'Point', 'coordinates': [-73.86044, 40.85493]}",307,600,,,-73.86044,40.85493
BRONX,747788,Store,AC,1289 JC DELI GROCERY CORP,1289 JC DELI GROCERY,1289,WALTON AVENUE,BRONX,NY,10452,"{'type': 'Point', 'coordinates': [-73.91796, 40.83702]}",307,,,,-73.91796,40.83702
BRONX,747748,Store,AC,ABU YEMEN MEAT MARKET CORP,ABU YEMEN MEAT MARKET,1202,WHITE PLAINS ROAD,BRONX,NY,10472,"{'type': 'Point', 'coordinates': [-73.86171, 40.83067]}",307,,,,-73.86171,40.83067
BRONX,747746,Store,AC,LA FLOTA DELI GROCERY CORP,LA FLOTA DELI GROCERY,7,EAST 172ND STREET,BRONX,NY,10452,"{'type': 'Point', 'coordinates': [-73.91569, 40.84211]}",307,,,,-73.91569,40.84211
BRONX,747730,Store,A,ST JOHN MARKET INC,ST JOHN MARKET,639,SOUTHERN BLVD,BRONX,NY,10455,"{'type': 'Point', 'coordinates': [-73.90106, 40.81301]}",307,,,,-73.90106,40.81301
BRONX,747695,Store,AC,TELLO GROCERY CORP,TELLO GROCERY,353,E 138TH STREET,BRONX,NY,10454,"{'type': 'Point', 'coordinates': [-73.9242, 40.80967]}",307,,,,-73.9242,40.80967
BRONX,747682,Store,AC,WATSON FOOD MARKET CORP,WATSON FOOD MARKET,1755,WATSON AVENUE,BRONX,NY,10472,"{'type': 'Point', 'coordinates': [-73.86771, 40.82749]}",307,,,,-73.86771,40.82749
BRONX,747681,Store,AC,JAA DELI GROCERY CORP,JAA DELI GROCERY,214B,EAST 180TH ST.,BRONX,NY,10457,"{'type': 'Point', 'coordinates': [-73.90194, 40.85322]}",307,1300,AKA: 2077 ANTHONY AVE,,-73.90194,40.85322
BRONX,747630,Store,AC,KASIR DELI INC,KASIR DELI,1307,BOSTON ROAD,BRONX,NY,10456,"{'type': 'Point', 'coordinates': [-73.89995, 40.83135]}",307,800,,,-73.89995,40.83135
BRONX,747626,Store,AC,JUAN DIAZ MARTINEZ & MARGARITO CITLAME P,DELI TAQUERIA XOCHITLALLI,1507,WHITE PLAINS ROAD,BRONX,NY,10462,"{'type': 'Point', 'coordinates': [-73.8636, 40.83807]}",307,300,,,-73.8636,40.83807
BRONX,747622,Store,AC,229 MOTT HAVEN INC,229 MOTT HAVEN,229,SAINT ANNS AVE ####,BRONX,NY,10454,"{'type': 'Point', 'coordinates': [-73.91707, 40.80744]}",307,,,,-73.91707,40.80744
BRONX,747609,Store,AC,FRUITS VEGETABLES & GROCERY INC,FRUITS VEGETABLES & GROCERY,756,LYDIG AVE,BRONX,NY,10462,"{'type': 'Point', 'coordinates': [-73.86537, 40.85445]}",307,600,,,-73.86537,40.85445
BRONX,747491,Store,A,GHALEB ALI A,WOODLAWN GIFT SHOP,4309,KATONAH AVE,BRONX,NY,10470,"{'type': 'Point', 'coordinates': [-73.86743, 40.89886]}",307,1000,,,-73.86743,40.89886
BRONX,747477,Store,AC,2143 BARNES DELI GROCERY CORP,2143 BARNES DELI GROCERY,2143,BARNES AVENUE,BRONX,NY,10462,"{'type': 'Point', 'coordinates': [-73.86387, 40.85464]}",307,600,,,-73.86387,40.85464
BRONX,747454,Store,AC,1183 PUGSLEY DELI GROCERY CORP,1183 PUGSLEY DELI GROCERY,1183,PUGSLEY AVE ####,BRONX,NY,10472,"{'type': 'Point', 'coordinates': [-73.85713, 40.83101]}",307,2000,,,-73.85713,40.83101
BRONX,747428,Store,AC,EASTCHESTER GOURMET DELI INC,EASTCHESTER GOURMET DELI,3001,EASTCHESTER ROAD,BRONX,NY,10469,"{'type': 'Point', 'coordinates': [-73.84275, 40.86962]}",307,,,,-73.84275,40.86962
BRONX,747379,Store,A,BROTHERS & BOBO LLC,BROTHERS & BOBO,902,HUNTS POINT AVENUE,BRONX,NY,10474,"{'type': 'Point', 'coordinates': [-73.88988, 40.81956]}",307,550,,,-73.88988,40.81956
BRONX,747358,Store,AC,361 DELI GROCERY LLC,361 DELI GROCERY,361,E 204 STREET,BRONX,NY,10467,"{'type': 'Point', 'coordinates': [-73.87735, 40.87169]}",307,,,,-73.87735,40.87169
BRONX,747352,Store,AC,1223 IE DELI GROCERY CORP,1223 IE DELI GROCERY,1223,BOSTON RD ####,BRONX,NY,10456,"{'type': 'Point', 'coordinates': [-73.90209, 40.82971]}",307,,,,-73.90209,40.82971
BRONX,747346,Store,AC,R & E DELI GROCERY LLC,R & E DELI GROCERY,2773 A,WEBSTER AVENUE,BRONX,NY,10458,"{'type': 'Point', 'coordinates': [-73.88572, 40.86608]}",307,100,,,-73.88572,40.86608
BRONX,747315,Store,AC,EL CORRAL MEAT MARKET CORP,EL CORRAL MEAT MARKET,1187,MORRISON AVE,BRONX,NY,10472,"{'type': 'Point', 'coordinates': [-73.87447, 40.82911]}",307,1400,,,-73.87447,40.82911
BRONX,747211,Store,AC,MAX PRO 99 CENTS PLUS DISCOUNT STORE & H,MAX PRO 99 CENTS PLUS DISCOUNT STORE & H,3593,THIRD AVE,BRONX,NY,10456,"{'type': 'Point', 'coordinates': [-73.90507, 40.83263]}",307,,,,-73.90507,40.83263
BRONX,747188,Store,AC,3433 DELI GRILL & JUICE BAR INC,3433 DELI GRILL & JUICE,3433,BOSTON ROAD,BRONX,NY,10469,"{'type': 'Point', 'coordinates': [-73.84934, 40.87606]}",307,1400,,,-73.84934,40.87606
BRONX,747105,Store,AC,SHIESTYAVEDELI LLC,SHIESTYAVE DELI,1083,SHERIDAN AVE. ###,BRONX,NY,10456,"{'type': 'Point', 'coordinates': [-73.91837, 40.83132]}",307,1000,,,-73.91837,40.83132
BRONX,747060,Store,AC,WHOLESOME DELI GROCERY CORP,WHOLESOME DELI GROCERY,49,W 181 STREET,BRONX,NY,10453,"{'type': 'Point', 'coordinates': [-73.90745, 40.85646]}",307,600,,,-73.90745,40.85646
BRONX,747053,Store,AC,BROOK MEAT & PRODUCE CORP,SHOP FAIR,228,BROOK AVENUE,BRONX,NY,10454,"{'type': 'Point', 'coordinates': [-73.91956, 40.80708]}",307,10000,,,-73.91956,40.80708
BRONX,746963,Store,AC,PARKCHESTER DELI GROCERY CORP,PARKCHESTER DELI GROCERY,1915,WESTCHESTER AVE,BRONX,NY,10462,"{'type': 'Point', 'coordinates': [-73.86019, 40.8333]}",307,800,,,-73.86019,40.8333
BRONX,746938,Store,A,BEDFORD CONVENIENCE MART CORP,BEDFORD CONVENIENCE MART,29,E BEDFORD PARK BLVD,BRONX,NY,10468,"{'type': 'Point', 'coordinates': [-73.88878, 40.87287]}",307,950,,,-73.88878,40.87287
BRONX,746886,Store,AC,MIANDAV FOOD CORP,FOOD UNIVERSE MARKET PL,1187,JEROME AVENUE,BRONX,NY,10452,"{'type': 'Point', 'coordinates': [-73.92291, 40.83575]}",307,8000,,,-73.92291,40.83575
BRONX,746838,Store,AC,JOBU GROCERY CORP,JOBU GROCERY,1405,TOWNSEND AVE,BRONX,NY,10452,"{'type': 'Point', 'coordinates': [-73.91652, 40.84025]}",307,,,,-73.91652,40.84025
BRONX,746832,Store,AC,EL COLMADITO GROCERY DELI CORP,EL COLMADITO GROCERY DELI,280,SAINT ANNS AVENUE,BRONX,NY,10454,"{'type': 'Point', 'coordinates': [-73.91686, 40.80775]}",307,700,,,-73.91686,40.80775
BRONX,746831,Store,AC,BELINDA AFRICAN CARIBBEAN MARKET LLC,BELINDAS AFRICAN CARIBBEAN MARKET,1163,BOSTON  RD,BRONX,NY,10456,"{'type': 'Point', 'coordinates': [-73.90337, 40.82865]}",307,,,,-73.90337,40.82865
BRONX,746827,Store,AC,BRONX BAZAR INC,BRONX BAZAR,2550,BOSTON RD ##,BRONX,NY,10467,"{'type': 'Point', 'coordinates': [-73.86417, 40.8642]}",307,,,,-73.86417,40.8642
BRONX,746806,Store,AC,EL PUEBLO MEXICANO FRUIT & GROCERY CORP,EL PUEBLO MEXICANO FRUIT & GROCERY,530,EAST 138TH STREET,BRONX,NY,10454,"{'type': 'Point', 'coordinates': [-73.91835, 40.80719]}",307,600,,,-73.91835,40.80719
BRONX,746792,Store,AC,3720 DELI AND GRILL CORP,3720 DELI AND GRILL,3720,3RD AVE,BRONX,NY,10456,"{'type': 'Point', 'coordinates': [-73.903, 40.83579]}",307,,,,-73.903,40.83579
BRONX,746722,Store,AC,BETHEL FOOD CORP,BETHEL FOOD,78-80,WEST 183RD STREET ##,BRONX,NY,10453,"{'type': 'Point', 'coordinates': [-73.90676, 40.85934]}",307,,,,-73.90676,40.85934
BRONX,746647,Store,AC,HG MEAT MARKET INC,SAGAL FOOD,514,EAST 134TH STREET,BRONX,NY,10454,"{'type': 'Point', 'coordinates': [-73.92075, 40.80487]}",307,,,,-73.92075,40.80487
BRONX,746572,Store,AC,JOHNSON DELI NY INC,JOHNSON DELI NY,561,W 235TH ST,BRONX,NY,10463,"{'type': 'Point', 'coordinates': [-73.91025, 40.88571]}",307,,,,-73.91025,40.88571
BRONX,746560,Store,AC,568 MINI MARKET CORP,CITY GOURMET DELI,568,169TH ST,BRONX,NY,10456,"{'type': 'Point', 'coordinates': [-73.90325, 40.83216]}",307,1200,,,-73.90325,40.83216
BRONX,746543,Store,AC,MOTHERS DELI INC,MOTHERS DELI,395,MOSHOLU PARKWAY ####,BRONX,NY,10467,"{'type': 'Point', 'coordinates': [-73.87981, 40.8698]}",307,,,,-73.87981,40.8698
BRONX,746463,Store,AC,FULTON AVE GROCERY CORP,FULTON AVE GROCERY,1408,FULTON AVE,BRONX,NY,10456,"{'type': 'Point', 'coordinates': [-73.90175, 40.83473]}",307,,,,-73.90175,40.83473
BRONX,746330,Store,AC,R&C WHOLESALE MEATS DISTRIBUTOR LLC,RC MEAT MARKET,969,OGDEN AVE.-,BRONX,NY,10452,"{'type': 'Point', 'coordinates': [-73.92991, 40.832]}",307,600,STORE 9 & 10,,-73.92991,40.832
BRONX,746250,Store,AC,WEST MOCHA DELI & GROCERY CORP,WEST MOCHA DELI & GROCERY,1903,WEST FARMS RD,BRONX,NY,10460,"{'type': 'Point', 'coordinates': [-73.88131, 40.83846]}",307,,,,-73.88131,40.83846
BRONX,746173,Store,AC,183 MEAT CORP,FOOD UNIVERSE MARKETPLACE,60,WEST 183RD STREET,BRONX,NY,10453,"{'type': 'Point', 'coordinates': [-73.90623, 40.85916]}",307,8000,,,-73.90623,40.85916
BRONX,746167,Store,AC,HEALTHYHOLIC INC,ESSENTIALS BY HEALTHYHO,3200,SCHLEY AVENUE ###,BRONX,NY,10465,"{'type': 'Point', 'coordinates': [-73.81484, 40.827]}",307,800,,,-73.81484,40.827
BRONX,746151,Store,A,DOLLAR ZONE OF BROADWAY LLC,ONE DOLLAR ZONE,5675,BROADWAY ##,BRONX,NY,10463,"{'type': 'Point', 'coordinates': [-73.90298, 40.88149]}",307,,,,-73.90298,40.88149
BRONX,746105,Store,AC,SWAMI24 CORP,SUNSHINE SUPERMARKET,3830,DYRE AVE###,BRONX,NY,10466,"{'type': 'Point', 'coordinates': [-73.83129, 40.88892]}",307,,,,-73.83129,40.88892
BRONX,746090,Store,AC,1665 JUSTIN DELI & GROCERY CORP,1665 JUSTIN DELI & GROCERY,1665,TOPPING AVE,BRONX,NY,10457,"{'type': 'Point', 'coordinates': [-73.90594, 40.84346]}",307,1200,,,-73.90594,40.84346
BRONX,746018,Store,AC,ADYEL DELI GROCERY,ADYEL DELI,1410,BRONX RIVER AVE,BRONX,NY,10472,"{'type': 'Point', 'coordinates': [-73.87952, 40.83411]}",307,1900,,,-73.87952,40.83411
BRONX,746017,Store,AC,ANNERYS DELI CORP,ANNERYS DELI,2178,CROTONA AVE,BRONX,NY,10457,"{'type': 'Point', 'coordinates': [-73.88602, 40.85064]}",307,2000,,,-73.88602,40.85064
BRONX,746009,Store,AC,MARCELO FOOD CORP,BRAVO SUPERMARKET,309,E BURNSIDE AVENUE,BRONX,NY,10457,"{'type': 'Point', 'coordinates': [-73.901, 40.85049]}",307,7000,,,-73.901,40.85049
BRONX,746008,Store,AC,1681 GROCERY INC,1681 GROCERY,4127,LACONIA AVE,BRONX,NY,10466,"{'type': 'Point', 'coordinates': [-73.84691, 40.88794]}",307,1000,,,-73.84691,40.88794
BRONX,745975,Store,A,SOBRO PHARMACY INC,SOBRO PHARMACY,2550,3RD AVE,BRONX,NY,10454,"{'type': 'Point', 'coordinates': [-73.9266, 40.8114]}",307,,,,-73.9266,40.8114
BRONX,745892,Store,AC,GRAB & GO PLAZA CORP,GRAB & GO PLAZA,2810,3RD AVE,BRONX,NY,10455,"{'type': 'Point', 'coordinates': [-73.91872, 40.81547]}",307,1000,,,-73.91872,40.81547
BRONX,745883,Store,A,MAGIC 7 STORE INC,MAGIC 7 STORE,174,WEST FORDHAM RD #3 ####,BRONX,NY,10468,"{'type': 'Point', 'coordinates': [-73.90871, 40.86275]}",307,950,,,-73.90871,40.86275
BRONX,745877,Store,A,TOTAL CARE II INC,TOTAL CARE DISCOUNT,1244,VIRGINIA AVENUE,BRONX,NY,10472,"{'type': 'Point', 'coordinates': [-73.86115, 40.8319]}",307,,,,-73.86115,40.8319
BRONX,745875,Store,A,W CONVENIENCE STORE LLC,W CONVENIENCE STORE,2381,WESTCHESTER AVE,BRONX,NY,10461,"{'type': 'Point', 'coordinates': [-73.84656, 40.83692]}",307,800,,,-73.84656,40.83692
BRONX,745842,Store,AC,ANGELS COFFEE DELI GROCERY CORP,ANGEL'S COFFEE DELI GROCERY,250,E BURNSIDE AVE STORE #7 ###,BRONX,NY,10457,"{'type': 'Point', 'coordinates': [-73.90252, 40.8516]}",307,1100,,,-73.90252,40.8516
BRONX,745839,Store,AC,MOLINA MINI MARKET CORP,MOLINA MINI MARKET,1266,GRAND CONCOURSE,BRONX,NY,10456,"{'type': 'Point', 'coordinates': [-73.91617, 40.83586]}",307,,,,-73.91617,40.83586
BRONX,745838,Store,AC,BEST DAY & NIGHT DELI GROCERY CORP,BEST DAY & NIGHT DELI GROCERY,1017,LEGGET AVE,BRONX,NY,10455,"{'type': 'Point', 'coordinates': [-73.89964, 40.81412]}",307,,,,-73.89964,40.81412
BRONX,745832,Store,AC,RAYMOND DELI & GROCERY CORP,RAYMOND DELI & GROCERY,297,BROOK AVE  ##,BRONX,NY,10454,"{'type': 'Point', 'coordinates': [-73.91835, 40.80905]}",307,1200,,,-73.91835,40.80905
BRONX,745830,Store,A,388 FAMILY DELI TOBACCO CORP,388 FAMILY DELI TOBACCO,288,EAST 169TH STREET,BRONX,NY,10456,"{'type': 'Point', 'coordinates': [-73.91217, 40.83506]}",307,,,,-73.91217,40.83506
BRONX,745822,Store,A,N-DEEN DELI CORP,N-DEEN DELI,621,E 169TH ST####,BRONX,NY,10456,"{'type': 'Point', 'coordinates': [-73.90172, 40.83161]}",307,1000,,,-73.90172,40.83161
BRONX,745775,Store,A,ZMM DELI & SMOKE SHOP INC,ZMM DELI & SMOKE SHOP,3607,BRONXWOOD AVE,BRONX,NY,10469,"{'type': 'Point', 'coordinates': [-73.85915, 40.87803]}",307,800,,,-73.85915,40.87803
BRONX,745708,Store,AC,141 GROCERY AND DELI CORP,141 GROCERY & DELI,2628,3RD AVENUE,BRONX,NY,10451,"{'type': 'Point', 'coordinates': [-73.92451, 40.8125]}",307,1000,,,-73.92451,40.8125
BRONX,745690,Store,AC,ADEE DELI & GROCERY INC,ADEE DELI & GROCERY,700,ADEE AVE,BRONX,NY,10467,"{'type': 'Point', 'coordinates': [-73.86693, 40.8697]}",307,1200,,,-73.86693,40.8697
BRONX,745620,Store,AC,GARDEN MARKET DELI AND GROCERY INC,GARDEN MARKET DELI & GROCERY,393,BEDFORD PARK BLVD,BRONX,NY,10458,"{'type': 'Point', 'coordinates': [-73.8839, 40.86758]}",307,1200,,,-73.8839,40.86758
BRONX,745586,Store,AC,JANJUA RAJPUT INC,7-ELEVEN STORE #39549B,1845,WEBSTER AVE. ###,BRONX,NY,10457,"{'type': 'Point', 'coordinates': [-73.90155, 40.84664]}",307,,,,-73.90155,40.84664
BRONX,745556,Store,AC,BRONX DELI GROCERY CORP,BRONX DELI GROCERY,285,E 165TH ST,BRONX,NY,10456,"{'type': 'Point', 'coordinates': [-73.9158, 40.82908]}",307,1200,,,-73.9158,40.82908
BRONX,745532,Store,AC,RJ CASTLE HILL FOOD CORP,SUPERFRESH SUPERMARKET,1345,CASTLE HILL AVE,BRONX,NY,10462,"{'type': 'Point', 'coordinates': [-73.85201, 40.83535]}",307,85000,,,-73.85201,40.83535
BRONX,745491,Store,AC,KING SEAFOOD MARKET NY INC,KING SEAFOOD MARKET NY,2241,WESTCHESTER AVE,BRONX,NY,10462,"{'type': 'Point', 'coordinates': [-73.85034, 40.83436]}",307,900,,,-73.85034,40.83436
BRONX,745484,Store,AC,VASQUEZ NYC CORP,EDIBLE ARRANGEMENTS,2021,WILLIAMSBRIDGE RD,BRONX,NY,10461,"{'type': 'Point', 'coordinates': [-73.85494, 40.85488]}",307,900,,,-73.85494,40.85488
BRONX,745437,Store,AC,TONYS MINI MARKET CORP,TONY'S MINI MARKET,740,SAINT ANNS AVENUE ##,BRONX,NY,10455,"{'type': 'Point', 'coordinates': [-73.91068, 40.81909]}",307,,,,-73.91068,40.81909
BRONX,745395,Store,AC,SWEET APPLE DELI GROCERY INC,SWEET APPLE DELI GROCERY,395,E 151ST ST,BRONX,NY,10455,"{'type': 'Point', 'coordinates': [-73.91738, 40.81758]}",307,900,,,-73.91738,40.81758
BRONX,745371,Store,A,SSS M DELI & GROCERY CORP,SSS M DELI & GROCERY,2351,WASHINGTON AVE,BRONX,NY,10458,"{'type': 'Point', 'coordinates': [-73.89206, 40.85649]}",307,1000,,,-73.89206,40.85649
BRONX,745336,Store,AC,NOBLE FACTORY LLC THE,NOBLE FACTORY,973,PROSPECT AVE #####,BRONX,NY,10459,,,,,,,
BRONX,745193,Store,AC,DOMINICANO DELI INC,DOMINICANO DELI,1836,NEREID AVE###,BRONX,NY,10466,"{'type': 'Point', 'coordinates': [-73.84887, 40.89865]}",307,800,,,-73.84887,40.89865
BRONX,745191,Store,AC,3960 GRAB AND GO CORP,3960 GRAB & GO,3960,WHITE PLAINS RD,BRONX,NY,10466,"{'type': 'Point', 'coordinates': [-73.86071, 40.88741]}",307,1000,,,-73.86071,40.88741
BRONX,745166,Store,AC,YAYA DELI AND GROCERY CORP,YAYA DELI AND GROCERY,851,MELROSE AVE,BRONX,NY,10451,"{'type': 'Point', 'coordinates': [-73.9141, 40.82371]}",307,950,,,-73.9141,40.82371
BRONX,745130,Store,AC,H&B FRESH PRODUCE CORP,H&B FRESH PRODUCE,20,E GUN HILL ROAD,BRONX,NY,10467,"{'type': 'Point', 'coordinates': [-73.8806, 40.88227]}",307,2000,,,-73.8806,40.88227
BRONX,745118,Store,ACK,LITO DELI GROCERY INC,LITO DELI GROCERY,1879,CARTER AVE,BRONX,NY,10457,"{'type': 'Point', 'coordinates': [-73.90173, 40.8476]}",307,1100,,,-73.90173,40.8476
BRONX,745102,Store,AC,FIRST GOLD COAST CORP,GOLD COAST TRADING CO,3400,PARK AVE,BRONX,NY,10456,"{'type': 'Point', 'coordinates': [-73.90991, 40.82915]}",307,,,,-73.90991,40.82915
BRONX,745072,Store,A,KARAM SERVICE STATION INC,KARAM SERVICE STATION,600,PELHAM PKWY S,BRONX,NY,10462,"{'type': 'Point', 'coordinates': [-73.86884, 40.8566]}",307,800,,,-73.86884,40.8566
BRONX,745003,Store,AC,WESTERN BEEF RETAIL INC,WESTERN BEEF,3629,WHITE PLAINS ROAD ##,BRONX,NY,10467,"{'type': 'Point', 'coordinates': [-73.86515, 40.88017]}",307,20000,,,-73.86515,40.88017
BRONX,744973,Store,AC,LA MILAGROSA GROCERY INC,LA MILAGROSA GROCERY,1052,GERARD AVE  ##,BRONX,NY,10452,"{'type': 'Point', 'coordinates': [-73.92239, 40.83185]}",307,1800,,,-73.92239,40.83185
BRONX,744891,Store,AC,2080 MARKET CORP,FOOD UNIVERSE,2080-2082,WHITE PLAINS RD,BRONX,NY,10462,"{'type': 'Point', 'coordinates': [-73.86775, 40.85291]}",307,,,,-73.86775,40.85291
BRONX,744880,Store,AC,G&K DELI GROCERY INC,G&K DELI GROCERY,1541,ROSEDALE AVE,BRONX,NY,10460,"{'type': 'Point', 'coordinates': [-73.87009, 40.83903]}",307,1000,,,-73.87009,40.83903
BRONX,744788,Store,AC,ANTILLANA 167 FRUIT&VEGETABLES INC,ANTILLANA 167 FRUIT&VEGETABLES,212,E 167TH ST,BRONX,NY,10456,"{'type': 'Point', 'coordinates': [-73.91626, 40.83389]}",307,3000,,,-73.91626,40.83389
BRONX,744765,Store,A,PRIME NOW LLC,PRIME NOW,1080,LEGGETT AVE,BRONX,NY,10474,"{'type': 'Point', 'coordinates': [-73.8963, 40.81228]}",307,180000,,,-73.8963,40.81228
BRONX,744718,Store,A,LUCKY SPOT CONVENIENCE CORP,LUCKY SPOT CONVENIENCE,3401,JEROME AVE,BRONX,NY,10467,"{'type': 'Point', 'coordinates': [-73.88362, 40.88065]}",307,,,,-73.88362,40.88065
BRONX,744717,Store,AC,LOPEZ FAMILY DELI CORP,LOPEZ FAMILY DELI,555,SOUNDVIEW AVE,BRONX,NY,10473,"{'type': 'Point', 'coordinates': [-73.86106, 40.81655]}",307,300,,,-73.86106,40.81655
BRONX,744657,Store,AC,MOMMY JAMAICAN MARKET 1 CORP,MOMMY JAMAICAN MARKET 1,3508,WHITE PLAINS ROAD,BRONX,NY,10467,"{'type': 'Point', 'coordinates': [-73.86599, 40.87767]}",307,2000,,,-73.86599,40.87767
BRONX,744542,Store,AC,EDIBLE ARRANGEMENTS LLC,EDIBLE ARRANGEMENTS,880,EAST 163RD STREET ###,BRONX,NY,10459,"{'type': 'Point', 'coordinates': [-73.89853, 40.82097]}",307,,,,-73.89853,40.82097
BRONX,744501,Store,AC,CALI FRESH MARKET LLC,CALI FRESH MARKET,769,MORRIS PARK AVE ##,BRONX,NY,10462,"{'type': 'Point', 'coordinates': [-73.86357, 40.84574]}",307,1000,,,-73.86357,40.84574
BRONX,744441,Store,A,ADEN GROCERY INC,ADEN GROCERY,498,WILLIS AVENUE,BRONX,NY,10455,"{'type': 'Point', 'coordinates': [-73.91866, 40.81494]}",307,800,,,-73.91866,40.81494
BRONX,744436,Store,AC,RIG FISH MARKET CORP,RIG FISH MARKET,4164,WHITE PLAINS ROAD,BRONX,NY,10466,"{'type': 'Point', 'coordinates': [-73.85788, 40.89252]}",307,,,,-73.85788,40.89252
BRONX,744418,Store,AC,RICHARDS DELI GROCERY &MEX PRODUCE CORP,RICHARDS DELI GROCERY,1356,JEROME AVE. ###,BRONX,NY,10452,"{'type': 'Point', 'coordinates': [-73.91847, 40.83923]}",307,,,,-73.91847,40.83923
BRONX,744398,Store,AC,BAHAGA AFRICAN MARKET LLC,BAHAGA AFRICAN MARKET,1734,TOWNSEND AVE,BRONX,NY,10453,"{'type': 'Point', 'coordinates': [-73.91159, 40.84715]}",307,500,,,-73.91159,40.84715
BRONX,744354,Store,A,JEROME SERVICE INC,JEROME SERVICE,2895,JEROME AVE,BRONX,NY,10468,"{'type': 'Point', 'coordinates': [-73.89097, 40.87196]}",307,700,,,-73.89097,40.87196
BRONX,744326,Store,AC,DBODEGA FOOD CORP,D'BODEGA FOOD,2236,GRAND CONCOURSE ###,BRONX,NY,10457,"{'type': 'Point', 'coordinates': [-73.90049, 40.85621]}",307,1234,,,-73.90049,40.85621
BRONX,744299,Store,AC,LAS AGUILAS DELI FOOD CORP,LAS AGUILAS DELI,1131,HAVEMEYER AVE,BRONX,NY,10462,"{'type': 'Point', 'coordinates': [-73.84769, 40.8311]}",307,1000,,,-73.84769,40.8311
BRONX,744165,Store,AC,ANA & ALEX MEXICAN DELI GROCERY CORP,ANA & ALEX MEXICAN DELI GROCERY,1133,BOSTON RD FRNT 4,BRONX,NY,10456,"{'type': 'Point', 'coordinates': [-73.90404, 40.82804]}",307,900,,,-73.90404,40.82804
BRONX,744139,Store,AC,ISSOWAZENA AFRICAN MARKET LLC,ISSOWAZENA AFRICAN MARKET,1458,BOSTON RD,BRONX,NY,10460,"{'type': 'Point', 'coordinates': [-73.89513, 40.83408]}",307,1000,,,-73.89513,40.83408
BRONX,744076,Store,AC,HOME FRESH BAKERY INC,HOME FRESH BAKERY,800,E 182ND ST. ###,BRONX,NY,10460,"{'type': 'Point', 'coordinates': [-73.88367, 40.8486]}",307,,,,-73.88367,40.8486
BRONX,744075,Store,AC,JORDAN DELI GROCERY INC,JORDAN DELI GROCERY,106,E 165TH ST,BRONX,NY,10452,"{'type': 'Point', 'coordinates': [-73.92144, 40.83126]}",307,900,,,-73.92144,40.83126
BRONX,744051,Store,AC,J&R SUPER DELI GROCERY II CORP,J&R SUPER DELI GROCERY,3399,WHITEPLAINS RD,BRONX,NY,10467,"{'type': 'Point', 'coordinates': [-73.86711, 40.87518]}",307,1500,,,-73.86711,40.87518
BRONX,744013,Store,AC,G & M FRIENDS DELI GROCERY LLC,G & M FRIENDS DELI GROCERY,1614,WESTCHESTER AVE,BRONX,NY,10472,"{'type': 'Point', 'coordinates': [-73.87504, 40.82937]}",307,2000,,,-73.87504,40.82937
BRONX,743973,Store,AC,BELLA TEJALPA DELI GROCERY INC,BELLA TEJALPA DELI GROC,2424,HUGHES AVE,BRONX,NY,10458,"{'type': 'Point', 'coordinates': [-73.88629, 40.85588]}",307,1000,,,-73.88629,40.85588
BRONX,743956,Store,AC,DRAGONFLY MARKET CORP,YOUNG'S MARKET,154,E 170TH ST.,BRONX,NY,10452,"{'type': 'Point', 'coordinates': [-73.91455, 40.83891]}",307,1200,,,-73.91455,40.83891
BRONX,743955,Store,AC,4401 FOOD LLC,MET FOOD,4401,WHITE PLAINS RD ###,BRONX,NY,10470,"{'type': 'Point', 'coordinates': [-73.85413, 40.89869]}",307,9000,,,-73.85413,40.89869
BRONX,743950,Store,AC,3 HERMANOS GROCERY CORP,3 HERMANOS GROCERY,1231,WHITEPLAINS RD,BRONX,NY,10472,"{'type': 'Point', 'coordinates': [-73.86211, 40.83164]}",307,,,,-73.86211,40.83164
BRONX,743875,Store,AC,VICJONA MARKET 2 INC,FRESCO,62,E 170TH ST #####,BRONX,NY,10452,,,,,,,
BRONX,743802,Store,AC,MUMCEE AFRICAN & CARIBBEAN MKT INC,MUMCEE AFRICAN & CARIBBEAN MKT,3493,BOSTON ROAD,BRONX,NY,10469,"{'type': 'Point', 'coordinates': [-73.84669, 40.87693]}",307,1200,,,-73.84669,40.87693
BRONX,743771,Store,AC,ADAB FOODS LLC,ADAB FOODS,3861,WHITE PLAINS RD ###,BRONX,NY,10467,"{'type': 'Point', 'coordinates': [-73.86178, 40.88546]}",307,2000,,,-73.86178,40.88546
BRONX,743704,Store,AC,N R SHOP LLC,KEY FOOD SUPERMARKET,5661,RIVERDALE AVE,BRONX,NY,10471,"{'type': 'Point', 'coordinates': [-73.90487, 40.90601]}",307,20000,,,-73.90487,40.90601
BRONX,743503,Store,A,MO DISCOUNT CORP,MO DISCOUNT,548,SOUTHERN BLVD,BRONX,NY,10455,"{'type': 'Point', 'coordinates': [-73.90354, 40.8123]}",307,600,,,-73.90354,40.8123
BRONX,743488,Store,AC,CPR DELI & GROCERY CORP,CANCUN DELI GROCERY 1,908,EAST 163RD STREET,BRONX,NY,10459,"{'type': 'Point', 'coordinates': [-73.89802, 40.82099]}",307,500,,,-73.89802,40.82099
BRONX,743460,Store,AC,MERAN DELI GROCERY CORP,MERAN DELI GROCERY,1082,OLMSTEAD AVENUE,BRONX,NY,10472,"{'type': 'Point', 'coordinates': [-73.85357, 40.82925]}",307,,,,-73.85357,40.82925
BRONX,743421,Store,A,210 FOOD CORP,AAA 99 CENTS,210,E 188TH ST  ##,BRONX,NY,10458,"{'type': 'Point', 'coordinates': [-73.89701, 40.86115]}",307,2000,,,-73.89701,40.86115
BRONX,743409,Store,AC,FRANCIS DELI GROCERY CORP,FRANCIS DELI GROCERY,1229,FRANKLIN AVENUE,BRONX,NY,10456,"{'type': 'Point', 'coordinates': [-73.90318, 40.83058]}",307,1400,,,-73.90318,40.83058
BRONX,743369,Store,AC,BOSTON FISH MARKET CORP,BOSTON FISH MARKET,3717,BOSTON ROAD,BRONX,NY,10466,"{'type': 'Point', 'coordinates': [-73.84099, 40.88042]}",307,700,,,-73.84099,40.88042
BRONX,743364,Store,A,RIVERDALE VAPE & CANDY SHOP INC,RIVERDALE VAPE & CANDY SHOP,215,W 231ST STREET,BRONX,NY,10463,"{'type': 'Point', 'coordinates': [-73.90539, 40.87921]}",307,,,,-73.90539,40.87921
BRONX,743363,Store,AC,AFAA ENTERPRISE INCORPORATION,AFAA AFRICAN SUPERMARKET,2544,B WHITE PLAIN ROAD  ##,BRONX,NY,10467,"{'type': 'Point', 'coordinates': [-73.86703, 40.86438]}",307,1000,,,-73.86703,40.86438
BRONX,743262,Store,AC,CONFE PARK DELI GROCERY CORP,CONTE PARK DELI GROCERY,4666,PARK AVE,BRONX,NY,10458,"{'type': 'Point', 'coordinates': [-73.89273, 40.85814]}",307,1000,,,-73.89273,40.85814
BRONX,743245,Store,AC,L&N GOURMET DELI LLC,L&N GOURMET DELI,6119,BROADWAY #21,BRONX,NY,10471,"{'type': 'Point', 'coordinates': [-73.8965, 40.89419]}",307,1000,,,-73.8965,40.89419
BRONX,743217,Store,A,GC 99 CENT OUTLOOK INC,GC 99 CENT OUTLOOK,2330,GRAND CONCOURSE,BRONX,NY,10458,"{'type': 'Point', 'coordinates': [-73.89934, 40.85815]}",307,1300,,,-73.89934,40.85815
BRONX,743143,Store,AC,A&R GROCERY DELI DELI CORP,A&R GROCERY DELI,57,E 168TH ST###,BRONX,NY,10452,"{'type': 'Point', 'coordinates': [-73.91875, 40.83655]}",307,1200,,,-73.91875,40.83655
BRONX,743090,Store,AC,930-CLARIBEL DELI INC,930-CLARIBEL DELI,6655,BROADWAY,BRONX,NY,10471,"{'type': 'Point', 'coordinates': [-73.8966, 40.91008]}",307,1000,,,-73.8966,40.91008
BRONX,743073,Store,AC,FOAD MUTHANA & MOHAMAD RASHEED,ARCHER CONVENIENCE STORE,1501,WHITEPLAINS ROAD,BRONX,NY,10462,"{'type': 'Point', 'coordinates': [-73.86359, 40.83797]}",307,,,,-73.86359,40.83797
BRONX,743037,Store,AC,1278 MORRISON DELI GROCERY CORP,1278 MORRISON DELI GROCERY,1278,MORRISON AVE ###,BRONX,NY,10472,"{'type': 'Point', 'coordinates': [-73.87508, 40.8315]}",307,1800,,,-73.87508,40.8315
BRONX,743035,Store,AC,INTERVALE DELI FOOD CORP,INTERVALE DELI FOOD,1006,INTERVALE AVE,BRONX,NY,10459,"{'type': 'Point', 'coordinates': [-73.89686, 40.82339]}",307,,,,-73.89686,40.82339
BRONX,743012,Store,AC,N&N MEAT MARKET LLC,LA ANTILLANA MEAT MARKET,239-245,E TREMONT AVE,BRONX,NY,10457,"{'type': 'Point', 'coordinates': [-73.90436, 40.84901]}",307,2500,,,-73.90436,40.84901
BRONX,742993,Store,AC,LSW 245 CORPORATION,LSW SEAFOOD,283,E 204TH STREET,BRONX,NY,10467,"{'type': 'Point', 'coordinates': [-73.8789, 40.87332]}",307,200,,,-73.8789,40.87332
BRONX,742989,Store,A,S&M BRONX INC,BP,3276,JEROME AVE,BRONX,NY,10468,"{'type': 'Point', 'coordinates': [-73.88607, 40.87854]}",307,700,,,-73.88607,40.87854
BRONX,742941,Store,AC,VISIONARY FOOD CORP,VISIONARY FOOD,1077,WHITE PLAINS RD###,BRONX,NY,10472,"{'type': 'Point', 'coordinates': [-73.86063, 40.82827]}",307,1500,,,-73.86063,40.82827
BRONX,742913,Store,AC,SAGAL FISH MARKET INC,SAGAL FISH MARKET,3438,JEROME AVE. ###,BRONX,NY,10467,"{'type': 'Point', 'coordinates': [-73.88268, 40.88147]}",307,750,,,-73.88268,40.88147
BRONX,742852,Store,AC,LOS 2 HERMANITOS DELI GROCERY CORP,LOS 2 HERMANITOS II DELI GROCERY,865,EAST 165TH STREET,BRONX,NY,10459,"{'type': 'Point', 'coordinates': [-73.89918, 40.82392]}",307,,,,-73.89918,40.82392
BRONX,742847,Store,AC,LIFE SAVERS DELI CORP,LIFE SAVERS DELI,302,WILLIS AVE,BRONX,NY,10454,"{'type': 'Point', 'coordinates': [-73.92186, 40.81051]}",307,2000,,,-73.92186,40.81051
BRONX,742811,Store,AC,RAMALES GRILL DELI CORP,RAMALES GRILL DELI,936,MORRIS AVENUE,BRONX,NY,10456,"{'type': 'Point', 'coordinates': [-73.91744, 40.82742]}",307,1000,,,-73.91744,40.82742
BRONX,742802,Store,A,FAMILY DOLLAR STORES OF NEW YORK LLC,FAMILY DOLLAR #33004,867,LONGWOOD AVE,BRONX,NY,10459,"{'type': 'Point', 'coordinates': [-73.90093, 40.81913]}",307,,,,-73.90093,40.81913
BRONX,742746,Store,AC,SHOPLAND MINIMART CORP,SHOPLAND MINIMART,25,W TREMONT AVE,BRONX,NY,10453,"{'type': 'Point', 'coordinates': [-73.91116, 40.85184]}",307,1300,,,-73.91116,40.85184
BRONX,742731,Store,AC,PEACE AND LOVE DELI MARKET CORP,PEACE AND LOVE DELI MARKET,950,LONGWOOD AVENUE,BRONX,NY,10459,"{'type': 'Point', 'coordinates': [-73.89828, 40.81756]}",307,,,,-73.89828,40.81756
BRONX,742727,Store,A,BARRY GROCERY LLC,BARRY GROCERY,1167,CASTLE HILL AVENUE,BRONX,NY,10462,"{'type': 'Point', 'coordinates': [-73.85094, 40.83146]}",307,,,,-73.85094,40.83146
BRONX,742726,Store,AC,CHRISTINE DELI GROCERY CORP,CHRISTINE DELI GROCERY,1580,WATSON AVENUE,BRONX,NY,10472,"{'type': 'Point', 'coordinates': [-73.87593, 40.82638]}",307,,,,-73.87593,40.82638
BRONX,742713,Store,AC,BESA MEAT AND GROCERY INC,BESA MEAT AND GROCERY,2902,MIDDLETOWN ROAD,BRONX,NY,10461,"{'type': 'Point', 'coordinates': [-73.83273, 40.84354]}",307,720,,,-73.83273,40.84354
BRONX,742708,Store,AC,JEFFERY DELI GROCERY INC,JEFFERY DELI GROCERY,2149,VALENTINE AVENUE,BRONX,NY,10457,"{'type': 'Point', 'coordinates': [-73.89927, 40.85418]}",307,1500,,,-73.89927,40.85418
BRONX,742707,Store,AC,SOCO PETRO LLC AMB #2,SOCO PETRO AMB #2,3500,CONNER ST ####,BRONX,NY,10475,"{'type': 'Point', 'coordinates': [-73.82658, 40.88522]}",307,900,,,-73.82658,40.88522
BRONX,742674,Store,AC,KN MARKET INC,KN MARKET,9,KNOLLS CRESENT,BRONX,NY,10463,"{'type': 'Point', 'coordinates': [-73.91722, 40.87894]}",307,,,,-73.91722,40.87894
BRONX,742658,Store,AC,DREAM GOURMET DELI INC,DREAM GOURMET DELI,111,EAST 161ST STREET,BRONX,NY,10451,"{'type': 'Point', 'coordinates': [-73.92414, 40.82744]}",307,,,,-73.92414,40.82744
BRONX,742655,Store,AC,IBERIE DELI GROCERY CORP,PAMELA GREEN DELI,785,EAST 163RD STREET,BRONX,NY,10456,"{'type': 'Point', 'coordinates': [-73.90283, 40.82264]}",307,1000,,,-73.90283,40.82264
BRONX,742515,Store,AC,ALIANS DELI CORP,ALIANS DELI GROCERY,217,BROOK AVENUE,BRONX,NY,10454,"{'type': 'Point', 'coordinates': [-73.91957, 40.80707]}",307,1200,,,-73.91957,40.80707
BRONX,742494,Store,A,AMOAKOHENE PRINCE,SEVEN BROTHERS AFRICAN & CARRIBEAN MARKE,228,EAST 181ST ST,BRONX,NY,10457,"{'type': 'Point', 'coordinates': [-73.90063, 40.85436]}",307,900,,,-73.90063,40.85436
BRONX,742486,Store,AC,TEJADA MEAT CORP,MET FOOD MARKET,649,JACKSON AVE,BRONX,NY,10455,"{'type': 'Point', 'coordinates': [-73.90824, 40.81555]}",307,8000,,,-73.90824,40.81555
BRONX,742478,Store,AC,JML&J FOOD CORP,C TOWN SUPERMARKET,229,E.TREMONT AVE,BRONX,NY,10457,"{'type': 'Point', 'coordinates': [-73.90467, 40.84907]}",307,15000,,,-73.90467,40.84907
BRONX,742477,Store,AC,CITY LINE FRUIT STORE CORP,CITY LINE FRUIT STORE,4710,WHITE PLAINS ROAD,BRONX,NY,10470,"{'type': 'Point', 'coordinates': [-73.84999, 40.90386]}",307,1200,,,-73.84999,40.90386
BRONX,742376,Store,AC,1840 ON THE 6 DELI & GROCERY CORP,1840 ON THE 6 DELI & GROCERY,1840,WESTCHESTER AVE,BRONX,NY,10472,"{'type': 'Point', 'coordinates': [-73.8645, 40.83244]}",307,1000,,,-73.8645,40.83244
BRONX,742286,Store,AC,N AND P GOURMET DELI CORP,N AND P GOURMET DELI,866,UNION AVENUE  ##,BRONX,NY,10459,"{'type': 'Point', 'coordinates': [-73.90271, 40.82071]}",307,950,,,-73.90271,40.82071
BRONX,742275,Store,AC,SAMMY GROCERY & DELI CORP,SAMMY GROCERY & DELI,4378,THIRD AVENUE,BRONX,NY,10457,"{'type': 'Point', 'coordinates': [-73.89394, 40.85087]}",307,700,,,-73.89394,40.85087
BRONX,742220,Store,AC,SAM DELI GROCERY MARKET CORP,SAM DELI GROCERY MARKET,928,TINTON AVE,BRONX,NY,10456,"{'type': 'Point', 'coordinates': [-73.90326, 40.82241]}",307,,,,-73.90326,40.82241
BRONX,742206,Store,AC,TACOS EL TORITO VERSATILE LLC,EZEQUIEL DELI GROCERY,688,COURTLANDT AVE,BRONX,NY,10451,"{'type': 'Point', 'coordinates': [-73.91803, 40.8199]}",307,1000,,,-73.91803,40.8199
BRONX,742195,Store,AC,MOE 194 CONVENIENCE INC,MOE 194 CONVENIENCE,2650,BRIGGS AVENUE,BRONX,NY,10458,"{'type': 'Point', 'coordinates': [-73.89263, 40.86519]}",307,,,,-73.89263,40.86519
BRONX,742074,Store,A,B & R CANDY GROCERY CORP,B & R CANDY GROCERY,4700 B,WHITEPLAINS RD,BRONX,NY,10470,"{'type': 'Point', 'coordinates': [-73.85006, 40.90377]}",307,700,,,-73.85006,40.90377
BRONX,742037,Store,AC,AICHA AFRICAN MARKET INC,AICHA AFRICAN MARKET,218,MCCLELLAN ST,BRONX,NY,10456,"{'type': 'Point', 'coordinates': [-73.91662, 40.83226]}",307,1000,,,-73.91662,40.83226
BRONX,742022,Store,AC,PEACH PIT INC,PEACH PIT,1719,CROSBY AVE,BRONX,NY,10461,"{'type': 'Point', 'coordinates': [-73.83148, 40.84577]}",307,1300,,,-73.83148,40.84577
BRONX,741991,Store,AC,BINMAHFOOD ABUBAKER,170TH STREET GROCERY,160,E 170TH STREET,BRONX,NY,10452,"{'type': 'Point', 'coordinates': [-73.9144, 40.83885]}",307,1000,,,-73.9144,40.83885
BRONX,741942,Store,AC,LA CHAPINCITA DEL BRONX CORP,LA CHAPINCITA DEL BRONX,461,MORRIS PARK AVE,BRONX,NY,10460,"{'type': 'Point', 'coordinates': [-73.87288, 40.84076]}",307,2000,,,-73.87288,40.84076
BRONX,741867,Store,AC,URBAN BLUE MARKET CORP,URBAN BLUE MARKET,1240-1242,CASTLE HILL AVE,BRONX,NY,10462,"{'type': 'Point', 'coordinates': [-73.85129, 40.83303]}",307,1460,,,-73.85129,40.83303
BRONX,741856,Store,AC,AGRAMONTE GROCERY STORE CORP,AGRAMONTE GROCERY STORE,1208,STRATFORD AVE,BRONX,NY,10472,"{'type': 'Point', 'coordinates': [-73.8756, 40.82968]}",307,3000,,,-73.8756,40.82968
BRONX,741851,Store,ABK,MADRID BAKERY LLC,VALENCIA BAKERY,801,EDGEWATER RD,BRONX,NY,10474,"{'type': 'Point', 'coordinates': [-73.88342, 40.81755]}",307,5000,,,-73.88342,40.81755
BRONX,741700,Store,AC,MUNNA MANABRATA D,EVERGREEN HALAL MEAT AND PRODUCE,1215,GRANDVIEW PL,BRONX,NY,10452,"{'type': 'Point', 'coordinates': [-73.91796, 40.83521]}",307,1500,,,-73.91796,40.83521
BRONX,741679,Store,AC,NEW 7 SEAFOOD PLAZA INC,NEW 7 SEAFOOD PLAZA,223,ST ANNS AVE,BRONX,NY,10454,"{'type': 'Point', 'coordinates': [-73.91723, 40.80719]}",307,2000,,,-73.91723,40.80719
BRONX,741657,Store,AC,BOGOPA BTM LLC,FOOD BAZAAR,610,EXTERIOR STREET ###,BRONX,NY,10451,"{'type': 'Point', 'coordinates': [-73.93048, 40.81998]}",307,83000,,,-73.93048,40.81998
BRONX,741533,Store,AC,YEDELINE DELI & GROCERY CORP 2,YEDELINE DELI & GROCERY,271,EAST 166TH STREET ###,BRONX,NY,10456,"{'type': 'Point', 'coordinates': [-73.91552, 40.83048]}",307,1200,,,-73.91552,40.83048
BRONX,741532,Store,AC,WCE DELI CORP,WCE DELI,695,E. 187TH ST.,BRONX,NY,10458,"{'type': 'Point', 'coordinates': [-73.88477, 40.85424]}",307,,,,-73.88477,40.85424
BRONX,741497,Store,A,241 DELI GROCERY CORP,241 DELI GROCERY,4655,WHITE PLAINS ROAD,BRONX,NY,10470,"{'type': 'Point', 'coordinates': [-73.85055, 40.90323]}",307,450,,,-73.85055,40.90323
BRONX,741496,Store,AC,DARIEL GROCERY INC,DARIEL GROCERY,2085,VALENTINE AVE,BRONX,NY,10457,"{'type': 'Point', 'coordinates': [-73.89994, 40.85268]}",307,1300,,,-73.89994,40.85268
BRONX,741448,Store,AC,2185 ANTILLANA MEAT & FOOD CORP,ANTILLANA SUPERFOOD MARKETPLACE,2185,WHITE PLAINS RD,BRONX,NY,10462,"{'type': 'Point', 'coordinates': [-73.86764, 40.85626]}",307,6000,,,-73.86764,40.85626
BRONX,741424,Store,AC,SORY'S MINI MARKET CORP,SORY'S MINI MRKET,3519,WHITE PLAINS RD,BRONX,NY,10467,"{'type': 'Point', 'coordinates': [-73.86655, 40.87797]}",307,1100,,,-73.86655,40.87797
BRONX,741390,Store,AC,2285 GROCERY & FOOD CORP/ANTILLANA,ANTILLANA SUPERFOOD MARKETPLACE,2285,GRAND CONCOURSE,BRONX,NY,10453,"{'type': 'Point', 'coordinates': [-73.90037, 40.85706]}",307,7000,,,-73.90037,40.85706
BRONX,741363,Store,AC,RSJ DELI GROCERY CORP,RSJ DELI GROCERY,109,EAST TREMONT AVENUE,BRONX,NY,10453,"{'type': 'Point', 'coordinates': [-73.90732, 40.85065]}",307,,,,-73.90732,40.85065
BRONX,741345,Store,AC,1033 BEST DELI & GRILL CORP,1033 BEST DELI & GRILL,1033-1035,CASTLE HILL AVENUE ####,BRONX,NY,10472,"{'type': 'Point', 'coordinates': [-73.8508, 40.82871]}",307,2000,,,-73.8508,40.82871
BRONX,741339,Store,A,J & K SMOKE SHOP CORP,J & K SMOKE SHOP,3051,VALENTINE AVE,BRONX,NY,10458,"{'type': 'Point', 'coordinates': [-73.88496, 40.87383]}",307,,,,-73.88496,40.87383
BRONX,741231,Store,AC,1815 SAVANNAH FOOD CORP,1815 SAVANNAH FOOD,1815,GRAND CONCOURSE AVE ####,BRONX,NY,10453,"{'type': 'Point', 'coordinates': [-73.90836, 40.84736]}",307,,,,-73.90836,40.84736
BRONX,741208,Store,AC,JIMENEZ FRUITS & VEGETABLES INC,JIMENEZ FRUITS & VEGETABLES,901,SOUTHERN BLVD. STORE B,BRONX,NY,10459,"{'type': 'Point', 'coordinates': [-73.89287, 40.81957]}",307,1200,,,-73.89287,40.81957
BRONX,741206,Store,AC,35 BUS STOP DELI CORP,35 BUS STOP DELI,899,EAST 169TH STREET,BRONX,NY,10459,"{'type': 'Point', 'coordinates': [-73.89568, 40.82837]}",307,,,,-73.89568,40.82837
BRONX,741168,Store,AC,GORDO DELI GROCERY CORP,GORDO DELI GROCERY,354,BROOK AVENUE,BRONX,NY,10454,"{'type': 'Point', 'coordinates': [-73.91765, 40.81025]}",307,,,,-73.91765,40.81025
BRONX,741167,Store,AC,ALDALALI DELI CORP,ALDALALI DELI,1484,JEROME AVE,BRONX,NY,10452,"{'type': 'Point', 'coordinates': [-73.91633, 40.84214]}",307,1000,,,-73.91633,40.84214
BRONX,741143,Store,AC,EDWIN DELI GROCERY 1 CORP,EDWIN DELI GROCERY 1,1151,OLMSTEAD AVE,BRONX,NY,10472,"{'type': 'Point', 'coordinates': [-73.85389, 40.83062]}",307,1500,,,-73.85389,40.83062
BRONX,741091,Store,ABK,CIBAO BAKERY CORP,CIBAO BAKERY,2546B,WHITE PLAINS ROAD,BRONX,NY,10467,"{'type': 'Point', 'coordinates': [-73.86703, 40.86438]}",307,1000,,,-73.86703,40.86438
BRONX,741041,Store,AC,ALKAIFI MUAAMAR A,EXPRESS CANDY,797,SOUTHERN BLVD,BRONX,NY,10455,"{'type': 'Point', 'coordinates': [-73.89638, 40.81615]}",307,950,,,-73.89638,40.81615
BRONX,741035,Store,AC,MANGOS FISH MEAT CORP,BENEDICIA LOPEZ MARTINE,2300,RANDALLS AVE ##,BRONX,NY,10473,"{'type': 'Point', 'coordinates': [-73.84437, 40.81951]}",307,700,,,-73.84437,40.81951
BRONX,740991,Store,AC,LOS CANE DELI GROCERY CORP,LOS CANE DELI GROCERY,12-14,E 199TH STREET,BRONX,NY,10468,"{'type': 'Point', 'coordinates': [-73.88926, 40.87198]}",307,500,,,-73.88926,40.87198
BRONX,740870,Store,AC,056 DELI & GROCERY CORP,056 DELI & GROCERY,2075,GRAND CONCOURSE ####,BRONX,NY,10453,"{'type': 'Point', 'coordinates': [-73.90299, 40.85346]}",307,,,,-73.90299,40.85346
BRONX,740869,Store,AC,CHARO FOOD CORP,CHARO FOOD,237,EAST 194TH STREET,BRONX,NY,10458,"{'type': 'Point', 'coordinates': [-73.8929, 40.86509]}",307,,,,-73.8929,40.86509
BRONX,740837,Store,AC,NEW BEGINNING DELI GROCERY LLC,NEW BEGINNING DELI GROCERY,673,ALLERTON AVENUE,BRONX,NY,10467,"{'type': 'Point', 'coordinates': [-73.86823, 40.86543]}",307,1000,,,-73.86823,40.86543
BRONX,740822,Store,AC,AL-AMIN HALAL FISH MEAT AND GROCERIES CO,AL-AMIN HALAL FISH MEAT AND GROCERIES,218-220,EAST BURNSIDE AVENUE,BRONX,NY,10457,"{'type': 'Point', 'coordinates': [-73.90295, 40.8519]}",307,500,,,-73.90295,40.8519
BRONX,740784,Store,ABC,AGUAYZA LIGIA ACERO,ECUAMUNDO MULTI SERVICE,2321,WESTCHESTER AVE,BRONX,NY,10462,"{'type': 'Point', 'coordinates': [-73.84757, 40.83611]}",307,,,,-73.84757,40.83611
BRONX,740695,Store,AC,EAST PARK BRONX DELI INC,EAST PARK BRONX DELI,1976,BIRCHALL AVE,BRONX,NY,10462,"{'type': 'Point', 'coordinates': [-73.86854, 40.84868]}",307,900,,,-73.86854,40.84868
BRONX,740693,Store,AC,FAMILY DELI 4 INC,FAMILY DELI 4,414,EAST TREMONT AVE,BRONX,NY,10457,"{'type': 'Point', 'coordinates': [-73.9003, 40.84756]}",307,1300,,,-73.9003,40.84756
BRONX,740677,Store,AC,BANI DELI GROCERY CORP,BANI DELI GROCERY,1965,WEBSTER AVENUE ##,BRONX,NY,10457,"{'type': 'Point', 'coordinates': [-73.90003, 40.84931]}",307,400,,,-73.90003,40.84931
BRONX,740648,Store,A,STOP & GO 2 DELI CORP,STOP & GO 2 DELI,801,PROSPECT AVENUE,BRONX,NY,10455,"{'type': 'Point', 'coordinates': [-73.90195, 40.8189]}",307,2000,,,-73.90195,40.8189
BRONX,740628,Store,ABC,KELDRUM INC,PRIME CUTS IRISH BUTCHERS,4338,KATONAH AVE ###,BRONX,NY,10470,"{'type': 'Point', 'coordinates': [-73.86764, 40.9]}",307,2000,,,-73.86764,40.9
BRONX,740457,Store,AC,PALMAS MEAT MARKET CORP,PALMAS MEAT MARKET,1541,WESTCHESTER AVE,BRONX,NY,10472,"{'type': 'Point', 'coordinates': [-73.87807, 40.82868]}",307,500,,,-73.87807,40.82868
BRONX,740387,Store,AC,KELVINS DELI GROCERY CORP,KELVINS DELI GROCERY,1754,E 172ND STREET,BRONX,NY,10472,"{'type': 'Point', 'coordinates': [-73.86878, 40.83264]}",307,1400,,,-73.86878,40.83264
BRONX,740373,Store,AC,WALTON NY DELI GROCERY INC,WALTON NY DELI GROCERY,901,WALTON AVENUE,BRONX,NY,10452,"{'type': 'Point', 'coordinates': [-73.92365, 40.82795]}",307,,,,-73.92365,40.82795
BRONX,740372,Store,AC,WILLYS GROCERY STORE INC,WILLYS GROCERY STORE,699,BECK STREET ####,BRONX,NY,10455,"{'type': 'Point', 'coordinates': [-73.9003, 40.81503]}",307,1100,,,-73.9003,40.81503
BRONX,740361,Store,AC,WHITE PLAINS GOOD FARM INC,WHITE PLAINS GOOD FARM,3754,WHITE PLAINS ROAD,BRONX,NY,10467,"{'type': 'Point', 'coordinates': [-73.8631, 40.88307]}",307,1300,,,-73.8631,40.88307
BRONX,740339,Store,AC,MPK FOOD CORP,MET FRESH,775-777,MORRIS PARK AVE,BRONX,NY,10462,"{'type': 'Point', 'coordinates': [-73.86319, 40.84583]}",307,15000,,,-73.86319,40.84583
BRONX,740332,Store,AC,GREEN GARDEN HEALTH FOOD STORE LLC,GREEN GARDEN HEALTH FOOD STORE,3543,WHITE PLAINS ROAD,BRONX,NY,10467,"{'type': 'Point', 'coordinates': [-73.86596, 40.87858]}",307,2500,,,-73.86596,40.87858
BRONX,740314,Store,AC,MAYFLOWER DELI & GROCERY CORP,MAYFLOWER DELI & GROCERY,1869,MAYFLOWER AVE,BRONX,NY,10461,"{'type': 'Point', 'coordinates': [-73.83403, 40.84935]}",307,1200,,,-73.83403,40.84935
BRONX,740303,Store,AC,MONTHER FOOD MART AND DELI CORP,MONTHER FOOD MART AND DELI,1078,E 165TH STREET ####,BRONX,NY,10459,"{'type': 'Point', 'coordinates': [-73.89073, 40.82507]}",307,1200,,,-73.89073,40.82507
BRONX,740281,Store,AC,ALL FRESH FOOD #1 LLC,ALL FRESH FOOD #1,2344,LORILLARD PLACE ###,BRONX,NY,10458,"{'type': 'Point', 'coordinates': [-73.89032, 40.85517]}",307,800,,,-73.89032,40.85517
BRONX,740227,Store,AC,D MI MUNECA GROCERY CORP,D MI MUNECA GROCERY,592,TRINITY AVENUE,BRONX,NY,10455,"{'type': 'Point', 'coordinates': [-73.90982, 40.81395]}",307,1000,,,-73.90982,40.81395
BRONX,740217,Store,AC,S&A CONVENIENCE STORE CORP,S&A CONVENIENCE STORE,502,E 183RD ST,BRONX,NY,10458,"{'type': 'Point', 'coordinates': [-73.89236, 40.85491]}",307,1000,,,-73.89236,40.85491
BRONX,740178,Store,AC,CACHEO GROCERY STORE INC,CACHEO GROCERY STORE,342,DEVOE AVENUE,BRONX,NY,10460,"{'type': 'Point', 'coordinates': [-73.87782, 40.83937]}",307,1800,,,-73.87782,40.83937
BRONX,740173,Store,AC,452 GOURMET DELI CORP,NEW RIVERDALE GOURMET DELI,452,WEST 238TH STREET,BRONX,NY,10463,"{'type': 'Point', 'coordinates': [-73.90511, 40.8873]}",307,,,,-73.90511,40.8873
BRONX,740112,Store,AC,MI COMPADRE DELI GROCERY CORP,MI COMPADRE DELI GROCERY,16,EAST 213TH STREET,BRONX,NY,10467,"{'type': 'Point', 'coordinates': [-73.87865, 40.88491]}",307,1200,,,-73.87865,40.88491
BRONX,740111,Store,AC,912 JAIRO DELI GROCERY CORP,912 JAIRO DELI GROCERY,912,SOUNDVIEW AVENUE ###,BRONX,NY,10473,"{'type': 'Point', 'coordinates': [-73.86778, 40.82334]}",307,,,,-73.86778,40.82334
BRONX,740073,Store,A,PAPA FOOD MARKET DOLLAR DEALS INC,PAPA FOOD MARKET DOLLAR,1562,E 174TH ST,BRONX,NY,10472,"{'type': 'Point', 'coordinates': [-73.87797, 40.83398]}",307,5000,,,-73.87797,40.83398
BRONX,740053,Store,AC,GUERLAIN DELI GROCERY CORP,GUERLAIN DELI GROCERY,1880,GUERLAIN STREET,BRONX,NY,10462,"{'type': 'Point', 'coordinates': [-73.8637, 40.84011]}",307,550,,,-73.8637,40.84011
BRONX,740052,Store,AC,WALES DELI GROCERY CORP,WALES DELI GROCERY,785,EAST 151ST STREET,BRONX,NY,10455,"{'type': 'Point', 'coordinates': [-73.90631, 40.81465]}",307,,,,-73.90631,40.81465
BRONX,740015,Store,AC,HALAL FOOD BAZAAR INC,ITTADI BAZAAR HALAL FOOD MARKET,2111,STARLING AVENUE,BRONX,NY,10462,"{'type': 'Point', 'coordinates': [-73.85464, 40.83611]}",307,2500,,,-73.85464,40.83611
BRONX,739945,Store,AC,HERMANOS TRONCOSO DELI GROCERY CORP,HERMANOS TRONCOSO DELI GROCERY,765,EAST 175TH STREET,BRONX,NY,10460,"{'type': 'Point', 'coordinates': [-73.89131, 40.84157]}",307,,,,-73.89131,40.84157
BRONX,739926,Store,AC,GAUSIA FOODS INC,GAUSIA FOODS HALAL SUPERMARKET,367,E 204TH STREET,BRONX,NY,10467,"{'type': 'Point', 'coordinates': [-73.87725, 40.87157]}",307,900,,,-73.87725,40.87157
BRONX,739921,Store,AC,FRESH SMOOTHIES CAFE & GRILL CORP,FRESH SMOOTHIES CAFE & GRILL,2491,JEROME AVENUE,BRONX,NY,10468,"{'type': 'Point', 'coordinates': [-73.90044, 40.86361]}",307,1000,,,-73.90044,40.86361
BRONX,739911,Store,AC,TWENTY CITY DELI & GROCERY CORP,TWENTY CITY DELI & GROCERY,1060,SHERMAN AVE,BRONX,NY,10456,"{'type': 'Point', 'coordinates': [-73.91764, 40.83079]}",307,1000,,,-73.91764,40.83079
BRONX,739872,Store,AC,TULCINGO DINER LLC,TULCINGO DINER,4168,WHITE PLAINS RD,BRONX,NY,10466,"{'type': 'Point', 'coordinates': [-73.85779, 40.89268]}",307,1000,,,-73.85779,40.89268
BRONX,739864,Store,AC,JD INTERNATIONAL AFRICAN MKT LLC,ACKON JOHNSON,3465,BOSTON ROAD,BRONX,NY,10469,"{'type': 'Point', 'coordinates': [-73.84794, 40.87652]}",307,1000,,,-73.84794,40.87652
BRONX,739736,Store,AC,1 DELI BRONX LLC,1 DELI BRONX,2897,SEDGWICK AVE,BRONX,NY,10468,"{'type': 'Point', 'coordinates': [-73.90123, 40.875]}",307,,,,-73.90123,40.875
BRONX,739734,Store,AC,KINGSBRIDGE DELI CORP,KINGSBRIDGE DELI,69,W. KINGSBRIDGE ROAD,BRONX,NY,10468,"{'type': 'Point', 'coordinates': [-73.90022, 40.86809]}",307,900,,,-73.90022,40.86809
BRONX,739717,Store,AC,1500 AMERICAN GOURMET CORP,1500 AMERICAN GOURMET CORP,1500,CASTLE HILL AVE,BRONX,NY,10462,"{'type': 'Point', 'coordinates': [-73.85224, 40.83645]}",307,1000,,,-73.85224,40.83645
BRONX,739700,Store,AC,MASK GROCERY LLC,C TOWN SUPERMARKET,5686,MOSHOLU AVENUE,BRONX,NY,10471,"{'type': 'Point', 'coordinates': [-73.9011, 40.90537]}",307,,,,-73.9011,40.90537
BRONX,739679,Store,AC,ESTRELLA MEATS FRUITS & GROCERY CORP,ESTRELLA MEATS FRUITS & GROCERY,276,E 198TH ST.,BRONX,NY,10458,"{'type': 'Point', 'coordinates': [-73.88856, 40.86872]}",307,,,,-73.88856,40.86872
BRONX,739642,Store,AC,LA FUENTE FOOD CENTER INC,LA FUENTE FOOD CENTER,111,EAST BURNSIDE AVENUE,BRONX,NY,10453,"{'type': 'Point', 'coordinates': [-73.90515, 40.85296]}",307,,,,-73.90515,40.85296
BRONX,739640,Store,AC,EMELY DELI GROCERY CORP,EMELY DELI GROCERY,550,EAST 187TH STREET,BRONX,NY,10458,"{'type': 'Point', 'coordinates': [-73.88898, 40.8563]}",307,,,,-73.88898,40.8563
BRONX,739600,Store,AC,1088 GOURMET DELI CORP,1088 GOURMET DELI,1088,WASHINGTON AVE,BRONX,NY,10456,"{'type': 'Point', 'coordinates': [-73.90854, 40.82837]}",307,,,,-73.90854,40.82837
BRONX,739543,Store,AC,PSB DELI GROCERY CORP,PSB DELI GROCERY,249,WILLIS AVE,BRONX,NY,10454,"{'type': 'Point', 'coordinates': [-73.92248, 40.80968]}",307,1500,,,-73.92248,40.80968
BRONX,739539,Store,AC,SANTO P RUIZ LARA,PRUKO MARKET,672,E 180TH ST,BRONX,NY,10457,"{'type': 'Point', 'coordinates': [-73.88929, 40.84836]}",307,200,,,-73.88929,40.84836
BRONX,739536,Store,AC,206 CANDY & CONVENIENCE INC,DELICIOUS DELIGHTS JUICE & CREPES,206,W 231ST STREET,BRONX,NY,10463,"{'type': 'Point', 'coordinates': [-73.9052, 40.87911]}",307,,,,-73.9052,40.87911
BRONX,739528,Store,A,DYRE AVE CORIBBEAN VEGGIES INC,DYRE AVE CARIBBEAN VEGGIES,3822,DYRE AVE,BRONX,NY,10466,"{'type': 'Point', 'coordinates': [-73.83129, 40.88858]}",307,,,,-73.83129,40.88858
BRONX,739500,Store,AC,LOE APPLE GROCERY & PRODUCE INC,LOE APPLE GROCERY & PRODUCE,2034,EASTCHESTER RD,BRONX,NY,10461,"{'type': 'Point', 'coordinates': [-73.84351, 40.85405]}",307,2000,,,-73.84351,40.85405
BRONX,739430,Store,AC,WOODHAVEN VALLEY LLC,WOODHAVEN VALLEY,1393,WEBSTER AVE,BRONX,NY,10456,"{'type': 'Point', 'coordinates': [-73.90746, 40.83618]}",307,2400,,,-73.90746,40.83618
BRONX,739416,Store,AC,BRONX GOURMET LTD,BRONX GOURMET,760,E. TREMONT AVENUE,BRONX,NY,10460,"{'type': 'Point', 'coordinates': [-73.88889, 40.84431]}",307,,,,-73.88889,40.84431
BRONX,739394,Store,AC,LA FORTUNA FOOD DELI CORP 1,LA FORTUNA FOOD DELI,481,WALES AVE ###,BRONX,NY,10455,"{'type': 'Point', 'coordinates': [-73.90781, 40.81127]}",307,1500,,,-73.90781,40.81127
BRONX,739295,Store,AC,NENE 21 DELI GROCERY CORP,NENE 21 DELI GROCERY,1911-1915,SOUTHERN BLVD STORE 1,BRONX,NY,10460,"{'type': 'Point', 'coordinates': [-73.88586, 40.84169]}",307,450,,,-73.88586,40.84169
BRONX,739277,Store,AC,CABRO INC,TIERNEY FINE FOODS,5780,MOSHOLU AVE,BRONX,NY,10471,"{'type': 'Point', 'coordinates': [-73.89789, 40.90548]}",307,500,,,-73.89789,40.90548
BRONX,739237,Store,AC,NEW FAMILY MEAT MARKET INC,NEW FAMILY MEAT MARKET,283,A SAINT ANNS AVENUE,BRONX,NY,10454,"{'type': 'Point', 'coordinates': [-73.91684, 40.80777]}",307,750,,,-73.91684,40.80777
BRONX,739172,Store,A,ABC DISCOUNT STORE INC,DOLLAR DEALS,1945,UNIVERSITY AVE ####,BRONX,NY,10453,"{'type': 'Point', 'coordinates': [-73.91208, 40.85405]}",307,,,,-73.91208,40.85405
BRONX,739150,Store,AC,LOS MORONTAS SUPERMARKET CORP,LOS MORONTAS SUPERMARKET,475,CASTLE HILL AVENUE,BRONX,NY,10473,"{'type': 'Point', 'coordinates': [-73.8475, 40.81673]}",307,1000,,,-73.8475,40.81673
BRONX,739051,Store,AC,2470 EL DUKE GOURMET DELI CORP,2470 EL DUKE GOURMET DELI,2470,BEAUMONT AVENUE,BRONX,NY,10458,"{'type': 'Point', 'coordinates': [-73.88336, 40.85594]}",307,1200,,,-73.88336,40.85594
BRONX,739014,Store,AC,JB GOURMET DELI CORP,JB GOURMET DELI,1822-1824,ARCHER STREET,BRONX,NY,10460,"{'type': 'Point', 'coordinates': [-73.86618, 40.83761]}",307,,,,-73.86618,40.83761
BRONX,738959,Store,AC,3 JS DELI GROCERY INC,3 JS DELI GROCERY,1098,ANDERSON AVE,BRONX,NY,10452,"{'type': 'Point', 'coordinates': [-73.92532, 40.8347]}",307,,,,-73.92532,40.8347
BRONX,738906,Store,AC,CRUZ CORDERO RAMON A,LA GAVIOTA DELI GROCERY,565,EAST 188TH STREET,BRONX,NY,10458,"{'type': 'Point', 'coordinates': [-73.88794, 40.857]}",307,,,,-73.88794,40.857
BRONX,738881,Store,AC,MI TIERRA FRUIT MARKET CORP,MI TIERRA FRUIT MARKET,702,EAST 187TH STREET,BRONX,NY,10458,"{'type': 'Point', 'coordinates': [-73.8842, 40.85408]}",307,,,,-73.8842,40.85408
BRONX,738799,Store,AC,SALS PLACE DELI & GROCERY 1 CORP,SALS PLACE DELI & GROCERY 1,1971,BRONXDALE AVE,BRONX,NY,10462,"{'type': 'Point', 'coordinates': [-73.86356, 40.84954]}",307,900,,,-73.86356,40.84954
BRONX,738787,Store,AC,SALAH MARKET CORP,SALAH MARKET,700A,GRAND CONCOURSE,BRONX,NY,10451,"{'type': 'Point', 'coordinates': [-73.92512, 40.82195]}",307,750,,,-73.92512,40.82195
BRONX,738785,Store,AC,C&V DELI GROCERY CORP,C&V DELI GROCERY,1668,ZEREGA AVENUE,BRONX,NY,10462,"{'type': 'Point', 'coordinates': [-73.85097, 40.83974]}",307,700,,,-73.85097,40.83974
BRONX,738780,Store,AC,EUROLAB MARKET INC,EUROLAB MARKET,2326,ARTHUR AVE ###,BRONX,NY,10458,"{'type': 'Point', 'coordinates': [-73.88897, 40.85396]}",307,,,,-73.88897,40.85396
BRONX,738769,Store,A,L & T DISCOUNT SPOT CORP,L & T DISCOUNT SPOT,488,E 163RD STREET,BRONX,NY,10451,"{'type': 'Point', 'coordinates': [-73.90992, 40.82446]}",307,,,,-73.90992,40.82446
BRONX,738747,Store,AC,146 DELI CORP,146 DELI,461,WILLIS AVE,BRONX,NY,10455,"{'type': 'Point', 'coordinates': [-73.91932, 40.81398]}",307,1000,,,-73.91932,40.81398
BRONX,738745,Store,AC,1247 DELI & GROCERY CORP,1247 DELI & GROCERY,1247,WEBSTER AVENUE,BRONX,NY,10456,"{'type': 'Point', 'coordinates': [-73.90914, 40.83311]}",307,1200,,,-73.90914,40.83311
BRONX,738735,Store,AC,KALAJA S BROTHERS INC,MOBIL MART,1106,METCALF AVE,BRONX,NY,10472,"{'type': 'Point', 'coordinates': [-73.87214, 40.82737]}",307,1800,,,-73.87214,40.82737
BRONX,738717,Store,AC,SNACK ATTACK DELI 1 INC,SNACK ATTACK DELI 1,976,LONGWOOD AVE,BRONX,NY,10459,"{'type': 'Point', 'coordinates': [-73.89788, 40.8173]}",307,1000,,,-73.89788,40.8173
BRONX,738695,Store,AC,MOCHA COFFEE EXPRESS LLC,MOCHA COFFEE EXPRESS,481,MORRIS PARK AVENUE ##,BRONX,NY,10460,"{'type': 'Point', 'coordinates': [-73.87258, 40.8412]}",307,,(TRAIN STATION),,-73.87258,40.8412
BRONX,738680,Store,AC,N & Y CLASSIC DELI INC,N & Y CLASSIC DELI,3155,VILLA AVE,BRONX,NY,10468,"{'type': 'Point', 'coordinates': [-73.88722, 40.87581]}",307,900,,,-73.88722,40.87581
BRONX,738677,Store,AC,OJ VALERIO DELI GROCERY INC,OJ VALERIO DELI GROCERY,1331,WEBSTER AVE ####,BRONX,NY,10456,"{'type': 'Point', 'coordinates': [-73.90827, 40.83469]}",307,,,,-73.90827,40.83469
BRONX,738644,Store,AC,JOHORA CORPORATION,TASTY CORNER,900,E GUN HILL RD,BRONX,NY,10469,"{'type': 'Point', 'coordinates': [-73.86029, 40.87546]}",307,1600,,,-73.86029,40.87546
BRONX,738619,Store,AC,MELO DELI GROCERY CORP,MELO DELI GROCERY,1304,BOSTON ROAD,BRONX,NY,10456,"{'type': 'Point', 'coordinates': [-73.89995, 40.83134]}",307,900,,,-73.89995,40.83134
BRONX,738608,Store,AC,FRIENDS DELI & GRILL CORP,FRIENDS DELI & GRILL,585,SOUTHERN BLVD,BRONX,NY,10455,"{'type': 'Point', 'coordinates': [-73.90218, 40.81269]}",307,1200,,,-73.90218,40.81269
BRONX,738607,Store,AC,BERMUDEZ FOOD MARKET CORP,BERMUDEZ FOOD MARKET,170,W TREMONT AVENUE,BRONX,NY,10453,"{'type': 'Point', 'coordinates': [-73.91579, 40.85083]}",307,,,,-73.91579,40.85083
BRONX,738591,Store,AC,2193 DELI GROCERY MARKET INC,2193 DELI GROCERY MARKET,2193,GRAND CONCOURSE,BRONX,NY,10453,"{'type': 'Point', 'coordinates': [-73.90116, 40.8558]}",307,,,,-73.90116,40.8558
BRONX,738579,Store,AC,P AND P MEAT MARKET INC,ANTILLANA MEAT MARKET,88-90,WEST 165TH STREET,BRONX,NY,10452,"{'type': 'Point', 'coordinates': [-73.92758, 40.8341]}",307,1200,,,-73.92758,40.8341
BRONX,738539,Store,AC,ROYAL REAL INC,BRAVO SUPERMARKET,745,WESTCHESTER AVENUE,BRONX,NY,10455,"{'type': 'Point', 'coordinates': [-73.90575, 40.81768]}",307,10000,,,-73.90575,40.81768
BRONX,738431,Store,AC,COLGATE DELI & GROCERY CORP,COLGATE DELI & GROCERY,1452,WESTCHESTER AVE,BRONX,NY,10472,"{'type': 'Point', 'coordinates': [-73.88209, 40.82835]}",307,800,,,-73.88209,40.82835
BRONX,738423,Store,AC,MOSES DELI GROCERY INC,MOSES DELI GROCERY,3438,BOSTON ROAD ####,BRONX,NY,10469,"{'type': 'Point', 'coordinates': [-73.84918, 40.87612]}",307,,,,-73.84918,40.87612
BRONX,738421,Store,AC,WILL GROCERY & MEAT INC,PIONEER SUPERMARKET,250,WILLIS AVE,BRONX,NY,10454,"{'type': 'Point', 'coordinates': [-73.92278, 40.80925]}",307,10000,,,-73.92278,40.80925
BRONX,738412,Store,AC,TKM VITAMIN LLC,A-Z NUTRITION & SMOOTHIES,1776,EASTCHESTER ROAD,BRONX,NY,10461,"{'type': 'Point', 'coordinates': [-73.84504, 40.84923]}",307,1100,,,-73.84504,40.84923
BRONX,738329,Store,AC,YANKEL DELI GROCERY CORP,YANKEL DELI GROCERY,266,EAST 143RD STREET,BRONX,NY,10451,"{'type': 'Point', 'coordinates': [-73.92438, 40.81516]}",307,,,,-73.92438,40.81516
BRONX,738317,Store,AC,LUCKY 2 GOURMET DELI INC,LUCKY 2 GOURMET DELI,1007,E 163RD STREET ####,BRONX,NY,10459,"{'type': 'Point', 'coordinates': [-73.89305, 40.82097]}",307,,,,-73.89305,40.82097
BRONX,738206,Store,AC,FORDHAM DELI #2 CORP,FORDHAM DELI #2,2573,WEBSTER AVE,BRONX,NY,10458,"{'type': 'Point', 'coordinates': [-73.89023, 40.86257]}",307,1000,,,-73.89023,40.86257
BRONX,738169,Store,AC,CRUGER DELI & CANDY INC,CRUGER DELI & CANDY,722,ALLERTON AVENUE,BRONX,NY,10467,"{'type': 'Point', 'coordinates': [-73.86647, 40.86545]}",307,,,,-73.86647,40.86545
BRONX,738131,Store,AC,MOTHERS GROCERY & DELI LLC,MOTHERS GROCERY & DELI,3019,WEBSTER AVE ###,BRONX,NY,10458,"{'type': 'Point', 'coordinates': [-73.88155, 40.86856]}",307,1000,,,-73.88155,40.86856
BRONX,738120,Store,AC,D & F MEAT MARKET CORP,D & F MEAT MARKET,83,EAST 184TH STREET,BRONX,NY,10468,"{'type': 'Point', 'coordinates': [-73.90096, 40.86003]}",307,1200,,,-73.90096,40.86003
BRONX,738086,Store,AC,NEW RENAISSANCE INC,CTOWN FRESH MARKET,411,EAST TREMONT AVE UNIT 3C ###,BRONX,NY,10457,"{'type': 'Point', 'coordinates': [-73.9003, 40.84756]}",307,5000,,,-73.9003,40.84756
BRONX,737958,Store,AC,EL TROPICO GROCERY DELI CORP,EL TROPICO GROCERY DELI,1841,GRAND CONCOURSE,BRONX,NY,10453,"{'type': 'Point', 'coordinates': [-73.90747, 40.84812]}",307,,,,-73.90747,40.84812
BRONX,737950,Store,A,JEROME OUTLET LLC,JEROME OUTLET,1370,JEROME AVE,BRONX,NY,10452,"{'type': 'Point', 'coordinates': [-73.91798, 40.83985]}",307,,,,-73.91798,40.83985
BRONX,737929,Store,ABC,D&J MEAT AND PRODUCE LLC,DOMINICKS MARKET/C-TOWN,385,CITY ISLAND AVE,BRONX,NY,10464,"{'type': 'Point', 'coordinates': [-73.78723, 40.84924]}",307,7000,,,-73.78723,40.84924
BRONX,737924,Store,AC,LA VEGA FOOD CORP,LA VEGA FOOD,70-72,EAST 183RD STREET,BRONX,NY,10453,"{'type': 'Point', 'coordinates': [-73.90218, 40.85818]}",307,1200,,,-73.90218,40.85818
BRONX,737902,Store,AC,JOSELITOS MEXICAN DELI & GROCERY JJEC CO,JOSELITOS MEXICAN DELI & GROCERY JJEC,450,E 138TH STREET,BRONX,NY,10454,"{'type': 'Point', 'coordinates': [-73.92122, 40.80841]}",307,,,,-73.92122,40.80841
BRONX,737828,Store,AC,MELROSE DELI AND GROCERY CORP,MELROSE DELI & GROCERY,769,MELROSE AVE,BRONX,NY,10451,"{'type': 'Point', 'coordinates': [-73.91509, 40.82186]}",307,,,,-73.91509,40.82186
BRONX,737819,Store,ACK,DHAKA SWEETS LLC,DHAKA SWEETS,1358,WHITE PLAINS RD,BRONX,NY,10462,"{'type': 'Point', 'coordinates': [-73.86302, 40.8347]}",307,500,,,-73.86302,40.8347
BRONX,737794,Store,AC,175 N GOURMET DELI INC,175 N GOURMET DELI,786A,COURTLANDT AVE,BRONX,NY,10451,"{'type': 'Point', 'coordinates': [-73.91678, 40.82246]}",307,,,,-73.91678,40.82246
BRONX,737789,Store,AC,JASMINE FLUELLEN LLC,CONCORD AVE DELI GROCERY,480,CONCORD AVE ####,BRONX,NY,10455,"{'type': 'Point', 'coordinates': [-73.90878, 40.81132]}",307,,,,-73.90878,40.81132
BRONX,737762,Store,AC,DAR ALHAJR MARKETS LTD,DAR ALHAJR MARKETS,666,MORRIS PARK AVE ####,BRONX,NY,10462,"{'type': 'Point', 'coordinates': [-73.86708, 40.84501]}",307,1600,,,-73.86708,40.84501
BRONX,737575,Store,AC,1217 GUZMAN DELI FOOD CORP,1217 GUZMAN DELI FOOD,1217,SHERMAN AVENUE ###,BRONX,NY,10456,"{'type': 'Point', 'coordinates': [-73.91569, 40.83409]}",307,1100,,,-73.91569,40.83409
BRONX,737574,Store,AC,BOSTON RD MEAT MARKET PRODUCE CORP,BOSTON RD MEAT MARKET PRODUCE,1667,BOSTON RD,BRONX,NY,10460,"{'type': 'Point', 'coordinates': [-73.88962, 40.83628]}",307,,,,-73.88962,40.83628
BRONX,737531,Store,AC,PARATPAR INC,WESTFIELD MARKET & DELI,3202,AMPERE AVENUE,BRONX,NY,10465,"{'type': 'Point', 'coordinates': [-73.82094, 40.84624]}",307,1700,,,-73.82094,40.84624
BRONX,737492,Store,AC,MILO FISH & VEGETABLES CORP,MILO FISH & VEGETABLES,3618,WHITE PLAINS ROAD,BRONX,NY,10467,"{'type': 'Point', 'coordinates': [-73.8649, 40.87967]}",307,,,,-73.8649,40.87967
BRONX,737487,Store,AC,GITTO LACONIA 4141 INC,GITTO FARMERS MARKET,4141,LACONIA AVE,BRONX,NY,10466,"{'type': 'Point', 'coordinates': [-73.84681, 40.88812]}",307,10000,,,-73.84681,40.88812
BRONX,737474,Store,AC,MYG DELI CORP,MYG DELI,656,WERSTCHESTER AVE,BRONX,NY,10455,"{'type': 'Point', 'coordinates': [-73.9086, 40.81609]}",307,950,,,-73.9086,40.81609
BRONX,737351,Store,AC,JANDINGA DELI GROCERY CORP,JANDINGA DELI GROCERY,900,HOE AVENUE ######,BRONX,NY,10459,,,800,,,,
BRONX,737282,Store,AC,JAIVERY DELI GROCERY CORP,JAIVERY DELI GROCERY,907,SOUTHERN BLVD,BRONX,NY,10459,"{'type': 'Point', 'coordinates': [-73.89278, 40.81966]}",307,1000,,,-73.89278,40.81966
BRONX,737213,Store,AC,ARDO DELI GROCERY CORP,ARDO DELI GROCERY,1154,WASHINGTON AVE,BRONX,NY,10456,"{'type': 'Point', 'coordinates': [-73.90785, 40.82959]}",307,1200,,,-73.90785,40.82959
BRONX,737188,Store,A,LUCKY CANDY & GROCERY CORP,LUCKY CANDY & GROCERY,918,FREEMAN STREET,BRONX,NY,10459,"{'type': 'Point', 'coordinates': [-73.89214, 40.83016]}",307,,,,-73.89214,40.83016
BRONX,737185,Store,AC,ROSELYN DELI GROCERY CORP,ROSELYN DELI GROCERY,698,BECK STREET,BRONX,NY,10455,"{'type': 'Point', 'coordinates': [-73.90041, 40.815]}",307,,,,-73.90041,40.815
BRONX,737166,Store,AC,AMAYA GREEN DELI CORP,AMAYA GREEN DELI,219,EAST BURNSIDE AVE ###,BRONX,NY,10457,"{'type': 'Point', 'coordinates': [-73.90284, 40.85198]}",307,450,,,-73.90284,40.85198
BRONX,737165,Store,AC,314 MATANZA DELI GROCERY #2 CORP,314 MATANZA DELI GROCERY #2,314,EAST 188TH STREET ##,BRONX,NY,10458,"{'type': 'Point', 'coordinates': [-73.89499, 40.86065]}",307,1000,,,-73.89499,40.86065
BRONX,737049,Store,AC,GF MEAT MARKET CORP,GF MEAT MARKET,144,WEST BURNSIDE AVENUE,BRONX,NY,10453,"{'type': 'Point', 'coordinates': [-73.91444, 40.8539]}",307,,,,-73.91444,40.8539
BRONX,737044,Store,AC,TACOS-VIP CORP,TACOS-VIP,573,EAST 187TH STREET  ###,BRONX,NY,10458,"{'type': 'Point', 'coordinates': [-73.88833, 40.85596]}",307,900,,,-73.88833,40.85596
BRONX,737009,Store,AC,390 JACKSON DELI GROCERY CORP,390 JACKSON DELI GROCERY,390,JACKSON AVENUE  ##,BRONX,NY,10454,"{'type': 'Point', 'coordinates': [-73.91057, 40.80908]}",307,,,,-73.91057,40.80908
BRONX,737001,Store,AC,LA FAVORITA FOOD CORP,LA FAVORITA FOOD,392,E 201 STREET,BRONX,NY,10458,"{'type': 'Point', 'coordinates': [-73.88206, 40.86866]}",307,1000,,,-73.88206,40.86866
BRONX,736981,Store,AC,SUPER DELI & MINI MART INC,SUPER DELI & MINI MART,1796,E TREMONT AVE,BRONX,NY,10460,"{'type': 'Point', 'coordinates': [-73.8677, 40.8402]}",307,1500,,,-73.8677,40.8402
BRONX,736966,Store,AC,ISAAC FISH MARKET INC,ISAAC FISH MARKET,28,W BURNSIDE AVE,BRONX,NY,10453,"{'type': 'Point', 'coordinates': [-73.90886, 40.85381]}",307,750,,,-73.90886,40.85381
BRONX,736933,Store,AC,HUNTS POINT MARKET INC,HUNTS POINT MARKET,1081,LEGGETT AVE,BRONX,NY,10474,"{'type': 'Point', 'coordinates': [-73.89598, 40.81214]}",307,1300,,,-73.89598,40.81214
BRONX,736895,Store,A,WALGREEN EASTERN CO INC,WALGREENS #19889,32,E 170TH ST,BRONX,NY,10452,"{'type': 'Point', 'coordinates': [-73.91684, 40.8399]}",307,,,,-73.91684,40.8399
BRONX,736888,Store,A,WALGREEN EASTERN CO INC,WALGREENS #18990,3590,E TREMONT AVE,BRONX,NY,10465,"{'type': 'Point', 'coordinates': [-73.82508, 40.82918]}",307,3000,,,-73.82508,40.82918
BRONX,736870,Store,AC,MOON LIGHT AFRICAN MARKET INC,MOON LIGHT AFRICAN MARKET,3648,WHITE PLAINS ROAD,BRONX,NY,10467,"{'type': 'Point', 'coordinates': [-73.86458, 40.88034]}",307,1000,,,-73.86458,40.88034
BRONX,736866,Store,AC,TAMBO DELI&GROCERY CORP,TAMBO DELI&GROCERY,774,LYDIG AVENUE,BRONX,NY,10462,"{'type': 'Point', 'coordinates': [-73.86469, 40.85444]}",307,,,,-73.86469,40.85444
BRONX,736862,Store,A,WALGREEN EASTERN CO INC,WALGREENS #18215,49,W FORDHAM RD,BRONX,NY,10468,"{'type': 'Point', 'coordinates': [-73.90308, 40.86273]}",307,6000,,,-73.90308,40.86273
BRONX,736860,Store,A,WALGREEN EASTERN CO INC,WALGREENS #18198,1710,CROSBY AVE,BRONX,NY,10461,"{'type': 'Point', 'coordinates': [-73.83109, 40.84574]}",307,6000,,,-73.83109,40.84574
BRONX,736854,Store,AC,UNION DELI & GROCERY NY CORP,UNION DELI & GROCERY NY,805,E 163RD STREET,BRONX,NY,10456,"{'type': 'Point', 'coordinates': [-73.90212, 40.82247]}",307,2000,,,-73.90212,40.82247
BRONX,736841,Store,A,WALGREEN EASTERN CO INC,WALGREENS #17604,541,W 235TH ST,BRONX,NY,10463,"{'type': 'Point', 'coordinates': [-73.90927, 40.88553]}",307,,,,-73.90927,40.88553
BRONX,736840,Store,A,WALGREEN EASTERN CO INC,WALGREENS #17511,925,SOUNDVIEW AVE,BRONX,NY,10473,"{'type': 'Point', 'coordinates': [-73.86846, 40.82321]}",307,9930,,,-73.86846,40.82321
BRONX,736839,Store,A,WALGREEN EASTERN CO INC,WALGREENS #17499,691,CO-OP CITY BLVD,BRONX,NY,10475,"{'type': 'Point', 'coordinates': [-73.82493, 40.88049]}",307,2500,,,-73.82493,40.88049
BRONX,736829,Store,AC,RIVERA DELI CORP,RIVERA DELI,400,SOUNDVIEW AVE ##,BRONX,NY,10473,"{'type': 'Point', 'coordinates': [-73.85779, 40.81343]}",307,1200,,,-73.85779,40.81343
BRONX,736742,Store,AC,OMEGA GRILL 1 CORP,OMEGA GRILL 1,253,E 172ND ST,BRONX,NY,10457,"{'type': 'Point', 'coordinates': [-73.91074, 40.84038]}",307,1100,,,-73.91074,40.84038
BRONX,736741,Store,AC,YEDELINE DELI & GROCERY CORP,YEDELINE DELI & GROCERY,3601,BAINBRIDGE AVENUE ###,BRONX,NY,10467,"{'type': 'Point', 'coordinates': [-73.8776, 40.88473]}",307,800,,,-73.8776,40.88473
BRONX,736703,Store,A,460 EL PATIO DELI GROCERY CORP,460 EL PATIO DELI GROCERY,460,EAST 138TH STREET ######,BRONX,NY,10454,,,,,,,
BRONX,736606,Store,AC,1390 DELI GROCERY CORP,1390 DELI GROCERY,1390,BOSTON ROAD,BRONX,NY,10456,"{'type': 'Point', 'coordinates': [-73.89781, 40.83282]}",307,1200,,,-73.89781,40.83282
BRONX,736554,Store,AC,821 JENNINGS DELI INC,821 JENNINGS DELI,821,JENNINGS STREET,BRONX,NY,10459,"{'type': 'Point', 'coordinates': [-73.8948, 40.83215]}",307,1200,,,-73.8948,40.83215
BRONX,736532,Store,AC,SANAA GOURMET DELI GROCERY INC,SANAA GOURMET DELI GROCERY,611,E 182ND STREET,BRONX,NY,10457,"{'type': 'Point', 'coordinates': [-73.88937, 40.85171]}",307,700,,,-73.88937,40.85171
BRONX,736507,Store,AC,LA DURA FOOD CORP,LA DURA FOOD,73,FEATHERBED LANE,BRONX,NY,10452,"{'type': 'Point', 'coordinates': [-73.91754, 40.84633]}",307,1600,,,-73.91754,40.84633
BRONX,736455,Store,AC,MADINA MUNAWARA GROCERY & HALAL MEAT INC,MADINA MUNAWARA GROCERY & HALAL MEAT,3110,BAINBRIDGE AVENUE  ##,BRONX,NY,10467,"{'type': 'Point', 'coordinates': [-73.87928, 40.87394]}",307,1200,,,-73.87928,40.87394
BRONX,736442,Store,AC,J & R SUPER DELI GROCERY CORP,J & R SUPER DELI GROCERY,1292,WASHINGTON AVENUE,BRONX,NY,10456,"{'type': 'Point', 'coordinates': [-73.90597, 40.83294]}",307,1500,,,-73.90597,40.83294
BRONX,736427,Store,AC,MORRIS AVE DELI CORP,MORRIS AVE DELI,1274,MORRIS AVE,BRONX,NY,10456,"{'type': 'Point', 'coordinates': [-73.91303, 40.83508]}",307,1200,,,-73.91303,40.83508
BRONX,736425,Store,AC,EL SITIO 2 DELI GROCERY CORP,EL SITIO DELI GROCERY,954,PROSPECT AVENUE,BRONX,NY,10459,"{'type': 'Point', 'coordinates': [-73.90042, 40.82255]}",307,1200,,,-73.90042,40.82255
BRONX,736355,Store,AC,YAFAI GROCERY INC,YAFAI GROCERY,1769,PITMAN AVE,BRONX,NY,10466,"{'type': 'Point', 'coordinates': [-73.85055, 40.89549]}",307,,,,-73.85055,40.89549
BRONX,736304,Store,A,PAPA 99 CENTS INC,PAPA 99 CENTS,2474,GRAND CONCOURSE,BRONX,NY,10458,"{'type': 'Point', 'coordinates': [-73.89735, 40.86171]}",307,,,,-73.89735,40.86171
BRONX,736230,Store,AC,WILTON AVE DELI & GROCERY INC,WILTON AVE DELI & GROCERY,143,E 149TH STREET,BRONX,NY,10451,"{'type': 'Point', 'coordinates': [-73.92805, 40.81878]}",307,,,,-73.92805,40.81878
BRONX,736203,Store,AC,1537 GROCERY CORP,1537 GROCERY,1537,BRUCKNER BLVD,BRONX,NY,10472,"{'type': 'Point', 'coordinates': [-73.87741, 40.8239]}",307,750,,,-73.87741,40.8239
BRONX,736110,Store,A,WALGREENS EASTERN CO INC,WALGREENS #18988,2750,BOSTON RD,BRONX,NY,10469,"{'type': 'Point', 'coordinates': [-73.86119, 40.86619]}",307,,,,-73.86119,40.86619
BRONX,736107,Store,A,WALGREEN EASTERN CO INC,WALGREENS #17665,3480,JEROME AVE,BRONX,NY,10467,"{'type': 'Point', 'coordinates': [-73.88168, 40.88232]}",307,7000,,,-73.88168,40.88232
BRONX,735940,Store,AC,SAN DIEGO DELI GROCERY CORP,SAN DIEGO DELI GROCERY,1303-1305,BRONX RIVER AVE ##,BRONX,NY,10472,"{'type': 'Point', 'coordinates': [-73.88159, 40.83145]}",307,800,,,-73.88159,40.83145
BRONX,735802,Store,A,SOUTHERN PHARMACY INC,SOUTHERN PHARMACY,1301,SOUTHERN BLVD,BRONX,NY,10459,"{'type': 'Point', 'coordinates': [-73.89165, 40.83086]}",307,,,,-73.89165,40.83086
BRONX,735798,Store,A,DOLLAR TREE STORES INC,DOLLAR TREE #06183,259,E 138TH ST,BRONX,NY,10451,"{'type': 'Point', 'coordinates': [-73.92758, 40.81132]}",307,7135,,,-73.92758,40.81132
BRONX,735764,Store,AC,ALBANIAN MARKET & DELI CORP,ALBANIAN MARKET & DELI,2009,WILLIAMSBRIDGE RD ###,BRONX,NY,10461,"{'type': 'Point', 'coordinates': [-73.85472, 40.8546]}",307,600,,,-73.85472,40.8546
BRONX,735690,Store,A,SEHAM 99 CENTS INC,SEHAM 99 CENTS,1741,LAFAYETTE AVE,BRONX,NY,10473,"{'type': 'Point', 'coordinates': [-73.86636, 40.82092]}",307,4000,,,-73.86636,40.82092
BRONX,735667,Store,AC,SWEET BRONX DELI GOURMET INC,SWEET BRONX DELI GOURMET,2245,WESTCHESTER AVE UNIT E,BRONX,NY,10462,"{'type': 'Point', 'coordinates': [-73.85045, 40.83435]}",307,,,,-73.85045,40.83435
BRONX,735651,Store,AC,DONA JUANA GROCERY STORE INC,DONA JUANA GROCERY STORE,21,W 176TH STREET  ##,BRONX,NY,10453,"{'type': 'Point', 'coordinates': [-73.91326, 40.84847]}",307,,,,-73.91326,40.84847
BRONX,735600,Store,AC,A&K DELI GROCERY CORP,A&K DELI GROCERY,788,E 163RD STREET,BRONX,NY,10456,"{'type': 'Point', 'coordinates': [-73.90269, 40.82261]}",307,900,,,-73.90269,40.82261
BRONX,735537,Store,AC,PENA DELI GROCERY CORP,PENA DELI GROCERY,2337,GRAND CONCOURSE ####,BRONX,NY,10468,"{'type': 'Point', 'coordinates': [-73.89944, 40.85862]}",307,1400,,,-73.89944,40.85862
BRONX,735472,Store,AC,SAN JOSE MINI MARKET CORP,SAN JOSE MINI MARKET,1055,WALTON AVE ##,BRONX,NY,10452,"{'type': 'Point', 'coordinates': [-73.92155, 40.83159]}",307,2000,,,-73.92155,40.83159
BRONX,735273,Store,AC,V&E DELI GROCERY CORP,V&E DELI GROCERY,105,EAST CLARKE PLACE,BRONX,NY,10452,"{'type': 'Point', 'coordinates': [-73.91703, 40.8376]}",307,1000,,,-73.91703,40.8376
BRONX,735261,Store,AC,WHITE PLAINS BROTHERS MEAT MARKET CORP,WHITE PLAINS BROTHERS MEAT MARKET,4384,WHITE PLAINS ROAD,BRONX,NY,10466,"{'type': 'Point', 'coordinates': [-73.85466, 40.89806]}",307,1500,,,-73.85466,40.89806
BRONX,735258,Store,AC,LEIDY MINI MARKET INC,LEIDY MINI MARKET,31-33,E VAN CORTLAND AVENUE,BRONX,NY,10468,"{'type': 'Point', 'coordinates': [-73.88618, 40.87732]}",307,2000,,,-73.88618,40.87732
BRONX,735130,Store,AC,SALCEDO SUPERMARKET CORP,SALCEDO SUPERMARKET,1318,LAFAYETTE AVE,BRONX,NY,10474,"{'type': 'Point', 'coordinates': [-73.88643, 40.81689]}",307,2000,STORE 1-2-3,,-73.88643,40.81689
BRONX,735084,Store,AC,SUSHILOVER INC,SUSHILOVER,1994,BRUCKNER BLVD ##,BRONX,NY,10473,"{'type': 'Point', 'coordinates': [-73.85678, 40.82399]}",307,80,,,-73.85678,40.82399
BRONX,735054,Store,AC,KHAN DELI & GROCERY INC,KHAN DELI & GROCERY,353,E 151ST STREET,BRONX,NY,10451,"{'type': 'Point', 'coordinates': [-73.91927, 40.8181]}",307,2500,,,-73.91927,40.8181
BRONX,735052,Store,AC,ALRA CORP,EXTRA JUMBO MARKET PLACE,1384,NELSON AVENUE,BRONX,NY,10452,"{'type': 'Point', 'coordinates': [-73.92271, 40.84143]}",307,25000,,,-73.92271,40.84143
BRONX,735008,Store,A,GOOD FORTUNE DISCOUNT INC.,GOOD FORTUNE DISCOUNT,3175,BAINBRIDGE AVE.,BRONX,NY,10467,"{'type': 'Point', 'coordinates': [-73.87953, 40.87552]}",307,6000,,,-73.87953,40.87552
BRONX,734975,Store,AC,0113 FOOD CORP,FOOD UNIVERSE/SUSHI MAMB,184,W 231ST STREET,BRONX,NY,10463,"{'type': 'Point', 'coordinates': [-73.90407, 40.87865]}",307,,,,-73.90407,40.87865
BRONX,734921,Store,AC,JAMAICA RYTHMS FISH MARKET INC,JAMAICA RYTHMS FISH MAR,3959,BRONXWOOD AVE,BRONX,NY,10466,"{'type': 'Point', 'coordinates': [-73.855, 40.8855]}",307,9000,,,-73.855,40.8855
BRONX,734802,Store,AC,HALAL MEAT & FISH SUPERMARKET INC,HALAL MEAT & FISH SUPERMARKET,280,E BURNSIDE AVENUE,BRONX,NY,10457,"{'type': 'Point', 'coordinates': [-73.90173, 40.85102]}",307,1000,,,-73.90173,40.85102
BRONX,734716,Store,AC,555 ALCIBIADES DELI CORP,555 ALCIBIADES DELI,555,EAST 169TH STREET ######,BRONX,NY,10456,,,1500,,,,
BRONX,734704,Store,AC,182 WILLIS DELI & GROCERY CORP,182 WILLIS DELI & GROCERY,182,WILLIS AVENUE,BRONX,NY,10454,"{'type': 'Point', 'coordinates': [-73.9239, 40.80769]}",307,,,,-73.9239,40.80769
BRONX,734661,Store,AC,ZNN DELI GROCERY LLC,ZNN DELI GROCERY,3433,3RD AVE,BRONX,NY,10456,"{'type': 'Point', 'coordinates': [-73.90662, 40.82934]}",307,1300,,,-73.90662,40.82934
BRONX,734660,Store,AC,EDDY DELI GROCERY INC,EDDY DELI GROCERY,396,E 171 ST,BRONX,NY,10457,"{'type': 'Point', 'coordinates': [-73.906, 40.83853]}",307,1000,AKA 1477 WEBSTER AVE,,-73.906,40.83853
BRONX,734591,Store,A,1611 FOOD MART INC,DOLLAR DEAL,1611,WESTCHESTER AVE,BRONX,NY,10472,"{'type': 'Point', 'coordinates': [-73.87482, 40.82943]}",307,3500,,,-73.87482,40.82943
BRONX,734580,Store,AC,CASTILLO DELI MINI MARKET INC,CASTILLO DELI MINI MARKET,2239,ADAMS PLACE,BRONX,NY,10457,"{'type': 'Point', 'coordinates': [-73.88902, 40.85278]}",307,450,,,-73.88902,40.85278
BRONX,734568,Store,AC,LOS MOROCHOS GROCERY STORE INC,LOS MOROCHOS,1973,WALTON AVENUE,BRONX,NY,10453,"{'type': 'Point', 'coordinates': [-73.9082, 40.85157]}",307,1000,,,-73.9082,40.85157
BRONX,734506,Store,AC,195 WEBSTER MEAT & PRODUCE CORP,FINE FARE,2645,WEBSTER AVENUE,BRONX,NY,10458,"{'type': 'Point', 'coordinates': [-73.88896, 40.86354]}",307,7500,,,-73.88896,40.86354
BRONX,734461,Store,AC,881 STADIUM FOOD CORP,KEY FOOD,881,GERARD AVENUE,BRONX,NY,10452,"{'type': 'Point', 'coordinates': [-73.92456, 40.82816]}",307,,,,-73.92456,40.82816
BRONX,734458,Store,AC,R-K DELI GROCERY CORP,R-K DELI GROCERY,919,EAST TREMONT AVENUE,BRONX,NY,10460,"{'type': 'Point', 'coordinates': [-73.88405, 40.84193]}",307,2000,,,-73.88405,40.84193
BRONX,734360,Store,AC,KIARY DELI GROCERY CORP,KIARY DELI GROCERY,1881,GRAND CONCOURSE STORE 1 #####,BRONX,NY,10453,,,,,,,
BRONX,734356,Store,AC,J & C GRACE CORP,J & C GRACE,3439,BOSTON ROAD,BRONX,NY,10469,"{'type': 'Point', 'coordinates': [-73.84921, 40.87611]}",307,4000,,,-73.84921,40.87611
BRONX,734291,Store,A,562 MORRIS 99 CENTS PLUS CORP,562 MORRIS 99 CENTS PLUS,562,MORRIS AVE,BRONX,NY,10451,"{'type': 'Point', 'coordinates': [-73.9225, 40.81797]}",307,1300,,,-73.9225,40.81797
BRONX,734187,Store,AC,AL-KAREEM GROCERY & HALAL MEETS INC,AL-KAREEM GROCERY & HALAL MEETS,1059,ALERTON AVENUE,BRONX,NY,10469,"{'type': 'Point', 'coordinates': [-73.85724, 40.86548]}",307,2600,,,-73.85724,40.86548
BRONX,734182,Store,AC,ES DELI GROCERY CORP,ES DELI GROCERY,980,BRONX PARK SOUTH,BRONX,NY,10460,"{'type': 'Point', 'coordinates': [-73.87873, 40.84499]}",307,600,,,-73.87873,40.84499
BRONX,734129,Store,AC,VILLAGE SUPER MARKET OF NY LLC,SHOPRITE OF BRUCKNER BLVD,1994,BRUCKNER BLVD ####,BRONX,NY,10473,"{'type': 'Point', 'coordinates': [-73.85678, 40.82399]}",307,45000,,,-73.85678,40.82399
BRONX,734126,Store,AC,SAMMY 1 DELI GROCERY CORP,SAMMY 1 DELI GROCERY,51,W 183RD STREET,BRONX,NY,10453,"{'type': 'Point', 'coordinates': [-73.90585, 40.85904]}",307,,,,-73.90585,40.85904
BRONX,734085,Store,AC,G&A DELI GROCERY CORP,G&A DELI GROCERY,129,WEST TREMONT AVENUE,BRONX,NY,10453,"{'type': 'Point', 'coordinates': [-73.91364, 40.85001]}",307,,,,-73.91364,40.85001
BRONX,734013,Store,AC,DD&S MEAT FISH & PRODUCE INC,SAGAL FOOD,3430,JEROME AVE,BRONX,NY,10467,"{'type': 'Point', 'coordinates': [-73.88277, 40.88139]}",307,2100,,,-73.88277,40.88139
BRONX,733987,Store,AC,APPLE VALLEY SUPERMARKET INC,APPLE VALLEY SUPERMARKET,2654,VALENTINE AVE,BRONX,NY,10458,"{'type': 'Point', 'coordinates': [-73.89317, 40.86546]}",307,1100,,,-73.89317,40.86546
BRONX,733944,Store,A,SNACKS & CONVENIENCE STORE INC,SNACKS & CONVENIENCE STORE,3826,WHITE PLAINS ROAD ####,BRONX,NY,10467,"{'type': 'Point', 'coordinates': [-73.86236, 40.88441]}",307,800,,,-73.86236,40.88441
BRONX,733869,Store,AC,3 MMM TREE COFFEE DELI CORP,3 MMM TREE COFFEE DELI,874,MORRIS PARK AVE,BRONX,NY,10462,"{'type': 'Point', 'coordinates': [-73.85989, 40.84655]}",307,900,,,-73.85989,40.84655
BRONX,733795,Store,ACK,ROYAL GROUP MARKET CORP,ROYAL GROUP MARKET,294,EAST 166TH ST,BRONX,NY,10456,"{'type': 'Point', 'coordinates': [-73.91465, 40.83019]}",307,2200,,,-73.91465,40.83019
BRONX,733666,Store,AC,LOTUS JACKSON AVE GAS CORP,CITGO,250,JACKSON AVENUE ##,BRONX,NY,10454,"{'type': 'Point', 'coordinates': [-73.91267, 40.80506]}",307,1000,,,-73.91267,40.80506
BRONX,733576,Store,AC,1605 GROCERY AND DELI MARKET CORP,1605 GROCERY AND DELI MARKET,1605,INWOOD AVENUE,BRONX,NY,10452,"{'type': 'Point', 'coordinates': [-73.91519, 40.84573]}",307,1000,,,-73.91519,40.84573
BRONX,733481,Store,AC,EAT BETTER GOURMET DELI INC,EAT BETTER GOURMET DELI,721,BURKE AVE,BRONX,NY,10467,"{'type': 'Point', 'coordinates': [-73.866, 40.87142]}",307,1100,,,-73.866,40.87142
BRONX,733464,Store,AC,RUANES DELI OF EDGEWATER INC,RUANES DELI OF EDGEWATER,2,CENTER EDGE WATER PARK DR,BRONX,NY,10465,"{'type': 'Point', 'coordinates': [-73.81071, 40.82259]}",307,1000,,,-73.81071,40.82259
BRONX,733326,Store,A,WALTON CONVENIENCE STORE CORP,WALTON CONVENIENCE STORE,68,E 174TH STREET,BRONX,NY,10452,"{'type': 'Point', 'coordinates': [-73.91245, 40.84478]}",307,,,,-73.91245,40.84478
BRONX,733306,Store,AC,549 GROCERY INC,549 GROCERY,549,SOUTHERN BLVD,BRONX,NY,10455,"{'type': 'Point', 'coordinates': [-73.90358, 40.81228]}",307,700,,,-73.90358,40.81228
BRONX,733263,Store,AC,SAZIA CORPORATION,ZK BAKERY,1567,SAINT PETERS AVE ##,BRONX,NY,10461,"{'type': 'Point', 'coordinates': [-73.8477, 40.84063]}",307,1000,,,-73.8477,40.84063
BRONX,733201,Store,A,674 NEIGHBORHOOD GROCERY CORP,674 NEIGHBORHOOD,674,EAST 136TH STREET,BRONX,NY,10454,"{'type': 'Point', 'coordinates': [-73.91526, 40.80419]}",307,500,,,-73.91526,40.80419
BRONX,733173,Store,AC,HOT CORNER MEAT MARKET INC,HOT CORNER MEAT MARKET,205,EAST 167TH STREET,BRONX,NY,10456,"{'type': 'Point', 'coordinates': [-73.91631, 40.83411]}",307,1800,,,-73.91631,40.83411
BRONX,733169,Store,AC,VISTA H DELI & GROCERY INC,VISTA H DELI & GROCERY,1782,WESTCHESTER AVENUE###,BRONX,NY,10472,"{'type': 'Point', 'coordinates': [-73.86708, 40.83171]}",307,1100,,,-73.86708,40.83171
BRONX,733038,Store,AC,628 MORRIS FOOD CORP,628 MORRIS FOOD,628,MORRIS AVENUE,BRONX,NY,10451,"{'type': 'Point', 'coordinates': [-73.92201, 40.81914]}",307,10000,,,-73.92201,40.81914
BRONX,733018,Store,AC,LONG RIVER SEAFOOD CORP,LONG RIVER SEAFOOD,1136,OGDEN AVE  ##,BRONX,NY,10452,"{'type': 'Point', 'coordinates': [-73.92775, 40.83583]}",307,60,,,-73.92775,40.83583
BRONX,732918,Store,AC,BANGLATOWN INC,BANGLATOWN,3566B,JEROME AVE,BRONX,NY,10467,"{'type': 'Point', 'coordinates': [-73.87976, 40.8847]}",307,1800,,,-73.87976,40.8847
BRONX,732915,Store,AC,CARLITOS PIZZERIA & JUICE BAR CORP,LOS CASTILLOS MEAT & FISH MARKET,1601,DR MARTIN LUTHER KING JR BLVD,BRONX,NY,10453,"{'type': 'Point', 'coordinates': [-73.92055, 40.84699]}",307,,,,-73.92055,40.84699
BRONX,732845,Store,AC,TAQUERIA RODRIGUEZ 2 CORP,TAQUERIA RODRIGUEZ 2,1152,SHERIDAN AVENUE ####,BRONX,NY,10456,"{'type': 'Point', 'coordinates': [-73.91745, 40.83288]}",307,1800,,,-73.91745,40.83288
BRONX,732835,Store,AC,SPINNER DELI CORP,SPINNER DELI,374,E 188TH STREET,BRONX,NY,10458,"{'type': 'Point', 'coordinates': [-73.89357, 40.86006]}",307,,,,-73.89357,40.86006
BRONX,732833,Store,AC,838 180TH DELI GROCERY CORP,838 180TH DELI GROCERY,838,E 180TH STREET,BRONX,NY,10460,"{'type': 'Point', 'coordinates': [-73.884, 40.84575]}",307,750,,,-73.884,40.84575
BRONX,732768,Store,AC,DELI & FOOD CORP,DELI & FOOD,222,EAST 198TH STREET,BRONX,NY,10458,"{'type': 'Point', 'coordinates': [-73.89015, 40.86966]}",307,,,,-73.89015,40.86966
BRONX,732767,Store,AC,MG DELI GROCERY CORP,MG DELI GROCERY,917,SHERIDAN AVENUE,BRONX,NY,10451,"{'type': 'Point', 'coordinates': [-73.92028, 40.82795]}",307,,,,-73.92028,40.82795
BRONX,732750,Store,ABC,ABC FIVE WINGS INC,FOOD UNIVERSE MARKET,126,FEATHERBED LANE,BRONX,NY,10452,"{'type': 'Point', 'coordinates': [-73.92017, 40.84617]}",307,7000,,,-73.92017,40.84617
BRONX,732717,Store,AC,ADRIAN GROCERY STORE INC,ADRIAN GROCERY STORE,51,E 183RD STREET ##,BRONX,NY,10453,"{'type': 'Point', 'coordinates': [-73.90248, 40.85829]}",307,1800,,,-73.90248,40.85829
BRONX,732659,Store,AC,AMMAN GOURMET DELI CORP,AMMAN GOURMET DELI,3949,WHITE PLAINS RD,BRONX,NY,10466,"{'type': 'Point', 'coordinates': [-73.86082, 40.88721]}",307,,,,-73.86082,40.88721
BRONX,732337,Store,AC,M-D 183 DELI CORP,MD 183 DELI,765,E 183RD STREET,BRONX,NY,10460,"{'type': 'Point', 'coordinates': [-73.88356, 40.85142]}",307,1100,,,-73.88356,40.85142
BRONX,732310,Store,AC,NEW YORK FISH & VEGETABLE INC,NEW YORK FISH & VEGETABLE,44,EAST 167TH STREET,BRONX,NY,10452,"{'type': 'Point', 'coordinates': [-73.92095, 40.83565]}",307,1000,,,-73.92095,40.83565
BRONX,732309,Store,AC,LATIN DELI GROCERY LLC,LATIN DELI GROCERY,1700,ZEREGA AVENUE,BRONX,NY,10462,"{'type': 'Point', 'coordinates': [-73.85119, 40.83989]}",307,1200,,,-73.85119,40.83989
BRONX,732268,Store,AC,153 DELI GROCERY INC,153 DELI GROCERY,153,EAST 149TH STREET,BRONX,NY,10451,"{'type': 'Point', 'coordinates': [-73.92774, 40.8187]}",307,,,,-73.92774,40.8187
BRONX,732263,Store,AC,WANDA RP CORP,WANDA RP,104,ELLIOT PLACE##,BRONX,NY,10452,"{'type': 'Point', 'coordinates': [-73.91628, 40.83889]}",307,1200,,,-73.91628,40.83889
BRONX,732219,Store,A,DOLLAR TREE STORES INC,DOLLAR TREE #07224,600,138TH ST,BRONX,NY,10454,"{'type': 'Point', 'coordinates': [-73.91596, 40.806]}",307,4000,,,-73.91596,40.806
BRONX,732196,Store,AC,901 GOURMET DELI CORP,901 GOURMET DELI,901,SOUTHERN BLVD,BRONX,NY,10459,"{'type': 'Point', 'coordinates': [-73.89287, 40.81957]}",307,1000,,,-73.89287,40.81957
BRONX,732141,Store,AC,FORDHAM OF THE BRONX DELI INC,FORDHAM OF THE BRONX DELI,152,E 188TH STREET,BRONX,NY,10468,"{'type': 'Point', 'coordinates': [-73.89844, 40.86168]}",307,1200,,,-73.89844,40.86168
BRONX,732136,Store,AC,COURTLANDT DELI CORP,COURTLANDT DELI,714,COURTLANDT AVENUE ###,BRONX,NY,10451,"{'type': 'Point', 'coordinates': [-73.91775, 40.82055]}",307,,,,-73.91775,40.82055
BRONX,732085,Store,AC,LAS YARIS DELI FOOD CORP,LAS YARIS DELI FOOD,374,WILLIS AVENUE,BRONX,NY,10454,"{'type': 'Point', 'coordinates': [-73.92066, 40.81218]}",307,,,,-73.92066,40.81218
BRONX,732070,Store,AC,JAMA DELI GROCERY CORP,JAMA DELI GROCERY,1225,OGDEN AVENUE,BRONX,NY,10452,"{'type': 'Point', 'coordinates': [-73.92631, 40.83831]}",307,,,,-73.92631,40.83831
BRONX,732046,Store,AC,LO TIGER GROCERY CORP,LO TIGER GROCERY,230,E 174TH STREET ###,BRONX,NY,10457,"{'type': 'Point', 'coordinates': [-73.90742, 40.84473]}",307,1000,,,-73.90742,40.84473
BRONX,732005,Store,AC,CARLOS DELI & GROCERY INC,CARLOS DELI & GROCERY,2118,WESTCHESTER AVE,BRONX,NY,10462,"{'type': 'Point', 'coordinates': [-73.8538, 40.83399]}",307,800,,,-73.8538,40.83399
BRONX,732003,Store,AC,LA PRESUMIDA GROCERY CORP,LA PRESUMIDA GROCERY,1386,NELSON AVENUE,BRONX,NY,10452,"{'type': 'Point', 'coordinates': [-73.92231, 40.84202]}",307,1500,,,-73.92231,40.84202
BRONX,731963,Store,AC,SHAPLA BAZAR INC,SHAPLA BAZAR,1472,SAINT PETERS AVE,BRONX,NY,10461,"{'type': 'Point', 'coordinates': [-73.84614, 40.83958]}",307,800,,,-73.84614,40.83958
BRONX,731918,Store,AC,ROMERO FRUIT MARKET INC,ROMERO FRUIT MARKET,835,E 152ND ST  STORE 4,BRONX,NY,10455,"{'type': 'Point', 'coordinates': [-73.90415, 40.8152]}",307,1000,,,-73.90415,40.8152
BRONX,731915,Store,AC,MORONTA'S GROCERY & DELI CORP,MORONTA'S GROCERY & DELI,2020,PITMAN AVENUE,BRONX,NY,10466,"{'type': 'Point', 'coordinates': [-73.84443, 40.89684]}",307,,,,-73.84443,40.89684
BRONX,731870,Store,AC,AGUILARS MEXICAN GROCERY LLC,AGUILARS MEXICAN GROCERY,1060,MORRIS PARK AVENUE,BRONX,NY,10461,"{'type': 'Point', 'coordinates': [-73.85422, 40.84902]}",307,1000,,,-73.85422,40.84902
BRONX,731853,Store,AC,SUPER STOP DELI & GROCERY CORP,SUPER STOP DELI & GROCERY,211,E TREMONT AVE,BRONX,NY,10457,"{'type': 'Point', 'coordinates': [-73.90525, 40.84918]}",307,1000,,,-73.90525,40.84918
BRONX,731782,Store,AC,KADIJA SUPERMARKET INC,KADIJA SUPERMARKET,1034,MORRIS AVE,BRONX,NY,10456,"{'type': 'Point', 'coordinates': [-73.91631, 40.82946]}",307,1200,,,-73.91631,40.82946
BRONX,731745,Store,AC,HIGH BRIDGE DELI AND GROCERY LLC THE,HIGH BRIDGE DELI AND GROCERY,1150,ANDERSON AVE ######,BRONX,NY,10452,,,,,,,
BRONX,731734,Store,AC,DHAKA SUPERMARKET & HALAL MEAT INC,DHAKA SUPERMARKET & HALAL MEAT,369,E 204TH STREET,BRONX,NY,10467,"{'type': 'Point', 'coordinates': [-73.87716, 40.87148]}",307,5000,,,-73.87716,40.87148
BRONX,731695,Store,AC,947 DELI GROCERY CORP,947 DELI GROCERY,947,EAST 163RD ST,BRONX,NY,10459,"{'type': 'Point', 'coordinates': [-73.89617, 40.82099]}",307,1000,,,-73.89617,40.82099
BRONX,731693,Store,AC,DIAMOND FISH AND MEAT MARKET INC,DIAMOND FISH AND MEAT MARKET,381,E 169TH STREET,BRONX,NY,10456,"{'type': 'Point', 'coordinates': [-73.90984, 40.83428]}",307,1100,,,-73.90984,40.83428
BRONX,731661,Store,A,BARGAIN CENTER INC,BARGAIN CENTER,600,EAST 138TH STREET ######,BRONX,NY,10454,,,,,,,
BRONX,731655,Store,AC,C&C FARM BRONX INC,C&C FARM,681,ALLERTON AVE,BRONX,NY,10467,"{'type': 'Point', 'coordinates': [-73.86804, 40.86544]}",307,1800,,,-73.86804,40.86544
BRONX,731628,Store,AC,P & P GOURMET DELI INC,P & P GOURMET DELI,119,WEST 225TH STREET,BRONX,NY,10463,"{'type': 'Point', 'coordinates': [-73.91083, 40.87454]}",749,1800,,,-73.91083,40.87454
BRONX,731590,Store,AC,MORRIS PARK DELI FOOD CENTER INC,MORRIS PARK DELI FOOD CENTER,1185,LEBANON STREET,BRONX,NY,10460,"{'type': 'Point', 'coordinates': [-73.87366, 40.84036]}",307,1000,,,-73.87366,40.84036
BRONX,731578,Store,AC,RIVERA DELI CORP,RIVERA DELI,4301,WHITE PLAINS ROAD,BRONX,NY,10466,"{'type': 'Point', 'coordinates': [-73.85612, 40.89569]}",307,,,,-73.85612,40.89569
BRONX,731565,Store,AC,INTERVALE DELI CORP,INTERVALE DELI,1103,INTERVALE AVE,BRONX,NY,10459,"{'type': 'Point', 'coordinates': [-73.89706, 40.82619]}",307,900,,,-73.89706,40.82619
BRONX,731476,Store,AC,EZ N DELI GROCERY INC,EZ N DELI GROCERY,3998,WHITE PLAINS RD,BRONX,NY,10466,"{'type': 'Point', 'coordinates': [-73.86015, 40.88842]}",307,1,,,-73.86015,40.88842
BRONX,731384,Store,A,A-Z HAVEN MARKET INC,A-Z HAVEN MARKET,784,E 152ND STREET,BRONX,NY,10455,"{'type': 'Point', 'coordinates': [-73.90605, 40.81562]}",307,,,,-73.90605,40.81562
BRONX,731243,Store,AC,BROTHERS BRONXWOOD DELI GROCERY CORP,BROTHERS BRONXWOOD DELI GROCERY,3846,BRONXWOOD AVENUE,BRONX,NY,10469,"{'type': 'Point', 'coordinates': [-73.8562, 40.88335]}",307,800,,,-73.8562,40.88335
BRONX,731205,Store,AC,QUALITY NEW YORK MEAT AND FISH MARKET,QUALITY NEW YORK MEAT AND FISH,1678,BOSTON ROAD,BRONX,NY,10460,"{'type': 'Point', 'coordinates': [-73.88911, 40.83659]}",307,1800,,,-73.88911,40.83659
BRONX,731084,Store,ACDK,R & J SEAFOOD CORP,R & J SEAFOOD,800,FOOD CENTER DRIVE UNIT 117 ###,BRONX,NY,10474,"{'type': 'Point', 'coordinates': [-73.87625, 40.80434]}",307,1500,,,-73.87625,40.80434
BRONX,730975,Store,AC,EL MANDO DELI INC,EL MANDO DELI,611,GRAND CONCOURSE,BRONX,NY,10451,"{'type': 'Point', 'coordinates': [-73.9264, 40.82045]}",307,600,,,-73.9264,40.82045
BRONX,730957,Store,A,CLINTON EXPRESS DELI CORP,CLINTON EXPRESS DELI,732,E TREMONT AVE,BRONX,NY,10457,"{'type': 'Point', 'coordinates': [-73.88992, 40.8448]}",307,1000,,,-73.88992,40.8448
BRONX,730798,Store,AC,165 AND ANDERSON SUPERETTE INC,165 AND ANDERSON SUPERETTE,64,W 165TH STREET ##,BRONX,NY,10452,"{'type': 'Point', 'coordinates': [-73.9264, 40.83371]}",307,1200,,,-73.9264,40.83371
BRONX,730761,Store,A,DOLLAR TREE STORES INC,DOLLAR TREE # 07139,4660,3RD AVE,BRONX,NY,10458,"{'type': 'Point', 'coordinates': [-73.89109, 40.85769]}",307,,,,-73.89109,40.85769
BRONX,730732,Store,A,VERY GOOD 99 CENT DISCOUNT INC,VERY GOOD 99 CENT DISCOUNT,1147,BOSTON ROAD,BRONX,NY,10456,"{'type': 'Point', 'coordinates': [-73.9037, 40.82835]}",307,950,,,-73.9037,40.82835
BRONX,730704,Store,AC,E & M FOOD MARKET CORP,FOOD UNIVERSE MARKET PLACE,760,MELROSE AVENUE,BRONX,NY,10451,"{'type': 'Point', 'coordinates': [-73.91541, 40.82126]}",307,14000,,,-73.91541,40.82126
BRONX,730686,Store,AC,LOL SUSHI LLC,LOL SUSHI,5555,BROADWAY,BRONX,NY,10463,"{'type': 'Point', 'coordinates': [-73.90511, 40.87853]}",307,500,,,-73.90511,40.87853
BRONX,730675,Store,AC,LA MANSION MINI MARKET CORP,LA MANSION MINI MARKET,1809,ARCHER STREET,BRONX,NY,10460,"{'type': 'Point', 'coordinates': [-73.8666, 40.83757]}",307,1000,,,-73.8666,40.83757
BRONX,730652,Store,AC,RICHARD VEGETABLES AND FRUITS CORP,RICHARD VEGETABLES AND FRUITS,493,BROOK AVENUE,BRONX,NY,10455,"{'type': 'Point', 'coordinates': [-73.91567, 40.81371]}",307,,,,-73.91567,40.81371
BRONX,730638,Store,AC,MERRIAM FOOD CENTER CORP,MERRIAM FOOD CENTER,1440,UNIVERSITY AVENUE,BRONX,NY,10452,"{'type': 'Point', 'coordinates': [-73.92439, 40.84369]}",307,900,,,-73.92439,40.84369
BRONX,730583,Store,ABCHDK,EMUNA 55 INC,DIPLOMAT CATERER,2474,BUTLER PLACE,BRONX,NY,10461,"{'type': 'Point', 'coordinates': [-73.84376, 40.83767]}",307,4000,,,-73.84376,40.83767
BRONX,730509,Store,A,DOLGEN NEW YORK LLC,DOLLAR GENERAL # 19211,900,SOUTHERN BLVD,BRONX,NY,10459,"{'type': 'Point', 'coordinates': [-73.89289, 40.81955]}",307,1500,,,-73.89289,40.81955
BRONX,730507,Store,A,DOLGEN NEW YORK LLC,DOLLAR GENERAL # 19204,1041,PROSPECT AVE,BRONX,NY,10459,"{'type': 'Point', 'coordinates': [-73.90006, 40.82491]}",307,,,,-73.90006,40.82491
BRONX,730506,Store,A,DOLGEN NEW YORK LLC,DOLLAR GENERAL # 19205,1312,SOUTHER BLVD,BRONX,NY,10459,"{'type': 'Point', 'coordinates': [-73.89143, 40.83125]}",307,1500,,,-73.89143,40.83125
BRONX,730505,Store,A,DOLGEN NEW YORK LLC,DOLLAR GENERAL # 19206,1412,JEROME AVE,BRONX,NY,10452,"{'type': 'Point', 'coordinates': [-73.91728, 40.84076]}",307,,,,-73.91728,40.84076
BRONX,730503,Store,A,DOLGEN NEW YORK LLC,DOLLAR GENERAL # 19207,2500,WHITE PLAINS RD,BRONX,NY,10467,"{'type': 'Point', 'coordinates': [-73.86743, 40.86341]}",307,7800,,,-73.86743,40.86341
BRONX,730500,Store,A,DOLGEN NEW YORK LLC,DOLLAR GENERAL # 19208,3555,WHITE PLAINS RD,BRONX,NY,10467,"{'type': 'Point', 'coordinates': [-73.86572, 40.8789]}",307,7500,,,-73.86572,40.8789
BRONX,730494,Store,A,DOLGEN NEW YORK LLC,DOLLAR GENERAL STORE #19210,528,JACKSON AVE,BRONX,NY,10455,"{'type': 'Point', 'coordinates': [-73.90928, 40.81267]}",307,,,,-73.90928,40.81267
BRONX,730450,Store,AC,SALAM DELI INC,SALAM DELI,939,MORRIS PARK AVE ###,BRONX,NY,10462,"{'type': 'Point', 'coordinates': [-73.85806, 40.84729]}",307,900,,,-73.85806,40.84729
BRONX,730403,Store,AC,FRESH MARKET DELI INC,FRESH MARKET DELI,1690,GLEASON AVE,BRONX,NY,10472,"{'type': 'Point', 'coordinates': [-73.87078, 40.82929]}",307,2500,,,-73.87078,40.82929
BRONX,730349,Store,AC,SOSUA FOOD CENTER CORP,SOSUA FOOD CENTER,2634,3RD AVENUE,BRONX,NY,10454,"{'type': 'Point', 'coordinates': [-73.92435, 40.81258]}",307,,,,-73.92435,40.81258
BRONX,730328,Store,AC,HPA DELI CORP,HPA DELI,803,HUNTS POINT AVE,BRONX,NY,10474,"{'type': 'Point', 'coordinates': [-73.88812, 40.81693]}",307,1200,,,-73.88812,40.81693
BRONX,730128,Store,AC,G DELI MARKET CORP,G DELI MARKET,551,E 178TH STREET,BRONX,NY,10457,"{'type': 'Point', 'coordinates': [-73.89444, 40.84746]}",307,1000,,,-73.89444,40.84746
BRONX,730078,Store,AC,LA PARADA LATINA FOOD CORP,LA PARADA LATINA FOOD,3822,3RD AVE,BRONX,NY,10457,"{'type': 'Point', 'coordinates': [-73.90141, 40.8379]}",307,1500,,,-73.90141,40.8379
BRONX,729925,Store,A,KING 99 CENTS PLUS LLC,KING 99 CENTS PLUS,2571,WEBSTER AVENUE,BRONX,NY,10458,"{'type': 'Point', 'coordinates': [-73.89039, 40.86245]}",307,,,,-73.89039,40.86245
BRONX,729904,Store,AC,YUMMY DELI GROCERY CORP,YUMMY DELI GROCERY,743,BURKE AVE,BRONX,NY,10467,"{'type': 'Point', 'coordinates': [-73.86508, 40.87141]}",307,1000,,,-73.86508,40.87141
BRONX,729761,Store,AC,HICIANO BROTHERS GROCERY CORP,HICIANO BROTHERS GROCERY,3017-19,MIDDLETOWN RD,BRONX,NY,10461,"{'type': 'Point', 'coordinates': [-73.82983, 40.84404]}",307,1000,,,-73.82983,40.84404
BRONX,729606,Store,AC,VALENCIAS DELI GROCERY CORP,VALENCIAS DELI GROCERY,797,E 182ND ST,BRONX,NY,10460,"{'type': 'Point', 'coordinates': [-73.88384, 40.84872]}",307,1200,,,-73.88384,40.84872
BRONX,729565,Store,AC,JAMAICA RYTHMS FISH MARKET INC,JAMAICA RYTHMS FISH MARKET,3963,BRONXWOOD AVE,BRONX,NY,10466,"{'type': 'Point', 'coordinates': [-73.85493, 40.88562]}",307,,,,-73.85493,40.88562
BRONX,729514,Store,A,DOLLAR TREE STORES INC,DOLLAR TREE #05624,3560,WHITE PLAINS RD,BRONX,NY,10467,"{'type': 'Point', 'coordinates': [-73.86542, 40.87871]}",307,,,,-73.86542,40.87871
BRONX,729276,Store,AC,BEST BEACH GROCERY & DELI CORP,BEST BEACH GROCERY,1461,BEACH AVE,BRONX,NY,10460,"{'type': 'Point', 'coordinates': [-73.86714, 40.83684]}",307,1300,,,-73.86714,40.83684
BRONX,729215,Store,AC,AC MEAT MARKET & PRODUCE CORP,AC MEAT MARKET & PRODUCE,1812,ARCHER STREET,BRONX,NY,10460,"{'type': 'Point', 'coordinates': [-73.86672, 40.83756]}",307,1000,,,-73.86672,40.83756
BRONX,729127,Store,A,DISCOUNT CORP AND 99 CENT,DISCOUNT CORP AND 99 CENT,545 A,SOUTHERN BLVD ####,BRONX,NY,10455,"{'type': 'Point', 'coordinates': [-73.90377, 40.81223]}",307,,,,-73.90377,40.81223
BRONX,729121,Store,AC,PARKCHESTER FISHERY MARKET INC,PARKCHESTER FISHERY,80-A,HUGH J GRANT CIRCLE,BRONX,NY,10472,"{'type': 'Point', 'coordinates': [-73.86067, 40.83274]}",307,1000,,,-73.86067,40.83274
BRONX,729082,Store,AC,A & Y GROCERY INC,A & Y GROCERY,301,E 204TH STREET,BRONX,NY,10467,"{'type': 'Point', 'coordinates': [-73.87855, 40.87297]}",307,1200,,,-73.87855,40.87297
BRONX,729080,Store,AC,SUNSHINE FISH MARKET INC,SUNSHINE FISH MARKET,15,EAST MOUNT EDEN AVE,BRONX,NY,10452,"{'type': 'Point', 'coordinates': [-73.91431, 40.84417]}",307,1000,,,-73.91431,40.84417
BRONX,729069,Store,AC,171 WEST DELI CORP,171 WEST DELI,171,W BURNSIDE AVE,BRONX,NY,10453,"{'type': 'Point', 'coordinates': [-73.91492, 40.85403]}",307,1800,,,-73.91492,40.85403
BRONX,729062,Store,AC,TREMONT GREEN MARKET INC,COMMUNITY GREEN MARKET,2250,EAST TREMONT AVE,BRONX,NY,10462,"{'type': 'Point', 'coordinates': [-73.85616, 40.842]}",307,3000,,,-73.85616,40.842
BRONX,728921,Store,AC,VIVI DELI GROCERY CORP,VIVI DELI GROCERY,890,EAST 180TH STREET,BRONX,NY,10460,"{'type': 'Point', 'coordinates': [-73.88255, 40.84504]}",307,1200,,,-73.88255,40.84504
BRONX,728920,Store,AC,37 DELI GROCERY INC,37 DELI GROCERY,37,WEST 183RD STREET,BRONX,NY,10453,"{'type': 'Point', 'coordinates': [-73.90534, 40.85886]}",307,1800,,,-73.90534,40.85886
BRONX,728854,Store,ACED,FARLO LLC,GUN HILL BREWING CO,3227,LACONIA AVENUE,BRONX,NY,10469,"{'type': 'Point', 'coordinates': [-73.85556, 40.87211]}",307,,,,-73.85556,40.87211
BRONX,728815,Store,AC,LA FINQUITA FRUITS & VEG MRK INC,LA FINQUITA FRUIT MARKE,602,COURTLANDT AVE,BRONX,NY,10451,"{'type': 'Point', 'coordinates': [-73.919, 40.81777]}",307,900,,,-73.919,40.81777
BRONX,728800,Store,AC,11 W FORDHAM GRMT DELI CORP,FORDHAM GOURMET DELI 05/19/17,11,W FORDHAM ROAD  ###,BRONX,NY,10468,"{'type': 'Point', 'coordinates': [-73.90162, 40.86278]}",307,600,,,-73.90162,40.86278
BRONX,728759,Store,AC,KING 3RD DELI CORP,KING 3RD DELI,3251,3RD AVE,BRONX,NY,10456,"{'type': 'Point', 'coordinates': [-73.90862, 40.82426]}",307,,,,-73.90862,40.82426
BRONX,728645,Store,AC,LUPITAS MEXICAN GROCERY II INC,LUPITAS MEXICAN GROCERY II,654,E 233RD STREET STORE #10-11,BRONX,NY,10466,"{'type': 'Point', 'coordinates': [-73.85888, 40.89389]}",307,,,,-73.85888,40.89389
BRONX,728615,Store,ABCK,TEX-MEX DELI GROCERY INC,TEX-MEX DELI GROCERY,2325,WESTCHESTER AVE,BRONX,NY,10462,"{'type': 'Point', 'coordinates': [-73.84746, 40.8362]}",307,700,,,-73.84746,40.8362
BRONX,728610,Store,AC,EL CHURCHI DELI & GROCERY CORP,EL CHURCHI DELI & GROCERY 02/16/17,2890,JEROME AVENUE,BRONX,NY,10468,"{'type': 'Point', 'coordinates': [-73.8909, 40.87176]}",307,1000,,,-73.8909,40.87176
BRONX,728588,Store,AC,PEGHES DELI & GROCERY INC,PEGHES DELI & GROCERY,3273,WESTCHESTER AVE,BRONX,NY,10461,"{'type': 'Point', 'coordinates': [-73.82767, 40.85267]}",307,1400,,,-73.82767,40.85267
BRONX,728579,Store,AC,REGINA MEAT&DELI GROCERY INC,REGINA MEAT&DELI GROCERY,1801,WESTCHESTER AVE,BRONX,NY,10472,"{'type': 'Point', 'coordinates': [-73.86621, 40.83196]}",307,1200,,,-73.86621,40.83196
BRONX,728571,Store,AC,LA BODEGUITA DE ROSA CORP,LA BODEGUITA DE ROSA,160,EAST 174TH STREET,BRONX,NY,10457,"{'type': 'Point', 'coordinates': [-73.90918, 40.84483]}",307,,,,-73.90918,40.84483
BRONX,728545,Store,AC,ZIL ZAL INC,ZIL ZAL,1516,METROPOLITAN AVENUE,BRONX,NY,10462,"{'type': 'Point', 'coordinates': [-73.85843, 40.8394]}",307,,,,-73.85843,40.8394
BRONX,728544,Store,AC,MORGAN GOURMET DELI CORP,MORGAN GOURMET DELI,1418,E GUN HILL ROAD,BRONX,NY,10469,"{'type': 'Point', 'coordinates': [-73.84489, 40.86977]}",307,1500,,,-73.84489,40.86977
BRONX,728448,Store,AC,AYLIN GROCERY STORE INC,AYLIN GROCERY STORE,388,E 169TH STREET ##,BRONX,NY,10456,"{'type': 'Point', 'coordinates': [-73.90977, 40.83425]}",307,800,,,-73.90977,40.83425
BRONX,728438,Store,A,ALI & SON CANDY & GROCERY CORP,ALI & SON CANDY & GROCERY,738,EAST 182ND STREET,BRONX,NY,10457,"{'type': 'Point', 'coordinates': [-73.88544, 40.8497]}",307,700,,,-73.88544,40.8497
BRONX,728398,Store,AC,726 DELI GROCERY CORP,726 DELI GROCERY,726,E 152ND STREET,BRONX,NY,10455,"{'type': 'Point', 'coordinates': [-73.90769, 40.81594]}",307,,,,-73.90769,40.81594
BRONX,728237,Store,AC,1454 MC DELI GROCERY CORP,1454 MC DELI GROCERY,1454,GRAND CONCOURSE ####,BRONX,NY,10457,"{'type': 'Point', 'coordinates': [-73.91293, 40.83984]}",307,1400,,,-73.91293,40.83984
BRONX,728198,Store,AC,COLORADO DELI FOOD CORP,COLORADO DELI FOOD,1158,GERARD AVE ####,BRONX,NY,10452,"{'type': 'Point', 'coordinates': [-73.9211, 40.83403]}",307,,,,-73.9211,40.83403
BRONX,728197,Store,AC,LA TIENDA DELI GROCERY & BAKERY CORP,LA TIENDA DELI GROCERY & BAKERY,502,EAST 138TH STREET ####,BRONX,NY,10454,"{'type': 'Point', 'coordinates': [-73.9195, 40.80768]}",307,1500,,,-73.9195,40.80768
BRONX,728049,Store,AC,A & G DELI GROCERY III CORP,A & G DELI GROCERY III,948,E 163RD ST,BRONX,NY,10459,"{'type': 'Point', 'coordinates': [-73.89606, 40.82099]}",307,1200,,,-73.89606,40.82099
BRONX,728045,Store,AC,BIG SAL DELI INC,BIG SAL DELI,1361,OGDEN AVE,BRONX,NY,10452,"{'type': 'Point', 'coordinates': [-73.92476, 40.84162]}",307,,,,-73.92476,40.84162
BRONX,727973,Store,AC,BBC DELI GROCERY CORP,BBC DELI GROCERY,51,EAST TREMONT AVENUE,BRONX,NY,10453,"{'type': 'Point', 'coordinates': [-73.9083, 40.85128]}",307,1800,,,-73.9083,40.85128
BRONX,727962,Store,AC,BURKE CANDY & CONVENIENCE CORP,BURKE CANDY & CONVENIENCE,702,BURKE AVENUE,BRONX,NY,10467,"{'type': 'Point', 'coordinates': [-73.86693, 40.87144]}",307,900,,,-73.86693,40.87144
BRONX,727872,Store,AC,228 MEAT & VEGETABLE CORP,228 MEAT & VEGETABLE,4047,LACONIA AVENUE,BRONX,NY,10466,"{'type': 'Point', 'coordinates': [-73.84798, 40.88618]}",307,,,,-73.84798,40.88618
BRONX,727826,Store,AC,NEW DYRE DELI CORP,NEW DYRE DELI,3805,DYRE AVENUE,BRONX,NY,10466,"{'type': 'Point', 'coordinates': [-73.83129, 40.8881]}",307,,,,-73.83129,40.8881
BRONX,727808,Store,A,FOREVER DEAL INC,FOREVER DEAL,1293,BOSTON ROAD,BRONX,NY,10456,"{'type': 'Point', 'coordinates': [-73.90025, 40.83116]}",307,3500,,,-73.90025,40.83116
BRONX,727729,Store,AC,SANTI'S DELI GROCERY CORP,SANTI'S DELI GROCERY,1190,CROMWELL AVE ###,BRONX,NY,10452,"{'type': 'Point', 'coordinates': [-73.92242, 40.83585]}",307,,,,-73.92242,40.83585
BRONX,727728,Store,AC,SAZON DELI GROCERY CORP,SAZON DELI GROCERY,131,E 183RD STREET ####,BRONX,NY,10453,"{'type': 'Point', 'coordinates': [-73.90072, 40.85768]}",307,1500,,,-73.90072,40.85768
BRONX,727691,Store,AC,SUPERSTAR 1 DELI AND & GROCERY CORP,SUPERSTAR 1 DELI AND & GROCERY,2801,WHITE PLAINS ROAD,BRONX,NY,10467,"{'type': 'Point', 'coordinates': [-73.86728, 40.86667]}",307,1600,,,-73.86728,40.86667
BRONX,727658,Store,AC,2408 M & E GROCERY CORP,2408 M & E GROCERY,2408,UNIVERSITY AVE,BRONX,NY,10468,"{'type': 'Point', 'coordinates': [-73.9047, 40.86313]}",307,700,,,-73.9047,40.86313
BRONX,727626,Store,AC,PIEDRA PARTIDA DELI GROCERY CORP,TU CASA SUPERMARKET,229,E KINGSBRIDGE ROAD,BRONX,NY,10458,"{'type': 'Point', 'coordinates': [-73.89364, 40.8653]}",307,2000,,,-73.89364,40.8653
BRONX,727620,Store,AC,LOS CASTILLOS MINI MARKET CORP,LOS CASTILLOS MINI MARKET 03/01/17,1601,UNIVERSITY AVENUE,BRONX,NY,10453,"{'type': 'Point', 'coordinates': [-73.92051, 40.84702]}",307,3000,,,-73.92051,40.84702
BRONX,727535,Store,AC,ALHAMEDI DELI GROCERY CORP,ALHAMEDI DELI GROCERY,1095,PROSPECT AVE FRNT 2,BRONX,NY,10459,"{'type': 'Point', 'coordinates': [-73.89904, 40.82592]}",307,900,,,-73.89904,40.82592
BRONX,727526,Store,AC,178 GOURMET DELI CORP,178 GOURMET DELI,1930,GRAND CONCOURSE ####,BRONX,NY,10457,"{'type': 'Point', 'coordinates': [-73.90523, 40.85012]}",307,1100,,,-73.90523,40.85012
BRONX,727424,Store,A,ELLIOT DELI AND GROCERY CORP,ELLIOT DELI AND GROCERY,45,ELLIOT PL,BRONX,NY,10452,"{'type': 'Point', 'coordinates': [-73.91675, 40.83907]}",307,1000,,,-73.91675,40.83907
BRONX,727310,Store,AC,JB FUEL CORP,JB GAS & FOOD,2947,JEROME AVE,BRONX,NY,10468,"{'type': 'Point', 'coordinates': [-73.88982, 40.87312]}",307,1200,,,-73.88982,40.87312
BRONX,727295,Store,AC,ASRA MINI MART AND DELI INC,ASRA MINI MART AND DELI,2801,MIDDLETOWN ROAD  ###,BRONX,NY,10461,"{'type': 'Point', 'coordinates': [-73.83637, 40.8435]}",307,700,,,-73.83637,40.8435
BRONX,727260,Store,AC,FRESH DIRECT LLC,FRESH DIRECT,2,ST. ANN'S AVENUE,BRONX,NY,10454,"{'type': 'Point', 'coordinates': [-73.92103, 40.80196]}",307,40000,C/O FOOD SAFETY &QUALITY DEPT,,-73.92103,40.80196
BRONX,727233,Store,AC,JOY'S DELI GROCERY II CORP,JOY'S DELI GROCERY II,1481,WESTCHESTER AVENUE,BRONX,NY,10472,"{'type': 'Point', 'coordinates': [-73.88088, 40.82845]}",307,1400,,,-73.88088,40.82845
BRONX,727222,Store,AC,SUAREZ DELI & GROCERY INC,SUAREZ DELI & GROCERY,269,E 188TH STREET,BRONX,NY,10458,"{'type': 'Point', 'coordinates': [-73.89565, 40.86081]}",307,,,,-73.89565,40.86081
BRONX,727185,Store,AC,OGDEN COFFEE SHOP INC,OGDEN COFFEE SHOP,1373A,OGDEN AVE,BRONX,NY,10452,"{'type': 'Point', 'coordinates': [-73.92455, 40.8419]}",307,,,,-73.92455,40.8419
BRONX,727181,Store,AC,RED APPLE DELI CORP,RED APPLE DELI,294,E 204TH STREET,BRONX,NY,10467,"{'type': 'Point', 'coordinates': [-73.87881, 40.87324]}",307,1100,,,-73.87881,40.87324
BRONX,727124,Store,AC,J D FOOD MARKET CORP,J D FOOD MARKET,460,QUINCY AVENUE,BRONX,NY,10465,"{'type': 'Point', 'coordinates': [-73.82174, 40.82122]}",307,2000,,,-73.82174,40.82122
BRONX,727058,Store,AC,SADEQ GOURMET DELI INC,SADEQ GOURMET DELI,2664,GRAND CONCOURSE,BRONX,NY,10458,"{'type': 'Point', 'coordinates': [-73.893919, 40.8664]}",307,,,,-73.893919,40.8664
BRONX,726967,Store,AC,COURTSIDE GOURMET CORP,COURTSIDE GOURMET,906,MORRIS AVE,BRONX,NY,10451,"{'type': 'Point', 'coordinates': [-73.918, 40.82641]}",307,1100,,,-73.918,40.82641
BRONX,726957,Store,AC,3220 MARKET CORP,C TOWN,3220,THIRD AVE,BRONX,NY,10451,"{'type': 'Point', 'coordinates': [-73.90906, 40.82344]}",307,4000,,,-73.90906,40.82344
BRONX,726877,Store,AC,3161 NORWOOD DELI CORP,3161 NORWOOD DELI,3161,BAINBRIDGE AVE,BRONX,NY,10467,"{'type': 'Point', 'coordinates': [-73.87948, 40.87514]}",307,1200,,,-73.87948,40.87514
BRONX,726841,Store,A,HUA MEI DISCOUNT STORE INC,HUA MEI DISCOUNT STORE,1690,BOSTON RD,BRONX,NY,10460,"{'type': 'Point', 'coordinates': [-73.88881, 40.83676]}",307,5000,,,-73.88881,40.83676
BRONX,726484,Store,AC,ADUM AFRICAN MARKET INC,ADUM AFRICAN MARKET,261,EAST 167TH STREET,BRONX,NY,10456,"{'type': 'Point', 'coordinates': [-73.91452, 40.83344]}",307,4000,,,-73.91452,40.83344
BRONX,726451,Store,AC,M.A.Z.D CORP,EUROPEAN GOURMET & DELI,5622,MOSHOLU AVE ####,BRONX,NY,10471,"{'type': 'Point', 'coordinates': [-73.90259, 40.90446]}",307,1000,,,-73.90259,40.90446
BRONX,726338,Store,AC,BUHRE FISH MARKET INC,BUHRE FISH MARKET,3035,BUHRE AVENUE,BRONX,NY,10461,"{'type': 'Point', 'coordinates': [-73.83113, 40.84744]}",307,1000,,,-73.83113,40.84744
BRONX,726186,Store,AC,EMPIRE STATE GOURMET DELI LLC,EMPIRE STATE GOURMET DELI,5800,MOSHOLU AVENUE ####,BRONX,NY,10471,"{'type': 'Point', 'coordinates': [-73.89716, 40.90512]}",307,1100,,,-73.89716,40.90512
BRONX,726154,Store,AC,NICKS EUROPEAN MARKET INC,NICKS EUROPEAN MARKET,2137-A,WILLIAMSBRIDGE RD,BRONX,NY,10461,"{'type': 'Point', 'coordinates': [-73.8558, 40.85639]}",307,1000,,,-73.8558,40.85639
BRONX,726084,Store,A,T & S DELI GROCERY CORP,T & S DELI GROCERY,2355,GRAND CONCOURSE,BRONX,NY,10468,"{'type': 'Point', 'coordinates': [-73.89922, 40.85899]}",307,800,,,-73.89922,40.85899
BRONX,726039,Store,AC,CHOI HAE S,165 STREET MARKET,245,EAST 165TH STREET,BRONX,NY,10456,"{'type': 'Point', 'coordinates': [-73.91748, 40.82974]}",307,2200,,,-73.91748,40.82974
BRONX,725955,Store,AC,JAMAICA GOURMET DELI INC,JAMAICA GOURMET DELI,1205,COLLEGE AVE,BRONX,NY,10456,"{'type': 'Point', 'coordinates': [-73.91337, 40.83279]}",307,1500,,,-73.91337,40.83279
BRONX,725917,Store,AC,NEW KINGSBRIDGE MARKET CORP,CARNICERIA EL RANCHO,29,E KINGSBRIDGE ROAD STORE 1,BRONX,NY,10468,"{'type': 'Point', 'coordinates': [-73.89656, 40.86713]}",307,900,,,-73.89656,40.86713
BRONX,725894,Store,AC,A AND J SUPER FOOD INC,ANTILLANA FRESH MEAT MARKET,1025,WESTCHESTER AVE,BRONX,NY,10459,"{'type': 'Point', 'coordinates': [-73.89319, 40.82403]}",307,3000,,,-73.89319,40.82403
BRONX,725880,Store,A,AMEER CONVENIENCE CORP,AMEER CONVENIENCE,730,LYDIG AVENUE,BRONX,NY,10462,"{'type': 'Point', 'coordinates': [-73.86648, 40.85448]}",307,1000,,,-73.86648,40.85448
BRONX,725879,Store,A,LYDIG DOLLAR DEALS INC,LYDIG DOLLAR DEALS,744,LYDIG AVE,BRONX,NY,10462,"{'type': 'Point', 'coordinates': [-73.86613, 40.85447]}",307,2000,,,-73.86613,40.85447
BRONX,725869,Store,AC,GREENVILLAGE MEAT CORP,GREENVILLAGE MEAT,3758,WHITE PLAINS ROAD,BRONX,NY,10467,"{'type': 'Point', 'coordinates': [-73.86304, 40.88318]}",307,1500,,,-73.86304,40.88318
BRONX,725811,Store,AC,681 DELI GROCERY STORE #1 INC,681 DELI GROCERY STORE #1,681,E 187TH STREET,BRONX,NY,10458,"{'type': 'Point', 'coordinates': [-73.88532, 40.85444]}",307,1200,,,-73.88532,40.85444
BRONX,725779,Store,AC,DARU SALAM FOOD & MEAT MARKET INC,DARU SALAM FOOD & MEAT MARKET,669,ELTON AVE,BRONX,NY,10455,"{'type': 'Point', 'coordinates': [-73.9148, 40.81858]}",307,,,,-73.9148,40.81858
BRONX,725713,Store,A,718 CONVENIENT STORE LLC,718 CONVENIENT STORE,123,EAST BURNSIDE AVENUE,BRONX,NY,10453,"{'type': 'Point', 'coordinates': [-73.90491, 40.85288]}",307,,,,-73.90491,40.85288
BRONX,725712,Store,A,BEST 1 SMOKE SHOP CORP,BEST 1 SMOKE SHOP,585,E 168TH STREET,BRONX,NY,10456,"{'type': 'Point', 'coordinates': [-73.90378, 40.83039]}",307,700,,,-73.90378,40.83039
BRONX,725703,Store,AC,LUCKY DELI AND MEAT CORP,LUCKY DELI AND MEAT,523,EAST 137TH STREET,BRONX,NY,10454,"{'type': 'Point', 'coordinates': [-73.91915, 40.80662]}",307,,,,-73.91915,40.80662
BRONX,725697,Store,AC,THREE TIMES C FOOD CORP,UNIVERSITY FRESH MARKET,1707,UNIVERSITY AVE,BRONX,NY,10453,"{'type': 'Point', 'coordinates': [-73.91715, 40.8494]}",307,2500,,,-73.91715,40.8494
BRONX,725571,Store,AC,BAEZ DELI GROCERY CORP,BAEZ DELI GROCERY,751,HOME STREET ####,BRONX,NY,10456,"{'type': 'Point', 'coordinates': [-73.90194, 40.82817]}",307,,,,-73.90194,40.82817
BRONX,725561,Store,AC,ASHLEY & J FOOD CORP,ASHLEY & J FOOD,1000,E GUN HILL ROAD ###,BRONX,NY,10469,"{'type': 'Point', 'coordinates': [-73.8579, 40.87469]}",307,800,,,-73.8579,40.87469
BRONX,725557,Store,AC,3770 FISH MARKET INC,3770 FISH MARKET,3770,WHITE PLAINS RD,BRONX,NY,10467,"{'type': 'Point', 'coordinates': [-73.86287, 40.88349]}",307,1500,,,-73.86287,40.88349
BRONX,725545,Store,AC,D & A DELI GROCERY CORP,D & A DELI GROCERY,3035,VALENTINE AVE ###,BRONX,NY,10458,"{'type': 'Point', 'coordinates': [-73.88512, 40.87345]}",307,,,,-73.88512,40.87345
BRONX,725544,Store,AC,QUICK STOP 1 MINI MARKET CORP,QUICK STOP 1 MINI MARKET,685,MORRIS PARK AVE,BRONX,NY,10462,"{'type': 'Point', 'coordinates': [-73.8665, 40.84514]}",307,1500,,,-73.8665,40.84514
BRONX,725506,Store,AC,1798 LOS PRIMOS GROCERY CORP,1798 LOS PRIMOS GROCERY,1798,CROTONA AVE ####,BRONX,NY,10457,"{'type': 'Point', 'coordinates': [-73.89382, 40.84252]}",307,1400,,,-73.89382,40.84252
BRONX,725381,Store,AC,167 PARKS FISH MARKET INC,GRAND FISH MARKET,214,E 167TH STREET,BRONX,NY,10456,"{'type': 'Point', 'coordinates': [-73.91624, 40.83388]}",307,1500,,,-73.91624,40.83388
BRONX,725378,Store,AC,AMOR SUPERMARKET CORP,AMOR SUPERMARKET,35,W 183RD STREET  ##,BRONX,NY,10453,"{'type': 'Point', 'coordinates': [-73.90526, 40.85883]}",307,2400,,,-73.90526,40.85883
BRONX,725372,Store,AC,LOS MELLIZOS GROCERY STORE CORP,LOS MELLIZOS GROCERY STORE,199,E 165TH STREET ####,BRONX,NY,10456,"{'type': 'Point', 'coordinates': [-73.91915, 40.83042]}",307,,,,-73.91915,40.83042
BRONX,725369,Store,AC,ROYAL DELI INC,ROYAL DELI,980,INTERVALE AVE ###,BRONX,NY,10459,"{'type': 'Point', 'coordinates': [-73.89687, 40.82266]}",307,,,,-73.89687,40.82266
BRONX,725270,Store,AC,ANLY & MADALY DELI-GROCERY INC,ANLY & MADALY DELI-GROCERY,1365,FINDLAY AVENUE ####,BRONX,NY,10456,"{'type': 'Point', 'coordinates': [-73.90973, 40.83683]}",307,1500,,,-73.90973,40.83683
BRONX,725221,Store,AC,MUSA GOURMET DELI CORP,MUSA GOURMET DELI,1211,JEROME AVE,BRONX,NY,10452,"{'type': 'Point', 'coordinates': [-73.92247, 40.83603]}",307,2400,,,-73.92247,40.83603
BRONX,725218,Store,AC,EXCEL FOOD MART LLC,EXCEL FOOD MART,1264,RANDALL AVE,BRONX,NY,10474,"{'type': 'Point', 'coordinates': [-73.88705, 40.81204]}",307,1200,,,-73.88705,40.81204
BRONX,725215,Store,AC,188 VALENTINE DELI CORP,188 VALENTINE DELI,221,E 188TH ST.,BRONX,NY,10458,"{'type': 'Point', 'coordinates': [-73.89664, 40.86105]}",307,800,,,-73.89664,40.86105
BRONX,725177,Store,AC,149 WILLIS INC,149 WILLIS,526B,WILLIS AVENUE,BRONX,NY,10455,"{'type': 'Point', 'coordinates': [-73.91802, 40.81572]}",307,,,,-73.91802,40.81572
BRONX,725145,Store,A,99 GRANT INC,99 GRANT,233,E 167 ST,BRONX,NY,10456,"{'type': 'Point', 'coordinates': [-73.91521, 40.83366]}",307,2000,,,-73.91521,40.83366
BRONX,725107,Store,AC,DELI R US FOOD MARKET INC,HALAL DELI MART,1475,WEST AVENUE  ##,BRONX,NY,10462,"{'type': 'Point', 'coordinates': [-73.86158, 40.83655]}",307,1000,,,-73.86158,40.83655
BRONX,725093,Store,AC,MYW FOOD MARKET CORP,MYW FOOD MARKET,536E,FORDAM ROAD,BRONX,NY,10458,"{'type': 'Point', 'coordinates': [-73.88705, 40.85943]}",307,,,,-73.88705,40.85943
BRONX,725060,Store,AC,MARD DELI GROCERY CORP,MARD DELI GROCERY,2280,WEBSTER AVENUE,BRONX,NY,10457,"{'type': 'Point', 'coordinates': [-73.89565, 40.85617]}",307,1000,,,-73.89565,40.85617
BRONX,724960,Store,AC,RAY'S #1 DELI GROCERY LLC,RAY'S #1 DELI GROCERY,3925,BARNES AVENUE,BRONX,NY,10466,"{'type': 'Point', 'coordinates': [-73.8583, 40.88561]}",307,,,,-73.8583,40.88561
BRONX,724958,Store,AC,LA PLAZA DELI MINI MARKET CORP,LA PLAZA DELI MINI MARKET,885,E TREMONT AVE,BRONX,NY,10460,"{'type': 'Point', 'coordinates': [-73.88521, 40.8425]}",307,1000,,,-73.88521,40.8425
BRONX,724859,Store,AC,SOL CACAO LLC,SOL CACAO,780,E 133 ST. SUITE #5,BRONX,NY,10454,"{'type': 'Point', 'coordinates': [-73.913, 40.80069]}",307,,,,-73.913,40.80069
BRONX,724807,Store,AC,1086 LUNA DELI GROCERY CORP,1086 LUNA DELI GROCERY,1086,BOSTON ROAD ###,BRONX,NY,10456,"{'type': 'Point', 'coordinates': [-73.90514, 40.82707]}",307,1500,,,-73.90514,40.82707
BRONX,724792,Store,A,180 CANDY GROCERY TOBACCO CORP,180 CANDY GROCERY TOBAC,535A,EAST 180TH STREET,BRONX,NY,10457,"{'type': 'Point', 'coordinates': [-73.89384, 40.85059]}",307,800,,,-73.89384,40.85059
BRONX,724739,Store,A,DOLLAR TREE STORES INC,DOLLAR TREE #05191,925,HUNTS POINT AVE,BRONX,NY,10459,"{'type': 'Point', 'coordinates': [-73.89091, 40.8204]}",307,2500,,,-73.89091,40.8204
BRONX,724729,Store,AC,729 JACKSON DELI GROCERY INC,729 JACKSON DELI GROCERY,729,WESTCHESTER AVE,BRONX,NY,10455,"{'type': 'Point', 'coordinates': [-73.90592, 40.81759]}",307,1000,,,-73.90592,40.81759
BRONX,724700,Store,A,1517 DELI & DISCOUNT INC,1517 DELI & DISCOUNT,1519,WESTCHESTER AVE. ###,BRONX,NY,10472,"{'type': 'Point', 'coordinates': [-73.87936, 40.82857]}",307,2000,,,-73.87936,40.82857
BRONX,724590,Store,AC,NELLY MINI MARKET CORP,NELLY MINI MARKET,1055,UNIVERSITY AVE. ###,BRONX,NY,10452,"{'type': 'Point', 'coordinates': [-73.93019, 40.83478]}",307,1500,,,-73.93019,40.83478
BRONX,724557,Store,AC,SABOR LATINO DELI SUPERMARKET CORP,SABOR LATINO DELI SUPERMARKET,1000,LONGWOOD AVENUE,BRONX,NY,10459,"{'type': 'Point', 'coordinates': [-73.89718, 40.81689]}",307,2000,,,-73.89718,40.81689
BRONX,724556,Store,AC,NEEROB BAZAR INC,NEEROB BAZAR,2085,STARLING AVE,BRONX,NY,10462,"{'type': 'Point', 'coordinates': [-73.85545, 40.83601]}",307,2200,,,-73.85545,40.83601
BRONX,724428,Store,AC,RODRIGUEZ DIAZ JUAN,NEW MEXICAN FRUITS & GROCERY,1517,WESTCHESTER AVE,BRONX,NY,10472,"{'type': 'Point', 'coordinates': [-73.87941, 40.82857]}",307,500,,,-73.87941,40.82857
BRONX,724425,Store,A,2463 E TREMONT DELI CORP,2463 E TREMONT DELI,2463,E TREMONT AVE ##,BRONX,NY,10461,"{'type': 'Point', 'coordinates': [-73.85125, 40.84272]}",307,800,,,-73.85125,40.84272
BRONX,724308,Store,AC,BWAY DELI FOOD CORP,BWAY DELI FOOD,5219A,BROADWAY,BRONX,NY,10463,"{'type': 'Point', 'coordinates': [-73.90934, 40.87488]}",749,1500,,,-73.90934,40.87488
BRONX,724248,Store,AC,FERMIN DELI GROCERY CORP,FERMIN DELI GROCERY,1113,GRANT AVE,BRONX,NY,10456,"{'type': 'Point', 'coordinates': [-73.91653, 40.83094]}",307,,,,-73.91653,40.83094
BRONX,724181,Store,AC,NELLYS DELI GROCERY CORP,NELLYS DELI GROCERY,1240,SPOFFORD AVE,BRONX,NY,10474,"{'type': 'Point', 'coordinates': [-73.8894, 40.81407]}",307,1000,,,-73.8894,40.81407
BRONX,724178,Store,AC,LOLAS DELI & GROCERY CORP,LOLAS DELI & GROCERY,4008,BRONXWOOD AVE  ##,BRONX,NY,10466,"{'type': 'Point', 'coordinates': [-73.85417, 40.887]}",307,,,,-73.85417,40.887
BRONX,724176,Store,AC,NEW ANDREWS DELI GROCERY CORP,NEW ANDREWS DELI GROCERY,1899,ANDREWS AVE.,BRONX,NY,10453,"{'type': 'Point', 'coordinates': [-73.91381, 40.85398]}",307,1800,,,-73.91381,40.85398
BRONX,724122,Store,AC,JAITEH KABA LLC,INTERNATIONAL FOOD MARKET,1514,WATSON AVE,BRONX,NY,10472,"{'type': 'Point', 'coordinates': [-73.87886, 40.82599]}",307,1200,,,-73.87886,40.82599
BRONX,724028,Store,AC,TINTON GOURMET DELI CORP,TINTON GOURMET DELI,643,TINTON AVE,BRONX,NY,10455,"{'type': 'Point', 'coordinates': [-73.9054, 40.81526]}",307,1100,STORE 1,,-73.9054,40.81526
BRONX,724012,Store,AC,LC GROCERY STORE CORP,LC GROCERY STORE,2155,GRAND CONCOURSE,BRONX,NY,10453,"{'type': 'Point', 'coordinates': [-73.90185, 40.85487]}",307,900,,,-73.90185,40.85487
BRONX,723891,Store,AC,BHAKTI DELI AND CONVENIENCE INC,MIDDLETOWN DELI AND CONVENIENCE,2959,MIDDLETOWN ROAD,BRONX,NY,10461,"{'type': 'Point', 'coordinates': [-73.83066, 40.84382]}",307,1400,,,-73.83066,40.84382
BRONX,723786,Store,AC,198 BAINBRIDGE DELI & GROCERY CORP,198 BAINBRIDGE DELI & GROCERY,2839,BAINBRIDGE AVE,BRONX,NY,10458,"{'type': 'Point', 'coordinates': [-73.88843, 40.86845]}",307,,,,-73.88843,40.86845
BRONX,723734,Store,AC,LA FUENTE BAILEY DELI & GROCERY INC,LA FUENTE BAILEY DELI & GROCERY,148,W 231 ST,BRONX,NY,10463,"{'type': 'Point', 'coordinates': [-73.9028, 40.87818]}",307,2000,,,-73.9028,40.87818
BRONX,723677,Store,AC,SOUTHERN BLVD MEAT MARKET CORP,SAGAL MEAT MARKET,1091,SOUTHERN BLVD,BRONX,NY,10459,"{'type': 'Point', 'coordinates': [-73.89194, 40.8258]}",307,2500,,,-73.89194,40.8258
BRONX,723673,Store,AC,VEGANO SUPERMARKET CORP,VEGANO SUPERMARKET,234-238,E 181 ST. ###,BRONX,NY,10457,"{'type': 'Point', 'coordinates': [-73.9004, 40.85432]}",307,,,,-73.9004,40.85432
BRONX,723467,Store,AC,VICJONA MEAT MARKET INC,VICJONA MEAT MARKET,733,E TREMONT AVE,BRONX,NY,10457,"{'type': 'Point', 'coordinates': [-73.8899, 40.8448]}",307,1000,,,-73.8899,40.8448
BRONX,723441,Store,AC,RUSC INC,JOES DELI,685,E 187TH ST,BRONX,NY,10458,"{'type': 'Point', 'coordinates': [-73.88513, 40.85435]}",307,1500,,,-73.88513,40.85435
BRONX,723294,Store,ACDK,GRADYS COLD BREW INC,GRADYS COLD BREW,819,GARRISON AVE,BRONX,NY,10474,"{'type': 'Point', 'coordinates': [-73.89343, 40.81565]}",307,8000,,,-73.89343,40.81565
BRONX,723232,Store,AC,MARIA FOOD MARKET CORP,MARIA FOOD MARKET,920,PROSPECT AVE,BRONX,NY,10459,"{'type': 'Point', 'coordinates': [-73.90074, 40.82179]}",307,1100,,,-73.90074,40.82179
BRONX,723207,Store,AC,LA ESTRELLITA MEXICAN GROCERY INC,LA ESTRELLITA MEXICAN GROCERY,213,E 198TH STREET,BRONX,NY,10458,"{'type': 'Point', 'coordinates': [-73.89012, 40.86965]}",307,,,,-73.89012,40.86965
BRONX,722979,Store,AC,NICKY DELI GROCERY CORP,NICKY DELI,1147,RIVER AVENUE ####,BRONX,NY,10452,"{'type': 'Point', 'coordinates': [-73.92221, 40.83429]}",307,1000,,,-73.92221,40.83429
BRONX,722972,Store,A,1150 WEBSTER PHARMACY INC,1150 WEBSTER PHARMACY,1150,WEBSTER AVENUE,BRONX,NY,10456,"{'type': 'Point', 'coordinates': [-73.91072, 40.83033]}",307,3400,,,-73.91072,40.83033
BRONX,722910,Store,AC,TAVAREZ DELI GROCERY CORP,TAVAREZ DELI GROCERY,620,E 188TH STREET,BRONX,NY,10458,"{'type': 'Point', 'coordinates': [-73.88592, 40.856]}",307,1200,,,-73.88592,40.856
BRONX,722852,Store,AC,FULTON DELI CORP,FULTON DELI,1225,FULTON AVENUE,BRONX,NY,10456,"{'type': 'Point', 'coordinates': [-73.90439, 40.83081]}",307,,,,-73.90439,40.83081
BRONX,722833,Store,AC,H&S NUTRITION LLC,GNC #8713,2958,3RD AVENUE,BRONX,NY,10455,"{'type': 'Point', 'coordinates': [-73.91487, 40.81817]}",307,900,,,-73.91487,40.81817
BRONX,722813,Store,AC,AN KASSEM AQEEL M,CYPRESS GOURMET DELI,268,CYPRESS AVENUE,BRONX,NY,10454,"{'type': 'Point', 'coordinates': [-73.91416, 40.80615]}",307,1000,,,-73.91416,40.80615
BRONX,722748,Store,AC,ESSA DELI GROCERY CORP,ESSA DELI GROCERY,4188,BARNES AVENUE ####,BRONX,NY,10466,"{'type': 'Point', 'coordinates': [-73.85464, 40.89223]}",307,700,,,-73.85464,40.89223
BRONX,722741,Store,AC,EL SITIO DELI GROCERY CORP,EL SITO DELI GROCERY,892-894,HOME STREET,BRONX,NY,10459,"{'type': 'Point', 'coordinates': [-73.89478, 40.82831]}",307,1100,,,-73.89478,40.82831
BRONX,722714,Store,AC,JOEY EXPRESS DELI INC,JOEY EXPRESS,1951,SOUTHERN BLVD,BRONX,NY,10460,"{'type': 'Point', 'coordinates': [-73.88568, 40.8426]}",307,1000,,,-73.88568,40.8426
BRONX,722693,Store,AC,B H GOURMET DELI CORP,B H GOURMET DELI,2550,BAINBRIDGE AVENUE STORE 1  ##,BRONX,NY,10458,"{'type': 'Point', 'coordinates': [-73.89319, 40.8626]}",307,,,,-73.89319,40.8626
BRONX,722692,Store,AC,MICHAELS DELI CORP,XPRESS MART,745,WHITE PLAINS ROAD,BRONX,NY,10473,"{'type': 'Point', 'coordinates': [-73.85816, 40.82151]}",307,800,,,-73.85816,40.82151
BRONX,722675,Store,AC,LAMBERT DELI GROCERY CORP,LAMBERT DELI GROCERY,2131,BRYANT AVENUE,BRONX,NY,10460,"{'type': 'Point', 'coordinates': [-73.87835, 40.84411]}",307,1000,,,-73.87835,40.84411
BRONX,722667,Store,AC,LO MAXIMO DELI GROCERY LLC,LO MAXIMO DELI GROCERY,710,BECK STREET,BRONX,NY,10455,"{'type': 'Point', 'coordinates': [-73.9, 40.81513]}",307,1100,,,-73.9,40.81513
BRONX,722660,Store,AC,NEW RAMS DELI PLUS INC,NEW RAMS DELI PLUS,574,E FORDHAM RD,BRONX,NY,10458,"{'type': 'Point', 'coordinates': [-73.88575, 40.85874]}",307,,,,-73.88575,40.85874
BRONX,722607,Store,AC,KRINOS FOODS LLC,KRINOS FOODS,1750,BATHGATE AVE,BRONX,NY,10457,"{'type': 'Point', 'coordinates': [-73.899, 40.84294]}",307,,,,-73.899,40.84294
BRONX,722559,Store,AC,358 FAMOUS DELI LLC,358 FAMOUS DELI,1224-1226,MORRIS AVENUE,BRONX,NY,10456,"{'type': 'Point', 'coordinates': [-73.91379, 40.83379]}",307,,,,-73.91379,40.83379
BRONX,722531,Store,AC,WOODLAWN & JEROME CORP,WOODLAWN & JEROME,3598,JEROME AVE  ###,BRONX,NY,10467,"{'type': 'Point', 'coordinates': [-73.87928, 40.88537]}",307,800,,,-73.87928,40.88537
BRONX,722523,Store,AC,ALBANIAN MARKET CORP,ALBANIAN MARKET,3043,BUHRE AVE,BRONX,NY,10461,"{'type': 'Point', 'coordinates': [-73.83088, 40.84753]}",307,600,,,-73.83088,40.84753
BRONX,722504,Store,AC,CRYSTAL JAIDA GROCERY CORP,CRYSTAL JAIDA GROCERY,1090,LONGFELLOW AVE ####,BRONX,NY,10459,"{'type': 'Point', 'coordinates': [-73.88784, 40.82606]}",307,1000,,,-73.88784,40.82606
BRONX,722367,Store,A,FAMILY DOLLAR STORES OF NY INC,FAMILY DOLLAR STORE #11754,2054,CROSS BRONX EXPY,BRONX,NY,10472,"{'type': 'Point', 'coordinates': [-73.8549, 40.83135]}",307,9180,,,-73.8549,40.83135
BRONX,722294,Store,AC,BEST HOOD DELI & SMOKE SHOP CORP,BEST HOOD DELI & SMOKE SHORP,839,TRINITY AVENUE,BRONX,NY,10456,"{'type': 'Point', 'coordinates': [-73.90662, 40.82142]}",307,,,,-73.90662,40.82142
BRONX,722090,Store,AC,MADINA TRADING CORP,MADINA TRADING,270,E 165TH STREET,BRONX,NY,10456,"{'type': 'Point', 'coordinates': [-73.9158, 40.82908]}",307,800,,,-73.9158,40.82908
BRONX,721995,Store,AC,PREMIUM HALAL MEAT & FISH INC,PRIMIUM HALAL MEAT & FISH,1500,OLMSTEAD AVE,BRONX,NY,10462,"{'type': 'Point', 'coordinates': [-73.85515, 40.83621]}",307,2500,,,-73.85515,40.83621
BRONX,721962,Store,AC,OKODIEBA AFRICAN MARNKET INC.,OKODIEBA AFRICAN MARKET,751,COMMONWEALTH AVENUE,BRONX,NY,10473,"{'type': 'Point', 'coordinates': [-73.86565, 40.82074]}",307,1000,,,-73.86565,40.82074
BRONX,721919,Store,AC,E&D 204 FOOD CORP,C-TOWN SUPERMARKET,264,E 204TH STREET,BRONX,NY,10458,"{'type': 'Point', 'coordinates': [-73.88413, 40.87412]}",307,7000,,,-73.88413,40.87412
BRONX,721868,Store,AC,PONGO FOOD CORP,C-TOWN,3690,THIRD AVENUE,BRONX,NY,10456,"{'type': 'Point', 'coordinates': [-73.90355, 40.83497]}",307,6000,,,-73.90355,40.83497
BRONX,721856,Store,AC,BOGOPA WASHINGTON INC,FOOD BAZAAR,445,EAST 163RD STREET ####,BRONX,NY,10451,"{'type': 'Point', 'coordinates': [-73.91085, 40.82562]}",307,80000,,,-73.91085,40.82562
BRONX,721744,Store,AC,JS GOURMET DELI GROCERY CORP,JS GOURMET DELI GROCERY,1881,MCGRAW AVENUE,BRONX,NY,10462,"{'type': 'Point', 'coordinates': [-73.86274, 40.83442]}",307,1300,,,-73.86274,40.83442
BRONX,721708,Store,AC,182ND ST DELI GROCERY CORP,182ND ST DELI GROCERY,816,E 182ND STREET,BRONX,NY,10460,"{'type': 'Point', 'coordinates': [-73.88347, 40.84847]}",307,800,,,-73.88347,40.84847
BRONX,721681,Store,AC,149 STREET FOOD CORP,SUPERFRESH,459,EAST 149TH STREET,BRONX,NY,10455,"{'type': 'Point', 'coordinates': [-73.916, 40.81536]}",307,,,,-73.916,40.81536
BRONX,721652,Store,AC,3RD AVE STOP SHOP CORP,3RD AVE STOP SHOP,3754,3RD AVE ####,BRONX,NY,10456,"{'type': 'Point', 'coordinates': [-73.90239, 40.83665]}",307,4000,,,-73.90239,40.83665
BRONX,721644,Store,AC,TOP CHOICE MEAT MARKET CORP,TOP CHOICE MEAT MARKET,3600,WHITE PLAINS ROAD,BRONX,NY,10467,"{'type': 'Point', 'coordinates': [-73.86509, 40.87929]}",307,2200,,,-73.86509,40.87929
BRONX,721643,Store,AC,H & Y FRUIT AND VEGETABLES CORP,H & Y FRUIT AND VEGETABLES,156,E 188TH STREET,BRONX,NY,10468,"{'type': 'Point', 'coordinates': [-73.89841, 40.86167]}",307,,,,-73.89841,40.86167
BRONX,721625,Store,A,DOLLAR TREE STORES INC,DOLLAR TREE #05774,2026,WESTCHESTER AVENUE,BRONX,NY,10462,"{'type': 'Point', 'coordinates': [-73.85632, 40.83372]}",307,10000,,,-73.85632,40.83372
BRONX,721590,Store,AC,TKRC PRODUCTIONS LLC,TKRC PRODUCTIONS,620-630,GERARD AVENUE ####,BRONX,NY,10451,"{'type': 'Point', 'coordinates': [-73.92838, 40.82121]}",307,10000,,,-73.92838,40.82121
BRONX,721569,Store,AC,LA LIGA DELI FOOD CORP,LA LIGA DELI FOOD,350,EAST 149TH STREET,BRONX,NY,10451,"{'type': 'Point', 'coordinates': [-73.91969, 40.8166]}",307,3000,,,-73.91969,40.8166
BRONX,721530,Store,AC,166TH DELI AND GROCERY INC,166TH DELI AND GROCERY,182 B,EAST 166 STREET,BRONX,NY,10456,"{'type': 'Point', 'coordinates': [-73.91883, 40.8316]}",307,1600,,,-73.91883,40.8316
BRONX,721516,Store,AC,SOTO GROCERY & DELI #2 INC,SOTO GROCERY & DELI #2,3308,BAILEY AVE. ###,BRONX,NY,10463,"{'type': 'Point', 'coordinates': [-73.90096, 40.87987]}",307,,,,-73.90096,40.87987
BRONX,721469,Store,AC,PRUZZOS SUPERMARKET CORP,PRUZZOS SUPERMARKET,2937,WESTCHESTER AVE,BRONX,NY,10461,"{'type': 'Point', 'coordinates': [-73.83262, 40.84676]}",307,5000,,,-73.83262,40.84676
BRONX,721266,Store,AC,COB DELI & GROCERY INC,COB DELI & GROCERY,2616,JEROME AVE,BRONX,NY,10468,"{'type': 'Point', 'coordinates': [-73.89791, 40.86686]}",307,1100,,,-73.89791,40.86686
BRONX,721260,Store,AC,SUNNY DELI INC,SUNNY DELI,231,W 230TH STREET  ###,BRONX,NY,10463,"{'type': 'Point', 'coordinates': [-73.90747, 40.87774]}",307,,,,-73.90747,40.87774
BRONX,721145,Store,A,FAMILY DOLLAR STORES OF NEW YORK LLC,FAMILY DOLLAR STORE #31428,475,SOUTHERN BLVD,BRONX,NY,10455,"{'type': 'Point', 'coordinates': [-73.90624, 40.81073]}",307,,,,-73.90624,40.81073
BRONX,721121,Store,A,FAMILY DOLLAR STORES OF NEW YORK LLC,FAMILY DOLLAR STORE #31449,939,E TREMONT AVE,BRONX,NY,10460,"{'type': 'Point', 'coordinates': [-73.88313, 40.84146]}",307,,,,-73.88313,40.84146
BRONX,721117,Store,A,MCLEAN DELI & GROCERY INC,MCLEAN DELI & GROCERY,522,EAST 240TH STREET,BRONX,NY,10470,"{'type': 'Point', 'coordinates': [-73.86173, 40.90114]}",948,800,,,-73.86173,40.90114
BRONX,721094,Store,AC,180 BUS STOP DELI INC,180 BUS STOP DELI,702,E 180TH STREET,BRONX,NY,10457,"{'type': 'Point', 'coordinates': [-73.88853, 40.84798]}",307,,,,-73.88853,40.84798
BRONX,721060,Store,AC,VERACRUZ DELI & GROCERY INC,VERACRUZ DELI & GROCERY,1019,E 167TH ST ###,BRONX,NY,10459,"{'type': 'Point', 'coordinates': [-73.88898, 40.82676]}",307,900,,,-73.88898,40.82676
BRONX,721012,Store,AC,9 CIENTO DELI & GROCERY CORP,9 CIENTO DELI & GROCERY,900,ALLERTON AVE,BRONX,NY,10469,"{'type': 'Point', 'coordinates': [-73.86133, 40.86555]}",307,,,,-73.86133,40.86555
BRONX,720908,Store,AC,EMPIRE GOURMET DELI LLC,EMPIRE GOURMET DELI,3764-64A,WHITE PLAINS ROAD,BRONX,NY,10467,"{'type': 'Point', 'coordinates': [-73.86295, 40.88334]}",307,1500,,,-73.86295,40.88334
BRONX,720879,Store,AC,DYLAN SUPER BODEGUITA DELI GROCERY CORP,DYLAN SUPER BODEQUITA DELI GROCERY,1152,OGDEN AVENUE,BRONX,NY,10452,"{'type': 'Point', 'coordinates': [-73.92728, 40.83665]}",307,1200,,,-73.92728,40.83665
BRONX,720877,Store,AC,FORDHAM FRUITS & VEGTABLES INC,FORDHAM FRUITS & VEGTABLES,2450,CRESTON AVE,BRONX,NY,10468,"{'type': 'Point', 'coordinates': [-73.8986, 40.8619]}",307,800,,,-73.8986,40.8619
BRONX,720851,Store,AC,2 & 5 LINE DELI GROCERY INC,2 & 5 LINE DELI GROCERY,2196,WHITE PLAINS RD,BRONX,NY,10462,"{'type': 'Point', 'coordinates': [-73.86764, 40.85644]}",307,1200,,,-73.86764,40.85644
BRONX,720777,Store,A,COOL N COZY INC,COOL N COZY,2,BEDFORD PARK BLVD EAST,BRONX,NY,10468,"{'type': 'Point', 'coordinates': [-73.88903, 40.8731]}",307,350,,,-73.88903,40.8731
BRONX,720758,Store,AC,SPEEDWAY LLC,SPEEDWAY #07890,3355,E TREMONT AVE,BRONX,NY,10465,"{'type': 'Point', 'coordinates': [-73.82934, 40.83483]}",307,1000,,,-73.82934,40.83483
BRONX,720604,Store,AC,SOUTHERN BLVD FARM CORP,SOUTHERN BLVD FARM,1700,SOUTHERN BLVD,BRONX,NY,10460,"{'type': 'Point', 'coordinates': [-73.88828, 40.83651]}",307,900,,,-73.88828,40.83651
BRONX,720545,Store,AC,RICHY DELI GROCERY CORP,RICHY DELI GROCERY,2334,WASHINGTON AVE,BRONX,NY,10458,"{'type': 'Point', 'coordinates': [-73.89234, 40.85615]}",307,1000,,,-73.89234,40.85615
BRONX,720450,Store,AC,PALO BLANCO DELI GROCERY CORP,PALO BLANCO DELI GROCERY,750,ASTOR AVENUE,BRONX,NY,10467,"{'type': 'Point', 'coordinates': [-73.86529, 40.85959]}",307,1200,,,-73.86529,40.85959
BRONX,720429,Store,AC,SEA BREEZE FISH & SEAFOOD INC,SEA BREEZE FISH & SEAFOOD,831,ROSEDALE AVE,BRONX,NY,10473,"{'type': 'Point', 'coordinates': [-73.86697, 40.82135]}",307,800,,,-73.86697,40.82135
BRONX,720400,Store,AC,LOS CORBATICAS DELI GROCERY CORP,LOS CORBATICAS DELI GROCERY,1915,ANTHONY AVENUE,BRONX,NY,10457,"{'type': 'Point', 'coordinates': [-73.90314, 40.84909]}",307,400,,,-73.90314,40.84909
BRONX,720387,Store,AC,STEVEN DELI & GROCERY CORP,STEVEN DELI & GROCERY,325,CYPRESS AVENUE,BRONX,NY,10454,"{'type': 'Point', 'coordinates': [-73.91333, 40.80773]}",307,,,,-73.91333,40.80773
BRONX,720379,Store,AC,AKSHAR 3659 DELI AND GROCERY LLC,PHILLIPS GOURMET DELI,3659,EAST TREMONT AVE,BRONX,NY,10465,"{'type': 'Point', 'coordinates': [-73.82367, 40.82798]}",307,1800,,,-73.82367,40.82798
BRONX,720352,Store,AC,SBF FISHERY INC,S B F FISHERY,1041,PROSPECT AVE ###,BRONX,NY,10459,"{'type': 'Point', 'coordinates': [-73.90006, 40.82491]}",307,,,,-73.90006,40.82491
BRONX,720272,Store,AC,ALANS DELI GROCERY CORP,ALANS DELI GROCERY,1246,SHAKESPEARE AVE ####,BRONX,NY,10452,"{'type': 'Point', 'coordinates': [-73.92312, 40.83839]}",307,1200,,,-73.92312,40.83839
BRONX,720269,Store,AC,SPEEDWAY LLC,SPEEDWAY #07599,610,NERIED AVE,BRONX,NY,10470,"{'type': 'Point', 'coordinates': [-73.85737, 40.89964]}",307,800,,,-73.85737,40.89964
BRONX,720203,Store,AC,SHUNA FOODS LLC,C TOWN,1761,SOUTHERN BOULEVARD,BRONX,NY,10460,"{'type': 'Point', 'coordinates': [-73.88768, 40.83743]}",307,,,,-73.88768,40.83743
BRONX,719865,Store,A,SAMMY 194 GROCERY CANDY CORP,SAMMY 194 GROCERY CANDY,341,EAST 194TH ST,BRONX,NY,10458,"{'type': 'Point', 'coordinates': [-73.89117, 40.86405]}",307,,,,-73.89117,40.86405
BRONX,719857,Store,AC,RO SUPERMARKET CORP,BRAVO SUPERMARKET,640,COURTLANDT AVE,BRONX,NY,10451,"{'type': 'Point', 'coordinates': [-73.91849, 40.81885]}",307,8000,,,-73.91849,40.81885
BRONX,719799,Store,AC,REYES DELI GROCERY CORP,REYES DELI GROCERY,676,CASTLE HILL AVE,BRONX,NY,10473,"{'type': 'Point', 'coordinates': [-73.84821, 40.82086]}",307,1200,,,-73.84821,40.82086
BRONX,719777,Store,AC,MORONTAS SUPERMARKET CORP,MORONTAS SUPERMARKET,3294,HULL AVE,BRONX,NY,10467,"{'type': 'Point', 'coordinates': [-73.87452, 40.8767]}",307,1300,,,-73.87452,40.8767
BRONX,719769,Store,AC,JULIAN GROCERY CORP,JULIAN GROCERY,143,WEST BURNSIDE AVE,BRONX,NY,10453,"{'type': 'Point', 'coordinates': [-73.91448, 40.85391]}",307,2400,,,-73.91448,40.85391
BRONX,719744,Store,AC,WEBSTER AVE PETROLEUM LLC,WEBSTER AVE PETROLEUM,3059,WEBSTER AVE,BRONX,NY,10467,"{'type': 'Point', 'coordinates': [-73.87862, 40.87013]}",307,1200,,,-73.87862,40.87013
BRONX,719683,Store,A,JEROME SUPER DISCOUNT INC,JEROME SUPER DISCOUNT,2025,JEROME AVE,BRONX,NY,10453,"{'type': 'Point', 'coordinates': [-73.90778, 40.85337]}",307,6500,,,-73.90778,40.85337
BRONX,719611,Store,AC,ROYS FRUITS AND VEGETABLES CORP,ROYS FRUITS AND VEGETABLES,720,EAST TREMONT AVE,BRONX,NY,10457,"{'type': 'Point', 'coordinates': [-73.89037, 40.84503]}",307,,STORE #B,,-73.89037,40.84503
BRONX,719607,Store,AC,MN GOURMET DELI INC,MN GOURMET DELI,4398,WHITE PLAINS RD,BRONX,NY,10466,"{'type': 'Point', 'coordinates': [-73.85442, 40.89834]}",307,1100,,,-73.85442,40.89834
BRONX,719351,Store,ABC,STOP & SHOP SUPERMARKET CO LLC THE,STOP & SHOP #2592,2136,BARTOW AVE,BRONX,NY,10475,"{'type': 'Point', 'coordinates': [-73.82655, 40.86844]}",307,55000,,,-73.82655,40.86844
BRONX,719270,Store,A,LUCKY STAR DISCOUNT AND 99 CENTS INC,LUCKY STAR DISCOUNT,930,E 174TH ST,BRONX,NY,10460,"{'type': 'Point', 'coordinates': [-73.8872, 40.8372]}",307,,,,-73.8872,40.8372
BRONX,719261,Store,AC,STOP&SHOP SUPERMARKET CO LLC THE,STOP & SHOP #2593,961,E 174TH ST,BRONX,NY,10460,"{'type': 'Point', 'coordinates': [-73.88475, 40.83709]}",307,8000,,,-73.88475,40.83709
BRONX,719249,Store,AC,AL QUDS TRADING CORP,AL QUDS TRADING,1827,WHITE PLAINS RD,BRONX,NY,10462,"{'type': 'Point', 'coordinates': [-73.8664, 40.84603]}",307,1200,,,-73.8664,40.84603
BRONX,719176,Store,A,M A ROYAL DELI FOOD CORP,M A ROYAL DELI FOOD,103,E MOUNT EDEN AVE,BRONX,NY,10452,"{'type': 'Point', 'coordinates': [-73.91279, 40.8436]}",307,950,,,-73.91279,40.8436
BRONX,719125,Store,AC,LA POTENCIA DELI GROCERY STORE CORP,LA POTENCIA DELI GROCERY STORE,320,E 167TH STREET ###,BRONX,NY,10456,"{'type': 'Point', 'coordinates': [-73.91306, 40.83116]}",307,1000,,,-73.91306,40.83116
BRONX,719063,Store,AC,EL GIRASOL MINI MARKET CORP,EL GIRASOL MINI MARKET,3214,WHITE PLAINS RD,BRONX,NY,10467,"{'type': 'Point', 'coordinates': [-73.86714, 40.87197]}",307,1000,,,-73.86714,40.87197
BRONX,719026,Store,A,FAMILY DOLLAR STORES OF NEW YORK LLC,FAMILY DOLLAR STORE #31618,415,SOUNDVIEW AVE,BRONX,NY,10473,"{'type': 'Point', 'coordinates': [-73.85846, 40.8141]}",307,8000,,,-73.85846,40.8141
BRONX,719016,Store,AC,REEMYS INC,REEMYS DELI & GRILL,1524,UNIONPORT RD,BRONX,NY,10462,"{'type': 'Point', 'coordinates': [-73.85687, 40.83668]}",307,1500,,,-73.85687,40.83668
BRONX,718974,Store,AC,A&G DELI GROCERY II CORP,A & G DELI GROCERY II,976,PROSPECT AVE,BRONX,NY,10459,"{'type': 'Point', 'coordinates': [-73.90008, 40.82338]}",307,,,,-73.90008,40.82338
BRONX,718972,Store,AC,245 BROADWAY MARKET CORP,245 BROADWAY MARKET,6029,BROADWAY,BRONX,NY,10471,"{'type': 'Point', 'coordinates': [-73.8974, 40.89155]}",307,1200,,,-73.8974,40.89155
BRONX,718908,Store,AC,7 H GROUP INC.,J & E DELI GROCERY,3321,3RD AVENUE,BRONX,NY,10456,"{'type': 'Point', 'coordinates': [-73.9078, 40.8264]}",307,,,,-73.9078,40.8264
BRONX,718903,Store,AC,1885 ONE STOP ENTERPRISES INC,1885 ONE STOP ENTERPRISES/SUBWAY,1885,WESTCHESTER A VENUE,BRONX,NY,10472,"{'type': 'Point', 'coordinates': [-73.86306, 40.83284]}",307,,,,-73.86306,40.83284
BRONX,718865,Store,ACK,DANBAKO LLC,DANBAKO HALAL MEAT MKT,1387,BOSTON RD,BRONX,NY,10456,"{'type': 'Point', 'coordinates': [-73.89725, 40.83311]}",307,1000,,,-73.89725,40.83311
BRONX,718851,Store,AC,LA TINFORA GROCERY CORP,LA TINFORA GROCERY,2386,WEBSTER AVE,BRONX,NY,10458,"{'type': 'Point', 'coordinates': [-73.89401, 40.85866]}",307,1200,,,-73.89401,40.85866
BRONX,718840,Store,AC,LA TRADICION DELI GROCERY CORP,LA TRADICION DELI GROCERY,1145,BOSTON ROAD,BRONX,NY,10456,"{'type': 'Point', 'coordinates': [-73.90377, 40.82829]}",307,,,,-73.90377,40.82829
BRONX,718839,Store,AC,323 GUN HILL DELI & GROCERY CORP,323 GUN HILL DELI & GROCERY,323,E GUN HILL ROAD,BRONX,NY,10467,"{'type': 'Point', 'coordinates': [-73.87371, 40.8789]}",307,1200,,,-73.87371,40.8789
BRONX,718835,Store,AC,K& M DELI MINI MARKET CORP,K& M DELI MINI MARKET,3178,BAINBRIDGE AVENUE,BRONX,NY,10467,"{'type': 'Point', 'coordinates': [-73.87954, 40.87558]}",307,1100,,,-73.87954,40.87558
BRONX,718789,Store,AC,CT GROCERY NY CORP,CT GROCERY NY,869,BRYANT AVE,BRONX,NY,10474,"{'type': 'Point', 'coordinates': [-73.88665, 40.81879]}",307,,,,-73.88665,40.81879
BRONX,718784,Store,AC,NEW ZEREGA BAZAR INC,ZEREGA BAZAR HALAL MEAT AND GROCERY,2409,WESTCHESTER AVE,BRONX,NY,10461,"{'type': 'Point', 'coordinates': [-73.84611, 40.8373]}",307,1200,,,-73.84611,40.8373
BRONX,718765,Store,AC,KINGS BRIDGE MARKET INC,KINGS BRIDGE MARKET,30,W KINGSBRIDGE RD,BRONX,NY,10468,"{'type': 'Point', 'coordinates': [-73.89877, 40.86774]}",307,2000,,,-73.89877,40.86774
BRONX,718671,Store,AC,TELLER MART LLC,TELLER MART,920,TELLER AVE,BRONX,NY,10451,"{'type': 'Point', 'coordinates': [-73.91552, 40.82616]}",307,2000,,,-73.91552,40.82616
BRONX,718670,Store,AC,MI GENTE DELI GROCERY CORP,MI GENTE DELI GROCERY,1071,ELDER  AVENUE,BRONX,NY,10472,"{'type': 'Point', 'coordinates': [-73.87851, 40.82574]}",307,,,,-73.87851,40.82574
BRONX,718578,Store,AC,EXPRESS MINI MARKET CORP,EXPRESS MINI MARKET,980,MORRIS  AVENUE,BRONX,NY,10456,"{'type': 'Point', 'coordinates': [-73.91684, 40.82852]}",307,,,,-73.91684,40.82852
BRONX,718570,Store,AC,ULERIO DELI & GROCERY CORP.,ULERIO DELI & GROCERY,1001,MACE AVENUE,BRONX,NY,10469,"{'type': 'Point', 'coordinates': [-73.85862, 40.86305]}",307,950,,,-73.85862,40.86305
BRONX,718539,Store,AC,FRANCO FRUIT&VEGETABLE INC,FRANCO FRUIT& VEGETABLE,121,EAST BURNSIDE AVE,BRONX,NY,10453,"{'type': 'Point', 'coordinates': [-73.90491, 40.85288]}",307,2400,,,-73.90491,40.85288
BRONX,718489,Store,AC,PIERCE AVE MINI MARKET INC,PIERCE AVE MINI MARKET,1595,WILLIAMSBRIDGE RD,BRONX,NY,10461,"{'type': 'Point', 'coordinates': [-73.84896, 40.84695]}",307,1200,,,-73.84896,40.84695
BRONX,718452,Store,AC,LA REYNA DE WESTCHESTER DELI GROCERY COR,LA REYNA DE WESTCHESTER DELI GROCERY,1218,WESTCHESTER AVE,BRONX,NY,10459,"{'type': 'Point', 'coordinates': [-73.88915, 40.8261]}",307,,,,-73.88915,40.8261
BRONX,718374,Store,AC,ADEN 1 DELI GROCERY CORP,ADEN 1 DELI GROCERY,3060,EASTCHESTER RD,BRONX,NY,10469,"{'type': 'Point', 'coordinates': [-73.84351, 40.8711]}",307,,,,-73.84351,40.8711
BRONX,718309,Store,AC,EDWARD FOOD INC,FINE FARE,4725,WHITE PLAINS RD,BRONX,NY,10470,"{'type': 'Point', 'coordinates': [-73.84987, 40.90406]}",307,4500,,,-73.84987,40.90406
BRONX,718305,Store,AC,DON JOSE MEXICANS GROCERY INC,DON JOSE MEXICANS GROCERY,216,ST ANNS AVE,BRONX,NY,10454,"{'type': 'Point', 'coordinates': [-73.91774, 40.80644]}",307,900,,,-73.91774,40.80644
BRONX,718289,Store,AC,BODEGA BUILT INC,BODEGA BUILT,601,E 180TH ST ##,BRONX,NY,10457,"{'type': 'Point', 'coordinates': [-73.89143, 40.84942]}",307,1000,,,-73.89143,40.84942
BRONX,718260,Store,AC,17UP FOOD PRODUCT CORP,17UP FOOD,1378,WALTON AVE,BRONX,NY,10452,"{'type': 'Point', 'coordinates': [-73.91623, 40.8392]}",307,600,,,-73.91623,40.8392
BRONX,718228,Store,AC,LOTUS THIRD GAS CORP,LOTUS THIRD GAS,4643,THIRD AVE #####,BRONX,NY,10458,,,600,,,,
BRONX,718204,Store,AC,MOS DISA CORP,EDIBLE ARRANGEMENTS,3530,JOHNSON AVE,BRONX,NY,10463,"{'type': 'Point', 'coordinates': [-73.90979, 40.88623]}",307,,,,-73.90979,40.88623
BRONX,718180,Store,AC,AG 49 CORP,FINE FARE,49,EAST MT EDEN AVE,BRONX,NY,10452,"{'type': 'Point', 'coordinates': [-73.91369, 40.84392]}",307,4000,,,-73.91369,40.84392
BRONX,718163,Store,AC,4345 KATONAH ENTERPRISES INC,4345 KATONAH ENTERPRISES,4345A,KATONAH AVE,BRONX,NY,10470,"{'type': 'Point', 'coordinates': [-73.86767, 40.90014]}",307,1000,,,-73.86767,40.90014
BRONX,718115,Store,AC,HELLEN DELI GROCERY CORP,HELLEN DELI GROCERY,1420,CLAY AVE,BRONX,NY,10456,"{'type': 'Point', 'coordinates': [-73.90784, 40.83726]}",307,800,,,-73.90784,40.83726
BRONX,718022,Store,A,AGYEMAN NANA A,OBAAPA AFRICAN & CARIBEAN MARKET,2347,GRAND CONCOURSE,BRONX,NY,10468,"{'type': 'Point', 'coordinates': [-73.89928, 40.8589]}",307,450,,,-73.89928,40.8589
BRONX,718013,Store,AC,EL TROPICAL DELI GROCERY CORP,EL TROPICAL DELI GROCERY,3100,E TREMONT AVE,BRONX,NY,10461,"{'type': 'Point', 'coordinates': [-73.83571, 40.83871]}",307,1100,,,-73.83571,40.83871
BRONX,717951,Store,AC,EDDIES PLACE AFRICAN MARKET INC,EDDIES PLACE AFRICAN MARKET,5,E 167TH ST,BRONX,NY,10452,"{'type': 'Point', 'coordinates': [-73.92192, 40.83597]}",307,2000,,,-73.92192,40.83597
BRONX,717779,Store,AC,FAD 2300 FOOD CORP,GOLDEN MANGO,2300,RANDALL AVE,BRONX,NY,10473,"{'type': 'Point', 'coordinates': [-73.84437, 40.81951]}",307,40000,,,-73.84437,40.81951
BRONX,717755,Store,AC,NEW MODERN INC,MODERN MARKET,2385,ARTHUR AVE #####,BRONX,NY,10458,,,6000,,,,
BRONX,717680,Store,A,BRONX NUTRITIONAL CORP,BRONX NUTRITIONAL,153,EAST 188TH ST,BRONX,NY,10468,"{'type': 'Point', 'coordinates': [-73.89847, 40.86169]}",307,,,,-73.89847,40.86169
BRONX,717675,Store,AC,FERNANDEZ ALCIBIADES A,FERNANDEZ DELI GROCERY,1086,KELLY ST,BRONX,NY,10459,"{'type': 'Point', 'coordinates': [-73.89582, 40.82576]}",307,1000,,,-73.89582,40.82576
BRONX,717671,Store,AC,AGBANDJALA RABIETOU,ISSOWAZENA AFRICAN MARKET,1158,SOUTHERN BLVD,BRONX,NY,10459,"{'type': 'Point', 'coordinates': [-73.89192, 40.82794]}",307,1200,,,-73.89192,40.82794
BRONX,717658,Store,AC,JEN DELI GROCERY CORP,JEN DELI GROCERY,1665,LONGFELLOW AVE,BRONX,NY,10460,"{'type': 'Point', 'coordinates': [-73.88513, 40.83473]}",307,600,,,-73.88513,40.83473
BRONX,717610,Store,A,IZZY GROCERY INC,IZZY GROCERY,291,E GUN HILL RD,BRONX,NY,10467,"{'type': 'Point', 'coordinates': [-73.87461, 40.8792]}",307,,,,-73.87461,40.8792
BRONX,717589,Store,AC,LOS PEREZ DELI FOOD CORP,LOS PEREZ DELI FOOD,2629,MARION AVE,BRONX,NY,10458,"{'type': 'Point', 'coordinates': [-73.89112, 40.86431]}",307,,,,-73.89112,40.86431
BRONX,717587,Store,AC,J A M W DELI & GROCERY CORP,HILL TOP DELI,1253,CASTLE HILL AVE,BRONX,NY,10462,"{'type': 'Point', 'coordinates': [-73.85132, 40.83315]}",307,,,,-73.85132,40.83315
BRONX,717586,Store,AC,WESTERN BEEF RETAIL INC,WESTERN BEEF STORE #062,1851,BRUCKNER BLVD. ###,BRONX,NY,10472,"{'type': 'Point', 'coordinates': [-73.86283, 40.82699]}",307,50000,,,-73.86283,40.82699
BRONX,717546,Store,AC,630 DELI GROCERY CORP,630 DELI GROCERY CORP,630,WALTON AVE,BRONX,NY,10451,"{'type': 'Point', 'coordinates': [-73.92746, 40.82116]}",307,1200,,,-73.92746,40.82116
BRONX,717541,Store,AC,O AND V DELI GROCERY CORP,O AND V DELI GROCERY,1397,FRANKLIN AVE 1ST FLOOR,BRONX,NY,10456,"{'type': 'Point', 'coordinates': [-73.90025, 40.83408]}",307,12000,,,-73.90025,40.83408
BRONX,717528,Store,AC,SUSANS GREEN GREEN GREEN MARKET INC,SUSANS GREEN GREEN MARKET,3002,BUHRE AVE,BRONX,NY,10461,"{'type': 'Point', 'coordinates': [-73.83202, 40.84708]}",307,2000,,,-73.83202,40.84708
BRONX,717525,Store,AC,SEA AND SALT SEAFOOD CORP,SEA AND SALT,15,EAST 170TH ST,BRONX,NY,10452,"{'type': 'Point', 'coordinates': [-73.9171, 40.84]}",307,1500,,,-73.9171,40.84
BRONX,717515,Store,AC,1459 MIA DELI & GROCERY LLC,1459 MIA DELI & GROCERY,1459-1463,STORY AVE,BRONX,NY,10473,"{'type': 'Point', 'coordinates': [-73.88017, 40.82133]}",307,1000,,,-73.88017,40.82133
BRONX,717495,Store,AC,AHMED ADAM,ADAMS DELI,239,BEDFORD PK BLVD,BRONX,NY,10458,"{'type': 'Point', 'coordinates': [-73.88667, 40.87114]}",307,700,,,-73.88667,40.87114
BRONX,717459,Store,AC,JEREMY'S GROCERY INC,J-MARKET,1260,MORRISON AVE,BRONX,NY,10472,"{'type': 'Point', 'coordinates': [-73.875, 40.83119]}",307,,,,-73.875,40.83119
BRONX,717351,Store,AC,OMEGA SEAFOOD & GREEN MARKET INC,OMEGA SEAFOOD & GREEN MARKET,168,W TREMONT AVE,BRONX,NY,10453,"{'type': 'Point', 'coordinates': [-73.91575, 40.85079]}",307,2400,,,-73.91575,40.85079
BRONX,717253,Store,AC,CAMILLA GROCERY STORE INC,CAMILLA GROCERY STORE,1665,BOSTON RD. ###,BRONX,NY,10460,"{'type': 'Point', 'coordinates': [-73.88967, 40.83626]}",307,1200,,,-73.88967,40.83626
BRONX,717180,Store,A,SAMADAN DELI GROCERY INC,SAMADAN DELI GROCERY,1760,WESTCHESTER AVE,BRONX,NY,10472,"{'type': 'Point', 'coordinates': [-73.86796, 40.83141]}",307,,,,-73.86796,40.83141
BRONX,717127,Store,ACK,ICE SCULPTURES OF NY INC,ICE SCULPTURES OF NY,2328,BATHGATE AVE,BRONX,NY,10458,"{'type': 'Point', 'coordinates': [-73.89108, 40.85538]}",307,1500,,,-73.89108,40.85538
BRONX,716959,Store,AC,H & F GOURMET DELI CORP,H & F GOURMET DELI,1890,RANDALL AVE ####,BRONX,NY,10473,"{'type': 'Point', 'coordinates': [-73.85865, 40.81758]}",307,1000,,,-73.85865,40.81758
BRONX,716943,Store,AC,SUSHI BENTO NY INC,SUSHI BENTO NY,540,W 235TH ST,BRONX,NY,10463,"{'type': 'Point', 'coordinates': [-73.90919, 40.88551]}",307,100,,,-73.90919,40.88551
BRONX,716899,Store,AC,2918 GAS CORP,2918 GAS CORP,2918,BOSTON RD,BRONX,NY,10469,"{'type': 'Point', 'coordinates': [-73.85904, 40.86799]}",307,,,,-73.85904,40.86799
BRONX,716865,Store,AC,CROES GROCERY DELI CORP,CROES GROCERY DELI,1701,E 174TH ST,BRONX,NY,10472,"{'type': 'Point', 'coordinates': [-73.87168, 40.83454]}",307,900,,,-73.87168,40.83454
BRONX,716722,Store,ABCK,ALL NATURAL PRODUCTS INC,DAVIDOVICH BAKERY,727,DRAKE ST,BRONX,NY,10474,"{'type': 'Point', 'coordinates': [-73.88303, 40.81598]}",307,10000,,,-73.88303,40.81598
BRONX,716721,Store,AC,749 HAPPY DELI GROCERY CORP,749 HAPPY DELI GROCERY,749,E 187TH ST,BRONX,NY,10458,"{'type': 'Point', 'coordinates': [-73.88287, 40.85369]}",307,750,,,-73.88287,40.85369
BRONX,716328,Store,AC,161 SHADDAD INC,161 SHADDAD,575,E 161 ST,BRONX,NY,10456,"{'type': 'Point', 'coordinates': [-73.90923, 40.82238]}",307,1800,,,-73.90923,40.82238
BRONX,716293,Store,AC,251 GROCERY & DELI CORP,251 GROCERY & DELI,251,W KINGSBRIDGE RD,BRONX,NY,10463,"{'type': 'Point', 'coordinates': [-73.90488, 40.87273]}",307,2000,,,-73.90488,40.87273
BRONX,716246,Store,AC,MB HALAL MARKET CORP,MB HALAL MARKET,440,E 161ST ST #2,BRONX,NY,10451,"{'type': 'Point', 'coordinates': [-73.91234, 40.82374]}",307,1200,,,-73.91234,40.82374
BRONX,716190,Store,AC,2400 C&F FOOD CORP,PIONEER,2400,RYER AVE,BRONX,NY,10458,"{'type': 'Point', 'coordinates': [-73.89782, 40.85994]}",307,9000,,,-73.89782,40.85994
BRONX,716176,Store,AC,MR GRILL DELI GROCERY CORP,MR GRILL DELI GROCERY,1431,PROSPECT AVE ####,BRONX,NY,10456,"{'type': 'Point', 'coordinates': [-73.8965, 40.83372]}",307,1300,,,-73.8965,40.83372
BRONX,716130,Store,AC,HURRIKANE ENTERPRISES UNLIMITED LLC,VALENCIA BAKERY,499,E 138TH ST,BRONX,NY,10454,"{'type': 'Point', 'coordinates': [-73.91962, 40.80773]}",307,900,,,-73.91962,40.80773
BRONX,716117,Store,AC,SHAKESPEARE DELI & GROCERY INC,SHAKESPEARE DELI & GROCERY,1174,SHAKESPEARE AVE ##,BRONX,NY,10452,"{'type': 'Point', 'coordinates': [-73.92343, 40.836]}",307,1500,,,-73.92343,40.836
BRONX,716075,Store,AC,123 MEAT FRUIT & VEGETABLE CORP,ANTILLANA MEAT MARKET,123,W KINGSBRIDGE RD,BRONX,NY,10468,"{'type': 'Point', 'coordinates': [-73.90256, 40.86879]}",307,1300,,,-73.90256,40.86879
BRONX,716068,Store,AC,MAN BRONXWOOD DELI CORP,MAN BRONXWOOD DELI,871,E 220TH ST,BRONX,NY,10467,"{'type': 'Point', 'coordinates': [-73.85695, 40.88255]}",307,1000,,,-73.85695,40.88255
BRONX,715834,Store,AC,GUERRERO BARAQUIEL,BG FRUIT MARKET,857,PROSPECT AVE,BRONX,NY,10459,"{'type': 'Point', 'coordinates': [-73.9014, 40.82021]}",307,1500,,,-73.9014,40.82021
BRONX,715818,Store,AC,KARINA ENTERPRISES INC,AFRICAN MARKET,2075,GRAND CONCOURSE #2,BRONX,NY,10453,"{'type': 'Point', 'coordinates': [-73.90299, 40.85346]}",307,1000,,,-73.90299,40.85346
BRONX,715815,Store,AC,NEW WORLD DELI GROCERY CORP,NEW WORLD DELI GROCERY,4150,WHITE PLAINS RD,BRONX,NY,10466,"{'type': 'Point', 'coordinates': [-73.85809, 40.89214]}",307,900,,,-73.85809,40.89214
BRONX,715814,Store,AC,WEBSTER AVE GOURMET DELI CORP,WEBSTER AVE GOURMET DELI,375,E 188TH STREET,BRONX,NY,10458,"{'type': 'Point', 'coordinates': [-73.89342, 40.85998]}",307,800,,,-73.89342,40.85998
BRONX,715737,Store,AC,AFTAB GROCERY & HALAL MEAT INC,AFTAB FOOD MARKET,1209,WHITE PLAINS RD ###,BRONX,NY,10472,"{'type': 'Point', 'coordinates': [-73.86177, 40.83084]}",307,1600,,,-73.86177,40.83084
BRONX,715688,Store,AC,AMBER DELI GROCERY CORP,AMBER DELI GROCERY,565,PROSPECT AVE ####,BRONX,NY,10455,"{'type': 'Point', 'coordinates': [-73.90435, 40.81262]}",307,1000,,,-73.90435,40.81262
BRONX,715683,Store,AC,YOUR CHOICE DELI GROCERY CORP,YOUR CHOICE DELI GROCERY,2363,VALENTINE AVE,BRONX,NY,10458,"{'type': 'Point', 'coordinates': [-73.8974, 40.85866]}",307,800,,,-73.8974,40.85866
BRONX,715672,Store,AC,FRUIT MARKET OF KINGS LLC,FRUIT MARKET OF KINGS,31-26,PERRY AVE,BRONX,NY,10467,,,,,,,
BRONX,715619,Store,AC,2891 FOOD CORP,SEDGWICK MARKET PLACE,2891,SEDGWICK AVE,BRONX,NY,10468,"{'type': 'Point', 'coordinates': [-73.90132, 40.87485]}",307,5200,,,-73.90132,40.87485
BRONX,715599,Store,AC,SAL 845 INC,CONCOURSE GOURMET,845,CONCOURSE VILLAGE WEST,BRONX,NY,10451,"{'type': 'Point', 'coordinates': [-73.92186, 40.82553]}",307,1600,,,-73.92186,40.82553
BRONX,715546,Store,AC,SP BRONX INC,SP BRONX,104,E BURNSIDE AVE,BRONX,NY,10453,"{'type': 'Point', 'coordinates': [-73.90548, 40.8531]}",307,1800,,,-73.90548,40.8531
BRONX,715513,Store,AC,EXPRESS CONVENIENCE STATIONARY CORP,EXPRESS CONVENIENCE STATIONARY,3500,WHITE PLAINS RD,BRONX,NY,10467,"{'type': 'Point', 'coordinates': [-73.86605, 40.87758]}",307,700,,,-73.86605,40.87758
BRONX,715309,Store,A,FAMILY DOLLAR STORES OF NEW YORK LLC,FAMILY DOLLAR STORE #31386,3150,WEBSTER AVE,BRONX,NY,10467,"{'type': 'Point', 'coordinates': [-73.87559, 40.87231]}",307,5000,,,-73.87559,40.87231
BRONX,715252,Store,AC,FMM DIGITAL ENTERPRISES CORP,FULTON FISH MARKET,800,FOOD CENTER DRIVE UNIT 3-4,BRONX,NY,10474,"{'type': 'Point', 'coordinates': [-73.87625, 40.80434]}",307,3000,,,-73.87625,40.80434
BRONX,715206,Store,AC,POSHORA MARKET CORP,POSHORA MARKET,2142 & 2144,STARLING AVE,BRONX,NY,10462,"{'type': 'Point', 'coordinates': [-73.85371, 40.83621]}",307,4000,,,-73.85371,40.83621
BRONX,715201,Store,AC,735 SUPERMARKET CORP,735 SUPERMARKET,735,E 166TH ST,BRONX,NY,10456,"{'type': 'Point', 'coordinates': [-73.90295, 40.82657]}",307,,,,-73.90295,40.82657
BRONX,715101,Store,A,FOS MINI MARKET INC,FOS MINI MARKET,920,EAST 173RD ST,BRONX,NY,10460,"{'type': 'Point', 'coordinates': [-73.88841, 40.83559]}",307,1200,,,-73.88841,40.83559
BRONX,715100,Store,AC,CITYS BEST DELI GROCERY CORP,CITY BEST DELI GROCERY,1660,SOUTERN BLVD,BRONX,NY,10460,"{'type': 'Point', 'coordinates': [-73.88836, 40.83588]}",307,1200,,,-73.88836,40.83588
BRONX,715006,Store,AC,LA FAMILIA DELI MARKET CORP,LA FAMILIA DELI MARKET,281,EAST 170TH ST,BRONX,NY,10456,"{'type': 'Point', 'coordinates': [-73.91048, 40.83853]}",307,1800,,,-73.91048,40.83853
BRONX,714944,Store,A,HAMIR FOOD&DISCOUNT INC,EXCELLENT,1673-1679,MACOMBS RD,BRONX,NY,10453,"{'type': 'Point', 'coordinates': [-73.91617, 40.8484]}",307,3000,,,-73.91617,40.8484
BRONX,714888,Store,AC,FRESH FISH MARKET INC,FRESH FISH MARKET,217,E TREMONT AVE,BRONX,NY,10457,"{'type': 'Point', 'coordinates': [-73.90504, 40.84914]}",307,,,,-73.90504,40.84914
BRONX,714883,Store,A,QUALITY 99 CENTS STORE INC,QUALITY 99 CENTS STORE,286,E 204TH ST,BRONX,NY,10467,"{'type': 'Point', 'coordinates': [-73.87898, 40.87341]}",307,4000,,,-73.87898,40.87341
BRONX,714762,Store,A,GREEN OLIVES FAST MART INC,GREEN OLIVES FAST MART,716B,MORRIS PARK AVE ####,BRONX,NY,10462,"{'type': 'Point', 'coordinates': [-73.86537, 40.84538]}",307,1200,,,-73.86537,40.84538
BRONX,714597,Store,AC,SHIRLEYN MINI MARKET CORP,SHIRLEYN MINI MARKET,808,EAST 149TH ST,BRONX,NY,10455,"{'type': 'Point', 'coordinates': [-73.90614, 40.81263]}",307,1000,,,-73.90614,40.81263
BRONX,714528,Store,AC,1890 DELI GROCERY CORP,1890 DELI GROCERY,1890,ARCHER ST.,BRONX,NY,10462,"{'type': 'Point', 'coordinates': [-73.86312, 40.83791]}",307,1000,,,-73.86312,40.83791
BRONX,714507,Store,ABC,BARAKA AFRICAN MARKET CORP,BARAKA AFRICAN MKT STORE,1345,WEBSTER AVE,BRONX,NY,10456,"{'type': 'Point', 'coordinates': [-73.90805, 40.83508]}",307,1800,,,-73.90805,40.83508
BRONX,714430,Store,A,2489 GROCERY INC,DOLLAR DEAL,2489,WEBSTER AVE,BRONX,NY,10458,"{'type': 'Point', 'coordinates': [-73.89215, 40.86094]}",307,,,,-73.89215,40.86094
BRONX,714268,Store,AC,ANDREAS DELI GROCERY CORP,ANDREAS DELI GROCERY,1182,WEST FARM RD,BRONX,NY,10459,"{'type': 'Point', 'coordinates': [-73.88844, 40.82856]}",307,1200,,,-73.88844,40.82856
BRONX,714255,Store,A,ALI BABA DELI GROCERY CORP,ALI BABA DELI GROCERY,3565,BOSTON RD,BRONX,NY,10469,"{'type': 'Point', 'coordinates': [-73.84415, 40.87837]}",307,60,,,-73.84415,40.87837
BRONX,714239,Store,AC,KAHO INTERNATIONAL MARKET CORP,HALAL MEAT MARKET & GROCERY,741,JENNINGS ST,BRONX,NY,10459,"{'type': 'Point', 'coordinates': [-73.89856, 40.83177]}",307,1200,,,-73.89856,40.83177
BRONX,714220,Store,A,KONATEH MUSTAPHA,M & K 99 CENTS PLUS,776,MELROSE AVE,BRONX,NY,10451,"{'type': 'Point', 'coordinates': [-73.91491, 40.82219]}",307,1800,,,-73.91491,40.82219
BRONX,714189,Store,AC,3226 EXPRESS DELI CORP,3226 EXPRESS DELI,3226,BAINBRIDGE AVE,BRONX,NY,10467,"{'type': 'Point', 'coordinates': [-73.87966, 40.87648]}",307,1000,,,-73.87966,40.87648
BRONX,714185,Store,AC,AV FOOD CORP,C TOWN SUPERMARKET,630,E 169TH ST,BRONX,NY,10456,"{'type': 'Point', 'coordinates': [-73.90103, 40.83137]}",307,5000,,,-73.90103,40.83137
BRONX,714154,Store,AC,KAHO INTERNATIONAL MARKET CORP,AFRICAN AMERICAN & CARIBBEAN MARKET,285,EAST 170TH ST ###,BRONX,NY,10456,"{'type': 'Point', 'coordinates': [-73.91099, 40.83768]}",307,1200,,,-73.91099,40.83768
BRONX,714053,Store,AC,LOS HIJOS DE CHORRO DELI GROCERY II CORP,LOS HIJOS DE CHORRO DELI GROCERY,1278,GRAND CONCOURSE,BRONX,NY,10456,"{'type': 'Point', 'coordinates': [-73.91586, 40.83617]}",307,2000,,,-73.91586,40.83617
BRONX,713970,Store,A,WINS DEAL INC,DOLLAR JUNCTION,2087,JEROME AVE,BRONX,NY,10453,"{'type': 'Point', 'coordinates': [-73.90657, 40.85474]}",307,3000,,,-73.90657,40.85474
BRONX,713952,Store,A,DISCOUNT CRAZE INC,DISCOUNT CRAZE,940,MORRIS AVE,BRONX,NY,10456,"{'type': 'Point', 'coordinates': [-73.91735, 40.82758]}",307,2200,,,-73.91735,40.82758
BRONX,713802,Store,AC,MORRIS AVE DELI & GROCERY CORP,MORRIS AVE DELI & GROCERY,928,MORRIS AVE ####,BRONX,NY,10451,"{'type': 'Point', 'coordinates': [-73.91759, 40.82715]}",307,1200,,,-73.91759,40.82715
BRONX,713777,Store,AC,NEW BRONX HALAL MEAT MARKET INC,NEW BRONX HALAL MEAT MARKET,3387,THIRD AVE,BRONX,NY,10456,"{'type': 'Point', 'coordinates': [-73.9072, 40.82792]}",307,1800,,,-73.9072,40.82792
BRONX,713771,Store,AC,TENARES GOURMET DELI GROCERY CORP,TENARES GOURMET DELI GROCERY,642,E 233RD ST,BRONX,NY,10466,"{'type': 'Point', 'coordinates': [-73.8593, 40.89402]}",307,,STORE 2&4,,-73.8593,40.89402
BRONX,713735,Store,AC,LA MINA MINI MARKET CORP,LA MINA MINI MARKET,1000,HOE AVE,BRONX,NY,10459,"{'type': 'Point', 'coordinates': [-73.89044, 40.82335]}",307,1500,,,-73.89044,40.82335
BRONX,713714,Store,AC,R&M 1 DELI GROCERY CORP,R&M 1 DELI GROCERY,2425,GRAND AVE,BRONX,NY,10468,"{'type': 'Point', 'coordinates': [-73.90356, 40.86239]}",307,1000,,,-73.90356,40.86239
BRONX,713695,Store,A,ALDI INC,ALDI 5,5532,BROADWAY,BRONX,NY,10463,"{'type': 'Point', 'coordinates': [-73.90563, 40.8778]}",307,,,,-73.90563,40.8778
BRONX,713630,Store,A,DOLLAR TREE STORES INC,DOLLAR TREE #5069,250,E 144TH ST,BRONX,NY,10451,"{'type': 'Point', 'coordinates': [-73.92488, 40.81567]}",307,10000,,,-73.92488,40.81567
BRONX,713515,Store,AC,BUHRE MINI MART & DELI CORP,BUHRE MINI MART & DELI,3058,BUHRE AVE,BRONX,NY,10461,"{'type': 'Point', 'coordinates': [-73.83063, 40.84762]}",307,2000,,,-73.83063,40.84762
BRONX,713480,Store,AC,RAY DELI FOOD CORP,RAY DELI FOOD,4048,WHITE PLAINS RD,BRONX,NY,10466,"{'type': 'Point', 'coordinates': [-73.85935, 40.88985]}",307,,,,-73.85935,40.88985
BRONX,713368,Store,AC,CHICKEN DELI GROCERY CORP THE,CHICKEN DELI GROCERY THE,555,EAST 180TH ST ####,BRONX,NY,10457,"{'type': 'Point', 'coordinates': [-73.8933, 40.85034]}",307,,,,-73.8933,40.85034
BRONX,713333,Store,AC,BJS WHOLESALE CLUB INC,BJS WHOLESALE CLUB #363,184,237TH ST ###,BRONX,NY,10463,"{'type': 'Point', 'coordinates': [-73.90027, 40.8841]}",307,,,,-73.90027,40.8841
BRONX,713324,Store,AC,E AND K AFRICAN MARKET INC,E AND K AFRICAN MARKET,56,E TREMONT AVE,BRONX,NY,10453,"{'type': 'Point', 'coordinates': [-73.9082, 40.85122]}",307,750,,,-73.9082,40.85122
BRONX,713298,Store,A,UNIVERSAL CANDY & GROCERY CORP,UNIVERSAL CANDY & GROCERY,1521,WESTCHESTER AVE,BRONX,NY,10472,"{'type': 'Point', 'coordinates': [-73.87892, 40.82861]}",307,1000,,,-73.87892,40.82861
BRONX,713293,Store,AC,CHANNELS DELI GROCERY INC,CHANNELS DELI GROCERY,910,PROSPECT AVE,BRONX,NY,10459,"{'type': 'Point', 'coordinates': [-73.90091, 40.82136]}",307,900,,,-73.90091,40.82136
BRONX,713250,Store,AC,TONIALEE & ASSOCIATES,BOSTON ROAD GROCERY & DELI,3399,BOSTON RD,BRONX,NY,10469,"{'type': 'Point', 'coordinates': [-73.85078, 40.87542]}",307,,,,-73.85078,40.87542
BRONX,713227,Store,AC,HOLLAND GOURMET DELI CORP,HOLLAND GOURMET DELI,2460,HOLLAND AVE,BRONX,NY,10467,"{'type': 'Point', 'coordinates': [-73.86549, 40.86291]}",307,1100,,,-73.86549,40.86291
BRONX,713202,Store,AC,CYRIL POLETTE,CARIBBEAN VARIETY STORE AND FISH MARKET,1483,WESTCHESTER AVE,BRONX,NY,10472,"{'type': 'Point', 'coordinates': [-73.88077, 40.82846]}",307,1500,,,-73.88077,40.82846
BRONX,712962,Store,AC,TARGET CORPORATION,TARGET STORE T-2811,815,E HUTCHINSON RIVER PKWY ###,BRONX,NY,10465,"{'type': 'Point', 'coordinates': [-73.83703, 40.82301]}",307,37000,,,-73.83703,40.82301
BRONX,712851,Store,AC,217 BAITOA DELI GROCERY CORP,217 BAITOA DELI GROCERY,217,ST ANNS AVE,BRONX,NY,10454,"{'type': 'Point', 'coordinates': [-73.91776, 40.8064]}",307,950,,,-73.91776,40.8064
BRONX,712807,Store,AC,LUNA DELI MINI MARKET CORP,LUNA DELI MINI MARKET,2820,BAILEY AVE,BRONX,NY,10463,"{'type': 'Point', 'coordinates': [-73.90527, 40.87376]}",307,1100,,,-73.90527,40.87376
BRONX,712748,Store,A,EAST AVE EXPRESS CORP,EAST AVE EXPRESS,1444,EAST AVE,BRONX,NY,10462,"{'type': 'Point', 'coordinates': [-73.86037, 40.83621]}",307,500,,,-73.86037,40.83621
BRONX,712691,Store,AC,ALEX FOOD II CORP,ALEX FOOD II,1615,UNIVERSITY AVE ####,BRONX,NY,10453,"{'type': 'Point', 'coordinates': [-73.91963, 40.84758]}",307,2400,,,-73.91963,40.84758
BRONX,712689,Store,AC,FAMILY PRIDE BUTCHER SHOP CORP,FAMILY PRIDE BUTCHER SHOP,765,ALLERTON AVE,BRONX,NY,10467,"{'type': 'Point', 'coordinates': [-73.86471, 40.86549]}",307,1500,,,-73.86471,40.86549
BRONX,712626,Store,AC,EL FLACO GROCERY STORE INC,EL FLACO GROCERY STORE,2019,SOUTHERN BLVD,BRONX,NY,10460,"{'type': 'Point', 'coordinates': [-73.88533, 40.84438]}",307,15000,,,-73.88533,40.84438
BRONX,712509,Store,AC,347 CHABELY DELI GROCERY CORP,347 CHABELY DELI GROCERY,347,E 173RD ST,BRONX,NY,10457,"{'type': 'Point', 'coordinates': [-73.90518, 40.84343]}",307,,,,-73.90518,40.84343
BRONX,712505,Store,AC,PAL DELI AND GROCERY INC,PAL DELI AND GROCERY,3438,E TREMONT AVE,BRONX,NY,10465,"{'type': 'Point', 'coordinates': [-73.82794, 40.83244]}",307,1000,,,-73.82794,40.83244
BRONX,712495,Store,AC,188 PARK DELI GROCERY CORP,188 PARK DELI GROCERY,2457,UNIVERSITY AVE,BRONX,NY,10468,"{'type': 'Point', 'coordinates': [-73.90391, 40.86437]}",307,1750,,,-73.90391,40.86437
BRONX,712427,Store,AC,GUN HILL ROAD DELI & GROCERY INC,GUN HILL ROAD DELI & GROCERY,362,E GUN HILL RD,BRONX,NY,10467,"{'type': 'Point', 'coordinates': [-73.87239, 40.87872]}",307,1200,,,-73.87239,40.87872
BRONX,712326,Store,AC,A 2 Z DELI INC,A 2 Z DELI,3972,WHITE PLAINS RD,BRONX,NY,10467,"{'type': 'Point', 'coordinates': [-73.86053, 40.88772]}",307,,,,-73.86053,40.88772
BRONX,712289,Store,AC,MD 210 FOOD CORP,BRAVO SUPERMARKET,210,E 170TH ST,BRONX,NY,10456,"{'type': 'Point', 'coordinates': [-73.91305, 40.83835]}",307,15000,,,-73.91305,40.83835
BRONX,712256,Store,AC,DYRE FISH MARKET CORP,DYRE FISH MARKET,3901,DYRE AVE,BRONX,NY,10466,"{'type': 'Point', 'coordinates': [-73.83127, 40.88936]}",307,2125,,,-73.83127,40.88936
BRONX,712179,Store,A,SAVE ALOT INC,MAX SAVINGS,1967,CROTONA AVE. ###,BRONX,NY,10457,"{'type': 'Point', 'coordinates': [-73.89078, 40.84582]}",307,2500,,,-73.89078,40.84582
BRONX,712132,Store,AC,2152 RAYS CORNER DELI & GROCERY,2152 RAYS CORNER DELI & GROCERY,2152,CROTONA PARKWAY,BRONX,NY,10460,"{'type': 'Point', 'coordinates': [-73.88289, 40.84756]}",307,1200,,,-73.88289,40.84756
BRONX,712097,Store,AC,1460 GOURMET DELI INC,1460 GOURMET DELI,1460,SOUTHERN BLVD,BRONX,NY,10460,"{'type': 'Point', 'coordinates': [-73.89067, 40.83253]}",307,1200,,,-73.89067,40.83253
BRONX,712019,Store,AC,SEAFOOD HOUSE INC,SEAFOOD HOUSE,12,W MOUNT EDEN AVE ###,BRONX,NY,10452,"{'type': 'Point', 'coordinates': [-73.91528, 40.84457]}",307,2400,,,-73.91528,40.84457
BRONX,711941,Store,AC,VEGETABLE FRUIT & FISH MARKET INC,VEGETABLE FRUIT & FISH MARKET,1264,WESTCHESTER AVE,BRONX,NY,10459,"{'type': 'Point', 'coordinates': [-73.8875, 40.82697]}",307,1000,,,-73.8875,40.82697
BRONX,711905,Store,AC,ESPINAL MEAT MARKET CORP,ESPINAL MEAT MARKET,1039,OGDEN AVE,BRONX,NY,10452,"{'type': 'Point', 'coordinates': [-73.92877, 40.83402]}",307,1500,,,-73.92877,40.83402
BRONX,711868,Store,AC,2350 DELI GROCERY CORP,2350 DELI GROCERY,2350,TIEBOUT AVE,BRONX,NY,10458,"{'type': 'Point', 'coordinates': [-73.89646, 40.85812]}",307,1000,,,-73.89646,40.85812
BRONX,711841,Store,A,99 CENTS BEST INC,99 CENTS BEST,2268,WEBSTER AVE,BRONX,NY,10457,"{'type': 'Point', 'coordinates': [-73.89581, 40.8559]}",307,1300,,,-73.89581,40.8559
BRONX,711733,Store,AC,BRONX MEAT & DELI CORP,BRONX MEAT & DELI,100,E 183RD ST,BRONX,NY,10453,"{'type': 'Point', 'coordinates': [-73.90166, 40.858]}",307,1800,,,-73.90166,40.858
BRONX,711719,Store,AC,AF RIVERDALE MEAT MARKET CORP,AF RIVERDALE MEAT MARKET,5587,BROADWAY,BRONX,NY,10463,"{'type': 'Point', 'coordinates': [-73.90467, 40.87918]}",307,1600,,,-73.90467,40.87918
BRONX,711714,Store,AC,DELI GROCERY MONTEFU CORP,DELI GROCERY MONTEFU,215,EAST GUNHILL RD,BRONX,NY,10467,"{'type': 'Point', 'coordinates': [-73.87709, 40.8804]}",307,100,,,-73.87709,40.8804
BRONX,711606,Store,AC,KINGSBRIDGE SMOKE SHOP & CANDY INC,KINGSBRIDGE SMOKE SHOP,5625,BROADWAY  ST #5,BRONX,NY,10463,"{'type': 'Point', 'coordinates': [-73.90403, 40.88007]}",307,1300,,,-73.90403,40.88007
BRONX,711580,Store,AC,SOUTHERN SEAFOOD MARKET INC,SOUTHERN FISH MARKET,1037E,163ST,BRONX,NY,10459,"{'type': 'Point', 'coordinates': [-73.89141, 40.82099]}",307,2000,,,-73.89141,40.82099
BRONX,711554,Store,AC,251 SUNSHINE DELI GROCERY CORP,251 SUNSHINE DELI GROCERY,251,W 231ST ST,BRONX,NY,10463,"{'type': 'Point', 'coordinates': [-73.90675, 40.87991]}",307,1800,,,-73.90675,40.87991
BRONX,711475,Store,AC,STOP ONE GROCERY & DELI INC,STOP ONE GROCERY & DELI,1101,ALLERTON AVE,BRONX,NY,10469,"{'type': 'Point', 'coordinates': [-73.85556, 40.86543]}",307,1200,,,-73.85556,40.86543
BRONX,711438,Store,AC,MUKTI 1360 PETROLEUM INC,BP FOOD SHOP,1360,BRUCKNER BLVD  ###,BRONX,NY,10459,"{'type': 'Point', 'coordinates': [-73.88547, 40.82248]}",307,1500,,,-73.88547,40.82248
BRONX,711356,Store,ACHD,FOODFEST DEPOT LLC,FOODFEST DEPOT,500,E 132ND ST,BRONX,NY,10454,"{'type': 'Point', 'coordinates': [-73.92084, 40.80316]}",307,80000,,,-73.92084,40.80316
BRONX,711355,Store,A,TREMONT SUPERDISCOUNT INC,TREMONT SUPERDISCOUNT,2738,E TREMONT AVE,BRONX,NY,10461,"{'type': 'Point', 'coordinates': [-73.84457, 40.84221]}",307,5000,,,-73.84457,40.84221
BRONX,711302,Store,AC,TREMONT GOURMET DELI & GROCERY INC,TREMONT GOURMET DELI & GROCERY,851,E TREMONT AVE,BRONX,NY,10460,"{'type': 'Point', 'coordinates': [-73.88671, 40.84324]}",307,1500,,,-73.88671,40.84324
BRONX,710953,Store,AC,"SHAIBI,YASEEN A & SHAIBI, TAHA A",LUCKY CORNER GROCERY,793,LYDIG AVE,BRONX,NY,10462,"{'type': 'Point', 'coordinates': [-73.8641, 40.85442]}",307,800,,,-73.8641,40.85442
BRONX,710930,Store,AC,VIVI DELI FOOD MART CORP,VIVI DELI FOOD DMART,724-728,EAST 187TH STREET,BRONX,NY,10458,"{'type': 'Point', 'coordinates': [-73.88342, 40.85385]}",307,1000,,,-73.88342,40.85385
BRONX,710899,Store,AC,S&H FRUIT AND VEGETABLE INC,S&H FRUIT AND VEGETABLE,731,E TREMONT AVE,BRONX,NY,10457,"{'type': 'Point', 'coordinates': [-73.88996, 40.84482]}",307,700,,,-73.88996,40.84482
BRONX,710858,Store,AC,PASSION INT FOOD DIST INC,PASSION INT FOOD DIST,3411A,BOSTON RD,BRONX,NY,10469,"{'type': 'Point', 'coordinates': [-73.85024, 40.87571]}",307,1200,,,-73.85024,40.87571
BRONX,710805,Store,AC,GUESSOREH AFRICAN MARKET HALAL MEAT INC,GUESSOREH AFRICAN MARKET,3818,WHITE PLAINS RD,BRONX,NY,10467,"{'type': 'Point', 'coordinates': [-73.86254, 40.88408]}",307,1000,,,-73.86254,40.88408
BRONX,710802,Store,A,BRIONNE DISCOUNT CORP,BRIONNE DISCOUNT,1801,ARCHER ST,BRONX,NY,10460,"{'type': 'Point', 'coordinates': [-73.86713, 40.83751]}",307,1800,,,-73.86713,40.83751
BRONX,710759,Store,AC,ESPERANZA GROCERY CORP,ESPERANZA GROCERY,1665,GRAND CONCOURSE,BRONX,NY,10452,"{'type': 'Point', 'coordinates': [-73.91184, 40.84414]}",307,1000,,,-73.91184,40.84414
BRONX,710743,Store,AC,SANO HALAL FOOD CORP,SANO HALAL FOOD,3982,WHITE PLAINS RD,BRONX,NY,10466,"{'type': 'Point', 'coordinates': [-73.86034, 40.88807]}",307,3250,,,-73.86034,40.88807
BRONX,710732,Store,AC,GG & J FOOD CENTER LLC,GG & J FOOD CENTER,151,WEST 228TH ST,BRONX,NY,10463,"{'type': 'Point', 'coordinates': [-73.90921, 40.87733]}",749,1000,,,-73.90921,40.87733
BRONX,710715,Store,AC,ARROYONDERO DELI GROCERY CORP,ARROYONDERO DELI GROCERY,476,EAST 187TH ST,BRONX,NY,10458,"{'type': 'Point', 'coordinates': [-73.8915, 40.8577]}",307,,,,-73.8915,40.8577
BRONX,710706,Store,AC,FIRST STOP DELI GROCERY INC,FIRST STOP DELI THE,3925,WHITE PLAINS RD,BRONX,NY,10466,"{'type': 'Point', 'coordinates': [-73.86121, 40.88649]}",307,,,,-73.86121,40.88649
BRONX,710644,Store,A,WESTCHESTER GROCERY & CANDY CORP,WESTCHESTER GROCERY & CANDY,1849,WESTCHESTER AVE #####,BRONX,NY,10472,,,500,,,,
BRONX,710608,Store,AC,KJY FRUIT MARKET INC,KJY FRUIT MARKET,137,DREISER LOOP,BRONX,NY,10475,"{'type': 'Point', 'coordinates': [-73.8292, 40.8759]}",307,1200,,,-73.8292,40.8759
BRONX,710423,Store,AC,965 A & A DELI GROCERY CORP,965 A & A DELI GROCERY,965,MORRIS PARK AVE. ###,BRONX,NY,10462,"{'type': 'Point', 'coordinates': [-73.8573, 40.84763]}",307,800,,,-73.8573,40.84763
BRONX,710422,Store,AC,KATONAH FOOD MARKET CORP,C-TOWN SUPERMARKET,4265,KATONAH AVE,BRONX,NY,10470,"{'type': 'Point', 'coordinates': [-73.86715, 40.89739]}",307,4000,,,-73.86715,40.89739
BRONX,710413,Store,AC,DIGNA DELI GROCERY CORP,PIMENTEL DELI GROCERY,3142,HEATH AVE,BRONX,NY,10463,"{'type': 'Point', 'coordinates': [-73.89958, 40.87874]}",307,,,,-73.89958,40.87874
BRONX,710402,Store,AC,A M E DELI GROCERY CORP,A M E DELI GROCERY,275,EAST KINGSBRIDGE RD ###,BRONX,NY,10458,"{'type': 'Point', 'coordinates': [-73.89426, 40.86354]}",307,700,,,-73.89426,40.86354
BRONX,710374,Store,AC,I & C MEAT MARKET INC,I & C MEAT MARKET,541,EAST 183RD ST. ###,BRONX,NY,10458,"{'type': 'Point', 'coordinates': [-73.89147, 40.85442]}",307,1000,,,-73.89147,40.85442
BRONX,710145,Store,AC,TREMONT CORNER STORE CORP,TREMONT CORNER STORE,3742,EAST TREMONT AVE,BRONX,NY,10465,"{'type': 'Point', 'coordinates': [-73.82231, 40.82616]}",307,1000,,,-73.82231,40.82616
BRONX,710098,Store,AC,EMERALD FOOD LLC,EMERALD FOOD,2711,BRIGGS AVE,BRONX,NY,10458,"{'type': 'Point', 'coordinates': [-73.89136, 40.86673]}",307,2000,,,-73.89136,40.86673
BRONX,710091,Store,ACE,BRONX BREWERY LLC THE,BRONX BREWERY,856,E 136TH ST,BRONX,NY,10454,"{'type': 'Point', 'coordinates': [-73.91044, 40.80207]}",307,8500,,,-73.91044,40.80207
BRONX,709985,Store,AC,MUKTI E 163RD PETROLEUM INC,MUKTI E 163RD PETROLEUM,481,E 163RD ST ###,BRONX,NY,10451,"{'type': 'Point', 'coordinates': [-73.91007, 40.82489]}",307,3000,,,-73.91007,40.82489
BRONX,709830,Store,ACH,KANESHIE KENKEY HUT INC,KENKEY HUT,2427-11,WEBSTER AVE. ###,BRONX,NY,10458,"{'type': 'Point', 'coordinates': [-73.89338, 40.85963]}",307,500,,,-73.89338,40.85963
BRONX,709708,Store,AC,YUMMY HAPPY GOURMET DELI INC,YUMMY HAPPY GOURMET DELI,201,EAST 163RD ST,BRONX,NY,10451,"{'type': 'Point', 'coordinates': [-73.92005, 40.82805]}",307,1500,,,-73.92005,40.82805
BRONX,709501,Store,A,ALDI INC,ALDI 8,3006,THIRD AVE ###,BRONX,NY,10455,"{'type': 'Point', 'coordinates': [-73.91351, 40.81955]}",307,,,,-73.91351,40.81955
BRONX,709429,Store,AC,WORLD GROCERY INC,ZAM ZAM HALAL GROCERY,229,E KINGSBRIDGE RD,BRONX,NY,10458,"{'type': 'Point', 'coordinates': [-73.89364, 40.8653]}",307,1500,,,-73.89364,40.8653
BRONX,709356,Store,AC,NONNAS KITCHEN & DELI INC,NONNAS KITCHEN & DELI,3148,AMPERE AVE,BRONX,NY,10465,"{'type': 'Point', 'coordinates': [-73.82349, 40.84634]}",307,1200,,,-73.82349,40.84634
BRONX,709303,Store,AC,C & T DELI GROCERY STORE INC,C & T DELI GROCERY STORE,2275,WASHINGTON AVE ##,BRONX,NY,10457,"{'type': 'Point', 'coordinates': [-73.89333, 40.85502]}",307,,,,-73.89333,40.85502
BRONX,709250,Store,AC,FRANCO PARTNERS INC,FOOD CHOICE MARKET,2244,WHITE PLAINS RD,BRONX,NY,10467,"{'type': 'Point', 'coordinates': [-73.86755, 40.85867]}",307,18000,,,-73.86755,40.85867
BRONX,709135,Store,AC,DEFENDERS GOURMET DELI INC,DEFENDERS GOURMET DELI,386,EAST 161ST ST,BRONX,NY,10451,"{'type': 'Point', 'coordinates': [-73.91438, 40.82436]}",307,1200,,,-73.91438,40.82436
BRONX,709086,Store,A,K&M DISCOUNT CENTER LLC,K&M DISCOUNT CENTER,2740,3RD AVE,BRONX,NY,10455,"{'type': 'Point', 'coordinates': [-73.92101, 40.81429]}",307,2300,,,-73.92101,40.81429
BRONX,709038,Store,A,DOLLAR TREE STORES INC,DOLLAR TREE #4747,1364,JEROME AVE,BRONX,NY,10452,"{'type': 'Point', 'coordinates': [-73.91827, 40.83952]}",307,10000,,,-73.91827,40.83952
BRONX,709024,Store,AC,LACONIA DISCOUNT & GRILL INC,LACONIA DISCOUNT & GRILL,4043,LACONIA AVE ####,BRONX,NY,10466,"{'type': 'Point', 'coordinates': [-73.84802, 40.88612]}",307,,,,-73.84802,40.88612
BRONX,709020,Store,A,DOLLAR TREE STORES INC,DOLLAR TREE #5348,1750,E GUN HILL RD,BRONX,NY,10469,"{'type': 'Point', 'coordinates': [-73.83524, 40.8635]}",307,,,,-73.83524,40.8635
BRONX,708951,Store,AC,F&Y DELI GROCERY CORP,F&Y DELI GROCERY,1213,PUGSLEY AVE,BRONX,NY,10472,"{'type': 'Point', 'coordinates': [-73.8573, 40.83173]}",307,1300,,,-73.8573,40.83173
BRONX,708901,Store,A,DOLLAR TREE STORES INC,DOLLAR TREE #5345,612,WESTCHESTER AVE,BRONX,NY,10455,"{'type': 'Point', 'coordinates': [-73.9105, 40.81596]}",307,5200,,,-73.9105,40.81596
BRONX,708895,Store,AC,ANTILLANA & METRO SUPERMARKET CORP,ANTILLANA & METRO SUPERMARKET,1339,JEROME AVE,BRONX,NY,10452,"{'type': 'Point', 'coordinates': [-73.91869, 40.83897]}",307,8500,,,-73.91869,40.83897
BRONX,708878,Store,AC,ALEX MINI MARKET CORP,ALEX MINI MARKET,2865,WHITE PLAINS RD,BRONX,NY,10467,"{'type': 'Point', 'coordinates': [-73.86724, 40.86776]}",307,1100,,,-73.86724,40.86776
BRONX,708782,Store,AC,CCAM DELI GROCERY CORP,CCAM DELI GROCERY,798,E 170TH ST,BRONX,NY,10459,"{'type': 'Point', 'coordinates': [-73.89614, 40.83309]}",307,1000,,,-73.89614,40.83309
BRONX,708761,Store,AC,AZUR INTERNATIONAL DISTRIBUTION INC,BLESSINGS INTERNATIONAL FOODS,938,MORRIS AVE,BRONX,NY,10456,"{'type': 'Point', 'coordinates': [-73.9174, 40.82749]}",307,,,,-73.9174,40.82749
BRONX,708709,Store,AC,181ST CANDY & DELI CORP,181ST CANDY & DELI,110,E 181ST STREET,BRONX,NY,10453,"{'type': 'Point', 'coordinates': [-73.90335, 40.85484]}",307,800,,,-73.90335,40.85484
BRONX,708686,Store,AC,J & Z FOOD MART AND SUPERMARKET INC,AL-AQSA SUPERMARKET,2109,STARLING AVE,BRONX,NY,10462,"{'type': 'Point', 'coordinates': [-73.85473, 40.83609]}",307,8000,,,-73.85473,40.83609
BRONX,708591,Store,AC,BRAVE DELI GROCERY INC,BRAVE DELI GROCERY,712,BURKE AVE ####,BRONX,NY,10467,"{'type': 'Point', 'coordinates': [-73.86658, 40.87143]}",307,1700,,,-73.86658,40.87143
BRONX,708424,Store,AC,MEGA SEAFOOD II CORP,MEGA SEAFOOD II,2500,WEBSTER AVE,BRONX,NY,10458,"{'type': 'Point', 'coordinates': [-73.89206, 40.86102]}",307,800,,,-73.89206,40.86102
BRONX,708149,Store,A,CVS ALBANY LLC,CVS PHARMACY #8969,50-56,E 167TH ST###,BRONX,NY,10452,"{'type': 'Point', 'coordinates': [-73.92043, 40.83547]}",307,9000,,,-73.92043,40.83547
BRONX,708134,Store,AC,BLVD FOOD CORP,BLVD FOOD,1917,SOUTHERN BLVD  ###,BRONX,NY,10460,"{'type': 'Point', 'coordinates': [-73.88583, 40.84185]}",307,1200,,,-73.88583,40.84185
BRONX,708115,Store,AC,LA MEXICANA FRUIT AND GROCERY CORP,LA MEXICANA FRUIT AND GROCERY,1322,JEROME AVE,BRONX,NY,10452,"{'type': 'Point', 'coordinates': [-73.91897, 40.83858]}",307,1500,,,-73.91897,40.83858
BRONX,708028,Store,AC,PARADISE MEAT CORP,PARADISE FOOD MARKET,2476,WILLIAMS BRIDGE RD,BRONX,NY,10469,"{'type': 'Point', 'coordinates': [-73.85775, 40.86264]}",307,6500,,,-73.85775,40.86264
BRONX,708020,Store,AC,FEATHERBED LANE GROCERY CORP,FEATHERBED LANE GROCERY,117A,FEATHERBED LANE###,BRONX,NY,10452,"{'type': 'Point', 'coordinates': [-73.91902, 40.84612]}",307,2000,,,-73.91902,40.84612
BRONX,707988,Store,AC,EL VALLE PRODUCE & DELI INC,EL VALLE PRODUCE & DELI,796,SOUTHERN BLVD,BRONX,NY,10455,"{'type': 'Point', 'coordinates': [-73.89646, 40.81608]}",307,2000,,,-73.89646,40.81608
BRONX,707982,Store,A,571 EXPRESS DELI GROCERY INC,571 EXPRESS DELI GROCERY,571,EAST 139TH ST,BRONX,NY,10454,"{'type': 'Point', 'coordinates': [-73.91688, 40.80745]}",307,1200,,,-73.91688,40.80745
BRONX,707889,Store,AC,FAISAL EXPRESS ONE DELI CORP,FAISAL EXPRESS ONE DELI,3083,MIDDLETOWN RD,BRONX,NY,10461,"{'type': 'Point', 'coordinates': [-73.82727, 40.84485]}",307,700,,,-73.82727,40.84485
BRONX,707700,Store,A,SJS PHARMACY INC,SJS PHARMACY,105,EAST BURNSIDE AVE,BRONX,NY,10453,"{'type': 'Point', 'coordinates': [-73.90536, 40.85305]}",307,4000,,,-73.90536,40.85305
BRONX,707580,Store,AC,BRIDGE DELI & GROCERY INC,BRIDGE DELI & GROCERY,2690,WEBB AVE,BRONX,NY,10468,"{'type': 'Point', 'coordinates': [-73.90227, 40.86892]}",307,600,,,-73.90227,40.86892
BRONX,707564,Store,AC,M&M GOURMET DELI INC,M&M GOURMET DELI,2102,EASTCHESTER AVE,BRONX,NY,10461,"{'type': 'Point', 'coordinates': [-73.84394, 40.8563]}",307,1100,,,-73.84394,40.8563
BRONX,707463,Store,AC,ALSADI MEAT HALAL & GROCERY CORP,ALSADI MEAT HALAL & GROCERY,1883-1887,WHITE PLAINS RD,BRONX,NY,10462,"{'type': 'Point', 'coordinates': [-73.86681, 40.84718]}",307,1000,,,-73.86681,40.84718
BRONX,707416,Store,AC,SEDGWICK DELI & GROCERY CORP,SEDGWICK DELI & GROCERY,2701,SEDGWICK AVENUE,BRONX,NY,10468,"{'type': 'Point', 'coordinates': [-73.9032, 40.86998]}",307,1000,,,-73.9032,40.86998
BRONX,707183,Store,A,WALGREEN EASTERN CO INC,WALGREENS #11267,244,E 161ST ST,BRONX,NY,10451,"{'type': 'Point', 'coordinates': [-73.91912, 40.82581]}",307,11094,,,-73.91912,40.82581
BRONX,707170,Store,A,ALDUS 99 CENT DISCOUNT STORE CORP,ALDUS 99 CENTS DISCOUNT STORE,951,HOE AVE,BRONX,NY,10459,"{'type': 'Point', 'coordinates': [-73.8904, 40.82295]}",307,,,,-73.8904,40.82295
BRONX,707160,Store,AC,LIN SHENG YONG,SYL FISH MARKET,684,E 187TH ST,BRONX,NY,10458,"{'type': 'Point', 'coordinates': [-73.8848, 40.85425]}",307,600,,,-73.8848,40.85425
BRONX,707148,Store,AC,FORDHAM SERVICES CENTER INC,MOBIL MART,730,E FORDHAM RD,BRONX,NY,10458,"{'type': 'Point', 'coordinates': [-73.88151, 40.85718]}",307,500,,,-73.88151,40.85718
BRONX,707009,Store,AC,PASCUAL FOOD CORP,PASCUAL FOOD,1020,OLMSTEAD AVE  ###,BRONX,NY,10472,"{'type': 'Point', 'coordinates': [-73.85322, 40.82777]}",307,600,,,-73.85322,40.82777
BRONX,706962,Store,AC,VASQUEZ SANTIAGO LEONARDO,VASQUEZ DELI GROCERY,680,MELROSE AVE STORE 4,BRONX,NY,10455,"{'type': 'Point', 'coordinates': [-73.91629, 40.81935]}",307,,,,-73.91629,40.81935
BRONX,706947,Store,AAC,3N CONVENIENCE STORE INC,SHELL,950,ALLERTON AVE,BRONX,NY,10469,"{'type': 'Point', 'coordinates': [-73.85918, 40.86528]}",307,,,,-73.85918,40.86528
BRONX,706866,Store,AC,163 KING DELI INC,163 KING DELI,3240,3RD AVE #5 ####,BRONX,NY,10451,"{'type': 'Point', 'coordinates': [-73.90881, 40.82388]}",307,1000,,,-73.90881,40.82388
BRONX,706808,Store,AC,FERNANDEZ 224 FOOD CORP,FOOD UNIVERSE MARKET PLACE,3942,WHITE PLAINS RD,BRONX,NY,10466,"{'type': 'Point', 'coordinates': [-73.86099, 40.88689]}",307,20000,,,-73.86099,40.88689
BRONX,706759,Store,AC,LA CHARRITA DELI GROCERY CORP,LA CHARRITA DELI GROCERY,416,WILLIS AVE,BRONX,NY,10454,"{'type': 'Point', 'coordinates': [-73.91982, 40.81331]}",307,1200,,,-73.91982,40.81331
BRONX,706744,Store,AC,DELIMANIA GROCERY CORP,DELIMANIA GROCERY,2780,KINGSBRIDGE TERRACE,BRONX,NY,10463,"{'type': 'Point', 'coordinates': [-73.90303, 40.87314]}",307,,,,-73.90303,40.87314
BRONX,706504,Store,AC,A S K DELI GROCERY,A S K DELI GROCERY,1479,BEACH AVE,BRONX,NY,10460,"{'type': 'Point', 'coordinates': [-73.86722, 40.83735]}",307,,,,-73.86722,40.83735
BRONX,706409,Store,AC,CLAREMONT PARK DELI GROCERY CORP,CLAREMONT PARK DELI GROCERY,1570,WEBSTER AVENUE,BRONX,NY,10457,"{'type': 'Point', 'coordinates': [-73.90523, 40.84005]}",307,2500,STORE 1,,-73.90523,40.84005
BRONX,706321,Store,AC,2363 ROSEWOOD GROCERY INC,2363 ROSEWOOD GROCERY,3263,WHITE PLAINS RD,BRONX,NY,10467,"{'type': 'Point', 'coordinates': [-73.86712, 40.87258]}",307,1200,,,-73.86712,40.87258
BRONX,706316,Store,AC,ALLERTON FISH MARKET CORP,ALLERTON FISH MARKET,718,ALLERTON AVE,BRONX,NY,10467,"{'type': 'Point', 'coordinates': [-73.86655, 40.86545]}",307,1500,,,-73.86655,40.86545
BRONX,706291,Store,AC,4192 AKRAM DELI & GROCERY CORP,AKRAM DELI GROCERY,4192,WHITE PLAINS RD,BRONX,NY,10466,"{'type': 'Point', 'coordinates': [-73.85754, 40.89314]}",307,,,,-73.85754,40.89314
BRONX,705986,Store,AC,MT EDEN GROCERY CORP,SHEBAMZ GRILL,5,EAST MT EDEN AVE,BRONX,NY,10452,"{'type': 'Point', 'coordinates': [-73.91453, 40.84426]}",307,2000,,,-73.91453,40.84426
BRONX,705781,Store,AC,ROYAL ONE STOP SUPERMARKET CORP,ROYAL ONE STOP SUPERMARKET,1230A,JEROME AVE,BRONX,NY,10452,"{'type': 'Point', 'coordinates': [-73.92162, 40.83658]}",307,2500,,,-73.92162,40.83658
BRONX,705758,Store,AC,KDA FOOD CORP,SHOP FAIR,306,E 170TH ST,BRONX,NY,10456,"{'type': 'Point', 'coordinates': [-73.91018, 40.83734]}",307,8000,,,-73.91018,40.83734
BRONX,705744,Store,AC,SOUNDVIEW 99CENT PLUS INC,SOUNDVIEW 99CENT PLUS,253-263,SOUNDVIEW AVENUE,BRONX,NY,10473,"{'type': 'Point', 'coordinates': [-73.85597, 40.81117]}",307,2000,,,-73.85597,40.81117
BRONX,705601,Store,A,A TO Z VALUE STORE INC,A TO Z VALUE STORE,223,E 198TH ST,BRONX,NY,10458,"{'type': 'Point', 'coordinates': [-73.89006, 40.86961]}",307,1500,,,-73.89006,40.86961
BRONX,705401,Store,AC,180 LA DELI GROCERY CORP,180 LA DELI GROCERY,180,MCLELLAN ST ####,BRONX,NY,10456,"{'type': 'Point', 'coordinates': [-73.91814, 40.83279]}",307,1100,,,-73.91814,40.83279
BRONX,705348,Store,AC,MAR FRUIT MARKET&DELI CORP,MAR FRUIT MARKET&DELI,2445A,CRESTON AVE,BRONX,NY,10468,"{'type': 'Point', 'coordinates': [-73.89878, 40.86155]}",307,500,,,-73.89878,40.86155
BRONX,705333,Store,AC,GUERRERO UBALDO,MEXICAN DELI INC,1302-1304,LAFAYETTE AVE,BRONX,NY,10474,"{'type': 'Point', 'coordinates': [-73.88689, 40.81682]}",307,600,,,-73.88689,40.81682
BRONX,705332,Store,AC,CO OP CITY AFRICAN MARKET INC,CO OP CITY AFRICAN MARKET,2829 E,EDSON AVE,BRONX,NY,10469,"{'type': 'Point', 'coordinates': [-73.83393, 40.8689]}",307,1200,,,-73.83393,40.8689
BRONX,705172,Store,AC,YUN SUNG HAN,YUNS FRUIT MARKET,349,E 138TH ST,BRONX,NY,10454,"{'type': 'Point', 'coordinates': [-73.92436, 40.80973]}",307,1200,,,-73.92436,40.80973
BRONX,705040,Store,AC,AGOGO AFRICAN TRADING CORP,AGOGO,1347,EDWARD L GRANT HWY,BRONX,NY,10452,"{'type': 'Point', 'coordinates': [-73.9214, 40.84007]}",307,600,,,-73.9214,40.84007
BRONX,704892,Store,AC,950 FAIR FOOD CORP,FINE FARE SUPERMARKET,950,WESTCHESTER AVE,BRONX,NY,10459,"{'type': 'Point', 'coordinates': [-73.89614, 40.82248]}",307,10000,,,-73.89614,40.82248
BRONX,704871,Store,AC,3100 THIRD AVENUE FOOD LLC,FOOD TOWN,3100,3RD AVE,BRONX,NY,10451,"{'type': 'Point', 'coordinates': [-73.91204, 40.82169]}",307,8000,,,-73.91204,40.82169
BRONX,704851,Store,AC,FAIRFIELD FOOD INC,SHELL SERVICE STATION,2525,3RD AVE,BRONX,NY,10451,"{'type': 'Point', 'coordinates': [-73.92807, 40.81075]}",307,1200,,,-73.92807,40.81075
BRONX,704697,Store,AC,FLAMING MEAT WAREHOUSE CORP,BROTHER MEAT & MARKET,522,E 138TH ST,BRONX,NY,10454,"{'type': 'Point', 'coordinates': [-73.91866, 40.80732]}",307,1500,,,-73.91866,40.80732
BRONX,704649,Store,AC,163 ASHLEY DELI GROCERY INC,163 ASHLEY DELI GROCERY,3244,THIRD AVE,BRONX,NY,10451,"{'type': 'Point', 'coordinates': [-73.90878, 40.82393]}",307,1500,,,-73.90878,40.82393
BRONX,704616,Store,AC,SANCHEZ FAMILY DELI GROCERY CORP,SANCHEZ FAMILY DELI GROCERY,703,PROSPECT AVE,BRONX,NY,10455,"{'type': 'Point', 'coordinates': [-73.90304, 40.81622]}",307,,,,-73.90304,40.81622
BRONX,704515,Store,AC,MERCEDES GROCERY CORP,MERCEDES GROCERY,5,W MOSHOLU PKWY ##,BRONX,NY,10467,"{'type': 'Point', 'coordinates': [-73.88405, 40.88085]}",307,1000,,,-73.88405,40.88085
BRONX,704399,Store,ABCK,OVEN ARTISANS LLC,ORWASHERS,1187,E 156TH ST,BRONX,NY,10474,"{'type': 'Point', 'coordinates': [-73.89263, 40.81244]}",307,8000,,,-73.89263,40.81244
BRONX,704371,Store,AC,EL GUANO DELI GROCERY LLC,EL GUANO DELI GROCERY,81,W 162ND STREET,BRONX,NY,10452,"{'type': 'Point', 'coordinates': [-73.92877, 40.8312]}",307,1800,,,-73.92877,40.8312
BRONX,704329,Store,AC,MAYSAA FORDHAM DELI INC,MAYSAA FORDHAM DELI,164,E 188TH ST,BRONX,NY,10468,"{'type': 'Point', 'coordinates': [-73.89809, 40.86152]}",307,1200,,,-73.89809,40.86152
BRONX,704318,Store,AC,KATONAH FAMILY DELI GROCERY CORP,KATONAH FAMILY DELI GROCERY,4293,KATONAH AVE,BRONX,NY,10470,"{'type': 'Point', 'coordinates': [-73.86734, 40.89838]}",307,1600,,,-73.86734,40.89838
BRONX,704275,Store,AC,SHINING STAR DELI GROCERY CORP,SHINING STAR DELI GROCERY,3489A,BOSTON RD,BRONX,NY,10469,"{'type': 'Point', 'coordinates': [-73.84679, 40.8769]}",307,1500,,,-73.84679,40.8769
BRONX,704248,Store,AC,19 W BRONX DELI GROCERY CORP,19 W BRONX DELI GROCERY,19,W 183RD ST,BRONX,NY,10453,"{'type': 'Point', 'coordinates': [-73.90473, 40.85864]}",307,1800,,,-73.90473,40.85864
BRONX,704148,Store,A,240 VALENTINE DISCOUNT INC,240 VALENTINE DISCOUNT,240,E 204TH ST,BRONX,NY,10458,"{'type': 'Point', 'coordinates': [-73.88458, 40.87422]}",307,1000,,,-73.88458,40.87422
BRONX,704098,Store,AC,320 FAIR FARM FOOD CORP,FINE FARE,320,EAST GUN HILL ROAD,BRONX,NY,10467,"{'type': 'Point', 'coordinates': [-73.87375, 40.87891]}",307,3000,,,-73.87375,40.87891
BRONX,704092,Store,AC,BX METRO SUPERETTE CORP,BX METRO SUPERETTE,3504,FORT INDEPENDENCE ST,BRONX,NY,10463,"{'type': 'Point', 'coordinates': [-73.89796, 40.8826]}",307,,,,-73.89796,40.8826
BRONX,704036,Store,AC,GOLDEN PRODUCE LLC,GOLDEN PRODUCE,364,EAST 204TH ST,BRONX,NY,10467,"{'type': 'Point', 'coordinates': [-73.87736, 40.87169]}",307,2700,,,-73.87736,40.87169
BRONX,703788,Store,AC,DE LUXE DELI CORP,DE LUXE DELI,3359,BAYCHESTER AVE,BRONX,NY,10469,"{'type': 'Point', 'coordinates': [-73.83752, 40.87912]}",307,1500,,,-73.83752,40.87912
BRONX,703503,Store,AC,LOS TRES HERMANITOS DELI GROCERY CORP,LOS TRES HERMANITOS DELI GROCERY,654,MORRIS PARK AVE,BRONX,NY,10462,"{'type': 'Point', 'coordinates': [-73.86757, 40.8449]}",307,1100,,,-73.86757,40.8449
BRONX,703339,Store,AC,SKYLIGHT HOLDINGS INC,FOOD UNIVERSE MARKETPLACE,312,EAST 194TH STREET,BRONX,NY,10458,"{'type': 'Point', 'coordinates': [-73.89181, 40.86444]}",307,4000,,,-73.89181,40.86444
BRONX,703267,Store,AC,YOUR RED ROSES INC,YOUR RED ROSES,268,WILLIS AVE,BRONX,NY,10454,"{'type': 'Point', 'coordinates': [-73.92254, 40.80959]}",307,1000,,,-73.92254,40.80959
BRONX,703250,Store,AC,124 MEAT FOOD CORP,SHOP FRESH FOOD MKT PL,122-124,W FORDHAM RD,BRONX,NY,10468,"{'type': 'Point', 'coordinates': [-73.90652, 40.86279]}",307,3900,,,-73.90652,40.86279
BRONX,703145,Store,AC,24 WEST FOOD CORP,FOOD DINASTY SUPERMKT,24-30,WEST FORDHAM ROAD,BRONX,NY,10468,"{'type': 'Point', 'coordinates': [-73.90269, 40.86271]}",307,5000,,,-73.90269,40.86271
BRONX,703060,Store,AC,10 NEIGHBORHOOD CANDY GROCERY CORP,10 NEIGHBORHOOD CANDY GROCERY,10,W. GUN HILL RD.,BRONX,NY,10467,"{'type': 'Point', 'coordinates': [-73.88168, 40.88293]}",307,1000,,,-73.88168,40.88293
BRONX,702952,Store,AC,BIG MARKET OF 237 INC,BIG MARKET,4362,WHITE PLAINS RD #####,BRONX,NY,10466,,,1000,,,,
BRONX,702892,Store,A,TUNKARA AMIE,MASJID WAHAB STORE,248,E 169TH ST,BRONX,NY,10456,"{'type': 'Point', 'coordinates': [-73.91396, 40.83566]}",307,200,,,-73.91396,40.83566
BRONX,702655,Store,AC,K & L FRUIT & VEGETABLE CORP,K & L FRUIT & VEGETABLE,558,MORRIS AVE,BRONX,NY,10451,"{'type': 'Point', 'coordinates': [-73.92259, 40.81776]}",307,2000,,,-73.92259,40.81776
BRONX,702614,Store,AC,2001 GOURMET DELI INC,2001 GOURMET DELI,2001,CLINTON AVE,BRONX,NY,10457,"{'type': 'Point', 'coordinates': [-73.88882, 40.84638]}",307,2000,,,-73.88882,40.84638
BRONX,702445,Store,AC,JOY'S DELI GROCERY CORP,JOY'S DELI GROCERY,1400,GRAND CONCOURSE,BRONX,NY,10456,"{'type': 'Point', 'coordinates': [-73.91349, 40.83885]}",307,1200,,,-73.91349,40.83885
BRONX,702401,Store,A,FANE GROCERY INC,FANE GROCERY,609,COURTLANDT AVE,BRONX,NY,10451,"{'type': 'Point', 'coordinates': [-73.91894, 40.8179]}",307,1300,,,-73.91894,40.8179
BRONX,609927,Store,AC,R&E CORP,C TOWN SUPERMARKET,809,SOUTHERN BLVD,BRONX,NY,10459,"{'type': 'Point', 'coordinates': [-73.89547, 40.81703]}",307,7500,,,-73.89547,40.81703
BRONX,609843,Store,AC,MUSOVIC SUNAN,BRISKA GROCERY,2333,ARTHUR AVE,BRONX,NY,10458,"{'type': 'Point', 'coordinates': [-73.88879, 40.85415]}",307,700,,,-73.88879,40.85415
BRONX,609834,Store,AC,JSMD FOOD CORP,C TOWN 054,100,HUGH J GRANT CIRCLE,BRONX,NY,10472,"{'type': 'Point', 'coordinates': [-73.86091, 40.83268]}",307,8000,,,-73.86091,40.83268
BRONX,609649,Store,AC,24 DELI GROCERY INC,24 DELI GROCERY,1801,WILLIAMSBRIDGE RD,BRONX,NY,10461,"{'type': 'Point', 'coordinates': [-73.85147, 40.85044]}",307,700,,,-73.85147,40.85044
BRONX,609624,Store,AC,99 CENTS FACTORY INC,99 CENTS FACTORY,278,E 149TH ST,BRONX,NY,10451,"{'type': 'Point', 'coordinates': [-73.92233, 40.8173]}",307,5000,,,-73.92233,40.8173
BRONX,609623,Store,AC,BOSTON ROAD CANDY INC,BOSTON ROAD CANDY,1737,BOSTON RD,BRONX,NY,10460,"{'type': 'Point', 'coordinates': [-73.88815, 40.83715]}",307,900,,,-73.88815,40.83715
BRONX,609621,Store,AC,1158 GROCERY & DELI INC,1158 GROCERY & DELI,1158,ST LAWRENCE AVE,BRONX,NY,10472,"{'type': 'Point', 'coordinates': [-73.86675, 40.82944]}",307,500,,,-73.86675,40.82944
BRONX,609583,Store,AC,2300 DELI CORP,2300 DELI,2300,CROTONA AVE,BRONX,NY,10458,"{'type': 'Point', 'coordinates': [-73.88461, 40.852]}",307,2000,,,-73.88461,40.852
BRONX,609503,Store,AC,BEATO DELI &GROCERY CORP,BEATO DELI &GROCERY,615,E 189TH ST,BRONX,NY,10458,"{'type': 'Point', 'coordinates': [-73.88554, 40.85713]}",307,600,,,-73.88554,40.85713
BRONX,609488,Store,AC,ROMANA GROCERY CORP,ROMANA GROCERY,3851,BRONXWOOD AVE ###,BRONX,NY,10469,"{'type': 'Point', 'coordinates': [-73.85623, 40.88329]}",307,1200,,,-73.85623,40.88329
BRONX,609486,Store,AC,ALI SUPERMARKET INC,BANGLATOWN SUPERMARKET,1860,WESTCHESTER AVE,BRONX,NY,10472,"{'type': 'Point', 'coordinates': [-73.86336, 40.83253]}",307,4600,,,-73.86336,40.83253
BRONX,609462,Store,AC,DIKO MUHAMADOU,MD AFRICAN MKT & DISCOU,2252,WEBSTER AVE,BRONX,NY,10457,"{'type': 'Point', 'coordinates': [-73.89604, 40.85554]}",307,2000,,,-73.89604,40.85554
BRONX,609456,Store,A,PARKCHESTER CONVENIENCE STORE INC,PARKCHESTER CONVENIENCE STORE,2001,WESTCHESTER AVE #F,BRONX,NY,10462,"{'type': 'Point', 'coordinates': [-73.85749, 40.83359]}",307,1200,,,-73.85749,40.83359
BRONX,609438,Store,AC,BRONX M&E DELI GROCERY CORP,BRONX M&E DELI,732,E 187TH ST,BRONX,NY,10458,"{'type': 'Point', 'coordinates': [-73.88307, 40.85375]}",307,1100,,,-73.88307,40.85375
BRONX,609429,Store,AC,627 GARDEN GOURMENT DELI CORP,627 GARDEN GOURMENT DL,627,E TREMONT AVE,BRONX,NY,10457,"{'type': 'Point', 'coordinates': [-73.89253, 40.84609]}",307,1000,,,-73.89253,40.84609
BRONX,609423,Store,AC,TAVERAS FOOD CENTER CORP,TAVERAS FOOD CENTER,5193,BROADWAY,BRONX,NY,10463,"{'type': 'Point', 'coordinates': [-73.90999, 40.87442]}",749,0,,,-73.90999,40.87442
BRONX,609420,Store,A,ALDI INC,ALDI #19,1750,E GUN HILL RD STORE B ###,BRONX,NY,10469,"{'type': 'Point', 'coordinates': [-73.83524, 40.8635]}",307,0,,,-73.83524,40.8635
BRONX,609383,Store,A,PAVAN NEW YORK INC,BUHRE GROCERY,2875,BUHRE AVE,BRONX,NY,10461,"{'type': 'Point', 'coordinates': [-73.83324, 40.84722]}",307,600,,,-73.83324,40.84722
BRONX,609373,Store,A,MTR GROCERY CORP,MTR GROCERY,760,E 187TH ST,BRONX,NY,10458,"{'type': 'Point', 'coordinates': [-73.8826, 40.85361]}",307,700,,,-73.8826,40.85361
BRONX,609369,Store,AC,CHRISTOPHER MINI MARKET CORP,CHRISTOPHER MINI MARKET,1539,WATSON AVE,BRONX,NY,10472,"{'type': 'Point', 'coordinates': [-73.8779, 40.82612]}",307,1200,,,-73.8779,40.82612
BRONX,609368,Store,AC,DIALLO ELHADJ M,POU KOU HALAL FOOD,585,"TINTON AVE, STORE #1",BRONX,NY,10455,"{'type': 'Point', 'coordinates': [-73.90599, 40.81363]}",307,1500,,,-73.90599,40.81363
BRONX,609365,Store,AC,AMANI HALAL MEAT MARKET CORP,AMANI HALAL MEAT,705,RHINELANDER AVE,BRONX,NY,10462,"{'type': 'Point', 'coordinates': [-73.86653, 40.84757]}",307,700,,,-73.86653,40.84757
BRONX,609360,Store,AC,GOOD GUY MEAT MARKET CORP THE,GOOD GUY MEAT MARKET,187,E 167TH ST,BRONX,NY,10456,"{'type': 'Point', 'coordinates': [-73.91714, 40.8344]}",307,1000,,,-73.91714,40.8344
BRONX,609354,Store,AC,674 GOURMET DELI CORP,7 ELEVEN DELI,674,ALLERTON AVE,BRONX,NY,10467,"{'type': 'Point', 'coordinates': [-73.8682, 40.86543]}",307,1200,,,-73.8682,40.86543
BRONX,609352,Store,AC,ORTIZ SANDY A,180TH ST FAMILY DELI-GROCERY,676,E 180TH,BRONX,NY,10457,"{'type': 'Point', 'coordinates': [-73.88902, 40.84822]}",307,1200,,,-73.88902,40.84822
BRONX,609350,Store,AC,LOS PRIMOS MINI MARKET INC,LOS PRIMOS MINI MARKET,1050,WOODYCREST AVE###,BRONX,NY,10452,"{'type': 'Point', 'coordinates': [-73.92706, 40.83384]}",307,2000,,,-73.92706,40.83384
BRONX,609329,Store,AC,NEW BEST SUSHI WORLD INC,NEW BEST SUSHI WORLD,5665,BROADWAY #####,BRONX,NY,10463,,,0,,,,
BRONX,609325,Store,AC,JOSMAR MINI MARKET CORP,JOSMAR MINI MARKET,775,E 149TH ST,BRONX,NY,10455,"{'type': 'Point', 'coordinates': [-73.90761, 40.81292]}",307,2300,,,-73.90761,40.81292
BRONX,609316,Store,AC,3462 THIRD AVE FOOD CORP,FOOD UNIVERSE MARKET PLACE,3470,3RD AVE,BRONX,NY,10456,"{'type': 'Point', 'coordinates': [-73.9063, 40.83003]}",307,14000,,,-73.9063,40.83003
BRONX,609302,Store,AC,J&L FISH MARKET INC,J&L FISH MARKET,3706,3RD AVE #9,BRONX,NY,10456,"{'type': 'Point', 'coordinates': [-73.90343, 40.83515]}",307,1200,,,-73.90343,40.83515
BRONX,609282,Store,AC,NEW WAY DELI&LOTTERY CORP,NEW WAY DELI&LOTTERY,77,E KINGSBRIDGE RD,BRONX,NY,10468,"{'type': 'Point', 'coordinates': [-73.89558, 40.8667]}",307,1800,,,-73.89558,40.8667
BRONX,609259,Store,AC,RIVERDALE DELI & GROCERY INC,RIVERDALE DELI & GROCER,5991,BROADWAY,BRONX,NY,10471,"{'type': 'Point', 'coordinates': [-73.89802, 40.89014]}",307,600,,,-73.89802,40.89014
BRONX,609255,Store,AC,A&C FOUR WINGS INC,FOOD DYNASTY,1470,WESTCHESTER AVE,BRONX,NY,10472,"{'type': 'Point', 'coordinates': [-73.88143, 40.82841]}",307,2000,,,-73.88143,40.82841
BRONX,609245,Store,AC,OMALE NEW YORK GROCERY CORP,OMALE NEW YORK GROCERY,2172,CROTONA AVE,BRONX,NY,10457,"{'type': 'Point', 'coordinates': [-73.88661, 40.85017]}",307,1500,,,-73.88661,40.85017
BRONX,609239,Store,AC,MORENITA DELI & GROCERY CORP,MORENITA DELI&GROCERY,1274,BRONX RIVER AVE,BRONX,NY,10472,"{'type': 'Point', 'coordinates': [-73.88196, 40.83101]}",307,700,,,-73.88196,40.83101
BRONX,609232,Store,AC,CALIFORNIA FARMS FRIUT & VEGETABLES CORP,CALIFORNIA FARMS FRIUT & VEGETABLES,234,W 231ST ST,BRONX,NY,10463,"{'type': 'Point', 'coordinates': [-73.90597, 40.87951]}",307,1000,,,-73.90597,40.87951
BRONX,609231,Store,AC,DOUBLE A SUPER DELI INC,DOUBLE A SUPER DELI,350,E 204TH ST,BRONX,NY,10467,"{'type': 'Point', 'coordinates': [-73.87766, 40.87202]}",307,1200,,,-73.87766,40.87202
BRONX,609227,Store,AC,BLUSHAN FOODS LLC,RIVERDALE KOSHER MARKET,5683,RIVERDALE AVE,BRONX,NY,10471,"{'type': 'Point', 'coordinates': [-73.9048, 40.90678]}",307,12000,,,-73.9048,40.90678
BRONX,609226,Store,AC,BONOFUL GROCERY INC,BONOFUL GROCERY,7,E 182ND ST,BRONX,NY,10453,"{'type': 'Point', 'coordinates': [-73.90412, 40.85719]}",307,1200,,,-73.90412,40.85719
BRONX,609219,Store,AC,EL PAISANO 2 FRUITS & VEGETABLES LLC,EL PAISANO 2 FRUITS & VEGETABLES,1555,WATSON AVE,BRONX,NY,10472,"{'type': 'Point', 'coordinates': [-73.87689, 40.82626]}",307,800,,,-73.87689,40.82626
BRONX,609195,Store,AC,CYPRESS 138 DELI GROCERY CORP,CYPRESS 138 DELI GROCERY,651,E 138TH ST,BRONX,NY,10454,"{'type': 'Point', 'coordinates': [-73.91469, 40.80564]}",307,1800,,,-73.91469,40.80564
BRONX,609181,Store,ABC,WESTERN BEEF RETAIL INC,WESTERN BEEF 29,2050,WEBSTER AVE,BRONX,NY,10457,"{'type': 'Point', 'coordinates': [-73.89799, 40.85173]}",307,34000,,,-73.89799,40.85173
BRONX,609160,Store,AC,TAKE A BITE DELI&GROCERY INC,TAKE A BITE DELI&GRCY,34,BEDFORD PARK BLVD,BRONX,NY,10468,"{'type': 'Point', 'coordinates': [-73.88848, 40.87249]}",307,900,,,-73.88848,40.87249
BRONX,609146,Store,AC,FRUITS PRODUCE & GROCERY CORP,FOOD UNIVERSE MARKET PLACE,1334,LOUIS NINE BLVD,BRONX,NY,10459,"{'type': 'Point', 'coordinates': [-73.89245, 40.83178]}",307,17500,,,-73.89245,40.83178
BRONX,609135,Store,AC,3052 VALENTINE GROCERY CORP,3052 VALENTINE GROCERY,3052,VALENTINE AVE,BRONX,NY,10458,"{'type': 'Point', 'coordinates': [-73.88491, 40.87396]}",307,500,,,-73.88491,40.87396
BRONX,609124,Store,AC,ALFA Y OMEGA FOOD CORP,FOOD UNIVERSE MARKET,82-84,W KINGSBRIDGE RD,BRONX,NY,10468,"{'type': 'Point', 'coordinates': [-73.90069, 40.86819]}",307,3000,,,-73.90069,40.86819
BRONX,609116,Store,AC,LUPITAS MEXICAN GROCERY INC,LUPITAS MEXICAN GROCERY,9,E GUN HILL ROAD,BRONX,NY,10467,"{'type': 'Point', 'coordinates': [-73.88096, 40.88251]}",307,1000,,,-73.88096,40.88251
BRONX,609115,Store,AC,WHITE PLAINS FOOD INC,EXOTIC CONVENIENCE,3766 A,WHITE PLAINS RD.,BRONX,NY,10467,"{'type': 'Point', 'coordinates': [-73.8629, 40.88342]}",307,1100,,,-73.8629,40.88342
BRONX,609111,Store,AC,PELHAM DELI INC,PELHAM DELI,3026,BUHRE AVE,BRONX,NY,10461,"{'type': 'Point', 'coordinates': [-73.83119, 40.84742]}",307,1000,,,-73.83119,40.84742
BRONX,609098,Store,AC,TEJEDA JUAN,FRESH FOOD DELI GROCERY,2179,WASHINGTON AVE,BRONX,NY,10457,"{'type': 'Point', 'coordinates': [-73.89432, 40.85367]}",307,891,,,-73.89432,40.85367
BRONX,609069,Store,AC,REYES MEXICAN DELI INC,REYES MEXICAN DELI,998,LONGWOOD AVE #6,BRONX,NY,10459,"{'type': 'Point', 'coordinates': [-73.89735, 40.81699]}",307,400,,,-73.89735,40.81699
BRONX,609068,Store,AC,LYDIG DELI&GROCERY INC,LYDIG DELI&GROCERY,750,LYDIG AVE,BRONX,NY,10462,"{'type': 'Point', 'coordinates': [-73.86553, 40.85446]}",307,1200,,,-73.86553,40.85446
BRONX,609065,Store,AC,1105 TINTON DELI GROCERY CORP,1105 TINTON DELI GRCY,1105,TINTON AVE,BRONX,NY,10456,"{'type': 'Point', 'coordinates': [-73.90151, 40.82653]}",307,1200,,,-73.90151,40.82653
BRONX,609037,Store,AC,JYJ DELI GROCERY CORP,JYJ DELI GROCERY,968,E 165TH ST,BRONX,NY,10459,"{'type': 'Point', 'coordinates': [-73.89445, 40.82396]}",307,800,,,-73.89445,40.82396
BRONX,609035,Store,A,CVS ALBANY LLC,CVS PHARMACY #8940,1688,WESTCHESTER AVE####,BRONX,NY,10472,"{'type': 'Point', 'coordinates': [-73.87122, 40.83048]}",307,8000,,,-73.87122,40.83048
BRONX,609026,Store,AC,SAVEMORE DELI GROCERY CORP,SAVEMORE DELI GROCERY,1363,WEBSTER AVE,BRONX,NY,10456,"{'type': 'Point', 'coordinates': [-73.90769, 40.83575]}",307,1800,,,-73.90769,40.83575
BRONX,609022,Store,AC,JJN CORPORATION,JJN CORP,1512,WASHINGTON AVE ##,BRONX,NY,10457,"{'type': 'Point', 'coordinates': [-73.90326, 40.83779]}",307,0,,,-73.90326,40.83779
BRONX,609010,Store,AC,E FLYING EAGLE CORP,IZZY'S GOURMET DELI,3001,WESTCHESTER AVE,BRONX,NY,10461,"{'type': 'Point', 'coordinates': [-73.83203, 40.84722]}",307,1000,,,-73.83203,40.84722
BRONX,609007,Store,AC,NOBLE DELI GROCERY CORP,NOBLE DELI GROCERY,1721,E 172ND ST,BRONX,NY,10472,"{'type': 'Point', 'coordinates': [-73.87022, 40.83242]}",307,800,,,-73.87022,40.83242
BRONX,608992,Store,AC,CAGUEYES FOOD CORP,FINE FARE SUPERMARKET,3315,WHITE PLAINS RD,BRONX,NY,10467,"{'type': 'Point', 'coordinates': [-73.86714, 40.87373]}",307,6000,,,-73.86714,40.87373
BRONX,608983,Store,AC,PROSPECT SUPERMARKET OF NY INC,REAL SUPERMARKET,795,PROSPECT AVE,BRONX,NY,10455,"{'type': 'Point', 'coordinates': [-73.90204, 40.81868]}",307,4000,,,-73.90204,40.81868
BRONX,608950,Store,AC,U&S ALLON LLC,HA-MAKOLET (SHOSHI MARKET),3714,RIVERDALE AVE,BRONX,NY,10463,"{'type': 'Point', 'coordinates': [-73.90709, 40.88677]}",307,3000,,,-73.90709,40.88677
BRONX,608944,Store,AC,58 BURNSIDE FOOD CORP,58 BURNSIDE FOOD,58-60,W BURNSIDE AVE,BRONX,NY,10453,"{'type': 'Point', 'coordinates': [-73.90981, 40.85421]}",307,2700,,,-73.90981,40.85421
BRONX,608943,Store,AC,PALMA NUEVA FOODS CORP,FOODTOWN SUPERMARKET,3471,BOSTON RD,BRONX,NY,10469,"{'type': 'Point', 'coordinates': [-73.84765, 40.87662]}",307,15000,,,-73.84765,40.87662
BRONX,608934,Store,AC,NEW EUROPEAN INC,NEW EUROPEAN MARKET,810,MORRIS PARK AVE,BRONX,NY,10462,"{'type': 'Point', 'coordinates': [-73.862, 40.84594]}",307,600,,,-73.862,40.84594
BRONX,608933,Store,A,SHAMMAKH FAISAL M,TWO STAR DELI & GROCERY,3548,BRONX BLVD,BRONX,NY,10467,"{'type': 'Point', 'coordinates': [-73.86852, 40.87922]}",307,700,,,-73.86852,40.87922
BRONX,608931,Store,ABC,MEAT MARKET JAZMIN II CORP,MEAT MARKET JAZMIN II,2356,GRAND CONCOURSE,BRONX,NY,10458,"{'type': 'Point', 'coordinates': [-73.899039, 40.85862]}",307,1200,STORE #1,,-73.899039,40.85862
BRONX,608908,Store,AC,NADAL 3 DELI CONVENIENCE INC,NADAL 3 DELI CONVNIENCE,888A,GRAND CONCOURSE,BRONX,NY,10451,"{'type': 'Point', 'coordinates': [-73.92281, 40.82659]}",307,1800,,,-73.92281,40.82659
BRONX,608906,Store,AC,DYRE FISH MARKET CORP,LA CONIA FISH MARKET,3959,LACONIA AVE,BRONX,NY,10466,"{'type': 'Point', 'coordinates': [-73.84941, 40.88405]}",307,585,,,-73.84941,40.88405
BRONX,608900,Store,AC,1307 CORP,1307 CORP,1307,CROSBY AVE,BRONX,NY,10461,"{'type': 'Point', 'coordinates': [-73.82902, 40.83851]}",307,600,,,-73.82902,40.83851
BRONX,608898,Store,AC,1704 JENNY FOOD CORP,1704 JENNY FOOD,1704,GRAND AVE ###,BRONX,NY,10453,"{'type': 'Point', 'coordinates': [-73.91401, 40.84854]}",307,2100,,,-73.91401,40.84854
BRONX,608886,Store,AC,J&W FOOD CENTER CORP,J&W FOOD CENTER,990,LEGGETT AVE,BRONX,NY,10455,"{'type': 'Point', 'coordinates': [-73.8998, 40.81444]}",307,2000,,,-73.8998,40.81444
BRONX,608884,Store,AC,LA GRANJA MEAT MARKET INC,LA GRANJA MEAT MARKET,1111,E TREMONT AVE,BRONX,NY,10460,"{'type': 'Point', 'coordinates': [-73.87635, 40.83995]}",307,800,STORE D,,-73.87635,40.83995
BRONX,608882,Store,AC,FIREHOUSE CORNER DELI GRCY CORP,FIREHOUSE CRNR DELI GRY,240,CITY ISLAND AVE  ##,BRONX,NY,10464,"{'type': 'Point', 'coordinates': [-73.78573, 40.84524]}",307,800,,,-73.78573,40.84524
BRONX,608876,Store,AC,675 MORRIS AVE FOOD CORP,FOOD UNIVERSE,675,MORRIS AVE,BRONX,NY,10451,"{'type': 'Point', 'coordinates': [-73.92126, 40.82076]}",307,5000,,,-73.92126,40.82076
BRONX,608872,Store,AC,PAULINO DELI GROCERY INC,PAULINO DELI GROCERY,798,HUNTS PT AVE,BRONX,NY,10474,"{'type': 'Point', 'coordinates': [-73.88784, 40.81648]}",307,1100,,,-73.88784,40.81648
BRONX,608862,Store,AC,GREEN LAND FARM DELI&GROCERY CORP,GREEN LAND FARM DELI&GR,4313,KATONAH AVE,BRONX,NY,10470,"{'type': 'Point', 'coordinates': [-73.86748, 40.89913]}",307,1800,,,-73.86748,40.89913
BRONX,608857,Store,AC,ANTHONYS FAMOUS GOURMET DELI INC,ANTHONYS FAMOUS GRMT DL,169,E GUN HILL RD,BRONX,NY,10467,"{'type': 'Point', 'coordinates': [-73.87803, 40.88086]}",307,1400,,,-73.87803,40.88086
BRONX,608834,Store,A,SILVER DOLLAR FOOD LLC,SILVER DOLLAR FOOD,1557-1565,WATSON AVE,BRONX,NY,10472,"{'type': 'Point', 'coordinates': [-73.8766, 40.8263]}",307,5000,,,-73.8766,40.8263
BRONX,608820,Store,AC,JAMTAN AFRICAN AMERICAN MKT CORP,JAMTAN AFRICAN AMERICAN MARKET,1479,WESTCHESTER AVE,BRONX,NY,10472,"{'type': 'Point', 'coordinates': [-73.88119, 40.82843]}",307,1500,,,-73.88119,40.82843
BRONX,608802,Store,AC,CROES AVENUE FAMOUS DELI CORP,NY FAMOUS DELI,1683,E 172ND ST,BRONX,NY,10472,"{'type': 'Point', 'coordinates': [-73.87202, 40.83219]}",307,500,,,-73.87202,40.83219
BRONX,608800,Store,AC,CACAO DELI GROCERY CORP,CACAO DELI GROCERY,918,FAILE ST #1,BRONX,NY,10474,"{'type': 'Point', 'coordinates': [-73.88806, 40.82041]}",307,1200,,,-73.88806,40.82041
BRONX,608796,Store,AC,FAMOUS HERO CITY DELI GRCRY CORP,FAMOUS HERO CITY DELI,485,JACKSON AVE,BRONX,NY,10455,"{'type': 'Point', 'coordinates': [-73.90966, 40.81162]}",307,1000,,,-73.90966,40.81162
BRONX,608789,Store,AC,YAFFA DELI GROCERY CORP,YAFFA DELI GROCERY,719A,LYDIG AVE,BRONX,NY,10462,"{'type': 'Point', 'coordinates': [-73.86683, 40.85449]}",307,1800,,,-73.86683,40.85449
BRONX,608788,Store,A,AVS PHARMACY INC,LEROY PHARMACY,314,E 204TH ST,BRONX,NY,10467,"{'type': 'Point', 'coordinates': [-73.87829, 40.87268]}",307,8400,,,-73.87829,40.87268
BRONX,608780,Store,ABC,LYDIG FOOD CORP,KEY FOOD SUPERMARKET,751,LYDIG AVE #######,BRONX,NY,10462,,,14000,,,,
BRONX,608768,Store,AC,SANCHEZ GROCERY&BAKERY STORE INC,SANCHEZ GROCERY&BAKERY,3197,BAINBRIDGE AVE,BRONX,NY,10467,"{'type': 'Point', 'coordinates': [-73.87955, 40.87567]}",307,1300,,,-73.87955,40.87567
BRONX,608767,Store,AC,BROTHERHOOD GOURMET DELI CORP,BROTHERHOOD GOURMET DEL,703,SOUTHERN BLVD,BRONX,NY,10455,"{'type': 'Point', 'coordinates': [-73.89897, 40.81366]}",307,1800,,,-73.89897,40.81366
BRONX,608754,Store,AC,BOSTON ROAD DELI GROCERY INC,BOSTON ROAD DELI GRCY,1490,BOSTON RD,BRONX,NY,10460,"{'type': 'Point', 'coordinates': [-73.89427, 40.83475]}",307,1200,,,-73.89427,40.83475
BRONX,608748,Store,AC,543 NORTH DELI GROCERY INC,543 NORTH DELI GROCERY,543,SOUTHERN BLVD,BRONX,NY,10455,"{'type': 'Point', 'coordinates': [-73.90385, 40.81221]}",307,2000,,,-73.90385,40.81221
BRONX,608731,Store,AC,LEONARDO SANTIAGO,MI PUEBLITO ZUMPANGO,615,MELROSE AVE STORE #2,BRONX,NY,10455,"{'type': 'Point', 'coordinates': [-73.91707, 40.81763]}",307,1200,,,-73.91707,40.81763
BRONX,608702,Store,AC,PENA JUAN B,180 PENA GROCERY,180,W 167TH ST,BRONX,NY,10452,"{'type': 'Point', 'coordinates': [-73.92767, 40.83782]}",307,1500,,,-73.92767,40.83782
BRONX,608673,Store,A,FADHLE NAGI & SAMED MUTHANA,GOOD VALUE 99 CENTS STR,105A,E 183RD ST,BRONX,NY,10453,"{'type': 'Point', 'coordinates': [-73.90167, 40.85801]}",307,2200,,,-73.90167,40.85801
BRONX,608643,Store,AC,156 FOOD MARKET INC,156 FOOD MARKET,760,GRAND CONCOURSE,BRONX,NY,10451,"{'type': 'Point', 'coordinates': [-73.924386, 40.823696]}",307,1800,,,-73.924386,40.823696
BRONX,608637,Store,ABC,BELFIORE FOOD CORP,BONAVITA KEY FOOD 1329,4171,WHITE PLAINS RD #####,BRONX,NY,10466,,,24000,,,,
BRONX,608624,Store,AC,LINAS GROCERY DELI CORP,LINAS GROCERY DELI,1785,MONROE AVE,BRONX,NY,10457,"{'type': 'Point', 'coordinates': [-73.9065, 40.84643]}",307,900,,,-73.9065,40.84643
BRONX,608623,Store,AC,PARK JONG SEOK,7S FISH MARKET,3123,BAINBRIDGE AVE,BRONX,NY,10467,"{'type': 'Point', 'coordinates': [-73.87933, 40.87424]}",307,1000,,,-73.87933,40.87424
BRONX,608616,Store,A,KRAZY DOLLAR DEALS INC,KRAZY DOLLAR DEALS,270,E BURNSIDE AVE,BRONX,NY,10457,"{'type': 'Point', 'coordinates': [-73.90191, 40.85115]}",307,4000,,,-73.90191,40.85115
BRONX,608595,Store,AC,635 GOURMET EXPRESS DELI INC,635 GOURMET EXPRESS DELI,635,E 169TH ST,BRONX,NY,10456,"{'type': 'Point', 'coordinates': [-73.90131, 40.83146]}",307,1200,,,-73.90131,40.83146
BRONX,608592,Store,AC,LOS PINOS FOOD CORP,FOOD UNIVERSE MARKET PLACE,148,E BURNSIDE AVE,BRONX,NY,10453,"{'type': 'Point', 'coordinates': [-73.90443, 40.85267]}",307,8000,,,-73.90443,40.85267
BRONX,608591,Store,AC,RODRIGUEZ DANIEL,DANIEL RODRIGUEZ PRODUCTOS MEXICANOS,190,E 166TH ST,BRONX,NY,10456,"{'type': 'Point', 'coordinates': [-73.91868, 40.83155]}",307,1000,,,-73.91868,40.83155
BRONX,608588,Store,AC,1740 PETROLEUM LLC,BP,1740,JEROME AVE,BRONX,NY,10453,"{'type': 'Point', 'coordinates': [-73.91255, 40.84745]}",307,400,,,-73.91255,40.84745
BRONX,608587,Store,AC,EL REY DELI GROCERY LLC,EL REY DELI GROCERY,3002,BAILEY AVE,BRONX,NY,10463,"{'type': 'Point', 'coordinates': [-73.90391, 40.8763]}",307,1800,,,-73.90391,40.8763
BRONX,608584,Store,AC,NICKS & JULIO SUPERMARKET CORP,MET FOOD MARKET DELI,1894,LAFAYETTE AVE.,BRONX,NY,10473,"{'type': 'Point', 'coordinates': [-73.85883, 40.82194]}",307,6600,AKA: 769 WHITE PLAINS RD,,-73.85883,40.82194
BRONX,608578,Store,A,BRONX VIEW DELI & GROCERY INC,BRONX VIEW DELI & GROCERY,717,ALLERTON AVE,BRONX,NY,10467,"{'type': 'Point', 'coordinates': [-73.8665, 40.86545]}",307,1200,,,-73.8665,40.86545
BRONX,608572,Store,AC,TREMONT FOOD CORP,KEY FOOD 1327,2722,E TREMONT AVE #####,BRONX,NY,10461,,,15000,,,,
BRONX,608559,Store,AC,BAYCHESTER EXPRESS DELI INC,BAYCHESTER EXPRESS DELI,3929,BAYCHESTER AVE,BRONX,NY,10466,"{'type': 'Point', 'coordinates': [-73.84249, 40.88937]}",307,1400,,,-73.84249,40.88937
BRONX,608551,Store,AC,M&A GOURMET DELI INC,M&A GOURMET DELI,777,ALLERTON AVE,BRONX,NY,10467,"{'type': 'Point', 'coordinates': [-73.86427, 40.8655]}",307,1000,,,-73.86427,40.8655
BRONX,608547,Store,A,R & R CONVENIENT STORE LLC,R & R CONVENIENT STORE,4759,WHITE PLAINS RD,BRONX,NY,10470,"{'type': 'Point', 'coordinates': [-73.84955, 40.90506]}",307,1500,,,-73.84955,40.90506
BRONX,608541,Store,AC,QUICK HERO CITY DELI GROCERY INC,QUICK HERO CITY DELI GR,617,E FORDHAM RD,BRONX,NY,10458,"{'type': 'Point', 'coordinates': [-73.8846, 40.85832]}",307,0,,,-73.8846,40.85832
BRONX,608536,Store,A,DOLLAR RESORT INC,DOLLAR RESORT,190,EAST 167 ST ####,BRONX,NY,10456,"{'type': 'Point', 'coordinates': [-73.91713, 40.83421]}",307,0,,,-73.91713,40.83421
BRONX,608511,Store,AC,HARDING DELI AND GROCERY INC,HARDING DELI & GROCERY,3009,HARDING AVE,BRONX,NY,10465,"{'type': 'Point', 'coordinates': [-73.81197, 40.81658]}",307,2000,,,-73.81197,40.81658
BRONX,608508,Store,AC,RAFAEL JR FOOD CENTER CORP,RAFAEL JR FOOD CENTER,2701,DECATUR AVE,BRONX,NY,10458,"{'type': 'Point', 'coordinates': [-73.88872, 40.86491]}",307,2000,,,-73.88872,40.86491
BRONX,608493,Store,A,548 CANDY GROCERY CORP,548 CANDY GROCERY,548,E 138TH ST,BRONX,NY,10454,"{'type': 'Point', 'coordinates': [-73.91765, 40.80689]}",307,750,,,-73.91765,40.80689
BRONX,608488,Store,AC,242 DELI FOOD LLC,242 DELI FOOD,4781,WHITE PLAINS RD,BRONX,NY,10470,"{'type': 'Point', 'coordinates': [-73.84941, 40.90565]}",307,1200,,,-73.84941,40.90565
BRONX,608476,Store,AC,MEX DELI GROCERY CORP,MEX DELI GROCERY,576,E 187TH ST,BRONX,NY,10458,"{'type': 'Point', 'coordinates': [-73.88822, 40.8559]}",307,400,,,-73.88822,40.8559
BRONX,608464,Store,AC,BEST H&H INC,BEST H&H,4368-4370,WHITE PLAINS RD #7D,BRONX,NY,10466,"{'type': 'Point', 'coordinates': [-73.85502, 40.89764]}",307,3000,,,-73.85502,40.89764
BRONX,608454,Store,AC,MORRIS PARK CHOCOLATE DIST INC,CHOCOLATE PLACE,839,MORRIS PARK AVE,BRONX,NY,10462,"{'type': 'Point', 'coordinates': [-73.86133, 40.84622]}",307,1200,,,-73.86133,40.84622
BRONX,608451,Store,AC,219 FISH MARKET INC,219 FISH MARKET,219,ST ANNS AVE,BRONX,NY,10454,"{'type': 'Point', 'coordinates': [-73.91763, 40.8066]}",307,900,,,-73.91763,40.8066
BRONX,608418,Store,AC,OSCAR DELI GROCERY CORP,OSCAR DELI GROCERY,750,E 149TH ST,BRONX,NY,10455,"{'type': 'Point', 'coordinates': [-73.9079, 40.81299]}",307,1800,,,-73.9079,40.81299
BRONX,608416,Store,A,1439 CANDY DELI GROCERY INC,1439 CANDY DELI GROCERY,1439,WEBSTER AVE,BRONX,NY,10456,"{'type': 'Point', 'coordinates': [-73.90676, 40.83731]}",307,1500,,,-73.90676,40.83731
BRONX,608411,Store,AC,LA GONDOLA DELI GROCERY INC,LA GONDOLA DELI GROCERY,167,E 205TH ST  ####,BRONX,NY,10458,"{'type': 'Point', 'coordinates': [-73.88537, 40.87529]}",307,1150,,,-73.88537,40.87529
BRONX,608378,Store,AC,TRONCOSO DELI GROCERY CORP,TRONCOSO DELI GROCERY,590,SOUTHERN BLVD,BRONX,NY,10455,"{'type': 'Point', 'coordinates': [-73.90182, 40.81279]}",307,1800,,,-73.90182,40.81279
BRONX,608355,Store,AC,MCDAVE 1738 INC,MCDAVE 1738,2280,TILLOTSON AVE,BRONX,NY,10475,"{'type': 'Point', 'coordinates': [-73.82651, 40.88268]}",307,1000,,,-73.82651,40.88268
BRONX,608348,Store,ABC,BJS WHOLESALE CLUB INC,BJS WHOLESALE CLUB 176,610,EXTERIOR ST ######,BRONX,NY,10451,,,4000,,,,
BRONX,608343,Store,AC,TARGET CORPORATION,TARGET STORE T-2475,700,EXTERIOR ST,BRONX,NY,10451,"{'type': 'Point', 'coordinates': [-73.93048, 40.81998]}",307,4000,,,-73.93048,40.81998
BRONX,608339,Store,AC,GUERRERO ARENAS JOSUE,YOHANS DELI AND GROCERY,5995,RIVERDALE AVE,BRONX,NY,10471,"{'type': 'Point', 'coordinates': [-73.90372, 40.90838]}",307,600,,,-73.90372,40.90838
BRONX,608331,Store,AC,JHER INC,PELHAMBAY MINI MART,3287A,WESTCHESTER AVE ##,BRONX,NY,10461,"{'type': 'Point', 'coordinates': [-73.82731, 40.85305]}",307,1000,,,-73.82731,40.85305
BRONX,608286,Store,ABCHK,ZEPPIERI & SONS ITALIAN BAKERY INC,ZEPPIERI & SONS BAKERY,3004,BUHRE AVE.,BRONX,NY,10461,"{'type': 'Point', 'coordinates': [-73.83189, 40.84713]}",307,2000,,,-73.83189,40.84713
BRONX,608281,Store,AC,BMCB DELI GROCERY CORP,BMCB DELI GROCERY,931,CASTLE HILL AVE,BRONX,NY,10473,"{'type': 'Point', 'coordinates': [-73.84973, 40.82632]}",307,1100,,,-73.84973,40.82632
BRONX,608280,Store,AC,LISBETH FOOD CORP,LISBETH FOOD,1702,WATSON AVE,BRONX,NY,10472,"{'type': 'Point', 'coordinates': [-73.86984, 40.82721]}",307,2000,,,-73.86984,40.82721
BRONX,608279,Store,A,BARGAIN TEAM INC,BARGAIN TEAM,216,WILLIS AVE #####,BRONX,NY,10454,,,2500,,,,
BRONX,608256,Store,AC,901 BURKE DELI & GROCERY LLC,HM DELI AND GROCERY,901,BURKE AVE,BRONX,NY,10469,"{'type': 'Point', 'coordinates': [-73.86114, 40.87134]}",307,1000,,,-73.86114,40.87134
BRONX,608248,Store,AC,ALESRAA HALAL MEAT MARKET INC,ALESRAA HALAL MEAT MRKT,1903,WHITE PLAINS RD,BRONX,NY,10462,"{'type': 'Point', 'coordinates': [-73.86723, 40.84745]}",307,1000,,,-73.86723,40.84745
BRONX,608247,Store,ABC,MEXICANS GROCERY SANTA CRUZ CORP,MEXICANS GROCERY,245,WILLIS AVE,BRONX,NY,10454,"{'type': 'Point', 'coordinates': [-73.92257, 40.80955]}",307,750,,,-73.92257,40.80955
BRONX,608225,Store,AC,LA VINA FOOD CORP,LA VINA FOOD,89,W KINGSBRIDGE RD ####,BRONX,NY,10468,"{'type': 'Point', 'coordinates': [-73.90077, 40.86821]}",307,1600,,,-73.90077,40.86821
BRONX,608221,Store,AC,SWEET GROCERY & CANDY CORP,SWEET DELI&GROCERY,956,INTERVALE AVE,BRONX,NY,10459,"{'type': 'Point', 'coordinates': [-73.89688, 40.82166]}",307,1000,,,-73.89688,40.82166
BRONX,608215,Store,AC,1757 TJM FOOD CORP,FOOD UNIVERSE MARKETPLACE,1757,RANDALL AVE,BRONX,NY,10473,"{'type': 'Point', 'coordinates': [-73.86521, 40.81683]}",307,30000,,,-73.86521,40.81683
BRONX,608214,Store,AC,DERLYN FOOD CORP,DERLYN FOOD,150,WEST KINGSBRIDGE RD,BRONX,NY,10463,"{'type': 'Point', 'coordinates': [-73.90413, 40.87002]}",307,0,,,-73.90413,40.87002
BRONX,608213,Store,AC,RGS&ASSOCIATES INC,RIVERDALE GLATT SHOP,3540,JOHNSON AVE,BRONX,NY,10463,"{'type': 'Point', 'coordinates': [-73.90972, 40.88646]}",307,2000,,,-73.90972,40.88646
BRONX,608190,Store,AC,I&C DELI MINI MARKET CORP,I&C DELI MINI MARKET,531-533,E 183RD ST ####,BRONX,NY,10458,"{'type': 'Point', 'coordinates': [-73.89165, 40.85452]}",307,1500,,,-73.89165,40.85452
BRONX,608181,Store,AC,MAKEY DELI GROCERY #1 INC,MAKEY DELI GROCERY,2704,THIRD AVE,BRONX,NY,10454,"{'type': 'Point', 'coordinates': [-73.92217, 40.81371]}",307,1500,,,-73.92217,40.81371
BRONX,608155,Store,AC,111 MEAT & PRODUCE INC,FOOD UNIVERSE,111,DREISER LOOP ####,BRONX,NY,10475,"{'type': 'Point', 'coordinates': [-73.82817, 40.87704]}",307,25000,,,-73.82817,40.87704
BRONX,608154,Store,AC,2061 MEAT&PRODUCE INC,FOOD UNIVERSE,2061,BARTOW AVE ####,BRONX,NY,10475,"{'type': 'Point', 'coordinates': [-73.82816, 40.86958]}",307,20000,,,-73.82816,40.86958
BRONX,608153,Store,AC,119 MEAT&PRODUCE INC,FOOD UNIVERSE,119,EINSTEIN LOOP ####,BRONX,NY,10475,"{'type': 'Point', 'coordinates': [-73.8217, 40.86468]}",307,10000,,,-73.8217,40.86468
BRONX,608136,Store,A,TWO STARS EXPRESS GROCERY INC,TWO STARS EXPRESS GRCY,6A,E 167TH ST,BRONX,NY,10452,"{'type': 'Point', 'coordinates': [-73.92186, 40.83595]}",307,700,,,-73.92186,40.83595
BRONX,608135,Store,AC,CACHEO FOOD CORP,CACHEO FOOD,1011,SHERIDAN AVE,BRONX,NY,10456,"{'type': 'Point', 'coordinates': [-73.91954, 40.8293]}",307,1500,,,-73.91954,40.8293
BRONX,608129,Store,A,WALGREEN EASTERN CO INC,WALGREENS #12309,2504,EASTCHESTER RD,BRONX,NY,10469,"{'type': 'Point', 'coordinates': [-73.84342, 40.86298]}",307,5000,,,-73.84342,40.86298
BRONX,608127,Store,AC,ELDER AVE #2 GROCERY CORP,ELDER AVE #2 GROCERY,1206,ELDER AVE  ##,BRONX,NY,10472,"{'type': 'Point', 'coordinates': [-73.87925, 40.82893]}",307,1500,,,-73.87925,40.82893
BRONX,608106,Store,AC,VALENTINE FOOD CORP,VALENTINE FOOD,2840,VALENTINE AVE,BRONX,NY,10458,"{'type': 'Point', 'coordinates': [-73.89004, 40.86937]}",307,1000,./AKA 230 E198TH,,-73.89004,40.86937
BRONX,608046,Store,A,WALGREEN EASTERN CO INC,WALGREENS #10411,406,E FORDHAM RD,BRONX,NY,10458,"{'type': 'Point', 'coordinates': [-73.89107, 40.86154]}",307,7000,,,-73.89107,40.86154
BRONX,608019,Store,A,WALGREEN EASTERN CO INC,WALGREENS 11172,1371,METROPOLITAN AVE,BRONX,NY,10462,"{'type': 'Point', 'coordinates': [-73.8612, 40.83516]}",307,3000,,,-73.8612,40.83516
BRONX,607979,Store,AC,FOOD CHOICE NO 1 CORP,FOOD CHOICE NO 1,333,E 184TH ST,BRONX,NY,10458,"{'type': 'Point', 'coordinates': [-73.89627, 40.85834]}",307,1300,,,-73.89627,40.85834
BRONX,607967,Store,ACK,VINCENTS MEAT MARKET INC,VINCENTS MEAT MARKET,2374,ARTHUR AVE,BRONX,NY,10458,"{'type': 'Point', 'coordinates': [-73.88816, 40.8549]}",307,1000,,,-73.88816,40.8549
BRONX,607955,Store,AC,SABA QUALITY PLUS DELI INC,SABA QUALITY PLUS DELI,1183,CASTLE HILL AVE,BRONX,NY,10462,"{'type': 'Point', 'coordinates': [-73.851, 40.83176]}",307,1400,,,-73.851,40.83176
BRONX,607950,Store,AC,S&P MINI MARKET CORP,S&P MINI MARKET,270,E 165TH ST,BRONX,NY,10456,"{'type': 'Point', 'coordinates': [-73.9158, 40.82908]}",307,1100,,,-73.9158,40.82908
BRONX,607936,Store,AC,JSR DELI INC,JSR DELI,994,MORRIS PARK AVE,BRONX,NY,10462,"{'type': 'Point', 'coordinates': [-73.85639, 40.84804]}",307,1500,,,-73.85639,40.84804
BRONX,607931,Store,AC,H&M FOOD CORP I,H&M FOOD CORP,131,EINSTEIN LOOP,BRONX,NY,10475,"{'type': 'Point', 'coordinates': [-73.82195, 40.86433]}",307,2000,,,-73.82195,40.86433
BRONX,607919,Store,ABC,GAVA FOOD CORP,BRAVO SUPERMARKET,127,W BURNSIDE AVE,BRONX,NY,10453,"{'type': 'Point', 'coordinates': [-73.91418, 40.85386]}",307,5000,,,-73.91418,40.85386
BRONX,607918,Store,AC,GNP SUNIL CORP,GNP SUNIL,585,W 235TH ST,BRONX,NY,10463,"{'type': 'Point', 'coordinates': [-73.91119, 40.88588]}",307,1500,,,-73.91119,40.88588
BRONX,607910,Store,AC,NEW ERA FOODS ONE INC,C TOWN SUPERMARKET,668,CRESCENT AVE,BRONX,NY,10458,"{'type': 'Point', 'coordinates': [-73.8858, 40.8542]}",307,7000,,,-73.8858,40.8542
BRONX,607909,Store,A,JPS PETROLEUM INC,JPS PETROLEUM,4090,BOSTON RD,BRONX,NY,10475,"{'type': 'Point', 'coordinates': [-73.8282, 40.88551]}",307,1000,,,-73.8282,40.88551
BRONX,607893,Store,AC,OLOFIN SESAN,EKITI-KETE AFRICAN&CARRIBBEAN STORE,2700,WILLIAMSBRIDGE ROAD,BRONX,NY,10469,"{'type': 'Point', 'coordinates': [-73.8599, 40.8658]}",307,500,,,-73.8599,40.8658
BRONX,607890,Store,AC,AB INTERNATIONAL MARKET INC,AB INTERNATIONAL MARKET,2233-35,JEROME AVE,BRONX,NY,10453,"{'type': 'Point', 'coordinates': [-73.90444, 40.8575]}",307,2800,,,-73.90444,40.8575
BRONX,607888,Store,AC,SANTOS FISH MARKET INC,SANTOS FISH MARKET,2859,WHITE PLAINS RD,BRONX,NY,10467,"{'type': 'Point', 'coordinates': [-73.86724, 40.86765]}",307,1400,,,-73.86724,40.86765
BRONX,607880,Store,AC,PAOLA DELI GROCERY CORP,PAOLA DELI GROCERY,485,E 188TH ST,BRONX,NY,10458,"{'type': 'Point', 'coordinates': [-73.89049, 40.85835]}",307,1200,,,-73.89049,40.85835
BRONX,607876,Store,AC,NONGSA CORP,NONGSA FRUIT & VEG MKT,14,W 183RD ST,BRONX,NY,10453,"{'type': 'Point', 'coordinates': [-73.90454, 40.85858]}",307,1200,,,-73.90454,40.85858
BRONX,607867,Store,AC,ALLERTON DELI GROCERY INC,ALLERTON DELI GROCERY,801,ALLERTON AVE,BRONX,NY,10467,"{'type': 'Point', 'coordinates': [-73.86337, 40.86552]}",307,800,,,-73.86337,40.86552
BRONX,607865,Store,AC,207 ALANTE ALANTE DELI GRCY CORP,ALANTE ALANTE DELI GRCY,207,MT HOPE PL,BRONX,NY,10457,"{'type': 'Point', 'coordinates': [-73.90578, 40.84834]}",307,1000,,,-73.90578,40.84834
BRONX,607841,Store,AC,HJ FAMILY FOOD CORP,C TOWN,1580,UNION PORT RD,BRONX,NY,10462,"{'type': 'Point', 'coordinates': [-73.86197, 40.83983]}",307,12000,,,-73.86197,40.83983
BRONX,607837,Store,AC,HUB MEAT MARKET LLC,BUTCHERS CHOICE THE,448,E 149TH ST,BRONX,NY,10455,"{'type': 'Point', 'coordinates': [-73.91556, 40.81518]}",307,1400,,,-73.91556,40.81518
BRONX,607822,Store,AC,775 MENA GROCERY CORP,775 MENA GROCERY,775,LYDIG AVE ####,BRONX,NY,10462,"{'type': 'Point', 'coordinates': [-73.86455, 40.85443]}",307,1200,,,-73.86455,40.85443
BRONX,607815,Store,AC,MARINS GROCERY & CANDY STORE INC,MARINS GROCERY & CANDY,42,E167TH ST,BRONX,NY,10452,"{'type': 'Point', 'coordinates': [-73.92103, 40.83568]}",307,500,,,-73.92103,40.83568
BRONX,607810,Store,A,MOHAMED TALIM,S&T 99 & MORE,851,E 180TH ST,BRONX,NY,10460,"{'type': 'Point', 'coordinates': [-73.88376, 40.84564]}",307,2500,,,-73.88376,40.84564
BRONX,607804,Store,AC,20/20 CONVENIENCE STORE INC,20/20 CONVENIENCE STORE,400,E 161ST ST,BRONX,NY,10451,"{'type': 'Point', 'coordinates': [-73.91362, 40.82413]}",307,1200,,,-73.91362,40.82413
BRONX,607802,Store,AC,WEST GAS INC,ULTIMATE GAS,2276,WESTCHESTER AVE,BRONX,NY,10462,"{'type': 'Point', 'coordinates': [-73.84881, 40.83481]}",307,700,,,-73.84881,40.83481
BRONX,607800,Store,AC,N&I VENTURE CORP,CITGO MINI MART,6571,BROADWAY,BRONX,NY,10471,"{'type': 'Point', 'coordinates': [-73.89653, 40.90775]}",307,700,,,-73.89653,40.90775
BRONX,607793,Store,AC,EAST TREMONT DELI GROCERY 1 INC,EAST TREMONT DELI GRCY,660,E TREMONT AVE,BRONX,NY,10457,"{'type': 'Point', 'coordinates': [-73.89188, 40.84579]}",307,1100,,,-73.89188,40.84579
BRONX,607764,Store,AC,WEST EAST FOOD CORP,ASSOCIATED,35,RICHMAN PLAZA,BRONX,NY,10453,"{'type': 'Point', 'coordinates': [-73.92253, 40.85194]}",307,20000,,,-73.92253,40.85194
BRONX,607763,Store,A,A Z DISCOUNT INC,99 CENTS VALUE,3251,3RD AVE,BRONX,NY,10456,"{'type': 'Point', 'coordinates': [-73.90862, 40.82426]}",307,2000,,,-73.90862,40.82426
BRONX,607755,Store,ACHDK,WORLD WIDE DIRECT SEAFOOD LLC,WORLD WIDE DIRECT SEAFD,800,FOOD CENTER DR  UNIT 13,BRONX,NY,10474,"{'type': 'Point', 'coordinates': [-73.87625, 40.80434]}",307,5500,,,-73.87625,40.80434
BRONX,607747,Store,AC,G&R DELI CORP,G&R DELI,1928,WILLIAMSBRIDGE RD,BRONX,NY,10461,"{'type': 'Point', 'coordinates': [-73.85343, 40.85296]}",307,800,,,-73.85343,40.85296
BRONX,607723,Store,AC,SHAIBI ABDALLA M&NASR F A,STAR DELI GROCERY,188,"E 167TH ST, STORE#2",BRONX,NY,10456,"{'type': 'Point', 'coordinates': [-73.91727, 40.83426]}",307,1200,,,-73.91727,40.83426
BRONX,607719,Store,AC,SY STRAWBERRY FARMS AND GROCERY,SY STRAWBERRY FARMS,2403,WESTCHESTER AVE. ###,BRONX,NY,10461,"{'type': 'Point', 'coordinates': [-73.84628, 40.83716]}",307,1800,,,-73.84628,40.83716
BRONX,607716,Store,AC,CONVENIENCE MART CORP,CONVENIENCE MART,410,CITY ISLAND AVE,BRONX,NY,10464,"{'type': 'Point', 'coordinates': [-73.78762, 40.85]}",307,1000,,,-73.78762,40.85
BRONX,607709,Store,A,KRISHNA CONVENIENCE NY INC,LITTLE ANNIES,17,WESTCHESTER SQ,BRONX,NY,10461,"{'type': 'Point', 'coordinates': [-73.84333, 40.84069]}",307,1000,,,-73.84333,40.84069
BRONX,607701,Store,AC,LA CAMPINA DELI GROCERY INC,LA CAMPINA DELI GROCERY,802,MELROSE AVE,BRONX,NY,10451,"{'type': 'Point', 'coordinates': [-73.91477, 40.82245]}",307,1100,,,-73.91477,40.82245
BRONX,607685,Store,AC,TULCIMEX CORP,TULCIMEX DELI/GROCERY,1197A,BRYANT AVE ####,BRONX,NY,10459,"{'type': 'Point', 'coordinates': [-73.88901, 40.82893]}",307,900,,,-73.88901,40.82893
BRONX,607684,Store,AC,LA COLONIA FOOD INC,LA COLONIA FOOD,594,MORRIS AVE,BRONX,NY,10451,"{'type': 'Point', 'coordinates': [-73.9223, 40.81845]}",307,750,,,-73.9223,40.81845
BRONX,607617,Store,A,DISCOUNT BAZAAR INC,99 CENTS AMAZING,1181,WEBSTER AVE ###,BRONX,NY,10456,"{'type': 'Point', 'coordinates': [-73.9101, 40.83144]}",307,3000,,,-73.9101,40.83144
BRONX,607615,Store,AC,LOS HIJOS DEL CHORRO DELI GR CORP,LOS HIJOS DE CHORRO DEL,701-703,FAILE ST,BRONX,NY,10474,"{'type': 'Point', 'coordinates': [-73.88655, 40.81477]}",307,1400,,,-73.88655,40.81477
BRONX,607611,Store,A,705 FAMILY DISCOUNT CORP,705 FAMILY DISCOUNT,705,E GUN HILL  RD,BRONX,NY,10467,"{'type': 'Point', 'coordinates': [-73.86593, 40.87722]}",307,11000,,,-73.86593,40.87722
BRONX,607596,Store,AC,MANUEL MINI MART CORP,MANUEL MINI MART,481,E 180TH ST,BRONX,NY,10457,"{'type': 'Point', 'coordinates': [-73.89546, 40.85143]}",307,1000,,,-73.89546,40.85143
BRONX,607590,Store,ACD,FAL AISSATOU,IMPORT&EXPORT FAL,1466,INWOOD AVE,BRONX,NY,10452,"{'type': 'Point', 'coordinates': [-73.91781, 40.84208]}",307,250,,,-73.91781,40.84208
BRONX,607569,Store,AC,BOSTON RD GAS INC,BP GAS,2475,BOSTON RD #######,BRONX,NY,10467,,,1100,,,,
BRONX,607554,Store,A,DOLLAR TREE STORES INC,DOLLAR TREE #3788,2641,E TREMONT AVE,BRONX,NY,10461,"{'type': 'Point', 'coordinates': [-73.84622, 40.84294]}",307,14000,,,-73.84622,40.84294
BRONX,607552,Store,ACD,ROYAL AFRICAN & CARIBBEAN FOOD INC,ROYAL AFRICAN & CARIBBEAN FOOD,2957,WEBSTER AVE,BRONX,NY,10458,"{'type': 'Point', 'coordinates': [-73.88318, 40.86753]}",307,3000,,,-73.88318,40.86753
BRONX,607551,Store,AC,EUROPEAN FRESH PRODUCE INC,EUROPEAN FRESH PRODUCE,720,LYDIG AVE.,BRONX,NY,10462,"{'type': 'Point', 'coordinates': [-73.86698, 40.85449]}",307,1000,,,-73.86698,40.85449
BRONX,607547,Store,AC,MEGA SEAFOOD CORP,MEGA SEAFOOD,1181,MORRISON AVE,BRONX,NY,10472,"{'type': 'Point', 'coordinates': [-73.87443, 40.82895]}",307,1200,,,-73.87443,40.82895
BRONX,607508,Store,AC,FIFTH TOWER GROCERY CORP,COMPARE SUPERMARKET,1091,BOSTON RD,BRONX,NY,10456,"{'type': 'Point', 'coordinates': [-73.90512, 40.82708]}",307,2000,,,-73.90512,40.82708
BRONX,607498,Store,AC,T FAMOUS GOURMET DELI CORP,T FAMOUS GOURMET DELI CORP,34-31,BAYCHESTER AVE,BRONX,NY,10469,,,1800,,,,
BRONX,607475,Store,A,ALI RAMI O & HAIMED FAWAZ A M,MOSES CANDY & GROCERY,682,ALLERTON AVE,BRONX,NY,10467,"{'type': 'Point', 'coordinates': [-73.86804, 40.86544]}",307,900,,,-73.86804,40.86544
BRONX,607459,Store,AC,168TH SUPERIOR MARKET INC,168TH SUPERIOR MARKET,108,W 168TH ST,BRONX,NY,10452,"{'type': 'Point', 'coordinates': [-73.92469, 40.83831]}",307,1300,,,-73.92469,40.83831
BRONX,607438,Store,AC,MELO BAEZ #2 CORP,MELO BAEZ #2,321,E 166TH ST,BRONX,NY,10456,"{'type': 'Point', 'coordinates': [-73.91375, 40.8299]}",307,1500,,,-73.91375,40.8299
BRONX,607421,Store,AC,VILLA JUANA PRODUCE INC,FRESH CITY MARKET,2477-2481,VALENTINE AVE,BRONX,NY,10458,"{'type': 'Point', 'coordinates': [-73.89617, 40.86157]}",307,4000,,,-73.89617,40.86157
BRONX,607395,Store,AC,HERNANDEZ GABRIEL,EL PASO DELI,721,VAN NEST AVE,BRONX,NY,10462,"{'type': 'Point', 'coordinates': [-73.8648, 40.84393]}",307,800,,,-73.8648,40.84393
BRONX,607360,Store,A,TOTAL CARE PHARMACY BX INC,TOTAL CARE PHARMACY,1721,CROSBY AVE,BRONX,NY,10461,"{'type': 'Point', 'coordinates': [-73.83152, 40.84582]}",307,1800,,,-73.83152,40.84582
BRONX,607339,Store,AC,SIN & SIN MANAGEMENT INC,PALM TREE MARKET PLACE,3717,BOSTON POST RD,BRONX,NY,10466,"{'type': 'Point', 'coordinates': [-73.84099, 40.88042]}",307,17000,,,-73.84099,40.88042
BRONX,607336,Store,A,FAMILY DOLLAR STORES OF NEW YORK LLC,FAMILY DOLLAR STORE #26745,1315,BOSTON RD,BRONX,NY,10456,"{'type': 'Point', 'coordinates': [-73.89945, 40.83168]}",307,3000,,,-73.89945,40.83168
BRONX,607335,Store,A,FAMILY DOLLAR STORES OF NEW YORK LLC,FAMILY DOLLAR #7031,910,RIVER AVE,BRONX,NY,10452,"{'type': 'Point', 'coordinates': [-73.92544, 40.82881]}",307,2000,,,-73.92544,40.82881
BRONX,607329,Store,A,FAMILY DOLLAR STORES OF NEW YORK LLC,FAMILY DOLLAR #6851,1081,OGDEN AVE,BRONX,NY,10452,"{'type': 'Point', 'coordinates': [-73.92809, 40.83522]}",307,2000,,,-73.92809,40.83522
BRONX,607328,Store,A,FAMILY DOLLAR STORES OF NEW YORK LLC,FAMILY DOLLAR #6737,1227,WEBSTER AVE,BRONX,NY,10456,"{'type': 'Point', 'coordinates': [-73.9095, 40.83249]}",307,3000,,,-73.9095,40.83249
BRONX,607326,Store,A,FAMILY DOLLAR STORES OF NEW YORK LLC,FAMILY DOLLAR #6112,2301,JEROME AVE,BRONX,NY,10468,"{'type': 'Point', 'coordinates': [-73.90339, 40.85924]}",307,10000,,,-73.90339,40.85924
BRONX,607324,Store,A,FAMILY DOLLAR STORES OF NEW YORK LLC,FAMILY DOLLAR #5364,2105,CLINTON AVE,BRONX,NY,10457,"{'type': 'Point', 'coordinates': [-73.88759, 40.84786]}",307,4000,,,-73.88759,40.84786
BRONX,607315,Store,AC,TU GENTE DELI & GROCERY CORP,TU GENTE DELI & GROCERY,1801,UNIVERSITY AVE,BRONX,NY,10453,"{'type': 'Point', 'coordinates': [-73.91514, 40.85075]}",307,1500,,,-73.91514,40.85075
BRONX,607313,Store,AC,DELI MINI MARKET CORP,DELI MINI MARKET,1472,INWOOD AVE. ###,BRONX,NY,10452,"{'type': 'Point', 'coordinates': [-73.91774, 40.84218]}",307,1100,,,-73.91774,40.84218
BRONX,607302,Store,AC,FRIENDS HALAL MEAT SUPERMRKT INC,FRIENDS HALAL MT SPRMKT,2100,STARLING AVE,BRONX,NY,10462,"{'type': 'Point', 'coordinates': [-73.85495, 40.83607]}",307,1800,,,-73.85495,40.83607
BRONX,607301,Store,ABC,DANS SUPREME SUPERMARKETS INC,KEY FOOD 1515,540,W 235TH ST #######,BRONX,NY,10463,,,25000,,,,
BRONX,607296,Store,AC,2031 WEBSTER FOOD CORP,2031 WEBSTER FOOD,2031,WEBSTER AVE,BRONX,NY,10457,"{'type': 'Point', 'coordinates': [-73.89907, 40.85081]}",307,1200,,,-73.89907,40.85081
BRONX,607283,Store,AC,TONY FRUITS & GROCERY CORP,TONY FRUITS & GROCERY,1004,E 174TH ST,BRONX,NY,10460,"{'type': 'Point', 'coordinates': [-73.88445, 40.83625]}",307,1100,,,-73.88445,40.83625
BRONX,607270,Store,AC,TRES K DELI GRCY FRUIT&MEAT INC,TRES K DELI GRCY FRT&MT,125,W TREMONT AVE,BRONX,NY,10453,"{'type': 'Point', 'coordinates': [-73.9134, 40.85003]}",307,1200,,,-73.9134,40.85003
BRONX,607261,Store,AC,EMPORIUM SUPERMARKET CORP,FOOD UNIVERSE #2368,148,E 170TH ST,BRONX,NY,10452,"{'type': 'Point', 'coordinates': [-73.9146, 40.83893]}",307,8000,,,-73.9146,40.83893
BRONX,607249,Store,AC,COMMUNITY DELI FOOD MARKET CORP,COMMUNITY DELI FOOD MKT,3861,CARPENTER AVE,BRONX,NY,10467,"{'type': 'Point', 'coordinates': [-73.86473, 40.88618]}",307,1100,,,-73.86473,40.88618
BRONX,607238,Store,AD,JFP BEER DISTRIBUTORS INC,GUN HILL BEER DIS,2850,MICKLE AVE,BRONX,NY,10469,"{'type': 'Point', 'coordinates': [-73.84066, 40.86764]}",307,0,,,-73.84066,40.86764
BRONX,607207,Store,AC,JASPERS DELI INC,JASPERS DELI,434,W 238TH ST,BRONX,NY,10463,"{'type': 'Point', 'coordinates': [-73.90455, 40.88717]}",307,1500,,,-73.90455,40.88717
BRONX,607185,Store,AC,JOSE DELI GROCERY CORP,JOSE DELI GROCERY,221,ST ANNS AVE,BRONX,NY,10454,"{'type': 'Point', 'coordinates': [-73.91725, 40.80716]}",307,2000,,,-73.91725,40.80716
BRONX,607173,Store,AC,FARHADI SEAN,7 ELEVEN STORE 32201B,3508,E TREMONT AVE. ###,BRONX,NY,10465,"{'type': 'Point', 'coordinates': [-73.82683, 40.83109]}",307,2000,,,-73.82683,40.83109
BRONX,607162,Store,AC,ST PETERS FOOD CENTER CORP,ST PETERS FOOD CENTER,1484,ST PETERS AVE,BRONX,NY,10461,"{'type': 'Point', 'coordinates': [-73.84621, 40.83964]}",307,1000,,,-73.84621,40.83964
BRONX,607152,Store,ABC,EATWELL BAKERY&RESTAURANT INC,EATWELL BAKERY&RESTRNT,1658,CASTLE HILL AVE,BRONX,NY,10462,"{'type': 'Point', 'coordinates': [-73.85275, 40.83922]}",307,1800,,,-73.85275,40.83922
BRONX,607147,Store,AC,EVOLUTION GOURMET DELI CORP,EVOLUTION GOURMET,923,PROSPECT AVE,BRONX,NY,10459,"{'type': 'Point', 'coordinates': [-73.90071, 40.82185]}",307,0,,,-73.90071,40.82185
BRONX,607119,Store,AC,ROSARIO DELI MARKET CORP,ROSARIO DELI MARKET,831,150TH ST,BRONX,NY,10455,"{'type': 'Point', 'coordinates': [-73.90486, 40.81321]}",307,1000,,,-73.90486,40.81321
BRONX,607109,Store,AC,EVANS JOSEPH,TRY FRUIT&VEGETABLE,4237,WHITE PLAINS RD,BRONX,NY,10466,"{'type': 'Point', 'coordinates': [-73.85669, 40.89465]}",307,1800,,,-73.85669,40.89465
BRONX,607102,Store,ACHDK,TEITEL REALTY CORP,TEITEL BROS WAREHOUSE,2359,ARTHUR AVE #####,BRONX,NY,10458,,,1000,,,,
BRONX,607095,Store,AC,MANGO GROCERY&MEAT MARKET CORP,MANGO GROCERY&MEAT,101,E 196TH ST,BRONX,NY,10468,"{'type': 'Point', 'coordinates': [-73.89402, 40.86833]}",307,2500,,,-73.89402,40.86833
BRONX,607090,Store,AC,1296 SHERIDAN DELI GROCERY CORP,1296 SHERIDAN DELI GRCR,1296,SHERIDAN AVE ##,BRONX,NY,10456,"{'type': 'Point', 'coordinates': [-73.91466, 40.83615]}",307,1500,,,-73.91466,40.83615
BRONX,607075,Store,AC,JAIJAIRAM JULIET,S&K WORLD OF SPICE,4404,WHITE PLAINS RD #######,BRONX,NY,10470,,,1100,,,,
BRONX,607052,Store,AC,VENTURA-ALCANTARA LEIDY,LEIDY DELI GROCERY,501,E 176TH ST,BRONX,NY,10457,"{'type': 'Point', 'coordinates': [-73.89748, 40.84556]}",307,1000,,,-73.89748,40.84556
BRONX,607045,Store,AC,DORKA GROCERY CORP,DORKA GROCERY STORE,963,TELLER AVE ###,BRONX,NY,10456,"{'type': 'Point', 'coordinates': [-73.91512, 40.8269]}",307,1000,,,-73.91512,40.8269
BRONX,607033,Store,AC,CHO KYUWON,7-ELEVEN STORE 32116C,1590,HUTCHINSON RIVER PKWY####,BRONX,NY,10461,"{'type': 'Point', 'coordinates': [-73.8368, 40.84352]}",307,3000,,,-73.8368,40.84352
BRONX,607007,Store,A,FRASCA ROSA,ROSA FRASCA GROCERY,1028,MORRIS PARK AVE,BRONX,NY,10461,"{'type': 'Point', 'coordinates': [-73.85518, 40.84859]}",307,2000,,,-73.85518,40.84859
BRONX,607001,Store,AC,MANUEL DELI GROCERY CORP,MANUEL DELI GROCERY,625,E 137TH ST,BRONX,NY,10454,"{'type': 'Point', 'coordinates': [-73.91599, 40.80531]}",307,1500,,,-73.91599,40.80531
BRONX,606997,Store,AC,BROOK MI PUEBLO MEXICAN DELI CORP,LA MEXICANA MT MKT & MI,245,BROOK AVE  STORE 8&9,BRONX,NY,10454,"{'type': 'Point', 'coordinates': [-73.91891, 40.80808]}",307,1800,,,-73.91891,40.80808
BRONX,606987,Store,AC,DIA DELI GROCERY CORP,DIA DELI GROCERY,1155,E TREMONT AVE ###,BRONX,NY,10460,"{'type': 'Point', 'coordinates': [-73.87529, 40.8399]}",307,1000,,,-73.87529,40.8399
BRONX,606972,Store,A,SH&NAGA INC,SH&NAGA,3120,BAINBRIDGE AVE,BRONX,NY,10467,"{'type': 'Point', 'coordinates': [-73.87933, 40.87423]}",307,800,,,-73.87933,40.87423
BRONX,606960,Store,AC,UNCLE MIKES RAVIOLI CO INC,PASTOSA RAVIOLI,3812,E TREMONT AVE,BRONX,NY,10465,"{'type': 'Point', 'coordinates': [-73.82045, 40.82487]}",307,2500,,,-73.82045,40.82487
BRONX,606939,Store,AC,RELLA MICHAEL & SERVEDIO PETER,PETERS MEAT MARKET,2344,ARTHUR AVE,BRONX,NY,10458,"{'type': 'Point', 'coordinates': [-73.8886, 40.85436]}",307,500,,,-73.8886,40.85436
BRONX,606919,Store,AC,MAYOR JOSE F,LICEY DELI GROCERY,1493,ZEREGA AVE,BRONX,NY,10462,"{'type': 'Point', 'coordinates': [-73.84831, 40.8379]}",307,1100,,,-73.84831,40.8379
BRONX,606911,Store,AC,CAMSENA MEAT CORP,MET FOOD,277,E 198TH ST,BRONX,NY,10458,"{'type': 'Point', 'coordinates': [-73.88849, 40.86868]}",307,10000,,,-73.88849,40.86868
BRONX,606908,Store,AC,3600 BRONXWOOD FOOD CENTER CORP,3600 BRONXWOOD FOOD CTR,3600,BRONXWOOD AVE,BRONX,NY,10469,"{'type': 'Point', 'coordinates': [-73.85924, 40.87786]}",307,1000,,,-73.85924,40.87786
BRONX,606881,Store,AC,FRUTERIA DE VALLE CORP,FRUTERIA DE VALLE,74,W 183RD ST,BRONX,NY,10453,"{'type': 'Point', 'coordinates': [-73.90672, 40.85933]}",307,800,,,-73.90672,40.85933
BRONX,606860,Store,ACH,SUNLIFE TOTAL HEALTH INC,SUNLIFE HEALTH FOOD,4060,WHITE PLAINS RD,BRONX,NY,10466,"{'type': 'Point', 'coordinates': [-73.85913, 40.89026]}",307,1400,,,-73.85913,40.89026
BRONX,606849,Store,ABC,LA LUPITA CORP,LA LUPITA,2058,WALLACE AVE,BRONX,NY,10462,"{'type': 'Point', 'coordinates': [-73.86489, 40.85196]}",307,1600,,,-73.86489,40.85196
BRONX,606842,Store,AC,COFACI FOODS INC,COFACI FOODS,436,BROOK AVE,BRONX,NY,10454,"{'type': 'Point', 'coordinates': [-73.91659, 40.81211]}",307,2500,,,-73.91659,40.81211
BRONX,606834,Store,AC,JENNINGS FRUITS&VEGETABLES INC,JENNINGS FRUITS&VEGTBLS,937,JENNINGS ST,BRONX,NY,10460,"{'type': 'Point', 'coordinates': [-73.89013, 40.83221]}",307,600,,,-73.89013,40.83221
BRONX,606820,Store,A,FAMILY DOLLAR STORES OF NEW YORK LLC,FAMILY DOLLAR #7270,2863,WEBSTER AVE,BRONX,NY,10458,"{'type': 'Point', 'coordinates': [-73.88419, 40.86693]}",307,3000,,,-73.88419,40.86693
BRONX,606816,Store,ACD,M&L MEAT MARKET LLC,C TOWN SUPERMARKETS,3970,LACONIA AVE,BRONX,NY,10466,"{'type': 'Point', 'coordinates': [-73.84936, 40.88413]}",307,2500,,,-73.84936,40.88413
BRONX,606808,Store,AC,SAYES DELI GROCERY CORP,SAYES DELI GROCERY,1309,WEST FARMS RD,BRONX,NY,10459,"{'type': 'Point', 'coordinates': [-73.88728, 40.82954]}",307,1000,,,-73.88728,40.82954
BRONX,606785,Store,AC,B-A DELI MART INC,STOP ONE,1360,E GUN HILL RD####,BRONX,NY,10469,"{'type': 'Point', 'coordinates': [-73.84611, 40.87041]}",307,1700,,,-73.84611,40.87041
BRONX,606782,Store,ABCK,CAKE MASTERS LTD,CAKE MASTERS,1212,BROOK AVE,BRONX,NY,10456,"{'type': 'Point', 'coordinates': [-73.90913, 40.83135]}",307,3500,,,-73.90913,40.83135
BRONX,606778,Store,AC,TEAMS MARKET INC,KEY FOOD,1791,WALTON AVE,BRONX,NY,10453,"{'type': 'Point', 'coordinates': [-73.90991, 40.848]}",307,10000,,,-73.90991,40.848
BRONX,606753,Store,AC,RODRIQUEZ LUIS,LUIS DELI GROCERY,1569,HOE AVE,BRONX,NY,10460,"{'type': 'Point', 'coordinates': [-73.88791, 40.83525]}",307,1200,,,-73.88791,40.83525
BRONX,606738,Store,AC,MEJIA MINI MARKET CORP,CASTILLO FAMILY GROCERY,1010,LONGWOOD AVE,BRONX,NY,10459,"{'type': 'Point', 'coordinates': [-73.89683, 40.81668]}",307,1500,,,-73.89683,40.81668
BRONX,606704,Store,AC,LR 80 DELI & GROCERY INC,L.R. 80 DELI & GROCERY,80,W KINGSBRIDGE RD ####,BRONX,NY,10468,"{'type': 'Point', 'coordinates': [-73.90043, 40.86813]}",307,850,,,-73.90043,40.86813
BRONX,606703,Store,AC,TEO FOOD CORP,ASSOCIATED SUPERMARKET,206,E 167TH ST,BRONX,NY,10456,"{'type': 'Point', 'coordinates': [-73.91642, 40.83395]}",307,15000,,,-73.91642,40.83395
BRONX,606690,Store,AC,F&K FOOD CENTER CORP,F&K FOOD CENTER,2837-2839,GRAND CONCOURSE,BRONX,NY,10468,"{'type': 'Point', 'coordinates': [-73.89133, 40.87009]}",307,2000,,,-73.89133,40.87009
BRONX,606667,Store,AC,MELO PABLO,MAMA FIFI GROCERY,595,TAYLOR AVE,BRONX,NY,10473,"{'type': 'Point', 'coordinates': [-73.86201, 40.81732]}",307,1200,,,-73.86201,40.81732
BRONX,606652,Store,AC,LA REYNA MINI MARKET CORP,LA REYNA MINI MARKET,3224,YATES AVE,BRONX,NY,10469,"{'type': 'Point', 'coordinates': [-73.85456, 40.87212]}",307,1100,,,-73.85456,40.87212
BRONX,606638,Store,AC,GREEN TERMINAL LLC,GREEN TERMINAL,3010,RIVERDALE AVE,BRONX,NY,10463,"{'type': 'Point', 'coordinates': [-73.91014, 40.88059]}",307,700,,,-73.91014,40.88059
BRONX,606630,Store,AC,DELI FARMS CORP,DELI FARMS,850,LONGWOOD AVE,BRONX,NY,10459,"{'type': 'Point', 'coordinates': [-73.90144, 40.81944]}",307,2000,,,-73.90144,40.81944
BRONX,606620,Store,A,DOLLAR TREE STORES INC,DOLLAR TREE 3096,2047,BARTOW AVE,BRONX,NY,10475,"{'type': 'Point', 'coordinates': [-73.82944, 40.86942]}",307,6000,,,-73.82944,40.86942
BRONX,606619,Store,AC,FELINO GROCERY CORP,FELINO GROCERY,1836,ANTHONY AVE ###,BRONX,NY,10457,"{'type': 'Point', 'coordinates': [-73.90367, 40.84756]}",307,1500,,,-73.90367,40.84756
BRONX,606596,Store,AC,ROSSI MICHAEL,ASTOR PRIME MEATS,1117,ASTOR AVE,BRONX,NY,10469,"{'type': 'Point', 'coordinates': [-73.85513, 40.85975]}",307,1000,,,-73.85513,40.85975
BRONX,606559,Store,AC,DNJ FOOD CORP,PRICE CHOICE,807,E TREMONT AVE,BRONX,NY,10460,"{'type': 'Point', 'coordinates': [-73.88747, 40.84361]}",307,2500,,,-73.88747,40.84361
BRONX,606557,Store,AC,GENOVEVA DE LA CRUZ-FIGUEROA,DE LA CRUZ DELI GROCERY,694,E 141ST ST,BRONX,NY,10454,"{'type': 'Point', 'coordinates': [-73.91254, 40.80724]}",307,750,,,-73.91254,40.80724
BRONX,606538,Store,AC,BOGOPA BRUCKNER INC,FOOD BAZAAR,1630,BRUCKNER BLVD #####,BRONX,NY,10473,,,35000,,,,
BRONX,606479,Store,AC,MATANZA DELI GROCERY CORP,MATANZA DELI GROCERY,4027A,LACONIA AVE,BRONX,NY,10466,"{'type': 'Point', 'coordinates': [-73.84824, 40.88578]}",307,1500,,,-73.84824,40.88578
BRONX,606478,Store,AC,LORENA DELI&GROCERY INC,LORENA DELI&GROCERY,611,E 183RD ST,BRONX,NY,10458,"{'type': 'Point', 'coordinates': [-73.88882, 40.85295]}",307,1100,,,-73.88882,40.85295
BRONX,606474,Store,AC,LOS CUATRO HERMANOS GROCERY INC,SUPER DELI& GRCY STORE,740,E 149TH ST  ##,BRONX,NY,10455,"{'type': 'Point', 'coordinates': [-73.90833, 40.81308]}",307,1000,,,-73.90833,40.81308
BRONX,606469,Store,AC,NEW MORRIS DELI GROCERY INC,NEW MORRIS DELI GROCERY,744,MORRIS PARK AVE,BRONX,NY,10462,"{'type': 'Point', 'coordinates': [-73.86444, 40.84557]}",307,1600,,,-73.86444,40.84557
BRONX,606449,Store,AC,IVOIRE AFRICAN MARKET INC,IVOIRE AFRICAN MARKET,1339,PROSPECT AVE S1,BRONX,NY,10459,"{'type': 'Point', 'coordinates': [-73.89746, 40.82967]}",307,1500,,,-73.89746,40.82967
BRONX,606405,Store,AC,SANBRA AFRICAN MARKET LLC,SANBRA AFRICAN MARKET,861,E TREMONT AVE,BRONX,NY,10460,"{'type': 'Point', 'coordinates': [-73.88636, 40.84306]}",307,1200,,,-73.88636,40.84306
BRONX,606396,Store,AC,CONTENTO FOOD CENTER INC,CONTENTO FOOD CENTER,1999,UNIVERSITY AVE,BRONX,NY,10453,"{'type': 'Point', 'coordinates': [-73.91135, 40.85469]}",307,1200,,,-73.91135,40.85469
BRONX,606390,Store,AC,AS & R PETROLEUM INC,SUNOCO,5914,RIVERDALE AVE,BRONX,NY,10471,"{'type': 'Point', 'coordinates': [-73.90394, 40.90754]}",307,500,,,-73.90394,40.90754
BRONX,606363,Store,AC,IGUA FOOD CORP,CHERRY VALLEY MARKETPLACE,421,E 189TH ST,BRONX,NY,10458,"{'type': 'Point', 'coordinates': [-73.89188, 40.86024]}",307,6000,,,-73.89188,40.86024
BRONX,606350,Store,AC,BRONX GOURMET FOOD CORP,BRONX GOURMET FOOD,921A,E 180TH ST,BRONX,NY,10460,"{'type': 'Point', 'coordinates': [-73.88123, 40.84435]}",307,1500,,,-73.88123,40.84435
BRONX,606339,Store,AC,CCA FOOD CORP,CCA FOOD,1623,E 172ND ST,BRONX,NY,10472,"{'type': 'Point', 'coordinates': [-73.875, 40.83178]}",307,1200,,,-73.875,40.83178
BRONX,606299,Store,AC,AMERICAN ALBANIAN DELI GRCY INC,AMERICAN ALBANIAN DELI,745,ASTOR AVE. ###,BRONX,NY,10467,"{'type': 'Point', 'coordinates': [-73.86575, 40.85959]}",307,1000,,,-73.86575,40.85959
BRONX,606275,Store,AC,ABREU LUIS,ABREUS GROCERY,773A,E 169TH ST,BRONX,NY,10456,"{'type': 'Point', 'coordinates': [-73.89959, 40.83071]}",307,1200,,,-73.89959,40.83071
BRONX,606270,Store,AC,M&G FOOD CORP,M&G FOOD,391,E 167TH ST,BRONX,NY,10456,"{'type': 'Point', 'coordinates': [-73.91109, 40.83093]}",307,1200,,,-73.91109,40.83093
BRONX,606243,Store,AC,LEE YOON BEON,YOONS FISH MARKET,79,W KINGSBRIDGE RD ####,BRONX,NY,10468,"{'type': 'Point', 'coordinates': [-73.90045, 40.86814]}",307,700,,,-73.90045,40.86814
BRONX,606228,Store,AC,1029 FOOD PLAZA INC,1029 FOOD PLAZA,122,E 181ST ST,BRONX,NY,10453,"{'type': 'Point', 'coordinates': [-73.90297, 40.85477]}",307,2000,,,-73.90297,40.85477
BRONX,606222,Store,AC,RINCON GROCERY & DELI INC,RINCON GROCERY & DELI,3047,3RD AVE,BRONX,NY,10451,"{'type': 'Point', 'coordinates': [-73.913, 40.82023]}",307,2100,,,-73.913,40.82023
BRONX,606220,Store,AC,CRUZ MEAT CORP,PIONEER SUPERMARKET,2262,JEROME AVE,BRONX,NY,10453,"{'type': 'Point', 'coordinates': [-73.90391, 40.85837]}",307,5000,,,-73.90391,40.85837
BRONX,606216,Store,AC,JONY FOOD CORP,JONY FOOD,2487,UNIVERSITY AVE ##,BRONX,NY,10468,"{'type': 'Point', 'coordinates': [-73.90339, 40.8652]}",307,1100,,,-73.90339,40.8652
BRONX,606201,Store,A,WALGREEN EASTERN CO INC,WALGREENS 07627,3575,BOSTON RD,BRONX,NY,10469,"{'type': 'Point', 'coordinates': [-73.84383, 40.87905]}",307,1500,,,-73.84383,40.87905
BRONX,606156,Store,AC,D&A 724 FOOD CORP,FOOD UNIVERSE,724,HUNTS PT AVE,BRONX,NY,10474,"{'type': 'Point', 'coordinates': [-73.88669, 40.81536]}",307,8000,,,-73.88669,40.81536
BRONX,606151,Store,AC,CACHET DELI FOOD CORP,CACHET DELI FOOD,1425,MACOMBS RD,BRONX,NY,10452,"{'type': 'Point', 'coordinates': [-73.91763, 40.84134]}",307,800,,,-73.91763,40.84134
BRONX,606115,Store,A,DHAKA DISCOUNT&GROCERY INC,DHAKA DISCOUNT&GROCERY,281,E 204TH ST,BRONX,NY,10467,"{'type': 'Point', 'coordinates': [-73.87913, 40.87356]}",307,1200,,,-73.87913,40.87356
BRONX,606112,Store,AC,JAS GROCERY STORE INC,JAS GROCERY STORE,1792,WESTCHESTER AVE,BRONX,NY,10472,"{'type': 'Point', 'coordinates': [-73.8668, 40.83179]}",307,3000,,,-73.8668,40.83179
BRONX,606071,Store,ABC,JLT 156 FOOD CORP,BRAVO SUPERMARKET,156,W 170TH ST,BRONX,NY,10452,"{'type': 'Point', 'coordinates': [-73.92455, 40.84137]}",307,8000,,,-73.92455,40.84137
BRONX,605957,Store,AC,12E 196TH STREET FOOD INC,12E 196TH STREET FOOD,12E,196TH ST,BRONX,NY,10468,"{'type': 'Point', 'coordinates': [-73.89548, 40.86897]}",307,1800,,,-73.89548,40.86897
BRONX,605928,Store,ABC,1040 SHERMAN AVENUE SUPERMKT INC,C TOWN,1040,SHERMAN AVE,BRONX,NY,10456,"{'type': 'Point', 'coordinates': [-73.918, 40.83019]}",307,16000,,,-73.918,40.83019
BRONX,605866,Store,ABC,KINGSBRIDGE MARKETPLACE CORP,FOODTOWN,5555,BROADWAY,BRONX,NY,10463,"{'type': 'Point', 'coordinates': [-73.90511, 40.87853]}",307,20000,,,-73.90511,40.87853
BRONX,605860,Store,ACDK,GIORDANOS BIG G INC,GIORDANOS BIG G,1554,PAULDING AVE,BRONX,NY,10462,"{'type': 'Point', 'coordinates': [-73.8522, 40.84424]}",307,5000,,,-73.8522,40.84424
BRONX,605856,Store,AC,RIVERDALE GOURMET INC,RIVERDALE GOURMET,3543,RIVERDALE AVE,BRONX,NY,10463,"{'type': 'Point', 'coordinates': [-73.90703, 40.88639]}",307,1200,,,-73.90703,40.88639
BRONX,605830,Store,AC,ABDULKADER RASHAD A & WADAH A,REEMYS DELI&CONVENIENCE,1669,METROPOLITAN AVE,BRONX,NY,10462,"{'type': 'Point', 'coordinates': [-73.85549, 40.84053]}",307,1000,,,-73.85549,40.84053
BRONX,605815,Store,AC,1221 FTELEY FOOD CORP,FINE FARE SUPERMARKET,1221,FTELEY AVE,BRONX,NY,10472,"{'type': 'Point', 'coordinates': [-73.87174, 40.83007]}",307,12000,,,-73.87174,40.83007
BRONX,605801,Store,AC,383 CAPELLAN GROCERY CORP,383 CAPELLAN GROCERY,383,E 138TH ST,BRONX,NY,10454,"{'type': 'Point', 'coordinates': [-73.92332, 40.8093]}",307,1200,,,-73.92332,40.8093
BRONX,605786,Store,AC,CASA DELLA MOZZ ITALIAN DELI INC,CASA DELLA MOZZARELLA,604,E 187TH ST,BRONX,NY,10458,"{'type': 'Point', 'coordinates': [-73.88732, 40.85543]}",307,1600,,,-73.88732,40.85543
BRONX,605776,Store,AC,1170 WEBSTER AVE MEAT INC,WEBSTER MEAT FARM,1170,WEBSTER AVE,BRONX,NY,10456,"{'type': 'Point', 'coordinates': [-73.91043, 40.83084]}",307,2300,,,-73.91043,40.83084
BRONX,605747,Store,ABC,S&W SUPERMARKET INC,S&W SUPERMARKET,4028,E TREMONT AVE,BRONX,NY,10465,"{'type': 'Point', 'coordinates': [-73.81755, 40.81957]}",307,3000,,,-73.81755,40.81957
BRONX,605696,Store,ABC,WESTERN BEEF RETAIL INC,WESTERN BEEF 10,301,MORRIS AVE,BRONX,NY,10451,"{'type': 'Point', 'coordinates': [-73.92615, 40.81247]}",307,45000,,,-73.92615,40.81247
BRONX,605648,Store,AC,WESTERN BEEF RETAIL INC,WESTERN BEEF 36,1564,SOUTHERN BLVD,BRONX,NY,10460,"{'type': 'Point', 'coordinates': [-73.88898, 40.83534]}",307,15000,,,-73.88898,40.83534
BRONX,605622,Store,AC,2556 BOSTON FOOD CORP,FINE FARE SUPERMARKET,2556,BOSTON RD,BRONX,NY,10467,"{'type': 'Point', 'coordinates': [-73.86341, 40.86454]}",307,20000,,,-73.86341,40.86454
BRONX,605589,Store,AC,TARGET CORPORATION,TARGET STORE T-1798,40,W 225TH ST # 50,BRONX,NY,10463,"{'type': 'Point', 'coordinates': [-73.90771, 40.87358]}",749,10000,,,-73.90771,40.87358
BRONX,605580,Store,ABC,WESTERN BEEF RETAIL INC,WESTERN BEEF 35,831,ROSEDALE AVE,BRONX,NY,10473,"{'type': 'Point', 'coordinates': [-73.86697, 40.82135]}",307,25000,,,-73.86697,40.82135
BRONX,605536,Store,AC,PRODUCTOS CENTROAMERICANOS CORP,PRODUCTOS CENTROAMERICANOS,800,E 149TH STREET,BRONX,NY,10455,"{'type': 'Point', 'coordinates': [-73.9066, 40.81272]}",307,1000,,,-73.9066,40.81272
BRONX,605533,Store,AC,CEVERINO VERONICA,VC DELI GROCERY,640,E 180TH STREET,BRONX,NY,10457,"{'type': 'Point', 'coordinates': [-73.8903, 40.84885]}",307,800,,,-73.8903,40.84885
BRONX,605400,Store,AC,FAMA FOOD CORP,C TOWN,2276,CRESTON AVE,BRONX,NY,10453,"{'type': 'Point', 'coordinates': [-73.90105, 40.85757]}",307,5000,,,-73.90105,40.85757
BRONX,605377,Store,ABC,AC&L FOOD CORP,FINE FARE SUPERMARKET,3680,E TREMONT AVE,BRONX,NY,10465,"{'type': 'Point', 'coordinates': [-73.82323, 40.82734]}",307,10000,,,-73.82323,40.82734
BRONX,605358,Store,AC,SENCION VILLEGAS MORALES,SPANISH AMERICAN GRCY,655,BURKE AVE #1,BRONX,NY,10467,"{'type': 'Point', 'coordinates': [-73.86915, 40.87148]}",307,1000,,,-73.86915,40.87148
BRONX,605320,Store,AC,RANDAZZOS SEAFOOD INC,RANDAZZOS FISH MARKET,2327,ARTHUR AVE,BRONX,NY,10458,"{'type': 'Point', 'coordinates': [-73.88902, 40.85405]}",307,800,,,-73.88902,40.85405
BRONX,605288,Store,AC,RODRIGUEZ BANESA,BANESA DELI GROCERY 2,2007,ANTHONY AVE,BRONX,NY,10457,"{'type': 'Point', 'coordinates': [-73.90288, 40.85151]}",307,700,,,-73.90288,40.85151
BRONX,605286,Store,AC,CHANG LI SUPERMARKET INC,CHANG LI SUPERMARKET,2079,BENEDICT AVE,BRONX,NY,10462,"{'type': 'Point', 'coordinates': [-73.85507, 40.8348]}",307,15000,,,-73.85507,40.8348
BRONX,605262,Store,AC,LEE JIN YOUNG,YOUNGS FRUIT MARKET,713,BURKE AVE,BRONX,NY,10467,"{'type': 'Point', 'coordinates': [-73.86656, 40.87143]}",307,800,,,-73.86656,40.87143
BRONX,605256,Store,AC,3151 WESTCHESTER AVENUE FOOD CORP,KEY FOOD 1323,3151,WESTCHESTER AVE ####,BRONX,NY,10461,"{'type': 'Point', 'coordinates': [-73.83058, 40.85009]}",307,2500,,,-73.83058,40.85009
BRONX,605168,Store,AC,DUME JOSE,FOREST DELI GROCERY,751,FOREST AVE,BRONX,NY,10456,"{'type': 'Point', 'coordinates': [-73.90614, 40.81837]}",307,1500,,,-73.90614,40.81837
BRONX,605135,Store,ABC,CAZARES GUALBERTO,EL RANCHITO TWO,456,E 138TH ST,BRONX,NY,10454,"{'type': 'Point', 'coordinates': [-73.92106, 40.80834]}",307,800,,,-73.92106,40.80834
BRONX,605123,Store,AC,YAMASA DELI&GROCERY III LLC,YAMASA DELI GROCERY III,99,MCCLELLAN ST,BRONX,NY,10452,"{'type': 'Point', 'coordinates': [-73.92062, 40.83363]}",307,800,,,-73.92062,40.83363
BRONX,605119,Store,AC,FELOMAR GROCERY STORE INC,FELOMAR GROCERY STORE,154,E 175TH ST ###,BRONX,NY,10457,"{'type': 'Point', 'coordinates': [-73.90803, 40.84681]}",307,800,,,-73.90803,40.84681
BRONX,605104,Store,AC,MASWARAH GROCERY & DELI INC,MASWARAH GROCERY & DELI,3613,KINGSBRIDGE AVE,BRONX,NY,10463,"{'type': 'Point', 'coordinates': [-73.90215, 40.88421]}",307,1200,,,-73.90215,40.88421
BRONX,605082,Store,ABC,EASTCHESTER MEAT MARKET INC,BATTAGLIA'S MARKET,2503,EASTCHESTER RD,BRONX,NY,10469,"{'type': 'Point', 'coordinates': [-73.84341, 40.863]}",307,2000,,,-73.84341,40.863
BRONX,605080,Store,A,CVS ALBANY LLC,CVS PHARMACY 07066,565,W 235TH ST###,BRONX,NY,10463,"{'type': 'Point', 'coordinates': [-73.91053, 40.88576]}",307,2500,,,-73.91053,40.88576
BRONX,605078,Store,A,CVS ALBANY LLC,CVS PHARMACY 02433,2112,WHITE PLAINS RD####,BRONX,NY,10462,"{'type': 'Point', 'coordinates': [-73.86771, 40.85386]}",307,10000,,,-73.86771,40.85386
BRONX,605076,Store,A,CVS ALBANY LLC,CVS PHARMACY 02438,282,E 149TH ST####,BRONX,NY,10451,"{'type': 'Point', 'coordinates': [-73.92211, 40.81724]}",307,3500,,,-73.92211,40.81724
BRONX,605075,Store,A,CVS ALBANY LLC,CVS PHARMACY 02437,732,ALLERTON AVE###,BRONX,NY,10467,"{'type': 'Point', 'coordinates': [-73.86604, 40.86545]}",307,1500,,,-73.86604,40.86545
BRONX,605074,Store,AC,MD 1511 MEAT & PRODUCE CORP,KEY FOOD SUPERMARKET,1511,METROPOLITAN AVE,BRONX,NY,10462,"{'type': 'Point', 'coordinates': [-73.85888, 40.83929]}",307,10000,,,-73.85888,40.83929
BRONX,605070,Store,A,CVS ALBANY LLC,CVS PHARMACY 02551,3125,BAINBRIDGE AVE###,BRONX,NY,10467,"{'type': 'Point', 'coordinates': [-73.87937, 40.87445]}",307,4000,,,-73.87937,40.87445
BRONX,605067,Store,A,CVS ALBANY LLC,CVS PHARMACY 7067,1916,WILLIAMSBRIDGE RD###,BRONX,NY,10461,"{'type': 'Point', 'coordinates': [-73.85332, 40.85282]}",307,6000,,,-73.85332,40.85282
BRONX,605037,Store,AC,JD 248 FOOD CORP,FOOD UNIVERSE MARKETPLACE,248,E 174TH ST,BRONX,NY,10457,"{'type': 'Point', 'coordinates': [-73.90687, 40.8447]}",307,10000,,,-73.90687,40.8447
BRONX,605014,Store,ABCK,MR SUPER FOOD CORP,C-TOWN SUPERMARKET,30,E 198TH ST,BRONX,NY,10468,"{'type': 'Point', 'coordinates': [-73.89222, 40.87089]}",307,10000,,,-73.89222,40.87089
BRONX,604998,Store,A,RITE AID OF NEW YORK INC,RITE AID PHARMACY 02669,2063,BARTOW AVE,BRONX,NY,10475,"{'type': 'Point', 'coordinates': [-73.82814, 40.86958]}",307,4000,,,-73.82814,40.86958
BRONX,604997,Store,A,RITE AID OF NEW YORK INC,RITE AID PHARMACY 03359,911,MORRIS PARK AVE,BRONX,NY,10462,"{'type': 'Point', 'coordinates': [-73.85935, 40.84702]}",307,5000,,,-73.85935,40.84702
BRONX,604989,Store,A,RITE AID OF NEW YORK INC,RITE AID PHARMACY 03774,2426-34,EASTCHESTER RD,BRONX,NY,10469,"{'type': 'Point', 'coordinates': [-73.84309, 40.86198]}",307,1500,,,-73.84309,40.86198
BRONX,604987,Store,AC,YAFAI HAMOOD A & ELOUDI ABDULRAHMAN,BROTHERS FOOD MARKET,761,E 182ND ST,BRONX,NY,10460,"{'type': 'Point', 'coordinates': [-73.88472, 40.84926]}",307,3000,,,-73.88472,40.84926
BRONX,604974,Store,A,RITE AID OF NEW YORK INC,RITE AID PHARMACY 03844,950-960,SOUTHERN BLVD,BRONX,NY,10459,"{'type': 'Point', 'coordinates': [-73.891636, 40.821302]}",307,5000,,,-73.891636,40.821302
BRONX,604942,Store,AC,MORRIS PARK SUPERMARKET FOOD CORP,BIG DEAL SUPERMARKET,1018,MORRIS PARK AVE,BRONX,NY,10462,"{'type': 'Point', 'coordinates': [-73.8558, 40.84831]}",307,8500,,,-73.8558,40.84831
BRONX,604916,Store,AC,TIRADO ENTERPRISES INC,PEOPLE'S CHOICE MT MKT & GRILL,427,E 149TH ST,BRONX,NY,10455,"{'type': 'Point', 'coordinates': [-73.91693, 40.81575]}",307,1300,,,-73.91693,40.81575
BRONX,604888,Store,AC,VARGAS RONIS M,VARGAS GROCERY,208,W 238TH ST,BRONX,NY,10463,"{'type': 'Point', 'coordinates': [-73.89949, 40.88475]}",307,1500,,,-73.89949,40.88475
BRONX,604870,Store,AC,MADDAJ A&J INC,FOODTOWN,1000,ALLERTON AVE  #######,BRONX,NY,10469,,,3000,,,,
BRONX,604863,Store,A,WALGREEN EASTERN CO INC,WALGREENS 5074,55,WESTCHESTER SQ,BRONX,NY,10461,"{'type': 'Point', 'coordinates': [-73.84342, 40.84158]}",307,3500,,,-73.84342,40.84158
BRONX,604850,Store,AC,250 JB FOOD CENTER INC,250 JB FOOD CENTER,250,E GUN HILL RD,BRONX,NY,10467,"{'type': 'Point', 'coordinates': [-73.87597, 40.87987]}",307,1200,,,-73.87597,40.87987
BRONX,604848,Store,AC,NAGUABO GROCERY CORP,NAGUABO GROCERY,26,E MOUNT EDEN AVE ##,BRONX,NY,10452,"{'type': 'Point', 'coordinates': [-73.9141, 40.84409]}",307,1000,,,-73.9141,40.84409
BRONX,604821,Store,AC,1296 RIVERA GROCERY INC,1296 RIVERA GROCERY,1296,WALTON AVE,BRONX,NY,10452,"{'type': 'Point', 'coordinates': [-73.9177, 40.83735]}",307,1000,,,-73.9177,40.83735
BRONX,604815,Store,AC,CALABRIA PORK STORE INC,CALABRIA PORK STORE,2338,ARTHUR AVE,BRONX,NY,10458,"{'type': 'Point', 'coordinates': [-73.88876, 40.85419]}",307,2000,,,-73.88876,40.85419
BRONX,604783,Store,AC,JL MEAT MARKET CORP,JL MEAT MARKET,26,E 167TH ST,BRONX,NY,10452,"{'type': 'Point', 'coordinates': [-73.92153, 40.83584]}",307,1000,,,-73.92153,40.83584
BRONX,604712,Store,AC,KATELYN FOOD CENTER INC,KATELYN FOOD CENTER,3201,PARK AVE,BRONX,NY,10451,"{'type': 'Point', 'coordinates': [-73.91644, 40.82509]}",307,1300,,,-73.91644,40.82509
BRONX,604631,Store,AC,LEE HOJOON,WEST FARM FISH MARKET,855,E TREMONT AVE,BRONX,NY,10460,"{'type': 'Point', 'coordinates': [-73.88655, 40.84316]}",307,800,,,-73.88655,40.84316
BRONX,604622,Store,AC,TREMONT FISH CORP,TREMONT FISH,725,E TREMONT AVE,BRONX,NY,10457,"{'type': 'Point', 'coordinates': [-73.89031, 40.845]}",307,1400,,,-73.89031,40.845
BRONX,604562,Store,AC,MALATA AFRICAN&CARIBBEAN MKT INC,MALATA AFRICAN MARKET,185,MCCLELLAN ST STORE #8,BRONX,NY,10456,"{'type': 'Point', 'coordinates': [-73.91794, 40.83272]}",307,1000,,,-73.91794,40.83272
BRONX,604509,Store,AC,MANUEL MINI GROCERY CORP,MANUEL MINI GROC CORP,648-650A,WESTCHESTER AVE,BRONX,NY,10455,"{'type': 'Point', 'coordinates': [-73.90876, 40.81603]}",307,1000,,,-73.90876,40.81603
BRONX,604501,Store,AC,A&G DELI GROCERY CORP,A&G DELI GROCERY,931,FOX ST,BRONX,NY,10459,"{'type': 'Point', 'coordinates': [-73.89387, 40.82072]}",307,1600,,,-73.89387,40.82072
BRONX,604498,Store,AC,MEGA FOOD STORE INC,MEGA FOOD STORE,1405,WEBSTER AVE,BRONX,NY,10456,"{'type': 'Point', 'coordinates': [-73.90727, 40.83651]}",307,1200,,,-73.90727,40.83651
BRONX,604464,Store,AC,A BIANCARDI&SONS INC,BIANCARDI MEATS,2350,ARTHUR AVE,BRONX,NY,10458,"{'type': 'Point', 'coordinates': [-73.88847, 40.8545]}",307,2000,,,-73.88847,40.8545
BRONX,604459,Store,AC,PICA LUIS MEAT MARKET CORP,PICA LUIS MEAT MARKET,251,W KINGSBRIDGE RD,BRONX,NY,10463,"{'type': 'Point', 'coordinates': [-73.90488, 40.87273]}",307,1300,,,-73.90488,40.87273
BRONX,604387,Store,AC,MNY DELI CORP,CAPRI DELI,159,EINSTEIN LOOP,BRONX,NY,10475,"{'type': 'Point', 'coordinates': [-73.82243, 40.864]}",307,2000,,,-73.82243,40.864
BRONX,604386,Store,A,GENOVESE DRUG STORES INC,RITE AID 10543,21B,KNOLLS CRESCENT,BRONX,NY,10463,"{'type': 'Point', 'coordinates': [-73.91775, 40.8786]}",307,10000,,,-73.91775,40.8786
BRONX,604384,Store,AC,LONGWOOD ONE FISH CORP,LONGWOOD ONE FISH,838,WESTCHESTER AVE,BRONX,NY,10455,"{'type': 'Point', 'coordinates': [-73.90214, 40.8194]}",307,1000,,,-73.90214,40.8194
BRONX,604381,Store,A,GENOVESE DRUG STORES INC,RITE AID 10541,5825-35,BROADWAY,BRONX,NY,10463,"{'type': 'Point', 'coordinates': [-73.90053, 40.88537]}",307,10000,,,-73.90053,40.88537
BRONX,604323,Store,AC,EL KIOSCO GROCERY CORP,EL KIOSCO GROCERY,1814,CROTONA AVE,BRONX,NY,10457,"{'type': 'Point', 'coordinates': [-73.89325, 40.84308]}",307,1000,,,-73.89325,40.84308
BRONX,604316,Store,AC,MERCY GAS INC,MERCY GAS,4220,BRONX BLVD,BRONX,NY,10466,"{'type': 'Point', 'coordinates': [-73.8609, 40.89514]}",307,500,,,-73.8609,40.89514
BRONX,604311,Store,AC,1359 OGDEN GROCERY CORP,1359 OGDEN GROCERY,1359,OGDEN AVE,BRONX,NY,10452,"{'type': 'Point', 'coordinates': [-73.92495, 40.84136]}",307,2500,,,-73.92495,40.84136
BRONX,604283,Store,ABH,MORRIS PARK BAKING CORP,E&V BAKERY,1723-1729,UNIONPORT RD,BRONX,NY,10462,"{'type': 'Point', 'coordinates': [-73.86716, 40.84393]}",307,7000,,,-73.86716,40.84393
BRONX,604249,Store,AC,AHMON FOOD INC,S&J DELI,1572,WILLIAMSBRIDGE RD,BRONX,NY,10461,"{'type': 'Point', 'coordinates': [-73.84834, 40.84665]}",307,1800,,,-73.84834,40.84665
BRONX,604248,Store,AC,WILLETS POINT FISH MARKET INC,MANUELS FISH MARKET,2724,E TREMONT AVE,BRONX,NY,10461,"{'type': 'Point', 'coordinates': [-73.84497, 40.84237]}",307,0,,,-73.84497,40.84237
BRONX,604230,Store,ACHK,JJC FISH MARKET INC,COSENZAS FISH MARKET,2354,ARTHUR AVE,BRONX,NY,10458,"{'type': 'Point', 'coordinates': [-73.88839, 40.85461]}",307,800,,,-73.88839,40.85461
BRONX,604126,Store,AC,NUNEZ GERARDO A,NUNEZ GERARDO A,2856,VALENTINE AVE,BRONX,NY,10458,"{'type': 'Point', 'coordinates': [-73.88964, 40.86969]}",307,1200,,,-73.88964,40.86969
BRONX,604124,Store,AC,TWIN MOUNT SERVICE STATION INC,TWIN MOUNT SERVICE,3333,E TREMONT AVE,BRONX,NY,10461,"{'type': 'Point', 'coordinates': [-73.83017, 40.83501]}",307,800,,,-73.83017,40.83501
BRONX,604092,Store,AC,C MARKET FOOD CORP,FOODTOWN #647,3734-36,WHITE PLAINS RD,BRONX,NY,10467,"{'type': 'Point', 'coordinates': [-73.86348, 40.88239]}",307,8000,,,-73.86348,40.88239
BRONX,604082,Store,AC,SALLY FOOD CORP,SALLY FOOD,126-28,W 228TH ST,BRONX,NY,10463,"{'type': 'Point', 'coordinates': [-73.90846, 40.87629]}",749,1200,,,-73.90846,40.87629
BRONX,604055,Store,AC,MERGIMTARI MEAT&GROCERY LLC,MERGIMTARI MEAT&GROCERY,565,E 187TH ST,BRONX,NY,10458,"{'type': 'Point', 'coordinates': [-73.88861, 40.85611]}",307,1500,,,-73.88861,40.85611
BRONX,604052,Store,AC,LA BONITA GROCERY STORE CORP,LA BONITA GROCERY,231,E 183RD ST###,BRONX,NY,10458,"{'type': 'Point', 'coordinates': [-73.89922, 40.85717]}",307,1200,,,-73.89922,40.85717
BRONX,604037,Store,AC,ILIANA DELI GROCERY LLC,ILIANA DELI GROCERY,25,E 176TH ST,BRONX,NY,10453,"{'type': 'Point', 'coordinates': [-73.91073, 40.84845]}",307,1800,,,-73.91073,40.84845
BRONX,604012,Store,AC,WESTCHESTER DELI GROCERY INC,WESTCHESTER DELI GRCY,2397,WESTCHESTER AVE,BRONX,NY,10461,"{'type': 'Point', 'coordinates': [-73.84641, 40.83705]}",307,1000,,,-73.84641,40.83705
BRONX,603962,Store,A,RITE AID OF NEW YORK INC,RITE AID 4294,4159,WHITE PLAINS RD,BRONX,NY,10466,"{'type': 'Point', 'coordinates': [-73.85804, 40.89222]}",307,10000,,,-73.85804,40.89222
BRONX,603960,Store,A,CVS ALBANY LLC,CVS 03096,3775,E TREMONT AVE###,BRONX,NY,10465,"{'type': 'Point', 'coordinates': [-73.82086, 40.8255]}",307,1000,,,-73.82086,40.8255
BRONX,603940,Store,AC,LOS RODRIGUEZ DELI&GROCERY CORP,LOS RODRIGUEZ DELI&GROCERY,879,E 175TH ST ####,BRONX,NY,10460,"{'type': 'Point', 'coordinates': [-73.88824, 40.8399]}",307,5000,,,-73.88824,40.8399
BRONX,603933,Store,ABC,GREEN FOREST FOOD CORP,FINE FARE SUPERMARKET,1136,OGDEN AVE,BRONX,NY,10452,"{'type': 'Point', 'coordinates': [-73.92775, 40.83583]}",307,20000,,,-73.92775,40.83583
BRONX,603904,Store,AC,RIVERDALE MEAT&PRODUCE CORP,C TOWN,5249,BROADWAY,BRONX,NY,10463,"{'type': 'Point', 'coordinates': [-73.9084, 40.87559]}",749,8000,,,-73.9084,40.87559
BRONX,603899,Store,ABC,WESTERN BEEF RETAIL INC,WESTERN BEEF 48,1041,PROSPECT AVE ######,BRONX,NY,10459,,,60000,,,,
BRONX,603841,Store,AC,BRONX 656 FOOD CORP,KEY FOOD SUPERMARKET,656,CASTLE HILL AVE,BRONX,NY,10473,"{'type': 'Point', 'coordinates': [-73.84806, 40.82013]}",307,35000,,,-73.84806,40.82013
BRONX,603826,Store,AC,846 GROCERY CORP,NOBOA GROCERY,846,GERARD AVE,BRONX,NY,10451,"{'type': 'Point', 'coordinates': [-73.92532, 40.82683]}",307,3000,,,-73.92532,40.82683
BRONX,603809,Store,AC,GROCERY DELI KINGSBRIDGE AVE INC,GRCY DELI KINGSBRIDGE,245,W 230TH ST,BRONX,NY,10463,"{'type': 'Point', 'coordinates': [-73.90791, 40.87817]}",307,1500,,,-73.90791,40.87817
BRONX,603800,Store,AC,FRUITS VEGS & MEAT CORP,PIONEER SUPERMARKET,256,ST ANNS AVE,BRONX,NY,10454,"{'type': 'Point', 'coordinates': [-73.91717, 40.80728]}",307,10000,,,-73.91717,40.80728
BRONX,603799,Store,AC,HEIGHT STAR SERVICE STATION CORP,HEIGHT STAR SERVICE STA,4068,3RD AVE,BRONX,NY,10457,"{'type': 'Point', 'coordinates': [-73.89779, 40.84346]}",307,1000,,,-73.89779,40.84346
BRONX,603794,Store,AC,VILLAS MARKET PLACE INC,GARDEN GOURMET,5665,BROADWAY,BRONX,NY,10463,"{'type': 'Point', 'coordinates': [-73.9033, 40.88106]}",307,5000,,,-73.9033,40.88106
BRONX,603793,Store,AC,CRUZ FOOD MARKET LLC,CRUZ FOOD MARKET,273,E 198TH ST,BRONX,NY,10458,"{'type': 'Point', 'coordinates': [-73.88865, 40.86877]}",307,1200,,,-73.88865,40.86877
BRONX,603788,Store,AC,VASQUEZ FELIX B,VASQUEZ DELI GROCERY,1959,CLINTON AVE ###,BRONX,NY,10457,"{'type': 'Point', 'coordinates': [-73.88994, 40.84511]}",307,1500,,,-73.88994,40.84511
BRONX,603764,Store,AC,1029 SIMPSON DELI & GROCERY CORP,1029 SIMPSON DELI&GROCERY,1029,WESTCHESTER AVE,BRONX,NY,10459,"{'type': 'Point', 'coordinates': [-73.89298, 40.82414]}",307,1800,,,-73.89298,40.82414
BRONX,603659,Store,AC,BOGOPA 170TH INC,FOOD BAZAAR,535,E 170TH ST #####,BRONX,NY,10456,,,10000,,,,
BRONX,603652,Store,AC,FT MEAT CORP,FOOD FAIR FRESH MARKET,1065,E 163RD ST,BRONX,NY,10459,"{'type': 'Point', 'coordinates': [-73.89071, 40.821]}",307,13000,,,-73.89071,40.821
BRONX,603492,Store,AC,GOOD N NATURAL INC,GOOD N NATURAL,2173,WHITE PLAINS RD,BRONX,NY,10462,"{'type': 'Point', 'coordinates': [-73.86766, 40.85571]}",307,3000,,,-73.86766,40.85571
BRONX,603491,Store,A,TEK VANSY,BATTAMBANG MARKET 2,229,E KINGSBRIDGE RD,BRONX,NY,10458,"{'type': 'Point', 'coordinates': [-73.89364, 40.8653]}",307,1200,,,-73.89364,40.8653
BRONX,603423,Store,AC,LEE UI DUK,STAR CITY FRUIT&VEG,676,ALLERTON AVE,BRONX,NY,10467,"{'type': 'Point', 'coordinates': [-73.86818, 40.86543]}",307,1200,,,-73.86818,40.86543
BRONX,603400,Store,AC,VARGAS&RODRIGUEZ SUPERMARKET INC,FINE FARE SUPERMARKET,3131,GRAND CONCOURSE,BRONX,NY,10468,"{'type': 'Point', 'coordinates': [-73.88648, 40.8751]}",307,5000,,,-73.88648,40.8751
BRONX,603275,Store,AC,FELU GROCERY CORP,FELU GROCERY,1275,BURKE AVE,BRONX,NY,10469,"{'type': 'Point', 'coordinates': [-73.84937, 40.87142]}",307,2100,,,-73.84937,40.87142
BRONX,603267,Store,ABC,JVD FOOD CORP,PRICE CHOICE,820,E 180TH ST,BRONX,NY,10460,"{'type': 'Point', 'coordinates': [-73.88499, 40.84625]}",307,9000,,,-73.88499,40.84625
BRONX,603265,Store,AC,PINKY QUICK STOP INC,PINKY QUICK STOP,2934,WILKINSON AVE,BRONX,NY,10461,"{'type': 'Point', 'coordinates': [-73.83029, 40.85165]}",307,685,,,-73.83029,40.85165
BRONX,603248,Store,AC,ATE DELI INC,EDDIES DELI,3165,BAINBRIDGE AVE,BRONX,NY,10467,"{'type': 'Point', 'coordinates': [-73.8795, 40.87527]}",307,1200,,,-73.8795,40.87527
BRONX,603147,Store,AC,2690 GROCERY CORP,FIREHOUSE DELI,2690,3RD AVE,BRONX,NY,10454,"{'type': 'Point', 'coordinates': [-73.92259, 40.8135]}",307,4000,,,-73.92259,40.8135
BRONX,603138,Store,AC,JOSELYN GROCERY CORP,JOSELYN GROCERY,2238,MORRIS AVE,BRONX,NY,10453,"{'type': 'Point', 'coordinates': [-73.90262, 40.85698]}",307,1800,,,-73.90262,40.85698
BRONX,603129,Store,AC,CROSBY AVENUE DELI CORP,ELIA VITO,1715,CROSBY AVE,BRONX,NY,10461,"{'type': 'Point', 'coordinates': [-73.83134, 40.84558]}",307,2500,,,-73.83134,40.84558
BRONX,603109,Store,AC,ADJEI-BAAFUOR MAXWELL,ASAFO MARKET,1884,GUERLAIN ST,BRONX,NY,10462,"{'type': 'Point', 'coordinates': [-73.86356, 40.84015]}",307,800,,,-73.86356,40.84015
BRONX,603092,Store,ABK,TERRANOVA BREAD INC,TERRANOVA BAKERY,691,E 187TH ST,BRONX,NY,10458,"{'type': 'Point', 'coordinates': [-73.88487, 40.85427]}",307,2000,,,-73.88487,40.85427
BRONX,603070,Store,AC,1654 METROPOLITAN FOOD CORP,FINE FARE SUPERMARKET,1654,METROPOLITAN AVE,BRONX,NY,10462,"{'type': 'Point', 'coordinates': [-73.85563, 40.84039]}",307,16000,,,-73.85563,40.84039
BRONX,603058,Store,AC,520 EAST GROCERY CORP,520 EAST GROCERY,520-522,BROOK AVE,BRONX,NY,10455,"{'type': 'Point', 'coordinates': [-73.9153, 40.81434]}",307,1200,,,-73.9153,40.81434
BRONX,603025,Store,AC,161 EAST MEAT CORP,ASSOCIATED SUPERMARKET,724,E 161ST ST,BRONX,NY,10456,"{'type': 'Point', 'coordinates': [-73.90502, 40.8214]}",307,14000,,,-73.90502,40.8214
BRONX,602906,Store,AC,ALKIFI AHMED M,LEBANON DELI GROCERY,638,E 169TH ST #9,BRONX,NY,10456,"{'type': 'Point', 'coordinates': [-73.90099, 40.83136]}",307,700,,,-73.90099,40.83136
BRONX,602868,Store,AC,ANN CLAIRS SALUMERIA INC,ANN CLAIRS SALUMERIA,1130,MORRIS PARK AVE,BRONX,NY,10461,"{'type': 'Point', 'coordinates': [-73.85184, 40.85009]}",307,1200,,,-73.85184,40.85009
BRONX,602856,Store,AC,GESHMAKE FISH CORP,GESHMAKE FISH,513,W 236TH ST,BRONX,NY,10463,"{'type': 'Point', 'coordinates': [-73.90754, 40.88645]}",307,1000,,,-73.90754,40.88645
BRONX,602817,Store,AC,BOGOPA-CONCOURSE INC,FOOD BAZAAR,238,E 161ST ST #####,BRONX,NY,10451,,,54000,,,,
BRONX,602768,Store,A,ABDULLAH SALEH M,BROADWAY GRCRY CANDY ST,249,W 231ST ST,BRONX,NY,10463,"{'type': 'Point', 'coordinates': [-73.90632, 40.87968]}",307,900,,,-73.90632,40.87968
BRONX,602726,Store,AC,PASCUAL MINI MARKET CORP,PASCUAL MINI MARKET,951-959,OGDEN AVE,BRONX,NY,10452,"{'type': 'Point', 'coordinates': [-73.93005, 40.83175]}",307,2000,,,-73.93005,40.83175
BRONX,602697,Store,ABC,STOP&SHOP SUPERMARKET CO LLC THE,STOP&SHOP 504,691,CO-OP CITY BLVD,BRONX,NY,10475,"{'type': 'Point', 'coordinates': [-73.82493, 40.88049]}",307,58000,,,-73.82493,40.88049
BRONX,602545,Store,AC,BATFER FOOD CORP,KEY FOOD,256,E 167TH ST,BRONX,NY,10456,"{'type': 'Point', 'coordinates': [-73.91475, 40.83352]}",307,12000,,,-73.91475,40.83352
BRONX,602513,Store,AC,FRANCO FOOD CORP,ASSOCIATED 867,1585,WESTCHESTER AVE,BRONX,NY,10472,"{'type': 'Point', 'coordinates': [-73.876, 40.8291]}",307,8000,,,-73.876,40.8291
BRONX,602475,Store,AC,LA OAXAQUENA CORP,LA OAXAQUENA PRODUCE,2276,JEROME AVE,BRONX,NY,10453,"{'type': 'Point', 'coordinates': [-73.9038, 40.85855]}",307,1800,,,-73.9038,40.85855
BRONX,602448,Store,AC,LUCKY LELAND CORP,LUCKY LELAND,1859,ARCHER ST,BRONX,NY,10460,"{'type': 'Point', 'coordinates': [-73.86467, 40.83775]}",307,1600,,,-73.86467,40.83775
BRONX,602442,Store,AC,ALANIS DELI GROCERY CORP,YENIDE DELI GROCERY,2563-2565,GRAND CONCOURSE,BRONX,NY,10468,"{'type': 'Point', 'coordinates': [-73.89612, 40.86404]}",307,1500,,,-73.89612,40.86404
BRONX,602339,Store,AC,RICARDITO&ANTHONY DELI GRCRY INC,LOS HERMANOS DELI,2019,VYSE AVE,BRONX,NY,10460,"{'type': 'Point', 'coordinates': [-73.8815, 40.84274]}",307,1800,,,-73.8815,40.84274
BRONX,602316,Store,ABC,EMPIRE BAGELS INC,EMPIRE BAGELS,3101D,WESTCHESTER AVE,BRONX,NY,10461,"{'type': 'Point', 'coordinates': [-73.83045, 40.84937]}",307,1000,,,-73.83045,40.84937
BRONX,602299,Store,AC,S.A. DELI GROCERY CORP,S.A. DELI GROCERY,29,CLINTON PL,BRONX,NY,10453,"{'type': 'Point', 'coordinates': [-73.90627, 40.85683]}",307,1500,,,-73.90627,40.85683
BRONX,602284,Store,AC,ROSEMARIE INC,BENS MARKET,19,KNOLLS CRESCENT,BRONX,NY,10463,"{'type': 'Point', 'coordinates': [-73.91761, 40.87869]}",307,3000,STORE B,,-73.91761,40.87869
BRONX,602272,Store,AC,SAMMY 2500 GROCERY CORP,SAMMY GROCERY,2500,ARTHUR AVE,BRONX,NY,10458,"{'type': 'Point', 'coordinates': [-73.8855, 40.85799]}",307,700,,,-73.8855,40.85799
BRONX,602258,Store,AC,PRINCE FOOD CORP,KEY FOOD,2044,BOSTON RD,BRONX,NY,10460,"{'type': 'Point', 'coordinates': [-73.87932, 40.84102]}",307,14000,,,-73.87932,40.84102
BRONX,602229,Store,AC,C&R FOOD CORP,FINE FARE SUPERMARKET,708,E TREMONT AVE,BRONX,NY,10457,"{'type': 'Point', 'coordinates': [-73.89064, 40.84517]}",307,14000,,,-73.89064,40.84517
BRONX,602110,Store,AC,SUNDIAL HERBS & HERBAL PRODUCTS ENTERPRI,SUNDIAL HERBAL PRODUCTS,3609,BOSTON RD,BRONX,NY,10466,"{'type': 'Point', 'coordinates': [-73.84288, 40.87932]}",307,2000,,,-73.84288,40.87932
BRONX,601906,Store,AC,LA INDIA MINI MARKET INC,LA INDIA MINI MARKET,1942,MARMION AVE,BRONX,NY,10460,"{'type': 'Point', 'coordinates': [-73.88706, 40.84303]}",307,800,,,-73.88706,40.84303
BRONX,601816,Store,AC,AHMED ALI M & ABDO M,A&A EXPRESS DELI & GROCERY,3101,WESTCHESTER AVE,BRONX,NY,10461,"{'type': 'Point', 'coordinates': [-73.83045, 40.84937]}",307,1100,,,-73.83045,40.84937
BRONX,601770,Store,AC,20/20 DELI INC,20/20 DELI,1120,SOUTHERN BLVD,BRONX,NY,10459,"{'type': 'Point', 'coordinates': [-73.89194, 40.82695]}",307,1100,,,-73.89194,40.82695
BRONX,601642,Store,AC,965 CASTILLO MEAT & PRODUCE INC,CASTILLO MEAT & PRODUCE,965,E 172ND ST,BRONX,NY,10460,"{'type': 'Point', 'coordinates': [-73.88747, 40.83328]}",307,1700,,,-73.88747,40.83328
BRONX,601621,Store,AC,MK FOOD CORP,KEY FOODS,1535,UNIONPORT RD,BRONX,NY,10462,"{'type': 'Point', 'coordinates': [-73.85762, 40.83697]}",307,9000,,,-73.85762,40.83697
BRONX,601566,Store,AC,GONZALEZ ALBERTO,GONZALEZ GROCERY STORE,2665,VALENTINE AVE,BRONX,NY,10458,"{'type': 'Point', 'coordinates': [-73.89305, 40.86573]}",307,1200,,,-73.89305,40.86573
BRONX,601536,Store,AC,EAST 233 FOOD CORP,FINE FARE SUPERMARKET,1197-99,E 233RD ST,BRONX,NY,10466,"{'type': 'Point', 'coordinates': [-73.84327, 40.88935]}",307,14000,,,-73.84327,40.88935
BRONX,601535,Store,AC,48 BURNSIDE FOOD CORP,FOOD DYNASTY SUPERMARKE,40-48,W BURNSIDE AVE,BRONX,NY,10453,"{'type': 'Point', 'coordinates': [-73.90913, 40.85385]}",307,15000,,,-73.90913,40.85385
BRONX,601477,Store,ABC,STOP&SHOP SUPERMARKET CO LLC THE,STOP&SHOP 503,5716,BROADWAY,BRONX,NY,10463,"{'type': 'Point', 'coordinates': [-73.90201, 40.88187]}",307,27000,,,-73.90201,40.88187
BRONX,601470,Store,ABCHK,LLOYDS CARROT CAKE INC,LLOYDS CARROT CAKE,6087,BROADWAY,BRONX,NY,10471,"{'type': 'Point', 'coordinates': [-73.89648, 40.89401]}",307,800,,,-73.89648,40.89401
BRONX,601435,Store,AC,B&ME FOOD CORP,KEY FOOD,1050,WESTCHESTER AVE,BRONX,NY,10459,"{'type': 'Point', 'coordinates': [-73.8914, 40.82494]}",307,15000,,,-73.8914,40.82494
BRONX,601356,Store,AC,TAYLOR SUPERETTE CORP,TAYLOR SUPERETTE,459,TAYLOR AVE,BRONX,NY,10473,"{'type': 'Point', 'coordinates': [-73.86144, 40.81484]}",307,600,,,-73.86144,40.81484
BRONX,601293,Store,AC,VAN VAN GROCERY CORP,VAN VAN GROCERY,523,VAN NEST AVE. ###,BRONX,NY,10460,"{'type': 'Point', 'coordinates': [-73.86995, 40.84127]}",307,1500,,,-73.86995,40.84127
BRONX,601292,Store,AC,PWP EQUITIES CORP,SUPER FRESH SUPERMARKET,1188,WEBSTER AVE,BRONX,NY,10456,"{'type': 'Point', 'coordinates': [-73.91006, 40.83151]}",307,15000,,,-73.91006,40.83151
BRONX,601273,Store,AC,J&C GROCERY OF NY INC,J&C GROCERY,566,E 188TH ST,BRONX,NY,10458,"{'type': 'Point', 'coordinates': [-73.88792, 40.85699]}",307,1000,,,-73.88792,40.85699
BRONX,601241,Store,AC,J&A FRUIT&GROCERY CORP,J&A FRUIT&GROCERY CNTR,11-17,E 171ST ST,BRONX,NY,10452,"{'type': 'Point', 'coordinates': [-73.9161, 40.84101]}",307,1700,,,-73.9161,40.84101
BRONX,601227,Store,AC,672 E 138TH STREET FOOD CORP,CASADO DELI GROCERY STR,672,E 138TH ST,BRONX,NY,10454,"{'type': 'Point', 'coordinates': [-73.91431, 40.80548]}",307,1500,,,-73.91431,40.80548
BRONX,601129,Store,AC,502 SOUTHERN BLVD GROCERY CORP,502 SOUTHERN BLVD GRCY,502,SOUTHERN BLVD,BRONX,NY,10455,"{'type': 'Point', 'coordinates': [-73.90533, 40.81133]}",307,1000,,,-73.90533,40.81133
BRONX,601041,Store,ABC,GONZALEZ BILLY G,BILLYS DELI&GROCERY STR,83,W FORDHAM RD,BRONX,NY,10468,"{'type': 'Point', 'coordinates': [-73.90419, 40.86275]}",307,1500,,,-73.90419,40.86275
BRONX,600998,Store,AC,PALERO FOOD CORP,FINE FARE SUPERMARKET,3550,WHITE PLAINS RD,BRONX,NY,10467,"{'type': 'Point', 'coordinates': [-73.86566, 40.87827]}",307,5500,,,-73.86566,40.87827
BRONX,600992,Store,ABC,283 FOOD LLC,FOODTOWN 582,283,E 204TH ST ######,BRONX,NY,10467,,,20000,,,,
BRONX,600961,Store,AC,A WORLD OF SPICE NY LLC,A WORLD OF SPICE,2164,WESTCHESTER AVE,BRONX,NY,10462,"{'type': 'Point', 'coordinates': [-73.85218, 40.83416]}",307,1500,,,-73.85218,40.83416
BRONX,600951,Store,AC,1489 FOOD CORP,FOODTOWN,1477-1489,WEST AVE,BRONX,NY,10462,"{'type': 'Point', 'coordinates': [-73.86158, 40.83655]}",307,5000,,,-73.86158,40.83655
BRONX,600931,Store,AC,SMA DELI GROCERY CORP,CASA DORO DELICATESSEN,2487,EASTCHESTER RD,BRONX,NY,10469,"{'type': 'Point', 'coordinates': [-73.84341, 40.86259]}",307,1000,,,-73.84341,40.86259
BRONX,600805,Store,ABC,ITALCORP INC,TOP BANANA MARKET,947,CASTLE HILL AVE,BRONX,NY,10473,"{'type': 'Point', 'coordinates': [-73.84981, 40.82664]}",307,2000,,,-73.84981,40.82664
BRONX,600774,Store,AC,SANTIAGO MIGUEL,SANTIAGO GROCERY,15,W TREMONT AVE. ###,BRONX,NY,10453,"{'type': 'Point', 'coordinates': [-73.90989, 40.85198]}",307,1500,,,-73.90989,40.85198
BRONX,600770,Store,ABC,C & CBROTHERS OF NY,FINE FARE,59,E 167TH ST,BRONX,NY,10452,"{'type': 'Point', 'coordinates': [-73.92058, 40.83552]}",307,20000,,,-73.92058,40.83552
BRONX,600758,Store,ABH,MADONIA BROTHERS BAKERY INC,MADONIA BROTHERS BAKERY,2348,ARTHUR AVE,BRONX,NY,10458,"{'type': 'Point', 'coordinates': [-73.88852, 40.85444]}",307,3400,,,-73.88852,40.85444
BRONX,600723,Store,AC,MARIOS MEAT MARKET INC,MORRIS PARK MEAT MARKET,1037,MORRIS PARK AVE,BRONX,NY,10461,"{'type': 'Point', 'coordinates': [-73.85499, 40.84868]}",307,1000,,,-73.85499,40.84868
BRONX,600709,Store,AC,AJC FOOD MARKET CORP,FOOD TOWN,4332,WHITE PLAINS RD,BRONX,NY,10466,"{'type': 'Point', 'coordinates': [-73.85574, 40.89639]}",307,24000,,,-73.85574,40.89639
BRONX,600701,Store,AC,2676 MORRIS FOOD CORP,L&V FOOD CENTER,2676,MORRIS AVE,BRONX,NY,10468,"{'type': 'Point', 'coordinates': [-73.89613, 40.86727]}",307,1500,,,-73.89613,40.86727
BRONX,600580,Store,AC,GOMEZ EDWARD,MATA E CANA DELI & GRCY,911,E 156TH ST,BRONX,NY,10455,"{'type': 'Point', 'coordinates': [-73.90103, 40.81692]}",307,1500,,,-73.90103,40.81692
BRONX,600514,Store,AC,PREMIER FOOD INC,PREMIER FOOD,738,LYDIG AVE,BRONX,NY,10462,"{'type': 'Point', 'coordinates': [-73.86633, 40.85447]}",307,1300,,,-73.86633,40.85447
BRONX,600477,Store,AC,GREEN OCEAN FISH MARKET CORP,GREEN OCEAN FISH MARKET,67,E KINGSBRIDGE RD,BRONX,NY,10468,"{'type': 'Point', 'coordinates': [-73.89586, 40.86682]}",307,1200,,,-73.89586,40.86682
BRONX,600437,Store,ABC,RED&WHITE MARKETS INC,MORTON WILLIAMS SPRMRKT,15,E KINGSBRIDGE RD,BRONX,NY,10468,"{'type': 'Point', 'coordinates': [-73.89675, 40.86721]}",307,25000,,,-73.89675,40.86721
BRONX,600413,Store,AC,BORGATTIS RAVIOLI&EGG NOODLES INC,BORGATTIS,632,E 187TH ST,BRONX,NY,10458,"{'type': 'Point', 'coordinates': [-73.88645, 40.855]}",307,1000,,,-73.88645,40.855
BRONX,600405,Store,AC,TEITEL BROTHERS INC,TEITEL BROTHERS,2372,ARTHUR AVE,BRONX,NY,10458,"{'type': 'Point', 'coordinates': [-73.8882, 40.85486]}",307,1000,,,-73.8882,40.85486
BRONX,600350,Store,AC,RODRIGUEZ RAMON A,RODRIGUEZ GROCERY,753,FOX ST,BRONX,NY,10455,"{'type': 'Point', 'coordinates': [-73.89822, 40.81566]}",307,1500,,,-73.89822,40.81566
BRONX,600314,Store,AC,ER FOOD CORP,FRANCIS GROCERY,3738,3RD AVE,BRONX,NY,10456,"{'type': 'Point', 'coordinates': [-73.9028, 40.83608]}",307,1000,,,-73.9028,40.83608
BRONX,600307,Store,A,WALGREEN EASTERN CO INC,WALGREENS 1013,5564,BROADWAY,BRONX,NY,10463,"{'type': 'Point', 'coordinates': [-73.90504, 40.87863]}",307,20000,,,-73.90504,40.87863
BRONX,600246,Store,ABC,564 GROCERY INC,C-TOWN SUPERMARKET,564,SOUTHERN BLVD,BRONX,NY,10455,"{'type': 'Point', 'coordinates': [-73.90281, 40.81251]}",307,8000,,,-73.90281,40.81251
BRONX,600205,Store,AC,CARINO DELI GROCERY CORP,CARINO GROCERY,643,E 182ND ST. ###,BRONX,NY,10457,"{'type': 'Point', 'coordinates': [-73.88864, 40.85127]}",307,1200,,,-73.88864,40.85127
BRONX,600187,Store,AC,ALMANZAR GROCERY&FOOD CORP,ALMANZAR GROCERY&FOOD,854,INTERVALE AVE,BRONX,NY,10459,"{'type': 'Point', 'coordinates': [-73.89562, 40.81801]}",307,1000,,,-73.89562,40.81801
BRONX,600103,Store,AC,SILJKOVIC RABA&VEZIRA,SCALINADA MEAT GROC&DEL,667,E 187TH ST,BRONX,NY,10458,"{'type': 'Point', 'coordinates': [-73.88565, 40.85461]}",307,800,,,-73.88565,40.85461
BRONX,600057,Store,ABCHK,S&S CHEESECAKE INC,S&S CHEESECAKE,222,W 238TH ST,BRONX,NY,10463,"{'type': 'Point', 'coordinates': [-73.89981, 40.88484]}",307,4000,,,-73.89981,40.88484
BRONX,600049,Store,AC,NANIN FOOD CORP,C TOWN,2733,3RD AVE,BRONX,NY,10451,"{'type': 'Point', 'coordinates': [-73.9211, 40.81425]}",307,10000,,,-73.9211,40.81425
BRONX,600005,Store,ABCHK,ADDEO BAKERS INC,ADDEO BAKERS,2372,HUGHES AVE,BRONX,NY,10458,"{'type': 'Point', 'coordinates': [-73.88745, 40.85451]}",307,4000,,,-73.88745,40.85451
