{
"type": "FeatureCollection",
"name": "agmarkets_bronx_cd2_snap_eligibility",
"crs": { "type": "name", "properties": { "name": "urn:ogc:def:crs:OGC:1.3:CRS84" } },
"features": [
{ "type": "Feature", "properties": { "county": "BRONX", "license_number": 767797, "operation_type": "Store", "estab_type": "AC", "entity_name": "A&Z GOURMET DELI CORP", "dba_name": "A&Z GOURMET DELI", "street_number": "772", "street_name": "HUNTS POINT AVE", "city": "BRONX", "state": "NY", "zip_code": 10474, "georeference": { "type": "Point", "coordinates": [ -73.88739, 40.81603 ] }, "_@computed_region_yamh_8v7k": 307, "square_footage": null, "address_line_2": null, "address_line_3": null, "longitude": -73.88739, "latitude": 40.81603, "snap_eligible": 0, "snap_ever_authorized": 1, "snap_match_method": "address", "snap_record_id": 1352620.0, "snap_store_name": "Famous Gourmet And Grill Corp", "snap_store_type": "Convenience Store", "snap_auth_date": "6/30/2020", "snap_end_date": "6/30/2024", "snap_match_distance_m": 0.0 }, "geometry": { "type": "Point", "coordinates": [ -73.88739, 40.81603 ] } },
{ "type": "Feature", "properties": { "county": "BRONX", "license_number": 766176, "operation_type": "Store", "estab_type": "AC", "entity_name": "1054 UNITED DELI & SALAD INC", "dba_name": "1054 UNITED DELI & SALAD", "street_number": "1054", "street_name": "SOUTHERN BLVD", "city": "BRONX", "state": "NY", "zip_code": 10459, "georeference": { "type": "Point", "coordinates": [ -73.89191, 40.82439 ] }, "_@computed_region_yamh_8v7k": 307, "square_footage": 900.0, "address_line_2": null, "address_line_3": null, "longitude": -73.89191, "latitude": 40.82439, "snap_eligible": 1, "snap_ever_authorized": 1, "snap_match_method": "address", "snap_record_id": 1486973.0, "snap_store_name": "1054 United Deli & Tobacco Corp", "snap_store_type": "Small Grocery Store", "snap_auth_date": "2/17/2022", "snap_end_date": null, "snap_match_distance_m": 0.0 }, "geometry": { "type": "Point", "coordinates": [ -73.89191, 40.82439 ] } },
{ "type": "Feature", "properties": { "county": "BRONX", "license_number": 766161, "operation_type": "Store", "estab_type": "AC", "entity_name": "YADIEL GROCERY STORE CORP", "dba_name": "YADIEL GROCERY STORE", "street_number": "670", "street_name": "BARRETTO STREET", "city": "BRONX", "state": "NY", "zip_code": 10474, "georeference": { "type": "Point", "coordinates": [ -73.8892, 40.8139 ] }, "_@computed_region_yamh_8v7k": 307, "square_footage": 1000.0, "address_line_2": null, "address_line_3": null, "longitude": -73.8892, "latitude": 40.8139, "snap_eligible": 1, "snap_ever_authorized": 1, "snap_match_method": "address", "snap_record_id": 1640862.0, "snap_store_name": "Yadiel Grocery Store Corp", "snap_store_type": "Small Grocery Store", "snap_auth_date": "5/21/2025", "snap_end_date": null, "snap_match_distance_m": 0.0 }, "geometry": { "type": "Point", "coordinates": [ -73.8892, 40.8139 ] } },
{ "type": "Feature", "properties": { "county": "BRONX", "license_number": 765394, "operation_type": "Store", "estab_type": "ACDK", "entity_name": "KADOSH TRADING INC", "dba_name": "KADOSH FOODS", "street_number": "490", "street_name": "HUNTS POINT AVE", "city": "BRONX", "state": "NY", "zip_code": 10474, "georeference": { "type": "Point", "coordinates": [ -73.88135, 40.8102 ] }, "_@computed_region_yamh_8v7k": 307, "square_footage": 5000.0, "address_line_2": null, "address_line_3": null, "longitude": -73.88135, "latitude": 40.8102, "snap_eligible": 0, "snap_ever_authorized": 0, "snap_match_method": "none", "snap_record_id": null, "snap_store_name": null, "snap_store_type": null, "snap_auth_date": null, "snap_end_date": null, "snap_match_distance_m": null }, "geometry": { "type": "Point", "coordinates": [ -73.88135, 40.8102 ] } },
{ "type": "Feature", "properties": { "county": "BRONX", "license_number": 764530, "operation_type": "Store", "estab_type": "AC", "entity_name": "844 MINI MARKET FISH AND FRIES INC", "dba_name": "844 MINI MARKET FISH", "street_number": "844", "street_name": "HUNTS POINT AVE", "city": "BRONX", "state": "NY", "zip_code": 10474, "georeference": { "type": "Point", "coordinates": [ -73.88851, 40.81757 ] }, "_@computed_region_yamh_8v7k": 307, "square_footage": null, "address_line_2": null, "address_line_3": null, "longitude": -73.88851, "latitude": 40.81757, "snap_eligible": 0, "snap_ever_authorized": 1, "snap_match_method": "address", "snap_record_id": 1635462.0, "snap_store_name": "Sammy Fish & Deli", "snap_store_type": "Combination Grocery/Other", "snap_auth_date": "4/2/2025", "snap_end_date": "8/27/2025", "snap_match_distance_m": 0.0 }, "geometry": { "type": "Point", "coordinates": [ -73.88851, 40.81757 ] } },
{ "type": "Feature", "properties": { "county": "BRONX", "license_number": 764455, "operation_type": "Store", "estab_type": "AC", "entity_name": "D LORA CORP", "dba_name": "D LORA", "street_number": "814", "street_name": "HEWITT PLACE", "city": "BRONX", "state": "NY", "zip_code": 10459, "georeference": { "type": "Point", "coordinates": [ -73.89988, 40.81882 ] }, "_@computed_region_yamh_8v7k": 307, "square_footage": null, "address_line_2": null, "address_line_3": null, "longitude": -73.89988, "latitude": 40.81882, "snap_eligible": 1, "snap_ever_authorized": 1, "snap_match_method": "address", "snap_record_id": 1607586.0, "snap_store_name": "D' Lora Corp.", "snap_store_type": "Small Grocery Store", "snap_auth_date": "8/16/2024", "snap_end_date": null, "snap_match_distance_m": 0.0 }, "geometry": { "type": "Point", "coordinates": [ -73.89988, 40.81882 ] } },
{ "type": "Feature", "properties": { "county": "BRONX", "license_number": 764322, "operation_type": "Store", "estab_type": "AC", "entity_name": "FERNANDEZ MARGARITA", "dba_name": "MARGARITAS GROCERY STORE", "street_number": "926", "street_name": "INTERVALE AVE", "city": "BRONX", "state": "NY", "zip_code": 10459, "georeference": { "type": "Point", "coordinates": [ -73.89661, 40.81984 ] }, "_@computed_region_yamh_8v7k": 307, "square_footage": 1000.0, "address_line_2": null, "address_line_3": null, "longitude": -73.89661, "latitude": 40.81984, "snap_eligible": 1, "snap_ever_authorized": 1, "snap_match_method": "address", "snap_record_id": 861543.0, "snap_store_name": "Margarita's Grocery Store", "snap_store_type": "Convenience Store", "snap_auth_date": "4/28/2025", "snap_end_date": null, "snap_match_distance_m": 0.0 }, "geometry": { "type": "Point", "coordinates": [ -73.89661, 40.81984 ] } },
{ "type": "Feature", "properties": { "county": "BRONX", "license_number": 763602, "operation_type": "Store", "estab_type": "AC", "entity_name": "VARIEDADES DE MI CULTURA EBENEZER CORP", "dba_name": "VARIEDADES DE MI CULTURA EBENEZER", "street_number": "1087-1093", "street_name": "SOUTHERN BLVD", "city": "BRONX", "state": "NY", "zip_code": 10459, "georeference": { "type": "Point", "coordinates": [ -73.89194, 40.82577 ] }, "_@computed_region_yamh_8v7k": 307, "square_footage": null, "address_line_2": null, "address_line_3": null, "longitude": -73.89194, "latitude": 40.82577, "snap_eligible": 1, "snap_ever_authorized": 1, "snap_match_method": "address", "snap_record_id": 1242591.0, "snap_store_name": "Southern Blvd Meat Market Corp./Sagal Food", "snap_store_type": "Large Grocery Store", "snap_auth_date": "3/31/2016", "snap_end_date": null, "snap_match_distance_m": 0.0 }, "geometry": { "type": "Point", "coordinates": [ -73.89194, 40.82577 ] } },
{ "type": "Feature", "properties": { "county": "BRONX", "license_number": 763544, "operation_type": "Store", "estab_type": "AC", "entity_name": "J&J DELI GROCERY STORE CORP", "dba_name": "J&J DELI GROCERY STORE", "street_number": "699", "street_name": "BECK STREET ##", "city": "BRONX", "state": "NY", "zip_code": 10455, "georeference": { "type": "Point", "coordinates": [ -73.9003, 40.81503 ] }, "_@computed_region_yamh_8v7k": 307, "square_footage": 1000.0, "address_line_2": null, "address_line_3": null, "longitude": -73.9003, "latitude": 40.81503, "snap_eligible": 1, "snap_ever_authorized": 1, "snap_match_method": "address", "snap_record_id": 1645086.0, "snap_store_name": "J & J Deli Grocery Store Corp.", "snap_store_type": "Convenience Store", "snap_auth_date": "3/26/2025", "snap_end_date": null, "snap_match_distance_m": 0.0 }, "geometry": { "type": "Point", "coordinates": [ -73.9003, 40.81503 ] } },
{ "type": "Feature", "properties": { "county": "BRONX", "license_number": 763145, "operation_type": "Store", "estab_type": "AC", "entity_name": "DIANA MINI MARKET CORP", "dba_name": "DIANA MINI MARKET", "street_number": "701", "street_name": "COSTER STREET ####", "city": "BRONX", "state": "NY", "zip_code": 10474, "georeference": { "type": "Point", "coordinates": [ -73.88748, 40.81464 ] }, "_@computed_region_yamh_8v7k": 307, "square_footage": 1200.0, "address_line_2": null, "address_line_3": null, "longitude": -73.88748, "latitude": 40.81464, "snap_eligible": 1, "snap_ever_authorized": 1, "snap_match_method": "address", "snap_record_id": 1609989.0, "snap_store_name": "Diana Mini Market Corp.", "snap_store_type": "Convenience Store", "snap_auth_date": "8/29/2024", "snap_end_date": null, "snap_match_distance_m": 0.0 }, "geometry": { "type": "Point", "coordinates": [ -73.88748, 40.81464 ] } },
{ "type": "Feature", "properties": { "county": "BRONX", "license_number": 762631, "operation_type": "Store", "estab_type": "AC", "entity_name": "BUUNNI COFFEE LLC", "dba_name": "ROASTING ROOM THE", "street_number": "542", "street_name": "BARRETTO ST", "city": "BRONX", "state": "NY", "zip_code": 10474, "georeference": { "type": "Point", "coordinates": [ -73.88848, 40.81117 ] }, "_@computed_region_yamh_8v7k": 307, "square_footage": 5000.0, "address_line_2": null, "address_line_3": null, "longitude": -73.88848, "latitude": 40.81117, "snap_eligible": 1, "snap_ever_authorized": 1, "snap_match_method": "spatial", "snap_record_id": 1490289.0, "snap_store_name": "Berakah Foods", "snap_store_type": "Combination Grocery/Other", "snap_auth_date": "2/24/2022", "snap_end_date": null, "snap_match_distance_m": 66.4 }, "geometry": { "type": "Point", "coordinates": [ -73.88848, 40.81117 ] } },
{ "type": "Feature", "properties": { "county": "BRONX", "license_number": 762597, "operation_type": "Store", "estab_type": "A", "entity_name": "JOSE MINI MARKET INC", "dba_name": "JOSE MINI MARKET", "street_number": "549", "street_name": "SOUTHERN BLVD", "city": "BRONX", "state": "NY", "zip_code": 10455, "georeference": { "type": "Point", "coordinates": [ -73.90358, 40.81228 ] }, "_@computed_region_yamh_8v7k": 307, "square_footage": null, "address_line_2": null, "address_line_3": null, "longitude": -73.90358, "latitude": 40.81228, "snap_eligible": 1, "snap_ever_authorized": 1, "snap_match_method": "spatial", "snap_record_id": 1283805.0, "snap_store_name": "Discount Corp And 99c", "snap_store_type": "Convenience Store", "snap_auth_date": "9/15/2017", "snap_end_date": null, "snap_match_distance_m": 17.0 }, "geometry": { "type": "Point", "coordinates": [ -73.90358, 40.81228 ] } },
{ "type": "Feature", "properties": { "county": "BRONX", "license_number": 762584, "operation_type": "Store", "estab_type": "AC", "entity_name": "1007 GOURMET DELI INC", "dba_name": "1007 GOURMET DELI", "street_number": "1007", "street_name": "SOUTHERN BLVD", "city": "BRONX", "state": "NY", "zip_code": 10459, "georeference": { "type": "Point", "coordinates": [ -73.89179, 40.82304 ] }, "_@computed_region_yamh_8v7k": 307, "square_footage": null, "address_line_2": null, "address_line_3": null, "longitude": -73.89179, "latitude": 40.82304, "snap_eligible": 0, "snap_ever_authorized": 1, "snap_match_method": "address", "snap_record_id": 1507206.0, "snap_store_name": "Southern Boulevard Gourmet Deli And Smoke Shop Cor", "snap_store_type": "Convenience Store", "snap_auth_date": "9/13/2022", "snap_end_date": "11/18/2024", "snap_match_distance_m": 0.0 }, "geometry": { "type": "Point", "coordinates": [ -73.89179, 40.82304 ] } },
{ "type": "Feature", "properties": { "county": "BRONX", "license_number": 762487, "operation_type": "Store", "estab_type": "AC", "entity_name": "CASITA MARIA DELI CORP", "dba_name": "CASITA MARIA DELI", "street_number": "1020-1022", "street_name": "EAST 163RD STREET", "city": "BRONX", "state": "NY", "zip_code": 10459, "georeference": { "type": "Point", "coordinates": [ -73.89225, 40.82098 ] }, "_@computed_region_yamh_8v7k": 307, "square_footage": null, "address_line_2": null, "address_line_3": null, "longitude": -73.89225, "latitude": 40.82098, "snap_eligible": 1, "snap_ever_authorized": 1, "snap_match_method": "address", "snap_record_id": 1609305.0, "snap_store_name": "Casita Maria Deli Corp", "snap_store_type": "Convenience Store", "snap_auth_date": "8/26/2024", "snap_end_date": null, "snap_match_distance_m": 0.0 }, "geometry": { "type": "Point", "coordinates": [ -73.89225, 40.82098 ] } },
{ "type": "Feature", "properties": { "county": "BRONX", "license_number": 762315, "operation_type": "Store", "estab_type": "AC", "entity_name": "LAS 3S R DELI GROCERY CORP", "dba_name": "LAS 3'S DELI GROCERY", "street_number": "1001", "street_name": "E 167TH ST", "city": "BRONX", "state": "NY", "zip_code": 10459, "georeference": { "type": "Point", "coordinates": [ -73.88968, 40.82677 ] }, "_@computed_region_yamh_8v7k": 307, "square_footage": 1000.0, "address_line_2": null, "address_line_3": null, "longitude": -73.88968, "latitude": 40.82677, "snap_eligible": 1, "snap_ever_authorized": 1, "snap_match_method": "spatial", "snap_record_id": 1604154.0, "snap_store_name": "Sammay's Deli & Grocery Inc", "snap_store_type": "Convenience Store", "snap_auth_date": "7/18/2024", "snap_end_date": null, "snap_match_distance_m": 53.5 }, "geometry": { "type": "Point", "coordinates": [ -73.88968, 40.82677 ] } },
{ "type": "Feature", "properties": { "county": "BRONX", "license_number": 762137, "operation_type": "Store", "estab_type": "AC", "entity_name": "FERNANDEZ DELI GROCERY II CORP", "dba_name": "FERNANDEZ DELI GROCERY II", "street_number": "986", "street_name": "ROGERS PLACE", "city": "BRONX", "state": "NY", "zip_code": 10459, "georeference": { "type": "Point", "coordinates": [ -73.89761, 40.82374 ] }, "_@computed_region_yamh_8v7k": 307, "square_footage": null, "address_line_2": null, "address_line_3": null, "longitude": -73.89761, "latitude": 40.82374, "snap_eligible": 1, "snap_ever_authorized": 1, "snap_match_method": "address", "snap_record_id": 1598539.0, "snap_store_name": "Fernandez Deli Grocery ll Corp", "snap_store_type": "Small Grocery Store", "snap_auth_date": "8/7/2024", "snap_end_date": null, "snap_match_distance_m": 0.0 }, "geometry": { "type": "Point", "coordinates": [ -73.89761, 40.82374 ] } },
{ "type": "Feature", "properties": { "county": "BRONX", "license_number": 761933, "operation_type": "Store", "estab_type": "A", "entity_name": "DREAMS 1 99C CORPORATION", "dba_name": "99 CENT DREAMS", "street_number": "874", "street_name": "HUNTS POINT AVE", "city": "BRONX", "state": "NY", "zip_code": 10474, "georeference": { "type": "Point", "coordinates": [ -73.88928, 40.81878 ] }, "_@computed_region_yamh_8v7k": 307, "square_footage": null, "address_line_2": null, "address_line_3": null, "longitude": -73.88928, "latitude": 40.81878, "snap_eligible": 0, "snap_ever_authorized": 1, "snap_match_method": "address", "snap_record_id": 1508913.0, "snap_store_name": "Dreams 1 99c Corporation", "snap_store_type": "Convenience Store", "snap_auth_date": "7/27/2022", "snap_end_date": "6/29/2023", "snap_match_distance_m": 0.0 }, "geometry": { "type": "Point", "coordinates": [ -73.88928, 40.81878 ] } },
{ "type": "Feature", "properties": { "county": "BRONX", "license_number": 761834, "operation_type": "Store", "estab_type": "AC", "entity_name": "YEDELINE DELI & GROCERY 3 CORP", "dba_name": "YEDELINE DELI & GROCERY 3", "street_number": "900", "street_name": "HOE AVE", "city": "BRONX", "state": "NY", "zip_code": 10459, "georeference": { "type": "Point", "coordinates": [ -73.89028, 40.82135 ] }, "_@computed_region_yamh_8v7k": 307, "square_footage": null, "address_line_2": null, "address_line_3": null, "longitude": -73.89028, "latitude": 40.82135, "snap_eligible": 1, "snap_ever_authorized": 1, "snap_match_method": "address", "snap_record_id": 1602487.0, "snap_store_name": "Yedelin Deli & Grocery 3 Corp", "snap_store_type": "Convenience Store", "snap_auth_date": "9/16/2024", "snap_end_date": null, "snap_match_distance_m": 0.0 }, "geometry": { "type": "Point", "coordinates": [ -73.89028, 40.82135 ] } },
{ "type": "Feature", "properties": { "county": "BRONX", "license_number": 761622, "operation_type": "Store", "estab_type": "AC", "entity_name": "ULISESS BUTCHER SHOP NY INC", "dba_name": "ULISESS BUTCHER SHOP NY", "street_number": "956", "street_name": "LONGWOOD AVE###", "city": "BRONX", "state": "NY", "zip_code": 10459, "georeference": { "type": "Point", "coordinates": [ -73.89827, 40.81755 ] }, "_@computed_region_yamh_8v7k": 307, "square_footage": null, "address_line_2": null, "address_line_3": null, "longitude": -73.89827, "latitude": 40.81755, "snap_eligible": 1, "snap_ever_authorized": 1, "snap_match_method": "address", "snap_record_id": 1608073.0, "snap_store_name": "Ulises's Butcher Shop", "snap_store_type": "Medium Grocery Store", "snap_auth_date": "8/21/2024", "snap_end_date": null, "snap_match_distance_m": 0.0 }, "geometry": { "type": "Point", "coordinates": [ -73.89827, 40.81755 ] } },
{ "type": "Feature", "properties": { "county": "BRONX", "license_number": 761224, "operation_type": "Store", "estab_type": "AC", "entity_name": "MAX FRESH FOOD DELI CORP", "dba_name": "MAX FRESH FOOD DELI", "street_number": "870", "street_name": "PROSPECT AVE", "city": "BRONX", "state": "NY", "zip_code": 10459, "georeference": { "type": "Point", "coordinates": [ -73.90137, 40.82027 ] }, "_@computed_region_yamh_8v7k": 307, "square_footage": null, "address_line_2": null, "address_line_3": null, "longitude": -73.90137, "latitude": 40.82027, "snap_eligible": 1, "snap_ever_authorized": 1, "snap_match_method": "address", "snap_record_id": 1386212.0, "snap_store_name": "Skyline 1 Deli & Grocery Corp", "snap_store_type": "Convenience Store", "snap_auth_date": "12/12/2024", "snap_end_date": null, "snap_match_distance_m": 0.0 }, "geometry": { "type": "Point", "coordinates": [ -73.90137, 40.82027 ] } },
{ "type": "Feature", "properties": { "county": "BRONX", "license_number": 760337, "operation_type": "Store", "estab_type": "AC", "entity_name": "MARCS DELI & GROCERY CORP", "dba_name": "MARCS DELI & GROCERY", "street_number": "1126", "street_name": "WESTCHESTER AVE", "city": "BRONX", "state": "NY", "zip_code": 10459, "georeference": { "type": "Point", "coordinates": [ -73.88993, 40.82569 ] }, "_@computed_region_yamh_8v7k": 307, "square_footage": null, "address_line_2": null, "address_line_3": null, "longitude": -73.88993, "latitude": 40.82569, "snap_eligible": 0, "snap_ever_authorized": 1, "snap_match_method": "address", "snap_record_id": 1491789.0, "snap_store_name": "Kareem Deli & Grocery Corporation", "snap_store_type": "Convenience Store", "snap_auth_date": "4/21/2022", "snap_end_date": "7/11/2023", "snap_match_distance_m": 0.0 }, "geometry": { "type": "Point", "coordinates": [ -73.88993, 40.82569 ] } },
{ "type": "Feature", "properties": { "county": "BRONX", "license_number": 760222, "operation_type": "Store", "estab_type": "AC", "entity_name": "NOVAX DELI CORPORATION", "dba_name": "NOVAX DELI", "street_number": "831", "street_name": "DAWSON ST", "city": "BRONX", "state": "NY", "zip_code": 10459, "georeference": { "type": "Point", "coordinates": [ -73.89844, 40.81897 ] }, "_@computed_region_yamh_8v7k": 307, "square_footage": null, "address_line_2": null, "address_line_3": null, "longitude": -73.89844, "latitude": 40.81897, "snap_eligible": 1, "snap_ever_authorized": 1, "snap_match_method": "address", "snap_record_id": 1604435.0, "snap_store_name": "Novax Deli Corporation", "snap_store_type": "Convenience Store", "snap_auth_date": "8/27/2024", "snap_end_date": null, "snap_match_distance_m": 0.0 }, "geometry": { "type": "Point", "coordinates": [ -73.89844, 40.81897 ] } },
{ "type": "Feature", "properties": { "county": "BRONX", "license_number": 760107, "operation_type": "Store", "estab_type": "AC", "entity_name": "FIRST HEALTH FRESH GOURMET INC", "dba_name": "FIRST HEALTH FRESH GOURMET", "street_number": "795", "street_name": "SOUTHERN BLVD", "city": "BRONX", "state": "NY", "zip_code": 10455, "georeference": { "type": "Point", "coordinates": [ -73.89645, 40.81609 ] }, "_@computed_region_yamh_8v7k": 307, "square_footage": null, "address_line_2": null, "address_line_3": null, "longitude": -73.89645, "latitude": 40.81609, "snap_eligible": 1, "snap_ever_authorized": 1, "snap_match_method": "address", "snap_record_id": 1537739.0, "snap_store_name": "First Healthy Fresh Gourmet Inc", "snap_store_type": "Convenience Store", "snap_auth_date": "3/23/2023", "snap_end_date": null, "snap_match_distance_m": 0.0 }, "geometry": { "type": "Point", "coordinates": [ -73.89645, 40.81609 ] } },
{ "type": "Feature", "properties": { "county": "BRONX", "license_number": 760077, "operation_type": "Store", "estab_type": "A", "entity_name": "NEW HOPE GROCERY INC", "dba_name": "NEW HOPE GROCERY", "street_number": "944", "street_name": "ALDUS ST", "city": "BRONX", "state": "NY", "zip_code": 10459, "georeference": { "type": "Point", "coordinates": [ -73.89145, 40.8231 ] }, "_@computed_region_yamh_8v7k": 307, "square_footage": null, "address_line_2": null, "address_line_3": null, "longitude": -73.89145, "latitude": 40.8231, "snap_eligible": 0, "snap_ever_authorized": 1, "snap_match_method": "address", "snap_record_id": 1569215.0, "snap_store_name": "New Hope Grocery, Inc.", "snap_store_type": "Convenience Store", "snap_auth_date": "1/4/2024", "snap_end_date": "9/2/2024", "snap_match_distance_m": 0.0 }, "geometry": { "type": "Point", "coordinates": [ -73.89145, 40.8231 ] } },
{ "type": "Feature", "properties": { "county": "BRONX", "license_number": 758904, "operation_type": "Store", "estab_type": "A", "entity_name": "CULINART INC", "dba_name": "BALDOR SPECIALTY FOODS", "street_number": "155", "street_name": "FOOD CENTER DRIVE  ##", "city": "BRONX", "state": "NY", "zip_code": 10474, "georeference": { "type": "Point", "coordinates": [ -73.87445, 40.80814 ] }, "_@computed_region_yamh_8v7k": 307, "square_footage": 400.0, "address_line_2": null, "address_line_3": null, "longitude": -73.87445, "latitude": 40.80814, "snap_eligible": 0, "snap_ever_authorized": 0, "snap_match_method": "none", "snap_record_id": null, "snap_store_name": null, "snap_store_type": null, "snap_auth_date": null, "snap_end_date": null, "snap_match_distance_m": null }, "geometry": { "type": "Point", "coordinates": [ -73.87445, 40.80814 ] } },
{ "type": "Feature", "properties": { "county": "BRONX", "license_number": 758653, "operation_type": "Store", "estab_type": "AC", "entity_name": "GINO DELI GROCERY CORP", "dba_name": "GINO DELI GROCERY", "street_number": "935", "street_name": "E 163RD ST  ##", "city": "BRONX", "state": "NY", "zip_code": 10459, "georeference": { "type": "Point", "coordinates": [ -73.89653, 40.821 ] }, "_@computed_region_yamh_8v7k": 307, "square_footage": 1200.0, "address_line_2": null, "address_line_3": null, "longitude": -73.89653, "latitude": 40.821, "snap_eligible": 1, "snap_ever_authorized": 1, "snap_match_method": "address", "snap_record_id": 1554264.0, "snap_store_name": "Gino Deli Grocery", "snap_store_type": "Convenience Store", "snap_auth_date": "11/29/2023", "snap_end_date": null, "snap_match_distance_m": 0.0 }, "geometry": { "type": "Point", "coordinates": [ -73.89653, 40.821 ] } },
{ "type": "Feature", "properties": { "county": "BRONX", "license_number": 757845, "operation_type": "Store", "estab_type": "AC", "entity_name": "KELLY SREET DELI CORP", "dba_name": "KELLY SREET DELI", "street_number": "947", "street_name": "E 163RD STREET", "city": "BRONX", "state": "NY", "zip_code": 10459, "georeference": { "type": "Point", "coordinates": [ -73.89617, 40.82099 ] }, "_@computed_region_yamh_8v7k": 307, "square_footage": 1400.0, "address_line_2": null, "address_line_3": null, "longitude": -73.89617, "latitude": 40.82099, "snap_eligible": 1, "snap_ever_authorized": 1, "snap_match_method": "address", "snap_record_id": 1552039.0, "snap_store_name": "Kelly Street Deli Corp", "snap_store_type": "Convenience Store", "snap_auth_date": "8/15/2023", "snap_end_date": null, "snap_match_distance_m": 0.0 }, "geometry": { "type": "Point", "coordinates": [ -73.89617, 40.82099 ] } },
{ "type": "Feature", "properties": { "county": "BRONX", "license_number": 756554, "operation_type": "Store", "estab_type": "AC", "entity_name": "SON SONATECA GROCERY STORE CORP", "dba_name": "RP GROCERY DELI", "street_number": "945", "street_name": "ALDUS ST", "city": "BRONX", "state": "NY", "zip_code": 10459, "georeference": { "type": "Point", "coordinates": [ -73.89143, 40.8231 ] }, "_@computed_region_yamh_8v7k": 307, "square_footage": null, "address_line_2": null, "address_line_3": null, "longitude": -73.89143, "latitude": 40.8231, "snap_eligible": 1, "snap_ever_authorized": 1, "snap_match_method": "address", "snap_record_id": 1527986.0, "snap_store_name": "Son Sonateca Grocery Store Corp.", "snap_store_type": "Convenience Store", "snap_auth_date": "1/19/2023", "snap_end_date": null, "snap_match_distance_m": 0.0 }, "geometry": { "type": "Point", "coordinates": [ -73.89143, 40.8231 ] } },
{ "type": "Feature", "properties": { "county": "BRONX", "license_number": 756541, "operation_type": "Store", "estab_type": "AC", "entity_name": "GRAB 2 GO DELI CORP", "dba_name": "GRAB 2 GO DELI", "street_number": "1101", "street_name": "GARRISON AVE", "city": "BRONX", "state": "NY", "zip_code": 10474, "georeference": { "type": "Point", "coordinates": [ -73.88951, 40.81957 ] }, "_@computed_region_yamh_8v7k": 307, "square_footage": 2000.0, "address_line_2": null, "address_line_3": null, "longitude": -73.88951, "latitude": 40.81957, "snap_eligible": 0, "snap_ever_authorized": 1, "snap_match_method": "address", "snap_record_id": 1612784.0, "snap_store_name": "Grab 2 Go Deli Corp", "snap_store_type": "Convenience Store", "snap_auth_date": "8/14/2024", "snap_end_date": "9/17/2025", "snap_match_distance_m": 0.0 }, "geometry": { "type": "Point", "coordinates": [ -73.88951, 40.81957 ] } },
{ "type": "Feature", "properties": { "county": "BRONX", "license_number": 755526, "operation_type": "Store", "estab_type": "AC", "entity_name": "HEALTHY SHACK DELI GROCERY CORP", "dba_name": "HEALTHY SHACK DELI GROCERY", "street_number": "1086", "street_name": "SOUTHERN BLVD. STORE #2 ###", "city": "BRONX", "state": "NY", "zip_code": 10459, "georeference": { "type": "Point", "coordinates": [ -73.89172, 40.82599 ] }, "_@computed_region_yamh_8v7k": 307, "square_footage": null, "address_line_2": null, "address_line_3": null, "longitude": -73.89172, "latitude": 40.82599, "snap_eligible": 1, "snap_ever_authorized": 1, "snap_match_method": "address", "snap_record_id": 1532679.0, "snap_store_name": "Healthy Shack Deli Grocery Corp.", "snap_store_type": "Convenience Store", "snap_auth_date": "2/27/2023", "snap_end_date": null, "snap_match_distance_m": 0.0 }, "geometry": { "type": "Point", "coordinates": [ -73.89172, 40.82599 ] } },
{ "type": "Feature", "properties": { "county": "BRONX", "license_number": 755064, "operation_type": "Store", "estab_type": "AC", "entity_name": "BEL CANTO FOODS LLC", "dba_name": "DOWN EAST SEAFOOD", "street_number": "311", "street_name": "MANIDA ST ###", "city": "BRONX", "state": "NY", "zip_code": 10474, "georeference": { "type": "Point", "coordinates": [ -73.88641, 40.80688 ] }, "_@computed_region_yamh_8v7k": 307, "square_footage": null, "address_line_2": null, "address_line_3": null, "longitude": -73.88641, "latitude": 40.80688, "snap_eligible": 0, "snap_ever_authorized": 0, "snap_match_method": "none", "snap_record_id": null, "snap_store_name": null, "snap_store_type": null, "snap_auth_date": null, "snap_end_date": null, "snap_match_distance_m": null }, "geometry": { "type": "Point", "coordinates": [ -73.88641, 40.80688 ] } },
{ "type": "Feature", "properties": { "county": "BRONX", "license_number": 754673, "operation_type": "Store", "estab_type": "AC", "entity_name": "PERLA GROCERY CORP", "dba_name": "PERLA GROCERY", "street_number": "1142", "street_name": "EAST 165TH STREET ###", "city": "BRONX", "state": "NY", "zip_code": 10459, "georeference": { "type": "Point", "coordinates": [ -73.88748, 40.82523 ] }, "_@computed_region_yamh_8v7k": 307, "square_footage": null, "address_line_2": null, "address_line_3": null, "longitude": -73.88748, "latitude": 40.82523, "snap_eligible": 0, "snap_ever_authorized": 1, "snap_match_method": "address", "snap_record_id": 1517760.0, "snap_store_name": "Perla Grocery Corp", "snap_store_type": "Convenience Store", "snap_auth_date": "10/11/2022", "snap_end_date": "11/14/2025", "snap_match_distance_m": 0.0 }, "geometry": { "type": "Point", "coordinates": [ -73.88748, 40.82523 ] } },
{ "type": "Feature", "properties": { "county": "BRONX", "license_number": 753620, "operation_type": "Store", "estab_type": "A", "entity_name": "AAYAN FRUITS & VEGETABLES INC", "dba_name": "AAYAN FRUITS & VEGETABLES", "street_number": "547", "street_name": "SOUTHERN BLVD", "city": "BRONX", "state": "NY", "zip_code": 10455, "georeference": { "type": "Point", "coordinates": [ -73.90362, 40.81227 ] }, "_@computed_region_yamh_8v7k": 307, "square_footage": null, "address_line_2": null, "address_line_3": null, "longitude": -73.90362, "latitude": 40.81227, "snap_eligible": 1, "snap_ever_authorized": 1, "snap_match_method": "address", "snap_record_id": 1507967.0, "snap_store_name": "Aayan Fruits & Vegetables Inc", "snap_store_type": "Small Grocery Store", "snap_auth_date": "7/28/2022", "snap_end_date": null, "snap_match_distance_m": 0.0 }, "geometry": { "type": "Point", "coordinates": [ -73.90362, 40.81227 ] } },
{ "type": "Feature", "properties": { "county": "BRONX", "license_number": 753105, "operation_type": "Store", "estab_type": "AC", "entity_name": "EL MANA MINI MARKET CORP", "dba_name": "EL MANA MINI MARKET", "street_number": "1024", "street_name": "LONGWOOD AVE", "city": "BRONX", "state": "NY", "zip_code": 10459, "georeference": { "type": "Point", "coordinates": [ -73.89645, 40.81645 ] }, "_@computed_region_yamh_8v7k": 307, "square_footage": 1650.0, "address_line_2": null, "address_line_3": null, "longitude": -73.89645, "latitude": 40.81645, "snap_eligible": 1, "snap_ever_authorized": 1, "snap_match_method": "address", "snap_record_id": 1498778.0, "snap_store_name": "El Mana Minimarket Corp.", "snap_store_type": "Meat/Poultry Specialty", "snap_auth_date": "6/27/2022", "snap_end_date": null, "snap_match_distance_m": 0.0 }, "geometry": { "type": "Point", "coordinates": [ -73.89645, 40.81645 ] } },
{ "type": "Feature", "properties": { "county": "BRONX", "license_number": 752283, "operation_type": "Store", "estab_type": "AC", "entity_name": "IRON GRILL CORP", "dba_name": "IRON GRILL", "street_number": "596", "street_name": "SOUTHERN BLVD  ###", "city": "BRONX", "state": "NY", "zip_code": 10455, "georeference": { "type": "Point", "coordinates": [ -73.90165, 40.81284 ] }, "_@computed_region_yamh_8v7k": 307, "square_footage": null, "address_line_2": null, "address_line_3": null, "longitude": -73.90165, "latitude": 40.81284, "snap_eligible": 1, "snap_ever_authorized": 1, "snap_match_method": "address", "snap_record_id": 1493937.0, "snap_store_name": "Iron Grill Corp", "snap_store_type": "Convenience Store", "snap_auth_date": "6/13/2022", "snap_end_date": null, "snap_match_distance_m": 0.0 }, "geometry": { "type": "Point", "coordinates": [ -73.90165, 40.81284 ] } },
{ "type": "Feature", "properties": { "county": "BRONX", "license_number": 751852, "operation_type": "Store", "estab_type": "AC", "entity_name": "GILBERT PLACE DELI GROCERY INC", "dba_name": "GILBERT PLACE DELI GROCERY", "street_number": "1204", "street_name": "GILBERT PLACE", "city": "BRONX", "state": "NY", "zip_code": 10474, "georeference": { "type": "Point", "coordinates": [ -73.88814, 40.81784 ] }, "_@computed_region_yamh_8v7k": 307, "square_footage": 1400.0, "address_line_2": null, "address_line_3": null, "longitude": -73.88814, "latitude": 40.81784, "snap_eligible": 1, "snap_ever_authorized": 1, "snap_match_method": "address", "snap_record_id": 1505236.0, "snap_store_name": "Gilbert Place Deli Grocery Inc", "snap_store_type": "Small Grocery Store", "snap_auth_date": "9/2/2022", "snap_end_date": null, "snap_match_distance_m": 0.0 }, "geometry": { "type": "Point", "coordinates": [ -73.88814, 40.81784 ] } },
{ "type": "Feature", "properties": { "county": "BRONX", "license_number": 751634, "operation_type": "Store", "estab_type": "AC", "entity_name": "EL PROVOCON DELI GROCERY CORP", "dba_name": "EL PROVOCON DELI GROCERY", "street_number": "622-624", "street_name": "MANIDA ST - STORE 1", "city": "BRONX", "state": "NY", "zip_code": 10474, "georeference": { "type": "Point", "coordinates": [ -73.88782, 40.8123 ] }, "_@computed_region_yamh_8v7k": 307, "square_footage": 1000.0, "address_line_2": null, "address_line_3": null, "longitude": -73.88782, "latitude": 40.8123, "snap_eligible": 0, "snap_ever_authorized": 1, "snap_match_method": "address", "snap_record_id": 527997.0, "snap_store_name": "MANIDA FOOD CENTER INC", "snap_store_type": "Convenience Store", "snap_auth_date": "5/20/2003", "snap_end_date": "7/6/2020", "snap_match_distance_m": 0.0 }, "geometry": { "type": "Point", "coordinates": [ -73.88782, 40.8123 ] } },
{ "type": "Feature", "properties": { "county": "BRONX", "license_number": 751504, "operation_type": "Store", "estab_type": "A", "entity_name": "SW GROCERY & DELI CORP", "dba_name": "SW GROCERY & DELI", "street_number": "935", "street_name": "E 163 ST - CORNER", "city": "BRONX", "state": "NY", "zip_code": 10459, "georeference": { "type": "Point", "coordinates": [ -73.89653, 40.821 ] }, "_@computed_region_yamh_8v7k": 307, "square_footage": null, "address_line_2": null, "address_line_3": null, "longitude": -73.89653, "latitude": 40.821, "snap_eligible": 1, "snap_ever_authorized": 1, "snap_match_method": "address", "snap_record_id": 1554264.0, "snap_store_name": "Gino Deli Grocery", "snap_store_type": "Convenience Store", "snap_auth_date": "11/29/2023", "snap_end_date": null, "snap_match_distance_m": 0.0 }, "geometry": { "type": "Point", "coordinates": [ -73.89653, 40.821 ] } },
{ "type": "Feature", "properties": { "county": "BRONX", "license_number": 751327, "operation_type": "Store", "estab_type": "AC", "entity_name": "TOP FRUITS AND VEGETABLES CORP", "dba_name": "TOP FRUITS AND VEGETABLES", "street_number": "1057", "street_name": "SOUTHERN BLVD", "city": "BRONX", "state": "NY", "zip_code": 10459, "georeference": { "type": "Point", "coordinates": [ -73.89194, 40.82482 ] }, "_@computed_region_yamh_8v7k": 307, "square_footage": 1500.0, "address_line_2": null, "address_line_3": null, "longitude": -73.89194, "latitude": 40.82482, "snap_eligible": 1, "snap_ever_authorized": 1, "snap_match_method": "address", "snap_record_id": 569084.0, "snap_store_name": "SK Fruit Market Corp", "snap_store_type": "Medium Grocery Store", "snap_auth_date": "5/22/1990", "snap_end_date": null, "snap_match_distance_m": 0.0 }, "geometry": { "type": "Point", "coordinates": [ -73.89194, 40.82482 ] } },
{ "type": "Feature", "properties": { "county": "BRONX", "license_number": 751207, "operation_type": "Store", "estab_type": "AC", "entity_name": "MI CHAPINCITA QUETZAL CORP", "dba_name": "MI CHAPINCITA QUETZAL", "street_number": "1093", "street_name": "SOUTHERN BLVD", "city": "BRONX", "state": "NY", "zip_code": 10459, "georeference": { "type": "Point", "coordinates": [ -73.89194, 40.82605 ] }, "_@computed_region_yamh_8v7k": 307, "square_footage": null, "address_line_2": null, "address_line_3": null, "longitude": -73.89194, "latitude": 40.82605, "snap_eligible": 0, "snap_ever_authorized": 1, "snap_match_method": "address", "snap_record_id": 1070975.0, "snap_store_name": "A Z Deli Inc", "snap_store_type": "Convenience Store", "snap_auth_date": "11/20/2012", "snap_end_date": "3/31/2014", "snap_match_distance_m": 0.0 }, "geometry": { "type": "Point", "coordinates": [ -73.89194, 40.82605 ] } },
{ "type": "Feature", "properties": { "county": "BRONX", "license_number": 750697, "operation_type": "Store", "estab_type": "AC", "entity_name": "THEMACCS LLC", "dba_name": "MACCS", "street_number": "220", "street_name": "COSTER ST", "city": "BRONX", "state": "NY", "zip_code": 10474, "georeference": { "type": "Point", "coordinates": [ -73.88505, 40.80519 ] }, "_@computed_region_yamh_8v7k": 307, "square_footage": 2000.0, "address_line_2": null, "address_line_3": null, "longitude": -73.88505, "latitude": 40.80519, "snap_eligible": 0, "snap_ever_authorized": 0, "snap_match_method": "none", "snap_record_id": null, "snap_store_name": null, "snap_store_type": null, "snap_auth_date": null, "snap_end_date": null, "snap_match_distance_m": null }, "geometry": { "type": "Point", "coordinates": [ -73.88505, 40.80519 ] } },
{ "type": "Feature", "properties": { "county": "BRONX", "license_number": 750497, "operation_type": "Store", "estab_type": "AC", "entity_name": "HUNTS POINT DELI CORP", "dba_name": "HUNTS POINT DELI", "street_number": "1331", "street_name": "SENECA AVE", "city": "BRONX", "state": "NY", "zip_code": 10474, "georeference": { "type": "Point", "coordinates": [ -73.88637, 40.81904 ] }, "_@computed_region_yamh_8v7k": 307, "square_footage": null, "address_line_2": null, "address_line_3": null, "longitude": -73.88637, "latitude": 40.81904, "snap_eligible": 1, "snap_ever_authorized": 1, "snap_match_method": "address", "snap_record_id": 1497827.0, "snap_store_name": "Hunts Point Deli Corp.", "snap_store_type": "Small Grocery Store", "snap_auth_date": "7/25/2022", "snap_end_date": null, "snap_match_distance_m": 0.0 }, "geometry": { "type": "Point", "coordinates": [ -73.88637, 40.81904 ] } },
{ "type": "Feature", "properties": { "county": "BRONX", "license_number": 750396, "operation_type": "Store", "estab_type": "AC", "entity_name": "SLOW COCOA LLC", "dba_name": "SLOW COCOA", "street_number": "1361", "street_name": "VIELE AVE #201  ##", "city": "BRONX", "state": "NY", "zip_code": 10474, "georeference": { "type": "Point", "coordinates": [ -73.88142, 40.80729 ] }, "_@computed_region_yamh_8v7k": 307, "square_footage": 800.0, "address_line_2": null, "address_line_3": null, "longitude": -73.88142, "latitude": 40.80729, "snap_eligible": 0, "snap_ever_authorized": 0, "snap_match_method": "none", "snap_record_id": null, "snap_store_name": null, "snap_store_type": null, "snap_auth_date": null, "snap_end_date": null, "snap_match_distance_m": null }, "geometry": { "type": "Point", "coordinates": [ -73.88142, 40.80729 ] } },
{ "type": "Feature", "properties": { "county": "BRONX", "license_number": 749781, "operation_type": "Store", "estab_type": "AC", "entity_name": "WESTCHESTER GROCERY CORP", "dba_name": "WESTCHESTER GROCERY", "street_number": "987", "street_name": "WESTCHESTER AVE ####", "city": "BRONX", "state": "NY", "zip_code": 10459, "georeference": { "type": "Point", "coordinates": [ -73.89425, 40.8235 ] }, "_@computed_region_yamh_8v7k": 307, "square_footage": 1300.0, "address_line_2": null, "address_line_3": null, "longitude": -73.89425, "latitude": 40.8235, "snap_eligible": 1, "snap_ever_authorized": 1, "snap_match_method": "address", "snap_record_id": 1469642.0, "snap_store_name": "Westchester Grocery Corp", "snap_store_type": "Convenience Store", "snap_auth_date": "5/18/2023", "snap_end_date": null, "snap_match_distance_m": 0.0 }, "geometry": { "type": "Point", "coordinates": [ -73.89425, 40.8235 ] } },
{ "type": "Feature", "properties": { "county": "BRONX", "license_number": 749183, "operation_type": "Store", "estab_type": "AC", "entity_name": "S WON PROVISIONS INC", "dba_name": "JJ SOUTHERN FARM FRUIT", "street_number": "1046", "street_name": "SOUTHERN BLVD ##", "city": "BRONX", "state": "NY", "zip_code": 10459, "georeference": { "type": "Point", "coordinates": [ -73.89188, 40.82414 ] }, "_@computed_region_yamh_8v7k": 307, "square_footage": 1600.0, "address_line_2": null, "address_line_3": null, "longitude": -73.89188, "latitude": 40.82414, "snap_eligible": 1, "snap_ever_authorized": 1, "snap_match_method": "address", "snap_record_id": 1450103.0, "snap_store_name": "S. Won Provision Inc/Southern Farm", "snap_store_type": "Supermarket", "snap_auth_date": "6/4/2021", "snap_end_date": null, "snap_match_distance_m": 0.0 }, "geometry": { "type": "Point", "coordinates": [ -73.89188, 40.82414 ] } },
{ "type": "Feature", "properties": { "county": "BRONX", "license_number": 748846, "operation_type": "Store", "estab_type": "AC", "entity_name": "SOUTHERN BLVD GORMET DELI & SMOKE SHOP C", "dba_name": "SOUTHERN BLVD GORMET DELI & SMOKE SHOP", "street_number": "1007", "street_name": "SOUTHERN BLVD", "city": "BRONX", "state": "NY", "zip_code": 10459, "georeference": { "type": "Point", "coordinates": [ -73.89179, 40.82304 ] }, "_@computed_region_yamh_8v7k": 307, "square_footage": 600.0, "address_line_2": null, "address_line_3": null, "longitude": -73.89179, "latitude": 40.82304, "snap_eligible": 0, "snap_ever_authorized": 1, "snap_match_method": "address", "snap_record_id": 1507206.0, "snap_store_name": "Southern Boulevard Gourmet Deli And Smoke Shop Cor", "snap_store_type": "Convenience Store", "snap_auth_date": "9/13/2022", "snap_end_date": "11/18/2024", "snap_match_distance_m": 0.0 }, "geometry": { "type": "Point", "coordinates": [ -73.89179, 40.82304 ] } },
{ "type": "Feature", "properties": { "county": "BRONX", "license_number": 748813, "operation_type": "Store", "estab_type": "AC", "entity_name": "ECUATORIANITAS DELI CORP", "dba_name": "ECUATORIANITAS DELI", "street_number": "978", "street_name": "LONGWOOD AVE", "city": "BRONX", "state": "NY", "zip_code": 10459, "georeference": { "type": "Point", "coordinates": [ -73.89766, 40.81716 ] }, "_@computed_region_yamh_8v7k": 307, "square_footage": null, "address_line_2": null, "address_line_3": null, "longitude": -73.89766, "latitude": 40.81716, "snap_eligible": 1, "snap_ever_authorized": 1, "snap_match_method": "address", "snap_record_id": 1480030.0, "snap_store_name": "Ecuatorianita Deli Corp", "snap_store_type": "Convenience Store", "snap_auth_date": "1/26/2022", "snap_end_date": null, "snap_match_distance_m": 0.0 }, "geometry": { "type": "Point", "coordinates": [ -73.89766, 40.81716 ] } },
{ "type": "Feature", "properties": { "county": "BRONX", "license_number": 748738, "operation_type": "Store", "estab_type": "AC", "entity_name": "LILIS DELI GROCERY CORP", "dba_name": "LILIS DELI GROCERY", "street_number": "995", "street_name": "KELLY STREET, STORE 16", "city": "BRONX", "state": "NY", "zip_code": 10459, "georeference": { "type": "Point", "coordinates": [ -73.89586, 40.82283 ] }, "_@computed_region_yamh_8v7k": 307, "square_footage": 600.0, "address_line_2": null, "address_line_3": null, "longitude": -73.89586, "latitude": 40.82283, "snap_eligible": 0, "snap_ever_authorized": 1, "snap_match_method": "address", "snap_record_id": 1464206.0, "snap_store_name": "Lili's Deli Grocery Corp", "snap_store_type": "Small Grocery Store", "snap_auth_date": "12/23/2021", "snap_end_date": "8/20/2025", "snap_match_distance_m": 0.0 }, "geometry": { "type": "Point", "coordinates": [ -73.89586, 40.82283 ] } },
{ "type": "Feature", "properties": { "county": "BRONX", "license_number": 748669, "operation_type": "Store", "estab_type": "AC", "entity_name": "BENEFISHAL SEAFOOD LLC", "dba_name": "BENEFISHAL SEAFOOD", "street_number": "800", "street_name": "FOOD CENTER DR UNIT 36 ###", "city": "BRONX", "state": "NY", "zip_code": 10474, "georeference": { "type": "Point", "coordinates": [ -73.87625, 40.80434 ] }, "_@computed_region_yamh_8v7k": 307, "square_footage": 800.0, "address_line_2": null, "address_line_3": null, "longitude": -73.87625, "latitude": 40.80434, "snap_eligible": 0, "snap_ever_authorized": 0, "snap_match_method": "none", "snap_record_id": null, "snap_store_name": null, "snap_store_type": null, "snap_auth_date": null, "snap_end_date": null, "snap_match_distance_m": null }, "geometry": { "type": "Point", "coordinates": [ -73.87625, 40.80434 ] } },
{ "type": "Feature", "properties": { "county": "BRONX", "license_number": 748248, "operation_type": "Store", "estab_type": "AC", "entity_name": "FRIENDLY DELI INC", "dba_name": "FRIENDLY DELI", "street_number": "671", "street_name": "KELLY STREET", "city": "BRONX", "state": "NY", "zip_code": 10455, "georeference": { "type": "Point", "coordinates": [ -73.90229, 40.81538 ] }, "_@computed_region_yamh_8v7k": 307, "square_footage": 800.0, "address_line_2": null, "address_line_3": null, "longitude": -73.90229, "latitude": 40.81538, "snap_eligible": 1, "snap_ever_authorized": 1, "snap_match_method": "address", "snap_record_id": 1425122.0, "snap_store_name": "Friendly Deli Inc", "snap_store_type": "Convenience Store", "snap_auth_date": "1/15/2021", "snap_end_date": null, "snap_match_distance_m": 0.0 }, "geometry": { "type": "Point", "coordinates": [ -73.90229, 40.81538 ] } },
{ "type": "Feature", "properties": { "county": "BRONX", "license_number": 748165, "operation_type": "Store", "estab_type": "AC", "entity_name": "FASO AFRICAN MARKET CORP", "dba_name": "FASO AFRICAN MARKET", "street_number": "953A", "street_name": "WESTCHESTER AVE", "city": "BRONX", "state": "NY", "zip_code": 10459, "georeference": { "type": "Point", "coordinates": [ -73.89603, 40.82254 ] }, "_@computed_region_yamh_8v7k": 307, "square_footage": 400.0, "address_line_2": null, "address_line_3": null, "longitude": -73.89603, "latitude": 40.82254, "snap_eligible": 1, "snap_ever_authorized": 1, "snap_match_method": "address", "snap_record_id": 1461075.0, "snap_store_name": "Faso African Market", "snap_store_type": "Small Grocery Store", "snap_auth_date": "9/16/2021", "snap_end_date": null, "snap_match_distance_m": 0.0 }, "geometry": { "type": "Point", "coordinates": [ -73.89603, 40.82254 ] } },
{ "type": "Feature", "properties": { "county": "BRONX", "license_number": 748164, "operation_type": "Store", "estab_type": "A", "entity_name": "BAJAJ FOOD CORP", "dba_name": "EVERYDAY SAVINGS", "street_number": "1031", "street_name": "WESTCHESTER AVE", "city": "BRONX", "state": "NY", "zip_code": 10459, "georeference": { "type": "Point", "coordinates": [ -73.89271, 40.82428 ] }, "_@computed_region_yamh_8v7k": 307, "square_footage": 2000.0, "address_line_2": null, "address_line_3": null, "longitude": -73.89271, "latitude": 40.82428, "snap_eligible": 1, "snap_ever_authorized": 1, "snap_match_method": "spatial", "snap_record_id": 1477505.0, "snap_store_name": "La Nueva Giralda Bakery Inc NO", "snap_store_type": "Bakery Specialty", "snap_auth_date": "1/25/2022", "snap_end_date": null, "snap_match_distance_m": 27.6 }, "geometry": { "type": "Point", "coordinates": [ -73.89271, 40.82428 ] } },
{ "type": "Feature", "properties": { "county": "BRONX", "license_number": 747730, "operation_type": "Store", "estab_type": "A", "entity_name": "ST JOHN MARKET INC", "dba_name": "ST JOHN MARKET", "street_number": "639", "street_name": "SOUTHERN BLVD", "city": "BRONX", "state": "NY", "zip_code": 10455, "georeference": { "type": "Point", "coordinates": [ -73.90106, 40.81301 ] }, "_@computed_region_yamh_8v7k": 307, "square_footage": null, "address_line_2": null, "address_line_3": null, "longitude": -73.90106, "latitude": 40.81301, "snap_eligible": 0, "snap_ever_authorized": 1, "snap_match_method": "address", "snap_record_id": 1430654.0, "snap_store_name": "St. John Market Inc.", "snap_store_type": "Convenience Store", "snap_auth_date": "3/22/2021", "snap_end_date": "12/13/2023", "snap_match_distance_m": 0.0 }, "geometry": { "type": "Point", "coordinates": [ -73.90106, 40.81301 ] } },
{ "type": "Feature", "properties": { "county": "BRONX", "license_number": 747379, "operation_type": "Store", "estab_type": "A", "entity_name": "BROTHERS & BOBO LLC", "dba_name": "BROTHERS & BOBO", "street_number": "902", "street_name": "HUNTS POINT AVENUE", "city": "BRONX", "state": "NY", "zip_code": 10474, "georeference": { "type": "Point", "coordinates": [ -73.88988, 40.81956 ] }, "_@computed_region_yamh_8v7k": 307, "square_footage": 550.0, "address_line_2": null, "address_line_3": null, "longitude": -73.88988, "latitude": 40.81956, "snap_eligible": 0, "snap_ever_authorized": 1, "snap_match_method": "address", "snap_record_id": 1502583.0, "snap_store_name": "Primagro Llc", "snap_store_type": "Small Grocery Store", "snap_auth_date": "7/19/2022", "snap_end_date": "12/14/2023", "snap_match_distance_m": 0.0 }, "geometry": { "type": "Point", "coordinates": [ -73.88988, 40.81956 ] } },
{ "type": "Feature", "properties": { "county": "BRONX", "license_number": 745838, "operation_type": "Store", "estab_type": "AC", "entity_name": "BEST DAY & NIGHT DELI GROCERY CORP", "dba_name": "BEST DAY & NIGHT DELI GROCERY", "street_number": "1017", "street_name": "LEGGET AVE", "city": "BRONX", "state": "NY", "zip_code": 10455, "georeference": { "type": "Point", "coordinates": [ -73.89964, 40.81412 ] }, "_@computed_region_yamh_8v7k": 307, "square_footage": null, "address_line_2": null, "address_line_3": null, "longitude": -73.89964, "latitude": 40.81412, "snap_eligible": 0, "snap_ever_authorized": 1, "snap_match_method": "address", "snap_record_id": 1142600.0, "snap_store_name": "Day & Night Deli Grocery Corp.", "snap_store_type": "Small Grocery Store", "snap_auth_date": "5/1/2014", "snap_end_date": "9/30/2019", "snap_match_distance_m": 0.0 }, "geometry": { "type": "Point", "coordinates": [ -73.89964, 40.81412 ] } },
{ "type": "Feature", "properties": { "county": "BRONX", "license_number": 744765, "operation_type": "Store", "estab_type": "A", "entity_name": "PRIME NOW LLC", "dba_name": "PRIME NOW", "street_number": "1080", "street_name": "LEGGETT AVE", "city": "BRONX", "state": "NY", "zip_code": 10474, "georeference": { "type": "Point", "coordinates": [ -73.8963, 40.81228 ] }, "_@computed_region_yamh_8v7k": 307, "square_footage": 180000.0, "address_line_2": null, "address_line_3": null, "longitude": -73.8963, "latitude": 40.81228, "snap_eligible": 0, "snap_ever_authorized": 1, "snap_match_method": "spatial", "snap_record_id": 904780.0, "snap_store_name": "7-Eleven#39045A", "snap_store_type": "Combination Grocery/Other", "snap_auth_date": "7/2/2009", "snap_end_date": "1/16/2012", "snap_match_distance_m": 7.8 }, "geometry": { "type": "Point", "coordinates": [ -73.8963, 40.81228 ] } },
{ "type": "Feature", "properties": { "county": "BRONX", "license_number": 744542, "operation_type": "Store", "estab_type": "AC", "entity_name": "EDIBLE ARRANGEMENTS LLC", "dba_name": "EDIBLE ARRANGEMENTS", "street_number": "880", "street_name": "EAST 163RD STREET ###", "city": "BRONX", "state": "NY", "zip_code": 10459, "georeference": { "type": "Point", "coordinates": [ -73.89853, 40.82097 ] }, "_@computed_region_yamh_8v7k": 307, "square_footage": null, "address_line_2": null, "address_line_3": null, "longitude": -73.89853, "latitude": 40.82097, "snap_eligible": 0, "snap_ever_authorized": 1, "snap_match_method": "spatial", "snap_record_id": 1164780.0, "snap_store_name": "Rite Care Pharmacy", "snap_store_type": "Convenience Store", "snap_auth_date": "2/18/2015", "snap_end_date": "9/23/2019", "snap_match_distance_m": 21.1 }, "geometry": { "type": "Point", "coordinates": [ -73.89853, 40.82097 ] } },
{ "type": "Feature", "properties": { "county": "BRONX", "license_number": 743503, "operation_type": "Store", "estab_type": "A", "entity_name": "MO DISCOUNT CORP", "dba_name": "MO DISCOUNT", "street_number": "548", "street_name": "SOUTHERN BLVD", "city": "BRONX", "state": "NY", "zip_code": 10455, "georeference": { "type": "Point", "coordinates": [ -73.90354, 40.8123 ] }, "_@computed_region_yamh_8v7k": 307, "square_footage": 600.0, "address_line_2": null, "address_line_3": null, "longitude": -73.90354, "latitude": 40.8123, "snap_eligible": 0, "snap_ever_authorized": 1, "snap_match_method": "address", "snap_record_id": 1194011.0, "snap_store_name": "548 Grocery Deli Inc", "snap_store_type": "Convenience Store", "snap_auth_date": "5/14/2015", "snap_end_date": "11/22/2019", "snap_match_distance_m": 0.0 }, "geometry": { "type": "Point", "coordinates": [ -73.90354, 40.8123 ] } },
{ "type": "Feature", "properties": { "county": "BRONX", "license_number": 743488, "operation_type": "Store", "estab_type": "AC", "entity_name": "CPR DELI & GROCERY CORP", "dba_name": "CANCUN DELI GROCERY 1", "street_number": "908", "street_name": "EAST 163RD STREET", "city": "BRONX", "state": "NY", "zip_code": 10459, "georeference": { "type": "Point", "coordinates": [ -73.89802, 40.82099 ] }, "_@computed_region_yamh_8v7k": 307, "square_footage": 500.0, "address_line_2": null, "address_line_3": null, "longitude": -73.89802, "latitude": 40.82099, "snap_eligible": 0, "snap_ever_authorized": 1, "snap_match_method": "address", "snap_record_id": 1400514.0, "snap_store_name": "Cancun Deli Grocery I", "snap_store_type": "Small Grocery Store", "snap_auth_date": "8/19/2020", "snap_end_date": "7/6/2023", "snap_match_distance_m": 0.0 }, "geometry": { "type": "Point", "coordinates": [ -73.89802, 40.82099 ] } },
{ "type": "Feature", "properties": { "county": "BRONX", "license_number": 743035, "operation_type": "Store", "estab_type": "AC", "entity_name": "INTERVALE DELI FOOD CORP", "dba_name": "INTERVALE DELI FOOD", "street_number": "1006", "street_name": "INTERVALE AVE", "city": "BRONX", "state": "NY", "zip_code": 10459, "georeference": { "type": "Point", "coordinates": [ -73.89686, 40.82339 ] }, "_@computed_region_yamh_8v7k": 307, "square_footage": null, "address_line_2": null, "address_line_3": null, "longitude": -73.89686, "latitude": 40.82339, "snap_eligible": 0, "snap_ever_authorized": 1, "snap_match_method": "address", "snap_record_id": 1364697.0, "snap_store_name": "Intervale Deli Food Corp", "snap_store_type": "Small Grocery Store", "snap_auth_date": "10/1/2019", "snap_end_date": "9/23/2025", "snap_match_distance_m": 0.0 }, "geometry": { "type": "Point", "coordinates": [ -73.89686, 40.82339 ] } },
{ "type": "Feature", "properties": { "county": "BRONX", "license_number": 742852, "operation_type": "Store", "estab_type": "AC", "entity_name": "LOS 2 HERMANITOS DELI GROCERY CORP", "dba_name": "LOS 2 HERMANITOS II DELI GROCERY", "street_number": "865", "street_name": "EAST 165TH STREET", "city": "BRONX", "state": "NY", "zip_code": 10459, "georeference": { "type": "Point", "coordinates": [ -73.89918, 40.82392 ] }, "_@computed_region_yamh_8v7k": 307, "square_footage": null, "address_line_2": null, "address_line_3": null, "longitude": -73.89918, "latitude": 40.82392, "snap_eligible": 0, "snap_ever_authorized": 1, "snap_match_method": "address", "snap_record_id": 1399217.0, "snap_store_name": "Los 2 Hermanitos II Deli Grocery Corp.", "snap_store_type": "Convenience Store", "snap_auth_date": "8/23/2021", "snap_end_date": "5/15/2022", "snap_match_distance_m": 0.0 }, "geometry": { "type": "Point", "coordinates": [ -73.89918, 40.82392 ] } },
{ "type": "Feature", "properties": { "county": "BRONX", "license_number": 742802, "operation_type": "Store", "estab_type": "A", "entity_name": "FAMILY DOLLAR STORES OF NEW YORK LLC", "dba_name": "FAMILY DOLLAR #33004", "street_number": "867", "street_name": "LONGWOOD AVE", "city": "BRONX", "state": "NY", "zip_code": 10459, "georeference": { "type": "Point", "coordinates": [ -73.90093, 40.81913 ] }, "_@computed_region_yamh_8v7k": 307, "square_footage": null, "address_line_2": null, "address_line_3": null, "longitude": -73.90093, "latitude": 40.81913, "snap_eligible": 1, "snap_ever_authorized": 1, "snap_match_method": "address", "snap_record_id": 1405226.0, "snap_store_name": "Family Dollar 13004", "snap_store_type": "Combination Grocery/Other", "snap_auth_date": "5/5/2020", "snap_end_date": null, "snap_match_distance_m": 0.0 }, "geometry": { "type": "Point", "coordinates": [ -73.90093, 40.81913 ] } },
{ "type": "Feature", "properties": { "county": "BRONX", "license_number": 742731, "operation_type": "Store", "estab_type": "AC", "entity_name": "PEACE AND LOVE DELI MARKET CORP", "dba_name": "PEACE AND LOVE DELI MARKET", "street_number": "950", "street_name": "LONGWOOD AVENUE", "city": "BRONX", "state": "NY", "zip_code": 10459, "georeference": { "type": "Point", "coordinates": [ -73.89828, 40.81756 ] }, "_@computed_region_yamh_8v7k": 307, "square_footage": null, "address_line_2": null, "address_line_3": null, "longitude": -73.89828, "latitude": 40.81756, "snap_eligible": 1, "snap_ever_authorized": 1, "snap_match_method": "address", "snap_record_id": 1399600.0, "snap_store_name": "Peace And Love Deli Market Corp", "snap_store_type": "Small Grocery Store", "snap_auth_date": "2/19/2021", "snap_end_date": null, "snap_match_distance_m": 0.0 }, "geometry": { "type": "Point", "coordinates": [ -73.89828, 40.81756 ] } },
{ "type": "Feature", "properties": { "county": "BRONX", "license_number": 741851, "operation_type": "Store", "estab_type": "ABK", "entity_name": "MADRID BAKERY LLC", "dba_name": "VALENCIA BAKERY", "street_number": "801", "street_name": "EDGEWATER RD", "city": "BRONX", "state": "NY", "zip_code": 10474, "georeference": { "type": "Point", "coordinates": [ -73.88342, 40.81755 ] }, "_@computed_region_yamh_8v7k": 307, "square_footage": 5000.0, "address_line_2": null, "address_line_3": null, "longitude": -73.88342, "latitude": 40.81755, "snap_eligible": 1, "snap_ever_authorized": 1, "snap_match_method": "address", "snap_record_id": 1473109.0, "snap_store_name": "Valencia Bakery 1", "snap_store_type": "Convenience Store", "snap_auth_date": "10/7/2024", "snap_end_date": null, "snap_match_distance_m": 0.0 }, "geometry": { "type": "Point", "coordinates": [ -73.88342, 40.81755 ] } },
{ "type": "Feature", "properties": { "county": "BRONX", "license_number": 741208, "operation_type": "Store", "estab_type": "AC", "entity_name": "JIMENEZ FRUITS & VEGETABLES INC", "dba_name": "JIMENEZ FRUITS & VEGETABLES", "street_number": "901", "street_name": "SOUTHERN BLVD. STORE B", "city": "BRONX", "state": "NY", "zip_code": 10459, "georeference": { "type": "Point", "coordinates": [ -73.89287, 40.81957 ] }, "_@computed_region_yamh_8v7k": 307, "square_footage": 1200.0, "address_line_2": null, "address_line_3": null, "longitude": -73.89287, "latitude": 40.81957, "snap_eligible": 1, "snap_ever_authorized": 1, "snap_match_method": "address", "snap_record_id": 1387433.0, "snap_store_name": "Jimenez Fruits & Vegetables", "snap_store_type": "Small Grocery Store", "snap_auth_date": "8/21/2025", "snap_end_date": null, "snap_match_distance_m": 0.0 }, "geometry": { "type": "Point", "coordinates": [ -73.89287, 40.81957 ] } },
{ "type": "Feature", "properties": { "county": "BRONX", "license_number": 741041, "operation_type": "Store", "estab_type": "AC", "entity_name": "ALKAIFI MUAAMAR A", "dba_name": "EXPRESS CANDY", "street_number": "797", "street_name": "SOUTHERN BLVD", "city": "BRONX", "state": "NY", "zip_code": 10455, "georeference": { "type": "Point", "coordinates": [ -73.89638, 40.81615 ] }, "_@computed_region_yamh_8v7k": 307, "square_footage": 950.0, "address_line_2": null, "address_line_3": null, "longitude": -73.89638, "latitude": 40.81615, "snap_eligible": 0, "snap_ever_authorized": 1, "snap_match_method": "address", "snap_record_id": 1283759.0, "snap_store_name": "Express Candy And Grocery Inc", "snap_store_type": "Small Grocery Store", "snap_auth_date": "6/22/2017", "snap_end_date": "6/4/2019", "snap_match_distance_m": 0.0 }, "geometry": { "type": "Point", "coordinates": [ -73.89638, 40.81615 ] } },
{ "type": "Feature", "properties": { "county": "BRONX", "license_number": 740372, "operation_type": "Store", "estab_type": "AC", "entity_name": "WILLYS GROCERY STORE INC", "dba_name": "WILLYS GROCERY STORE", "street_number": "699", "street_name": "BECK STREET ####", "city": "BRONX", "state": "NY", "zip_code": 10455, "georeference": { "type": "Point", "coordinates": [ -73.9003, 40.81503 ] }, "_@computed_region_yamh_8v7k": 307, "square_footage": 1100.0, "address_line_2": null, "address_line_3": null, "longitude": -73.9003, "latitude": 40.81503, "snap_eligible": 1, "snap_ever_authorized": 1, "snap_match_method": "address", "snap_record_id": 1645086.0, "snap_store_name": "J & J Deli Grocery Store Corp.", "snap_store_type": "Convenience Store", "snap_auth_date": "3/26/2025", "snap_end_date": null, "snap_match_distance_m": 0.0 }, "geometry": { "type": "Point", "coordinates": [ -73.9003, 40.81503 ] } },
{ "type": "Feature", "properties": { "county": "BRONX", "license_number": 740303, "operation_type": "Store", "estab_type": "AC", "entity_name": "MONTHER FOOD MART AND DELI CORP", "dba_name": "MONTHER FOOD MART AND DELI", "street_number": "1078", "street_name": "E 165TH STREET ####", "city": "BRONX", "state": "NY", "zip_code": 10459, "georeference": { "type": "Point", "coordinates": [ -73.89073, 40.82507 ] }, "_@computed_region_yamh_8v7k": 307, "square_footage": 1200.0, "address_line_2": null, "address_line_3": null, "longitude": -73.89073, "latitude": 40.82507, "snap_eligible": 0, "snap_ever_authorized": 1, "snap_match_method": "address", "snap_record_id": 1376334.0, "snap_store_name": "Monther Food Mart And Deli Corp", "snap_store_type": "Convenience Store", "snap_auth_date": "10/8/2019", "snap_end_date": "9/23/2025", "snap_match_distance_m": 0.0 }, "geometry": { "type": "Point", "coordinates": [ -73.89073, 40.82507 ] } },
{ "type": "Feature", "properties": { "county": "BRONX", "license_number": 738717, "operation_type": "Store", "estab_type": "AC", "entity_name": "SNACK ATTACK DELI 1 INC", "dba_name": "SNACK ATTACK DELI 1", "street_number": "976", "street_name": "LONGWOOD AVE", "city": "BRONX", "state": "NY", "zip_code": 10459, "georeference": { "type": "Point", "coordinates": [ -73.89788, 40.8173 ] }, "_@computed_region_yamh_8v7k": 307, "square_footage": 1000.0, "address_line_2": null, "address_line_3": null, "longitude": -73.89788, "latitude": 40.8173, "snap_eligible": 0, "snap_ever_authorized": 1, "snap_match_method": "address", "snap_record_id": 1027001.0, "snap_store_name": "Metro Deli & Pizza Inc", "snap_store_type": "Convenience Store", "snap_auth_date": "1/15/2014", "snap_end_date": "4/1/2014", "snap_match_distance_m": 0.0 }, "geometry": { "type": "Point", "coordinates": [ -73.89788, 40.8173 ] } },
{ "type": "Feature", "properties": { "county": "BRONX", "license_number": 738608, "operation_type": "Store", "estab_type": "AC", "entity_name": "FRIENDS DELI & GRILL CORP", "dba_name": "FRIENDS DELI & GRILL", "street_number": "585", "street_name": "SOUTHERN BLVD", "city": "BRONX", "state": "NY", "zip_code": 10455, "georeference": { "type": "Point", "coordinates": [ -73.90218, 40.81269 ] }, "_@computed_region_yamh_8v7k": 307, "square_footage": 1200.0, "address_line_2": null, "address_line_3": null, "longitude": -73.90218, "latitude": 40.81269, "snap_eligible": 0, "snap_ever_authorized": 1, "snap_match_method": "address", "snap_record_id": 1362789.0, "snap_store_name": "Friends Deli & Grill Corp", "snap_store_type": "Small Grocery Store", "snap_auth_date": "5/10/2022", "snap_end_date": "6/14/2022", "snap_match_distance_m": 0.0 }, "geometry": { "type": "Point", "coordinates": [ -73.90218, 40.81269 ] } },
{ "type": "Feature", "properties": { "county": "BRONX", "license_number": 738317, "operation_type": "Store", "estab_type": "AC", "entity_name": "LUCKY 2 GOURMET DELI INC", "dba_name": "LUCKY 2 GOURMET DELI", "street_number": "1007", "street_name": "E 163RD STREET ####", "city": "BRONX", "state": "NY", "zip_code": 10459, "georeference": { "type": "Point", "coordinates": [ -73.89305, 40.82097 ] }, "_@computed_region_yamh_8v7k": 307, "square_footage": null, "address_line_2": null, "address_line_3": null, "longitude": -73.89305, "latitude": 40.82097, "snap_eligible": 1, "snap_ever_authorized": 1, "snap_match_method": "address", "snap_record_id": 1250725.0, "snap_store_name": "Moe's Gourmet Deli Plus Inc", "snap_store_type": "Convenience Store", "snap_auth_date": "9/29/2025", "snap_end_date": null, "snap_match_distance_m": 0.0 }, "geometry": { "type": "Point", "coordinates": [ -73.89305, 40.82097 ] } },
{ "type": "Feature", "properties": { "county": "BRONX", "license_number": 737282, "operation_type": "Store", "estab_type": "AC", "entity_name": "JAIVERY DELI GROCERY CORP", "dba_name": "JAIVERY DELI GROCERY", "street_number": "907", "street_name": "SOUTHERN BLVD", "city": "BRONX", "state": "NY", "zip_code": 10459, "georeference": { "type": "Point", "coordinates": [ -73.89278, 40.81966 ] }, "_@computed_region_yamh_8v7k": 307, "square_footage": 1000.0, "address_line_2": null, "address_line_3": null, "longitude": -73.89278, "latitude": 40.81966, "snap_eligible": 0, "snap_ever_authorized": 1, "snap_match_method": "address", "snap_record_id": 1353745.0, "snap_store_name": "Jaivery Deli Grocery Corp", "snap_store_type": "Small Grocery Store", "snap_auth_date": "9/29/2021", "snap_end_date": "5/3/2023", "snap_match_distance_m": 0.0 }, "geometry": { "type": "Point", "coordinates": [ -73.89278, 40.81966 ] } },
{ "type": "Feature", "properties": { "county": "BRONX", "license_number": 737185, "operation_type": "Store", "estab_type": "AC", "entity_name": "ROSELYN DELI GROCERY CORP", "dba_name": "ROSELYN DELI GROCERY", "street_number": "698", "street_name": "BECK STREET", "city": "BRONX", "state": "NY", "zip_code": 10455, "georeference": { "type": "Point", "coordinates": [ -73.90041, 40.815 ] }, "_@computed_region_yamh_8v7k": 307, "square_footage": null, "address_line_2": null, "address_line_3": null, "longitude": -73.90041, "latitude": 40.815, "snap_eligible": 1, "snap_ever_authorized": 1, "snap_match_method": "address", "snap_record_id": 1656698.0, "snap_store_name": "Roselyn Deli Grocery Corp", "snap_store_type": "Small Grocery Store", "snap_auth_date": "6/4/2025", "snap_end_date": null, "snap_match_distance_m": 0.0 }, "geometry": { "type": "Point", "coordinates": [ -73.90041, 40.815 ] } },
{ "type": "Feature", "properties": { "county": "BRONX", "license_number": 736933, "operation_type": "Store", "estab_type": "AC", "entity_name": "HUNTS POINT MARKET INC", "dba_name": "HUNTS POINT MARKET", "street_number": "1081", "street_name": "LEGGETT AVE", "city": "BRONX", "state": "NY", "zip_code": 10474, "georeference": { "type": "Point", "coordinates": [ -73.89598, 40.81214 ] }, "_@computed_region_yamh_8v7k": 307, "square_footage": 1300.0, "address_line_2": null, "address_line_3": null, "longitude": -73.89598, "latitude": 40.81214, "snap_eligible": 0, "snap_ever_authorized": 1, "snap_match_method": "address", "snap_record_id": 904780.0, "snap_store_name": "7-Eleven#39045A", "snap_store_type": "Combination Grocery/Other", "snap_auth_date": "7/2/2009", "snap_end_date": "1/16/2012", "snap_match_distance_m": 0.0 }, "geometry": { "type": "Point", "coordinates": [ -73.89598, 40.81214 ] } },
{ "type": "Feature", "properties": { "county": "BRONX", "license_number": 736425, "operation_type": "Store", "estab_type": "AC", "entity_name": "EL SITIO 2 DELI GROCERY CORP", "dba_name": "EL SITIO DELI GROCERY", "street_number": "954", "street_name": "PROSPECT AVENUE", "city": "BRONX", "state": "NY", "zip_code": 10459, "georeference": { "type": "Point", "coordinates": [ -73.90042, 40.82255 ] }, "_@computed_region_yamh_8v7k": 307, "square_footage": 1200.0, "address_line_2": null, "address_line_3": null, "longitude": -73.90042, "latitude": 40.82255, "snap_eligible": 1, "snap_ever_authorized": 1, "snap_match_method": "address", "snap_record_id": 1555478.0, "snap_store_name": "El Sitio 2 Deli Grocery Co", "snap_store_type": "Small Grocery Store", "snap_auth_date": "7/10/2023", "snap_end_date": null, "snap_match_distance_m": 0.0 }, "geometry": { "type": "Point", "coordinates": [ -73.90042, 40.82255 ] } },
{ "type": "Feature", "properties": { "county": "BRONX", "license_number": 735130, "operation_type": "Store", "estab_type": "AC", "entity_name": "SALCEDO SUPERMARKET CORP", "dba_name": "SALCEDO SUPERMARKET", "street_number": "1318", "street_name": "LAFAYETTE AVE", "city": "BRONX", "state": "NY", "zip_code": 10474, "georeference": { "type": "Point", "coordinates": [ -73.88643, 40.81689 ] }, "_@computed_region_yamh_8v7k": 307, "square_footage": 2000.0, "address_line_2": "STORE 1-2-3", "address_line_3": null, "longitude": -73.88643, "latitude": 40.81689, "snap_eligible": 1, "snap_ever_authorized": 1, "snap_match_method": "address", "snap_record_id": 1640361.0, "snap_store_name": "Salcedo Supermarket Corp", "snap_store_type": "Medium Grocery Store", "snap_auth_date": "2/26/2025", "snap_end_date": null, "snap_match_distance_m": 0.0 }, "geometry": { "type": "Point", "coordinates": [ -73.88643, 40.81689 ] } },
{ "type": "Feature", "properties": { "county": "BRONX", "license_number": 733306, "operation_type": "Store", "estab_type": "AC", "entity_name": "549 GROCERY INC", "dba_name": "549 GROCERY", "street_number": "549", "street_name": "SOUTHERN BLVD", "city": "BRONX", "state": "NY", "zip_code": 10455, "georeference": { "type": "Point", "coordinates": [ -73.90358, 40.81228 ] }, "_@computed_region_yamh_8v7k": 307, "square_footage": 700.0, "address_line_2": null, "address_line_3": null, "longitude": -73.90358, "latitude": 40.81228, "snap_eligible": 1, "snap_ever_authorized": 1, "snap_match_method": "spatial", "snap_record_id": 1283805.0, "snap_store_name": "Discount Corp And 99c", "snap_store_type": "Convenience Store", "snap_auth_date": "9/15/2017", "snap_end_date": null, "snap_match_distance_m": 17.0 }, "geometry": { "type": "Point", "coordinates": [ -73.90358, 40.81228 ] } },
{ "type": "Feature", "properties": { "county": "BRONX", "license_number": 732196, "operation_type": "Store", "estab_type": "AC", "entity_name": "901 GOURMET DELI CORP", "dba_name": "901 GOURMET DELI", "street_number": "901", "street_name": "SOUTHERN BLVD", "city": "BRONX", "state": "NY", "zip_code": 10459, "georeference": { "type": "Point", "coordinates": [ -73.89287, 40.81957 ] }, "_@computed_region_yamh_8v7k": 307, "square_footage": 1000.0, "address_line_2": null, "address_line_3": null, "longitude": -73.89287, "latitude": 40.81957, "snap_eligible": 1, "snap_ever_authorized": 1, "snap_match_method": "address", "snap_record_id": 1387433.0, "snap_store_name": "Jimenez Fruits & Vegetables", "snap_store_type": "Small Grocery Store", "snap_auth_date": "8/21/2025", "snap_end_date": null, "snap_match_distance_m": 0.0 }, "geometry": { "type": "Point", "coordinates": [ -73.89287, 40.81957 ] } },
{ "type": "Feature", "properties": { "county": "BRONX", "license_number": 731695, "operation_type": "Store", "estab_type": "AC", "entity_name": "947 DELI GROCERY CORP", "dba_name": "947 DELI GROCERY", "street_number": "947", "street_name": "EAST 163RD ST", "city": "BRONX", "state": "NY", "zip_code": 10459, "georeference": { "type": "Point", "coordinates": [ -73.89617, 40.82099 ] }, "_@computed_region_yamh_8v7k": 307, "square_footage": 1000.0, "address_line_2": null, "address_line_3": null, "longitude": -73.89617, "latitude": 40.82099, "snap_eligible": 1, "snap_ever_authorized": 1, "snap_match_method": "address", "snap_record_id": 1552039.0, "snap_store_name": "Kelly Street Deli Corp", "snap_store_type": "Convenience Store", "snap_auth_date": "8/15/2023", "snap_end_date": null, "snap_match_distance_m": 0.0 }, "geometry": { "type": "Point", "coordinates": [ -73.89617, 40.82099 ] } },
{ "type": "Feature", "properties": { "county": "BRONX", "license_number": 731565, "operation_type": "Store", "estab_type": "AC", "entity_name": "INTERVALE DELI CORP", "dba_name": "INTERVALE DELI", "street_number": "1103", "street_name": "INTERVALE AVE", "city": "BRONX", "state": "NY", "zip_code": 10459, "georeference": { "type": "Point", "coordinates": [ -73.89706, 40.82619 ] }, "_@computed_region_yamh_8v7k": 307, "square_footage": 900.0, "address_line_2": null, "address_line_3": null, "longitude": -73.89706, "latitude": 40.82619, "snap_eligible": 1, "snap_ever_authorized": 1, "snap_match_method": "address", "snap_record_id": 1313185.0, "snap_store_name": "Intervale Deli Corp", "snap_store_type": "Convenience Store", "snap_auth_date": "4/28/2018", "snap_end_date": null, "snap_match_distance_m": 0.0 }, "geometry": { "type": "Point", "coordinates": [ -73.89706, 40.82619 ] } },
{ "type": "Feature", "properties": { "county": "BRONX", "license_number": 731084, "operation_type": "Store", "estab_type": "ACDK", "entity_name": "R & J SEAFOOD CORP", "dba_name": "R & J SEAFOOD", "street_number": "800", "street_name": "FOOD CENTER DRIVE UNIT 117 ###", "city": "BRONX", "state": "NY", "zip_code": 10474, "georeference": { "type": "Point", "coordinates": [ -73.87625, 40.80434 ] }, "_@computed_region_yamh_8v7k": 307, "square_footage": 1500.0, "address_line_2": null, "address_line_3": null, "longitude": -73.87625, "latitude": 40.80434, "snap_eligible": 0, "snap_ever_authorized": 0, "snap_match_method": "none", "snap_record_id": null, "snap_store_name": null, "snap_store_type": null, "snap_auth_date": null, "snap_end_date": null, "snap_match_distance_m": null }, "geometry": { "type": "Point", "coordinates": [ -73.87625, 40.80434 ] } },
{ "type": "Feature", "properties": { "county": "BRONX", "license_number": 730509, "operation_type": "Store", "estab_type": "A", "entity_name": "DOLGEN NEW YORK LLC", "dba_name": "DOLLAR GENERAL # 19211", "street_number": "900", "street_name": "SOUTHERN BLVD", "city": "BRONX", "state": "NY", "zip_code": 10459, "georeference": { "type": "Point", "coordinates": [ -73.89289, 40.81955 ] }, "_@computed_region_yamh_8v7k": 307, "square_footage": 1500.0, "address_line_2": null, "address_line_3": null, "longitude": -73.89289, "latitude": 40.81955, "snap_eligible": 1, "snap_ever_authorized": 1, "snap_match_method": "address", "snap_record_id": 1295394.0, "snap_store_name": "Dollar General 19211", "snap_store_type": "Combination Grocery/Other", "snap_auth_date": "8/8/2017", "snap_end_date": null, "snap_match_distance_m": 0.0 }, "geometry": { "type": "Point", "coordinates": [ -73.89289, 40.81955 ] } },
{ "type": "Feature", "properties": { "county": "BRONX", "license_number": 730328, "operation_type": "Store", "estab_type": "AC", "entity_name": "HPA DELI CORP", "dba_name": "HPA DELI", "street_number": "803", "street_name": "HUNTS POINT AVE", "city": "BRONX", "state": "NY", "zip_code": 10474, "georeference": { "type": "Point", "coordinates": [ -73.88812, 40.81693 ] }, "_@computed_region_yamh_8v7k": 307, "square_footage": 1200.0, "address_line_2": null, "address_line_3": null, "longitude": -73.88812, "latitude": 40.81693, "snap_eligible": 1, "snap_ever_authorized": 1, "snap_match_method": "address", "snap_record_id": 1496201.0, "snap_store_name": "H P A Deli Corp", "snap_store_type": "Small Grocery Store", "snap_auth_date": "6/15/2022", "snap_end_date": null, "snap_match_distance_m": 0.0 }, "geometry": { "type": "Point", "coordinates": [ -73.88812, 40.81693 ] } },
{ "type": "Feature", "properties": { "county": "BRONX", "license_number": 729127, "operation_type": "Store", "estab_type": "A", "entity_name": "DISCOUNT CORP AND 99 CENT", "dba_name": "DISCOUNT CORP AND 99 CENT", "street_number": "545 A", "street_name": "SOUTHERN BLVD ####", "city": "BRONX", "state": "NY", "zip_code": 10455, "georeference": { "type": "Point", "coordinates": [ -73.90377, 40.81223 ] }, "_@computed_region_yamh_8v7k": 307, "square_footage": null, "address_line_2": null, "address_line_3": null, "longitude": -73.90377, "latitude": 40.81223, "snap_eligible": 1, "snap_ever_authorized": 1, "snap_match_method": "address", "snap_record_id": 1283805.0, "snap_store_name": "Discount Corp And 99c", "snap_store_type": "Convenience Store", "snap_auth_date": "9/15/2017", "snap_end_date": null, "snap_match_distance_m": 0.0 }, "geometry": { "type": "Point", "coordinates": [ -73.90377, 40.81223 ] } },
{ "type": "Feature", "properties": { "county": "BRONX", "license_number": 728049, "operation_type": "Store", "estab_type": "AC", "entity_name": "A & G DELI GROCERY III CORP", "dba_name": "A & G DELI GROCERY III", "street_number": "948", "street_name": "E 163RD ST", "city": "BRONX", "state": "NY", "zip_code": 10459, "georeference": { "type": "Point", "coordinates": [ -73.89606, 40.82099 ] }, "_@computed_region_yamh_8v7k": 307, "square_footage": 1200.0, "address_line_2": null, "address_line_3": null, "longitude": -73.89606, "latitude": 40.82099, "snap_eligible": 1, "snap_ever_authorized": 1, "snap_match_method": "address", "snap_record_id": 1289222.0, "snap_store_name": "A & G Deli Grocery Iii Corp", "snap_store_type": "Small Grocery Store", "snap_auth_date": "10/16/2020", "snap_end_date": null, "snap_match_distance_m": 0.0 }, "geometry": { "type": "Point", "coordinates": [ -73.89606, 40.82099 ] } },
{ "type": "Feature", "properties": { "county": "BRONX", "license_number": 725894, "operation_type": "Store", "estab_type": "AC", "entity_name": "A AND J SUPER FOOD INC", "dba_name": "ANTILLANA FRESH MEAT MARKET", "street_number": "1025", "street_name": "WESTCHESTER AVE", "city": "BRONX", "state": "NY", "zip_code": 10459, "georeference": { "type": "Point", "coordinates": [ -73.89319, 40.82403 ] }, "_@computed_region_yamh_8v7k": 307, "square_footage": 3000.0, "address_line_2": null, "address_line_3": null, "longitude": -73.89319, "latitude": 40.82403, "snap_eligible": 1, "snap_ever_authorized": 1, "snap_match_method": "address", "snap_record_id": 1269630.0, "snap_store_name": "Antillana Fresh Meat Market", "snap_store_type": "Large Grocery Store", "snap_auth_date": "2/16/2017", "snap_end_date": null, "snap_match_distance_m": 0.0 }, "geometry": { "type": "Point", "coordinates": [ -73.89319, 40.82403 ] } },
{ "type": "Feature", "properties": { "county": "BRONX", "license_number": 725369, "operation_type": "Store", "estab_type": "AC", "entity_name": "ROYAL DELI INC", "dba_name": "ROYAL DELI", "street_number": "980", "street_name": "INTERVALE AVE ###", "city": "BRONX", "state": "NY", "zip_code": 10459, "georeference": { "type": "Point", "coordinates": [ -73.89687, 40.82266 ] }, "_@computed_region_yamh_8v7k": 307, "square_footage": null, "address_line_2": null, "address_line_3": null, "longitude": -73.89687, "latitude": 40.82266, "snap_eligible": 1, "snap_ever_authorized": 1, "snap_match_method": "address", "snap_record_id": 1647554.0, "snap_store_name": "Royal Deli Inc", "snap_store_type": "Convenience Store", "snap_auth_date": "4/14/2025", "snap_end_date": null, "snap_match_distance_m": 0.0 }, "geometry": { "type": "Point", "coordinates": [ -73.89687, 40.82266 ] } },
{ "type": "Feature", "properties": { "county": "BRONX", "license_number": 725218, "operation_type": "Store", "estab_type": "AC", "entity_name": "EXCEL FOOD MART LLC", "dba_name": "EXCEL FOOD MART", "street_number": "1264", "street_name": "RANDALL AVE", "city": "BRONX", "state": "NY", "zip_code": 10474, "georeference": { "type": "Point", "coordinates": [ -73.88705, 40.81204 ] }, "_@computed_region_yamh_8v7k": 307, "square_footage": 1200.0, "address_line_2": null, "address_line_3": null, "longitude": -73.88705, "latitude": 40.81204, "snap_eligible": 1, "snap_ever_authorized": 1, "snap_match_method": "spatial", "snap_record_id": 1491931.0, "snap_store_name": "El Provocon Deli Grocery Corp.", "snap_store_type": "Convenience Store", "snap_auth_date": "5/12/2022", "snap_end_date": null, "snap_match_distance_m": 56.0 }, "geometry": { "type": "Point", "coordinates": [ -73.88705, 40.81204 ] } },
{ "type": "Feature", "properties": { "county": "BRONX", "license_number": 724739, "operation_type": "Store", "estab_type": "A", "entity_name": "DOLLAR TREE STORES INC", "dba_name": "DOLLAR TREE #05191", "street_number": "925", "street_name": "HUNTS POINT AVE", "city": "BRONX", "state": "NY", "zip_code": 10459, "georeference": { "type": "Point", "coordinates": [ -73.89091, 40.8204 ] }, "_@computed_region_yamh_8v7k": 307, "square_footage": 2500.0, "address_line_2": null, "address_line_3": null, "longitude": -73.89091, "latitude": 40.8204, "snap_eligible": 1, "snap_ever_authorized": 1, "snap_match_method": "address", "snap_record_id": 1260610.0, "snap_store_name": "Dollar Tree 5191", "snap_store_type": "Combination Grocery/Other", "snap_auth_date": "10/7/2016", "snap_end_date": null, "snap_match_distance_m": 0.0 }, "geometry": { "type": "Point", "coordinates": [ -73.89091, 40.8204 ] } },
{ "type": "Feature", "properties": { "county": "BRONX", "license_number": 724557, "operation_type": "Store", "estab_type": "AC", "entity_name": "SABOR LATINO DELI SUPERMARKET CORP", "dba_name": "SABOR LATINO DELI SUPERMARKET", "street_number": "1000", "street_name": "LONGWOOD AVENUE", "city": "BRONX", "state": "NY", "zip_code": 10459, "georeference": { "type": "Point", "coordinates": [ -73.89718, 40.81689 ] }, "_@computed_region_yamh_8v7k": 307, "square_footage": 2000.0, "address_line_2": null, "address_line_3": null, "longitude": -73.89718, "latitude": 40.81689, "snap_eligible": 1, "snap_ever_authorized": 1, "snap_match_method": "address", "snap_record_id": 1653429.0, "snap_store_name": "Sabor Latino Deli Supermarket Corp", "snap_store_type": "Medium Grocery Store", "snap_auth_date": "5/19/2025", "snap_end_date": null, "snap_match_distance_m": 0.0 }, "geometry": { "type": "Point", "coordinates": [ -73.89718, 40.81689 ] } },
{ "type": "Feature", "properties": { "county": "BRONX", "license_number": 724181, "operation_type": "Store", "estab_type": "AC", "entity_name": "NELLYS DELI GROCERY CORP", "dba_name": "NELLYS DELI GROCERY", "street_number": "1240", "street_name": "SPOFFORD AVE", "city": "BRONX", "state": "NY", "zip_code": 10474, "georeference": { "type": "Point", "coordinates": [ -73.8894, 40.81407 ] }, "_@computed_region_yamh_8v7k": 307, "square_footage": 1000.0, "address_line_2": null, "address_line_3": null, "longitude": -73.8894, "latitude": 40.81407, "snap_eligible": 1, "snap_ever_authorized": 1, "snap_match_method": "address", "snap_record_id": 1255700.0, "snap_store_name": "Nelly's Deli Grocery Corp.", "snap_store_type": "Small Grocery Store", "snap_auth_date": "9/1/2016", "snap_end_date": null, "snap_match_distance_m": 0.0 }, "geometry": { "type": "Point", "coordinates": [ -73.8894, 40.81407 ] } },
{ "type": "Feature", "properties": { "county": "BRONX", "license_number": 723677, "operation_type": "Store", "estab_type": "AC", "entity_name": "SOUTHERN BLVD MEAT MARKET CORP", "dba_name": "SAGAL MEAT MARKET", "street_number": "1091", "street_name": "SOUTHERN BLVD", "city": "BRONX", "state": "NY", "zip_code": 10459, "georeference": { "type": "Point", "coordinates": [ -73.89194, 40.8258 ] }, "_@computed_region_yamh_8v7k": 307, "square_footage": 2500.0, "address_line_2": null, "address_line_3": null, "longitude": -73.89194, "latitude": 40.8258, "snap_eligible": 1, "snap_ever_authorized": 1, "snap_match_method": "spatial", "snap_record_id": 1242591.0, "snap_store_name": "Southern Blvd Meat Market Corp./Sagal Food", "snap_store_type": "Large Grocery Store", "snap_auth_date": "3/31/2016", "snap_end_date": null, "snap_match_distance_m": 7.5 }, "geometry": { "type": "Point", "coordinates": [ -73.89194, 40.8258 ] } },
{ "type": "Feature", "properties": { "county": "BRONX", "license_number": 723294, "operation_type": "Store", "estab_type": "ACDK", "entity_name": "GRADYS COLD BREW INC", "dba_name": "GRADYS COLD BREW", "street_number": "819", "street_name": "GARRISON AVE", "city": "BRONX", "state": "NY", "zip_code": 10474, "georeference": { "type": "Point", "coordinates": [ -73.89343, 40.81565 ] }, "_@computed_region_yamh_8v7k": 307, "square_footage": 8000.0, "address_line_2": null, "address_line_3": null, "longitude": -73.89343, "latitude": 40.81565, "snap_eligible": 0, "snap_ever_authorized": 0, "snap_match_method": "none", "snap_record_id": null, "snap_store_name": null, "snap_store_type": null, "snap_auth_date": null, "snap_end_date": null, "snap_match_distance_m": null }, "geometry": { "type": "Point", "coordinates": [ -73.89343, 40.81565 ] } },
{ "type": "Feature", "properties": { "county": "BRONX", "license_number": 723232, "operation_type": "Store", "estab_type": "AC", "entity_name": "MARIA FOOD MARKET CORP", "dba_name": "MARIA FOOD MARKET", "street_number": "920", "street_name": "PROSPECT AVE", "city": "BRONX", "state": "NY", "zip_code": 10459, "georeference": { "type": "Point", "coordinates": [ -73.90074, 40.82179 ] }, "_@computed_region_yamh_8v7k": 307, "square_footage": 1100.0, "address_line_2": null, "address_line_3": null, "longitude": -73.90074, "latitude": 40.82179, "snap_eligible": 1, "snap_ever_authorized": 1, "snap_match_method": "address", "snap_record_id": 1241647.0, "snap_store_name": "Maria Food Market Corp.", "snap_store_type": "Medium Grocery Store", "snap_auth_date": "7/7/2016", "snap_end_date": null, "snap_match_distance_m": 0.0 }, "geometry": { "type": "Point", "coordinates": [ -73.90074, 40.82179 ] } },
{ "type": "Feature", "properties": { "county": "BRONX", "license_number": 722667, "operation_type": "Store", "estab_type": "AC", "entity_name": "LO MAXIMO DELI GROCERY LLC", "dba_name": "LO MAXIMO DELI GROCERY", "street_number": "710", "street_name": "BECK STREET", "city": "BRONX", "state": "NY", "zip_code": 10455, "georeference": { "type": "Point", "coordinates": [ -73.9, 40.81513 ] }, "_@computed_region_yamh_8v7k": 307, "square_footage": 1100.0, "address_line_2": null, "address_line_3": null, "longitude": -73.9, "latitude": 40.81513, "snap_eligible": 1, "snap_ever_authorized": 1, "snap_match_method": "address", "snap_record_id": 1247299.0, "snap_store_name": "Lo Maximo Deli Grocery Llc", "snap_store_type": "Small Grocery Store", "snap_auth_date": "5/31/2019", "snap_end_date": null, "snap_match_distance_m": 0.0 }, "geometry": { "type": "Point", "coordinates": [ -73.9, 40.81513 ] } },
{ "type": "Feature", "properties": { "county": "BRONX", "license_number": 722504, "operation_type": "Store", "estab_type": "AC", "entity_name": "CRYSTAL JAIDA GROCERY CORP", "dba_name": "CRYSTAL JAIDA GROCERY", "street_number": "1090", "street_name": "LONGFELLOW AVE ####", "city": "BRONX", "state": "NY", "zip_code": 10459, "georeference": { "type": "Point", "coordinates": [ -73.88784, 40.82606 ] }, "_@computed_region_yamh_8v7k": 307, "square_footage": 1000.0, "address_line_2": null, "address_line_3": null, "longitude": -73.88784, "latitude": 40.82606, "snap_eligible": 0, "snap_ever_authorized": 1, "snap_match_method": "address", "snap_record_id": 1248937.0, "snap_store_name": "Crystal Jaida Grocery Corp", "snap_store_type": "Small Grocery Store", "snap_auth_date": "10/27/2016", "snap_end_date": "11/19/2018", "snap_match_distance_m": 0.0 }, "geometry": { "type": "Point", "coordinates": [ -73.88784, 40.82606 ] } },
{ "type": "Feature", "properties": { "county": "BRONX", "license_number": 721060, "operation_type": "Store", "estab_type": "AC", "entity_name": "VERACRUZ DELI & GROCERY INC", "dba_name": "VERACRUZ DELI & GROCERY", "street_number": "1019", "street_name": "E 167TH ST ###", "city": "BRONX", "state": "NY", "zip_code": 10459, "georeference": { "type": "Point", "coordinates": [ -73.88898, 40.82676 ] }, "_@computed_region_yamh_8v7k": 307, "square_footage": 900.0, "address_line_2": null, "address_line_3": null, "longitude": -73.88898, "latitude": 40.82676, "snap_eligible": 0, "snap_ever_authorized": 0, "snap_match_method": "none", "snap_record_id": null, "snap_store_name": null, "snap_store_type": null, "snap_auth_date": null, "snap_end_date": null, "snap_match_distance_m": null }, "geometry": { "type": "Point", "coordinates": [ -73.88898, 40.82676 ] } },
{ "type": "Feature", "properties": { "county": "BRONX", "license_number": 718974, "operation_type": "Store", "estab_type": "AC", "entity_name": "A&G DELI GROCERY II CORP", "dba_name": "A & G DELI GROCERY II", "street_number": "976", "street_name": "PROSPECT AVE", "city": "BRONX", "state": "NY", "zip_code": 10459, "georeference": { "type": "Point", "coordinates": [ -73.90008, 40.82338 ] }, "_@computed_region_yamh_8v7k": 307, "square_footage": null, "address_line_2": null, "address_line_3": null, "longitude": -73.90008, "latitude": 40.82338, "snap_eligible": 1, "snap_ever_authorized": 1, "snap_match_method": "address", "snap_record_id": 1222029.0, "snap_store_name": "A & G Deli Grocery II Corp", "snap_store_type": "Convenience Store", "snap_auth_date": "12/28/2015", "snap_end_date": null, "snap_match_distance_m": 0.0 }, "geometry": { "type": "Point", "coordinates": [ -73.90008, 40.82338 ] } },
{ "type": "Feature", "properties": { "county": "BRONX", "license_number": 718789, "operation_type": "Store", "estab_type": "AC", "entity_name": "CT GROCERY NY CORP", "dba_name": "CT GROCERY NY", "street_number": "869", "street_name": "BRYANT AVE", "city": "BRONX", "state": "NY", "zip_code": 10474, "georeference": { "type": "Point", "coordinates": [ -73.88665, 40.81879 ] }, "_@computed_region_yamh_8v7k": 307, "square_footage": null, "address_line_2": null, "address_line_3": null, "longitude": -73.88665, "latitude": 40.81879, "snap_eligible": 1, "snap_ever_authorized": 1, "snap_match_method": "address", "snap_record_id": 1661482.0, "snap_store_name": "CT Grocery NY Corp", "snap_store_type": "Convenience Store", "snap_auth_date": "7/1/2025", "snap_end_date": null, "snap_match_distance_m": 0.0 }, "geometry": { "type": "Point", "coordinates": [ -73.88665, 40.81879 ] } },
{ "type": "Feature", "properties": { "county": "BRONX", "license_number": 718452, "operation_type": "Store", "estab_type": "AC", "entity_name": "LA REYNA DE WESTCHESTER DELI GROCERY COR", "dba_name": "LA REYNA DE WESTCHESTER DELI GROCERY", "street_number": "1218", "street_name": "WESTCHESTER AVE", "city": "BRONX", "state": "NY", "zip_code": 10459, "georeference": { "type": "Point", "coordinates": [ -73.88915, 40.8261 ] }, "_@computed_region_yamh_8v7k": 307, "square_footage": null, "address_line_2": null, "address_line_3": null, "longitude": -73.88915, "latitude": 40.8261, "snap_eligible": 0, "snap_ever_authorized": 1, "snap_match_method": "address", "snap_record_id": 1225458.0, "snap_store_name": "La Reyna De Westchester Deli Grocery Corp.", "snap_store_type": "Convenience Store", "snap_auth_date": "3/10/2016", "snap_end_date": "6/10/2021", "snap_match_distance_m": 0.0 }, "geometry": { "type": "Point", "coordinates": [ -73.88915, 40.8261 ] } },
{ "type": "Feature", "properties": { "county": "BRONX", "license_number": 717675, "operation_type": "Store", "estab_type": "AC", "entity_name": "FERNANDEZ ALCIBIADES A", "dba_name": "FERNANDEZ DELI GROCERY", "street_number": "1086", "street_name": "KELLY ST", "city": "BRONX", "state": "NY", "zip_code": 10459, "georeference": { "type": "Point", "coordinates": [ -73.89582, 40.82576 ] }, "_@computed_region_yamh_8v7k": 307, "square_footage": 1000.0, "address_line_2": null, "address_line_3": null, "longitude": -73.89582, "latitude": 40.82576, "snap_eligible": 1, "snap_ever_authorized": 1, "snap_match_method": "address", "snap_record_id": 1547354.0, "snap_store_name": "Fernandez Deli Grocery", "snap_store_type": "Small Grocery Store", "snap_auth_date": "10/24/2023", "snap_end_date": null, "snap_match_distance_m": 0.0 }, "geometry": { "type": "Point", "coordinates": [ -73.89582, 40.82576 ] } },
{ "type": "Feature", "properties": { "county": "BRONX", "license_number": 716722, "operation_type": "Store", "estab_type": "ABCK", "entity_name": "ALL NATURAL PRODUCTS INC", "dba_name": "DAVIDOVICH BAKERY", "street_number": "727", "street_name": "DRAKE ST", "city": "BRONX", "state": "NY", "zip_code": 10474, "georeference": { "type": "Point", "coordinates": [ -73.88303, 40.81598 ] }, "_@computed_region_yamh_8v7k": 307, "square_footage": 10000.0, "address_line_2": null, "address_line_3": null, "longitude": -73.88303, "latitude": 40.81598, "snap_eligible": 0, "snap_ever_authorized": 0, "snap_match_method": "none", "snap_record_id": null, "snap_store_name": null, "snap_store_type": null, "snap_auth_date": null, "snap_end_date": null, "snap_match_distance_m": null }, "geometry": { "type": "Point", "coordinates": [ -73.88303, 40.81598 ] } },
{ "type": "Feature", "properties": { "county": "BRONX", "license_number": 715252, "operation_type": "Store", "estab_type": "AC", "entity_name": "FMM DIGITAL ENTERPRISES CORP", "dba_name": "FULTON FISH MARKET", "street_number": "800", "street_name": "FOOD CENTER DRIVE UNIT 3-4", "city": "BRONX", "state": "NY", "zip_code": 10474, "georeference": { "type": "Point", "coordinates": [ -73.87625, 40.80434 ] }, "_@computed_region_yamh_8v7k": 307, "square_footage": 3000.0, "address_line_2": null, "address_line_3": null, "longitude": -73.87625, "latitude": 40.80434, "snap_eligible": 0, "snap_ever_authorized": 0, "snap_match_method": "none", "snap_record_id": null, "snap_store_name": null, "snap_store_type": null, "snap_auth_date": null, "snap_end_date": null, "snap_match_distance_m": null }, "geometry": { "type": "Point", "coordinates": [ -73.87625, 40.80434 ] } },
{ "type": "Feature", "properties": { "county": "BRONX", "license_number": 713735, "operation_type": "Store", "estab_type": "AC", "entity_name": "LA MINA MINI MARKET CORP", "dba_name": "LA MINA MINI MARKET", "street_number": "1000", "street_name": "HOE AVE", "city": "BRONX", "state": "NY", "zip_code": 10459, "georeference": { "type": "Point", "coordinates": [ -73.89044, 40.82335 ] }, "_@computed_region_yamh_8v7k": 307, "square_footage": 1500.0, "address_line_2": null, "address_line_3": null, "longitude": -73.89044, "latitude": 40.82335, "snap_eligible": 1, "snap_ever_authorized": 1, "snap_match_method": "address", "snap_record_id": 1168743.0, "snap_store_name": "La Mina Mini Market Corp", "snap_store_type": "Small Grocery Store", "snap_auth_date": "9/2/2022", "snap_end_date": null, "snap_match_distance_m": 0.0 }, "geometry": { "type": "Point", "coordinates": [ -73.89044, 40.82335 ] } },
{ "type": "Feature", "properties": { "county": "BRONX", "license_number": 713293, "operation_type": "Store", "estab_type": "AC", "entity_name": "CHANNELS DELI GROCERY INC", "dba_name": "CHANNELS DELI GROCERY", "street_number": "910", "street_name": "PROSPECT AVE", "city": "BRONX", "state": "NY", "zip_code": 10459, "georeference": { "type": "Point", "coordinates": [ -73.90091, 40.82136 ] }, "_@computed_region_yamh_8v7k": 307, "square_footage": 900.0, "address_line_2": null, "address_line_3": null, "longitude": -73.90091, "latitude": 40.82136, "snap_eligible": 0, "snap_ever_authorized": 1, "snap_match_method": "address", "snap_record_id": 1186501.0, "snap_store_name": "Channel S Deli Grocery Inc", "snap_store_type": "Convenience Store", "snap_auth_date": "9/30/2015", "snap_end_date": "7/24/2017", "snap_match_distance_m": 0.0 }, "geometry": { "type": "Point", "coordinates": [ -73.90091, 40.82136 ] } },
{ "type": "Feature", "properties": { "county": "BRONX", "license_number": 711580, "operation_type": "Store", "estab_type": "AC", "entity_name": "SOUTHERN SEAFOOD MARKET INC", "dba_name": "SOUTHERN FISH MARKET", "street_number": "1037E", "street_name": "163ST", "city": "BRONX", "state": "NY", "zip_code": 10459, "georeference": { "type": "Point", "coordinates": [ -73.89141, 40.82099 ] }, "_@computed_region_yamh_8v7k": 307, "square_footage": 2000.0, "address_line_2": null, "address_line_3": null, "longitude": -73.89141, "latitude": 40.82099, "snap_eligible": 1, "snap_ever_authorized": 1, "snap_match_method": "spatial", "snap_record_id": 1609305.0, "snap_store_name": "Casita Maria Deli Corp", "snap_store_type": "Convenience Store", "snap_auth_date": "8/26/2024", "snap_end_date": null, "snap_match_distance_m": 13.7 }, "geometry": { "type": "Point", "coordinates": [ -73.89141, 40.82099 ] } },
{ "type": "Feature", "properties": { "county": "BRONX", "license_number": 711438, "operation_type": "Store", "estab_type": "AC", "entity_name": "MUKTI 1360 PETROLEUM INC", "dba_name": "BP FOOD SHOP", "street_number": "1360", "street_name": "BRUCKNER BLVD  ###", "city": "BRONX", "state": "NY", "zip_code": 10459, "georeference": { "type": "Point", "coordinates": [ -73.88547, 40.82248 ] }, "_@computed_region_yamh_8v7k": 307, "square_footage": 1500.0, "address_line_2": null, "address_line_3": null, "longitude": -73.88547, "latitude": 40.82248, "snap_eligible": 0, "snap_ever_authorized": 0, "snap_match_method": "none", "snap_record_id": null, "snap_store_name": null, "snap_store_type": null, "snap_auth_date": null, "snap_end_date": null, "snap_match_distance_m": null }, "geometry": { "type": "Point", "coordinates": [ -73.88547, 40.82248 ] } },
{ "type": "Feature", "properties": { "county": "BRONX", "license_number": 707988, "operation_type": "Store", "estab_type": "AC", "entity_name": "EL VALLE PRODUCE & DELI INC", "dba_name": "EL VALLE PRODUCE & DELI", "street_number": "796", "street_name": "SOUTHERN BLVD", "city": "BRONX", "state": "NY", "zip_code": 10455, "georeference": { "type": "Point", "coordinates": [ -73.89646, 40.81608 ] }, "_@computed_region_yamh_8v7k": 307, "square_footage": 2000.0, "address_line_2": null, "address_line_3": null, "longitude": -73.89646, "latitude": 40.81608, "snap_eligible": 0, "snap_ever_authorized": 1, "snap_match_method": "address", "snap_record_id": 1109328.0, "snap_store_name": "El Valle Produce & Deli Inc.", "snap_store_type": "Small Grocery Store", "snap_auth_date": "9/16/2013", "snap_end_date": "3/16/2018", "snap_match_distance_m": 0.0 }, "geometry": { "type": "Point", "coordinates": [ -73.89646, 40.81608 ] } },
{ "type": "Feature", "properties": { "county": "BRONX", "license_number": 707170, "operation_type": "Store", "estab_type": "A", "entity_name": "ALDUS 99 CENT DISCOUNT STORE CORP", "dba_name": "ALDUS 99 CENTS DISCOUNT STORE", "street_number": "951", "street_name": "HOE AVE", "city": "BRONX", "state": "NY", "zip_code": 10459, "georeference": { "type": "Point", "coordinates": [ -73.8904, 40.82295 ] }, "_@computed_region_yamh_8v7k": 307, "square_footage": null, "address_line_2": null, "address_line_3": null, "longitude": -73.8904, "latitude": 40.82295, "snap_eligible": 1, "snap_ever_authorized": 1, "snap_match_method": "address", "snap_record_id": 1150883.0, "snap_store_name": "Aldus 99 Cents Discount Store Corp / 99 Cents Disc", "snap_store_type": "Combination Grocery/Other", "snap_auth_date": "8/29/2019", "snap_end_date": null, "snap_match_distance_m": 0.0 }, "geometry": { "type": "Point", "coordinates": [ -73.8904, 40.82295 ] } },
{ "type": "Feature", "properties": { "county": "BRONX", "license_number": 705333, "operation_type": "Store", "estab_type": "AC", "entity_name": "GUERRERO UBALDO", "dba_name": "MEXICAN DELI INC", "street_number": "1302-1304", "street_name": "LAFAYETTE AVE", "city": "BRONX", "state": "NY", "zip_code": 10474, "georeference": { "type": "Point", "coordinates": [ -73.88689, 40.81682 ] }, "_@computed_region_yamh_8v7k": 307, "square_footage": 600.0, "address_line_2": null, "address_line_3": null, "longitude": -73.88689, "latitude": 40.81682, "snap_eligible": 0, "snap_ever_authorized": 1, "snap_match_method": "address", "snap_record_id": 1093302.0, "snap_store_name": "Ubaldo Guerrero Dba Mexicano Deli", "snap_store_type": "Convenience Store", "snap_auth_date": "3/13/2013", "snap_end_date": "3/16/2018", "snap_match_distance_m": 0.0 }, "geometry": { "type": "Point", "coordinates": [ -73.88689, 40.81682 ] } },
{ "type": "Feature", "properties": { "county": "BRONX", "license_number": 704892, "operation_type": "Store", "estab_type": "AC", "entity_name": "950 FAIR FOOD CORP", "dba_name": "FINE FARE SUPERMARKET", "street_number": "950", "street_name": "WESTCHESTER AVE", "city": "BRONX", "state": "NY", "zip_code": 10459, "georeference": { "type": "Point", "coordinates": [ -73.89614, 40.82248 ] }, "_@computed_region_yamh_8v7k": 307, "square_footage": 10000.0, "address_line_2": null, "address_line_3": null, "longitude": -73.89614, "latitude": 40.82248, "snap_eligible": 1, "snap_ever_authorized": 1, "snap_match_method": "address", "snap_record_id": 1083359.0, "snap_store_name": "950 Fair Food Corp/Fine Fare Supermarket", "snap_store_type": "Supermarket", "snap_auth_date": "11/29/2012", "snap_end_date": null, "snap_match_distance_m": 0.0 }, "geometry": { "type": "Point", "coordinates": [ -73.89614, 40.82248 ] } },
{ "type": "Feature", "properties": { "county": "BRONX", "license_number": 704399, "operation_type": "Store", "estab_type": "ABCK", "entity_name": "OVEN ARTISANS LLC", "dba_name": "ORWASHERS", "street_number": "1187", "street_name": "E 156TH ST", "city": "BRONX", "state": "NY", "zip_code": 10474, "georeference": { "type": "Point", "coordinates": [ -73.89263, 40.81244 ] }, "_@computed_region_yamh_8v7k": 307, "square_footage": 8000.0, "address_line_2": null, "address_line_3": null, "longitude": -73.89263, "latitude": 40.81244, "snap_eligible": 0, "snap_ever_authorized": 0, "snap_match_method": "none", "snap_record_id": null, "snap_store_name": null, "snap_store_type": null, "snap_auth_date": null, "snap_end_date": null, "snap_match_distance_m": null }, "geometry": { "type": "Point", "coordinates": [ -73.89263, 40.81244 ] } },
{ "type": "Feature", "properties": { "county": "BRONX", "license_number": 609927, "operation_type": "Store", "estab_type": "AC", "entity_name": "R&E CORP", "dba_name": "C TOWN SUPERMARKET", "street_number": "809", "street_name": "SOUTHERN BLVD", "city": "BRONX", "state": "NY", "zip_code": 10459, "georeference": { "type": "Point", "coordinates": [ -73.89547, 40.81703 ] }, "_@computed_region_yamh_8v7k": 307, "square_footage": 7500.0, "address_line_2": null, "address_line_3": null, "longitude": -73.89547, "latitude": 40.81703, "snap_eligible": 1, "snap_ever_authorized": 1, "snap_match_method": "address", "snap_record_id": 324409.0, "snap_store_name": "R & E CORP/C-TOWN", "snap_store_type": "Supermarket", "snap_auth_date": "2/28/1984", "snap_end_date": null, "snap_match_distance_m": 0.0 }, "geometry": { "type": "Point", "coordinates": [ -73.89547, 40.81703 ] } },
{ "type": "Feature", "properties": { "county": "BRONX", "license_number": 609069, "operation_type": "Store", "estab_type": "AC", "entity_name": "REYES MEXICAN DELI INC", "dba_name": "REYES MEXICAN DELI", "street_number": "998", "street_name": "LONGWOOD AVE #6", "city": "BRONX", "state": "NY", "zip_code": 10459, "georeference": { "type": "Point", "coordinates": [ -73.89735, 40.81699 ] }, "_@computed_region_yamh_8v7k": 307, "square_footage": 400.0, "address_line_2": null, "address_line_3": null, "longitude": -73.89735, "latitude": 40.81699, "snap_eligible": 0, "snap_ever_authorized": 1, "snap_match_method": "address", "snap_record_id": 1406984.0, "snap_store_name": "Reyes Mexican Deli Inc", "snap_store_type": "Convenience Store", "snap_auth_date": "8/14/2020", "snap_end_date": "2/26/2024", "snap_match_distance_m": 0.0 }, "geometry": { "type": "Point", "coordinates": [ -73.89735, 40.81699 ] } },
{ "type": "Feature", "properties": { "county": "BRONX", "license_number": 609037, "operation_type": "Store", "estab_type": "AC", "entity_name": "JYJ DELI GROCERY CORP", "dba_name": "JYJ DELI GROCERY", "street_number": "968", "street_name": "E 165TH ST", "city": "BRONX", "state": "NY", "zip_code": 10459, "georeference": { "type": "Point", "coordinates": [ -73.89445, 40.82396 ] }, "_@computed_region_yamh_8v7k": 307, "square_footage": 800.0, "address_line_2": null, "address_line_3": null, "longitude": -73.89445, "latitude": 40.82396, "snap_eligible": 1, "snap_ever_authorized": 1, "snap_match_method": "address", "snap_record_id": 988706.0, "snap_store_name": "JYJ Deli Grocery Corp", "snap_store_type": "Medium Grocery Store", "snap_auth_date": "3/31/2011", "snap_end_date": null, "snap_match_distance_m": 0.0 }, "geometry": { "type": "Point", "coordinates": [ -73.89445, 40.82396 ] } },
{ "type": "Feature", "properties": { "county": "BRONX", "license_number": 608886, "operation_type": "Store", "estab_type": "AC", "entity_name": "J&W FOOD CENTER CORP", "dba_name": "J&W FOOD CENTER", "street_number": "990", "street_name": "LEGGETT AVE", "city": "BRONX", "state": "NY", "zip_code": 10455, "georeference": { "type": "Point", "coordinates": [ -73.8998, 40.81444 ] }, "_@computed_region_yamh_8v7k": 307, "square_footage": 2000.0, "address_line_2": null, "address_line_3": null, "longitude": -73.8998, "latitude": 40.81444, "snap_eligible": 1, "snap_ever_authorized": 1, "snap_match_method": "address", "snap_record_id": 973674.0, "snap_store_name": "J & W Food Center Corp", "snap_store_type": "Small Grocery Store", "snap_auth_date": "10/6/2010", "snap_end_date": null, "snap_match_distance_m": 0.0 }, "geometry": { "type": "Point", "coordinates": [ -73.8998, 40.81444 ] } },
{ "type": "Feature", "properties": { "county": "BRONX", "license_number": 608872, "operation_type": "Store", "estab_type": "AC", "entity_name": "PAULINO DELI GROCERY INC", "dba_name": "PAULINO DELI GROCERY", "street_number": "798", "street_name": "HUNTS PT AVE", "city": "BRONX", "state": "NY", "zip_code": 10474, "georeference": { "type": "Point", "coordinates": [ -73.88784, 40.81648 ] }, "_@computed_region_yamh_8v7k": 307, "square_footage": 1100.0, "address_line_2": null, "address_line_3": null, "longitude": -73.88784, "latitude": 40.81648, "snap_eligible": 1, "snap_ever_authorized": 1, "snap_match_method": "address", "snap_record_id": 967770.0, "snap_store_name": "Paulino Deli Grocery Corp", "snap_store_type": "Small Grocery Store", "snap_auth_date": "9/23/2021", "snap_end_date": null, "snap_match_distance_m": 0.0 }, "geometry": { "type": "Point", "coordinates": [ -73.88784, 40.81648 ] } },
{ "type": "Feature", "properties": { "county": "BRONX", "license_number": 608800, "operation_type": "Store", "estab_type": "AC", "entity_name": "CACAO DELI GROCERY CORP", "dba_name": "CACAO DELI GROCERY", "street_number": "918", "street_name": "FAILE ST #1", "city": "BRONX", "state": "NY", "zip_code": 10474, "georeference": { "type": "Point", "coordinates": [ -73.88806, 40.82041 ] }, "_@computed_region_yamh_8v7k": 307, "square_footage": 1200.0, "address_line_2": null, "address_line_3": null, "longitude": -73.88806, "latitude": 40.82041, "snap_eligible": 0, "snap_ever_authorized": 1, "snap_match_method": "address", "snap_record_id": 963234.0, "snap_store_name": "Cacao Deli Grocery Corp", "snap_store_type": "Convenience Store", "snap_auth_date": "5/14/2019", "snap_end_date": "8/12/2024", "snap_match_distance_m": 0.0 }, "geometry": { "type": "Point", "coordinates": [ -73.88806, 40.82041 ] } },
{ "type": "Feature", "properties": { "county": "BRONX", "license_number": 608767, "operation_type": "Store", "estab_type": "AC", "entity_name": "BROTHERHOOD GOURMET DELI CORP", "dba_name": "BROTHERHOOD GOURMET DEL", "street_number": "703", "street_name": "SOUTHERN BLVD", "city": "BRONX", "state": "NY", "zip_code": 10455, "georeference": { "type": "Point", "coordinates": [ -73.89897, 40.81366 ] }, "_@computed_region_yamh_8v7k": 307, "square_footage": 1800.0, "address_line_2": null, "address_line_3": null, "longitude": -73.89897, "latitude": 40.81366, "snap_eligible": 1, "snap_ever_authorized": 1, "snap_match_method": "address", "snap_record_id": 1641074.0, "snap_store_name": "703 Habibi Halal Deli Inc 1", "snap_store_type": "Convenience Store", "snap_auth_date": "4/25/2025", "snap_end_date": null, "snap_match_distance_m": 0.0 }, "geometry": { "type": "Point", "coordinates": [ -73.89897, 40.81366 ] } },
{ "type": "Feature", "properties": { "county": "BRONX", "license_number": 608748, "operation_type": "Store", "estab_type": "AC", "entity_name": "543 NORTH DELI GROCERY INC", "dba_name": "543 NORTH DELI GROCERY", "street_number": "543", "street_name": "SOUTHERN BLVD", "city": "BRONX", "state": "NY", "zip_code": 10455, "georeference": { "type": "Point", "coordinates": [ -73.90385, 40.81221 ] }, "_@computed_region_yamh_8v7k": 307, "square_footage": 2000.0, "address_line_2": null, "address_line_3": null, "longitude": -73.90385, "latitude": 40.81221, "snap_eligible": 1, "snap_ever_authorized": 1, "snap_match_method": "address", "snap_record_id": 1648445.0, "snap_store_name": "543 North Deli Grocery Inc", "snap_store_type": "Convenience Store", "snap_auth_date": "4/21/2025", "snap_end_date": null, "snap_match_distance_m": 0.0 }, "geometry": { "type": "Point", "coordinates": [ -73.90385, 40.81221 ] } },
{ "type": "Feature", "properties": { "county": "BRONX", "license_number": 608378, "operation_type": "Store", "estab_type": "AC", "entity_name": "TRONCOSO DELI GROCERY CORP", "dba_name": "TRONCOSO DELI GROCERY", "street_number": "590", "street_name": "SOUTHERN BLVD", "city": "BRONX", "state": "NY", "zip_code": 10455, "georeference": { "type": "Point", "coordinates": [ -73.90182, 40.81279 ] }, "_@computed_region_yamh_8v7k": 307, "square_footage": 1800.0, "address_line_2": null, "address_line_3": null, "longitude": -73.90182, "latitude": 40.81279, "snap_eligible": 0, "snap_ever_authorized": 1, "snap_match_method": "address", "snap_record_id": 910323.0, "snap_store_name": "Troncoso Deli Grocery Corp", "snap_store_type": "Small Grocery Store", "snap_auth_date": "9/14/2009", "snap_end_date": "12/27/2016", "snap_match_distance_m": 0.0 }, "geometry": { "type": "Point", "coordinates": [ -73.90182, 40.81279 ] } },
{ "type": "Feature", "properties": { "county": "BRONX", "license_number": 608221, "operation_type": "Store", "estab_type": "AC", "entity_name": "SWEET GROCERY & CANDY CORP", "dba_name": "SWEET DELI&GROCERY", "street_number": "956", "street_name": "INTERVALE AVE", "city": "BRONX", "state": "NY", "zip_code": 10459, "georeference": { "type": "Point", "coordinates": [ -73.89688, 40.82166 ] }, "_@computed_region_yamh_8v7k": 307, "square_footage": 1000.0, "address_line_2": null, "address_line_3": null, "longitude": -73.89688, "latitude": 40.82166, "snap_eligible": 1, "snap_ever_authorized": 1, "snap_match_method": "address", "snap_record_id": 1497635.0, "snap_store_name": "Sweet Grocery & Candy Corp", "snap_store_type": "Small Grocery Store", "snap_auth_date": "6/15/2022", "snap_end_date": null, "snap_match_distance_m": 0.0 }, "geometry": { "type": "Point", "coordinates": [ -73.89688, 40.82166 ] } },
{ "type": "Feature", "properties": { "county": "BRONX", "license_number": 607755, "operation_type": "Store", "estab_type": "ACHDK", "entity_name": "WORLD WIDE DIRECT SEAFOOD LLC", "dba_name": "WORLD WIDE DIRECT SEAFD", "street_number": "800", "street_name": "FOOD CENTER DR  UNIT 13", "city": "BRONX", "state": "NY", "zip_code": 10474, "georeference": { "type": "Point", "coordinates": [ -73.87625, 40.80434 ] }, "_@computed_region_yamh_8v7k": 307, "square_footage": 5500.0, "address_line_2": null, "address_line_3": null, "longitude": -73.87625, "latitude": 40.80434, "snap_eligible": 0, "snap_ever_authorized": 0, "snap_match_method": "none", "snap_record_id": null, "snap_store_name": null, "snap_store_type": null, "snap_auth_date": null, "snap_end_date": null, "snap_match_distance_m": null }, "geometry": { "type": "Point", "coordinates": [ -73.87625, 40.80434 ] } },
{ "type": "Feature", "properties": { "county": "BRONX", "license_number": 607615, "operation_type": "Store", "estab_type": "AC", "entity_name": "LOS HIJOS DEL CHORRO DELI GR CORP", "dba_name": "LOS HIJOS DE CHORRO DEL", "street_number": "701-703", "street_name": "FAILE ST", "city": "BRONX", "state": "NY", "zip_code": 10474, "georeference": { "type": "Point", "coordinates": [ -73.88655, 40.81477 ] }, "_@computed_region_yamh_8v7k": 307, "square_footage": 1400.0, "address_line_2": null, "address_line_3": null, "longitude": -73.88655, "latitude": 40.81477, "snap_eligible": 1, "snap_ever_authorized": 1, "snap_match_method": "address", "snap_record_id": 1660925.0, "snap_store_name": "Los Hijos de Chorro Deli Grocery Corp.", "snap_store_type": "Medium Grocery Store", "snap_auth_date": "6/26/2025", "snap_end_date": null, "snap_match_distance_m": 0.0 }, "geometry": { "type": "Point", "coordinates": [ -73.88655, 40.81477 ] } },
{ "type": "Feature", "properties": { "county": "BRONX", "license_number": 607147, "operation_type": "Store", "estab_type": "AC", "entity_name": "EVOLUTION GOURMET DELI CORP", "dba_name": "EVOLUTION GOURMET", "street_number": "923", "street_name": "PROSPECT AVE", "city": "BRONX", "state": "NY", "zip_code": 10459, "georeference": { "type": "Point", "coordinates": [ -73.90071, 40.82185 ] }, "_@computed_region_yamh_8v7k": 307, "square_footage": 0.0, "address_line_2": null, "address_line_3": null, "longitude": -73.90071, "latitude": 40.82185, "snap_eligible": 1, "snap_ever_authorized": 1, "snap_match_method": "spatial", "snap_record_id": 1241647.0, "snap_store_name": "Maria Food Market Corp.", "snap_store_type": "Medium Grocery Store", "snap_auth_date": "7/7/2016", "snap_end_date": null, "snap_match_distance_m": 11.1 }, "geometry": { "type": "Point", "coordinates": [ -73.90071, 40.82185 ] } },
{ "type": "Feature", "properties": { "county": "BRONX", "license_number": 606738, "operation_type": "Store", "estab_type": "AC", "entity_name": "MEJIA MINI MARKET CORP", "dba_name": "CASTILLO FAMILY GROCERY", "street_number": "1010", "street_name": "LONGWOOD AVE", "city": "BRONX", "state": "NY", "zip_code": 10459, "georeference": { "type": "Point", "coordinates": [ -73.89683, 40.81668 ] }, "_@computed_region_yamh_8v7k": 307, "square_footage": 1500.0, "address_line_2": null, "address_line_3": null, "longitude": -73.89683, "latitude": 40.81668, "snap_eligible": 1, "snap_ever_authorized": 1, "snap_match_method": "address", "snap_record_id": 784852.0, "snap_store_name": "Mejia Mini Market Corp", "snap_store_type": "Small Grocery Store", "snap_auth_date": "7/14/2006", "snap_end_date": null, "snap_match_distance_m": 0.0 }, "geometry": { "type": "Point", "coordinates": [ -73.89683, 40.81668 ] } },
{ "type": "Feature", "properties": { "county": "BRONX", "license_number": 606630, "operation_type": "Store", "estab_type": "AC", "entity_name": "DELI FARMS CORP", "dba_name": "DELI FARMS", "street_number": "850", "street_name": "LONGWOOD AVE", "city": "BRONX", "state": "NY", "zip_code": 10459, "georeference": { "type": "Point", "coordinates": [ -73.90144, 40.81944 ] }, "_@computed_region_yamh_8v7k": 307, "square_footage": 2000.0, "address_line_2": null, "address_line_3": null, "longitude": -73.90144, "latitude": 40.81944, "snap_eligible": 0, "snap_ever_authorized": 1, "snap_match_method": "address", "snap_record_id": 839728.0, "snap_store_name": "Deli Farms Corporation", "snap_store_type": "Small Grocery Store", "snap_auth_date": "1/16/2008", "snap_end_date": "4/20/2016", "snap_match_distance_m": 0.0 }, "geometry": { "type": "Point", "coordinates": [ -73.90144, 40.81944 ] } },
{ "type": "Feature", "properties": { "county": "BRONX", "license_number": 606156, "operation_type": "Store", "estab_type": "AC", "entity_name": "D&A 724 FOOD CORP", "dba_name": "FOOD UNIVERSE", "street_number": "724", "street_name": "HUNTS PT AVE", "city": "BRONX", "state": "NY", "zip_code": 10474, "georeference": { "type": "Point", "coordinates": [ -73.88669, 40.81536 ] }, "_@computed_region_yamh_8v7k": 307, "square_footage": 8000.0, "address_line_2": null, "address_line_3": null, "longitude": -73.88669, "latitude": 40.81536, "snap_eligible": 1, "snap_ever_authorized": 1, "snap_match_method": "address", "snap_record_id": 740422.0, "snap_store_name": "D & A 724 Food Corp/Food Universe", "snap_store_type": "Supermarket", "snap_auth_date": "1/19/2005", "snap_end_date": null, "snap_match_distance_m": 0.0 }, "geometry": { "type": "Point", "coordinates": [ -73.88669, 40.81536 ] } },
{ "type": "Feature", "properties": { "county": "BRONX", "license_number": 604974, "operation_type": "Store", "estab_type": "A", "entity_name": "RITE AID OF NEW YORK INC", "dba_name": "RITE AID PHARMACY 03844", "street_number": "950-960", "street_name": "SOUTHERN BLVD", "city": "BRONX", "state": "NY", "zip_code": 10459, "georeference": { "type": "Point", "coordinates": [ -73.891636, 40.821302 ] }, "_@computed_region_yamh_8v7k": 307, "square_footage": 5000.0, "address_line_2": null, "address_line_3": null, "longitude": -73.891636, "latitude": 40.821302, "snap_eligible": 0, "snap_ever_authorized": 1, "snap_match_method": "address", "snap_record_id": 269871.0, "snap_store_name": "Rite Aid 3844", "snap_store_type": "Combination Grocery/Other", "snap_auth_date": "7/30/1996", "snap_end_date": "11/11/2025", "snap_match_distance_m": 0.0 }, "geometry": { "type": "Point", "coordinates": [ -73.891636, 40.821302 ] } },
{ "type": "Feature", "properties": { "county": "BRONX", "license_number": 604501, "operation_type": "Store", "estab_type": "AC", "entity_name": "A&G DELI GROCERY CORP", "dba_name": "A&G DELI GROCERY", "street_number": "931", "street_name": "FOX ST", "city": "BRONX", "state": "NY", "zip_code": 10459, "georeference": { "type": "Point", "coordinates": [ -73.89387, 40.82072 ] }, "_@computed_region_yamh_8v7k": 307, "square_footage": 1600.0, "address_line_2": null, "address_line_3": null, "longitude": -73.89387, "latitude": 40.82072, "snap_eligible": 1, "snap_ever_authorized": 1, "snap_match_method": "address", "snap_record_id": 1108520.0, "snap_store_name": "A & G Deli Grocery Corp", "snap_store_type": "Small Grocery Store", "snap_auth_date": "8/1/2013", "snap_end_date": null, "snap_match_distance_m": 0.0 }, "geometry": { "type": "Point", "coordinates": [ -73.89387, 40.82072 ] } },
{ "type": "Feature", "properties": { "county": "BRONX", "license_number": 603764, "operation_type": "Store", "estab_type": "AC", "entity_name": "1029 SIMPSON DELI & GROCERY CORP", "dba_name": "1029 SIMPSON DELI&GROCERY", "street_number": "1029", "street_name": "WESTCHESTER AVE", "city": "BRONX", "state": "NY", "zip_code": 10459, "georeference": { "type": "Point", "coordinates": [ -73.89298, 40.82414 ] }, "_@computed_region_yamh_8v7k": 307, "square_footage": 1800.0, "address_line_2": null, "address_line_3": null, "longitude": -73.89298, "latitude": 40.82414, "snap_eligible": 1, "snap_ever_authorized": 1, "snap_match_method": "address", "snap_record_id": 662612.0, "snap_store_name": "1029 Simpson Deli & Grocery Corp", "snap_store_type": "Medium Grocery Store", "snap_auth_date": "11/15/2023", "snap_end_date": null, "snap_match_distance_m": 0.0 }, "geometry": { "type": "Point", "coordinates": [ -73.89298, 40.82414 ] } },
{ "type": "Feature", "properties": { "county": "BRONX", "license_number": 603652, "operation_type": "Store", "estab_type": "AC", "entity_name": "FT MEAT CORP", "dba_name": "FOOD FAIR FRESH MARKET", "street_number": "1065", "street_name": "E 163RD ST", "city": "BRONX", "state": "NY", "zip_code": 10459, "georeference": { "type": "Point", "coordinates": [ -73.89071, 40.821 ] }, "_@computed_region_yamh_8v7k": 307, "square_footage": 13000.0, "address_line_2": null, "address_line_3": null, "longitude": -73.89071, "latitude": 40.821, "snap_eligible": 1, "snap_ever_authorized": 1, "snap_match_method": "address", "snap_record_id": 643004.0, "snap_store_name": "FT MEAT CORP", "snap_store_type": "Super Store", "snap_auth_date": "10/23/2001", "snap_end_date": null, "snap_match_distance_m": 0.0 }, "geometry": { "type": "Point", "coordinates": [ -73.89071, 40.821 ] } },
{ "type": "Feature", "properties": { "county": "BRONX", "license_number": 601435, "operation_type": "Store", "estab_type": "AC", "entity_name": "B&ME FOOD CORP", "dba_name": "KEY FOOD", "street_number": "1050", "street_name": "WESTCHESTER AVE", "city": "BRONX", "state": "NY", "zip_code": 10459, "georeference": { "type": "Point", "coordinates": [ -73.8914, 40.82494 ] }, "_@computed_region_yamh_8v7k": 307, "square_footage": 15000.0, "address_line_2": null, "address_line_3": null, "longitude": -73.8914, "latitude": 40.82494, "snap_eligible": 1, "snap_ever_authorized": 1, "snap_match_method": "address", "snap_record_id": 452248.0, "snap_store_name": "B & ME FOOD CORP", "snap_store_type": "Super Store", "snap_auth_date": "8/29/1996", "snap_end_date": null, "snap_match_distance_m": 0.0 }, "geometry": { "type": "Point", "coordinates": [ -73.8914, 40.82494 ] } },
{ "type": "Feature", "properties": { "county": "BRONX", "license_number": 600580, "operation_type": "Store", "estab_type": "AC", "entity_name": "GOMEZ EDWARD", "dba_name": "MATA E CANA DELI & GRCY", "street_number": "911", "street_name": "E 156TH ST", "city": "BRONX", "state": "NY", "zip_code": 10455, "georeference": { "type": "Point", "coordinates": [ -73.90103, 40.81692 ] }, "_@computed_region_yamh_8v7k": 307, "square_footage": 1500.0, "address_line_2": null, "address_line_3": null, "longitude": -73.90103, "latitude": 40.81692, "snap_eligible": 1, "snap_ever_authorized": 1, "snap_match_method": "address", "snap_record_id": 960130.0, "snap_store_name": "Mata E Cana Deli Grocery", "snap_store_type": "Convenience Store", "snap_auth_date": "12/11/2024", "snap_end_date": null, "snap_match_distance_m": 0.0 }, "geometry": { "type": "Point", "coordinates": [ -73.90103, 40.81692 ] } },
{ "type": "Feature", "properties": { "county": "BRONX", "license_number": 600350, "operation_type": "Store", "estab_type": "AC", "entity_name": "RODRIGUEZ RAMON A", "dba_name": "RODRIGUEZ GROCERY", "street_number": "753", "street_name": "FOX ST", "city": "BRONX", "state": "NY", "zip_code": 10455, "georeference": { "type": "Point", "coordinates": [ -73.89822, 40.81566 ] }, "_@computed_region_yamh_8v7k": 307, "square_footage": 1500.0, "address_line_2": null, "address_line_3": null, "longitude": -73.89822, "latitude": 40.81566, "snap_eligible": 1, "snap_ever_authorized": 1, "snap_match_method": "address", "snap_record_id": 463379.0, "snap_store_name": "RODRIGUEZ GROCERY", "snap_store_type": "Convenience Store", "snap_auth_date": "9/14/1995", "snap_end_date": null, "snap_match_distance_m": 0.0 }, "geometry": { "type": "Point", "coordinates": [ -73.89822, 40.81566 ] } },
{ "type": "Feature", "properties": { "county": "BRONX", "license_number": 600246, "operation_type": "Store", "estab_type": "ABC", "entity_name": "564 GROCERY INC", "dba_name": "C-TOWN SUPERMARKET", "street_number": "564", "street_name": "SOUTHERN BLVD", "city": "BRONX", "state": "NY", "zip_code": 10455, "georeference": { "type": "Point", "coordinates": [ -73.90281, 40.81251 ] }, "_@computed_region_yamh_8v7k": 307, "square_footage": 8000.0, "address_line_2": null, "address_line_3": null, "longitude": -73.90281, "latitude": 40.81251, "snap_eligible": 1, "snap_ever_authorized": 1, "snap_match_method": "address", "snap_record_id": 240733.0, "snap_store_name": "564 GROCERY INC", "snap_store_type": "Super Store", "snap_auth_date": "8/14/1984", "snap_end_date": null, "snap_match_distance_m": 0.0 }, "geometry": { "type": "Point", "coordinates": [ -73.90281, 40.81251 ] } },
{ "type": "Feature", "properties": { "county": "BRONX", "license_number": 600187, "operation_type": "Store", "estab_type": "AC", "entity_name": "ALMANZAR GROCERY&FOOD CORP", "dba_name": "ALMANZAR GROCERY&FOOD", "street_number": "854", "street_name": "INTERVALE AVE", "city": "BRONX", "state": "NY", "zip_code": 10459, "georeference": { "type": "Point", "coordinates": [ -73.89562, 40.81801 ] }, "_@computed_region_yamh_8v7k": 307, "square_footage": 1000.0, "address_line_2": null, "address_line_3": null, "longitude": -73.89562, "latitude": 40.81801, "snap_eligible": 1, "snap_ever_authorized": 1, "snap_match_method": "address", "snap_record_id": 374526.0, "snap_store_name": "ALMANZAR GROCERY & FOOD CORP", "snap_store_type": "Convenience Store", "snap_auth_date": "7/17/2018", "snap_end_date": null, "snap_match_distance_m": 0.0 }, "geometry": { "type": "Point", "coordinates": [ -73.89562, 40.81801 ] } }
]
}
