camis,dba,boro,building,street,zipcode,cuisine_description,latitude,longitude,inspection_date,grade,score
40674404,MARKET RESTAURANT (C-D BLOCK),Bronx,355,FOOD CENTER DRIVE,10474,American,40.807608187248,-73.871463051581,2026-06-30T00:00:00.000,A,11
40674404,MARKET RESTAURANT (C-D BLOCK),Bronx,355,FOOD CENTER DRIVE,10474,American,40.807608187248,-73.871463051581,2026-06-30T00:00:00.000,A,11
40674404,MARKET RESTAURANT (C-D BLOCK),Bronx,355,FOOD CENTER DRIVE,10474,American,40.807608187248,-73.871463051581,2026-06-30T00:00:00.000,A,11
40674404,MARKET RESTAURANT (C-D BLOCK),Bronx,355,FOOD CENTER DRIVE,10474,American,40.807608187248,-73.871463051581,2024-12-18T00:00:00.000,A,10
40674404,MARKET RESTAURANT (C-D BLOCK),Bronx,355,FOOD CENTER DRIVE,10474,American,40.807608187248,-73.871463051581,2024-12-18T00:00:00.000,A,10
40674404,MARKET RESTAURANT (C-D BLOCK),Bronx,355,FOOD CENTER DRIVE,10474,American,40.807608187248,-73.871463051581,2024-12-18T00:00:00.000,A,10
40674404,MARKET RESTAURANT (C-D BLOCK),Bronx,355,FOOD CENTER DRIVE,10474,American,40.807608187248,-73.871463051581,2024-06-28T00:00:00.000,,32
40674404,MARKET RESTAURANT (C-D BLOCK),Bronx,355,FOOD CENTER DRIVE,10474,American,40.807608187248,-73.871463051581,2024-06-28T00:00:00.000,,32
40674404,MARKET RESTAURANT (C-D BLOCK),Bronx,355,FOOD CENTER DRIVE,10474,American,40.807608187248,-73.871463051581,2024-06-28T00:00:00.000,,32
40674404,MARKET RESTAURANT (C-D BLOCK),Bronx,355,FOOD CENTER DRIVE,10474,American,40.807608187248,-73.871463051581,2024-06-28T00:00:00.000,,32
40674404,MARKET RESTAURANT (C-D BLOCK),Bronx,355,FOOD CENTER DRIVE,10474,American,40.807608187248,-73.871463051581,2024-06-28T00:00:00.000,,32
40674404,MARKET RESTAURANT (C-D BLOCK),Bronx,355,FOOD CENTER DRIVE,10474,American,40.807608187248,-73.871463051581,2024-06-28T00:00:00.000,,32
40693095,SNACK BAR (LOCATED BETWEEN A-B BETWEEN FANCY FOOD AND MASTERS),Bronx,355,FOOD CENTER DRIVE,10474,American,40.807608187248,-73.871463051581,2026-04-03T00:00:00.000,,
40693095,SNACK BAR (LOCATED BETWEEN A-B BETWEEN FANCY FOOD AND MASTERS),Bronx,355,FOOD CENTER DRIVE,10474,American,40.807608187248,-73.871463051581,2026-04-03T00:00:00.000,,2
40693095,SNACK BAR (LOCATED BETWEEN A-B BETWEEN FANCY FOOD AND MASTERS),Bronx,355,FOOD CENTER DRIVE,10474,American,40.807608187248,-73.871463051581,2025-12-17T00:00:00.000,C,33
40693095,SNACK BAR (LOCATED BETWEEN A-B BETWEEN FANCY FOOD AND MASTERS),Bronx,355,FOOD CENTER DRIVE,10474,American,40.807608187248,-73.871463051581,2025-12-17T00:00:00.000,C,33
40693095,SNACK BAR (LOCATED BETWEEN A-B BETWEEN FANCY FOOD AND MASTERS),Bronx,355,FOOD CENTER DRIVE,10474,American,40.807608187248,-73.871463051581,2025-10-21T00:00:00.000,,31
40693095,SNACK BAR (LOCATED BETWEEN A-B BETWEEN FANCY FOOD AND MASTERS),Bronx,355,FOOD CENTER DRIVE,10474,American,40.807608187248,-73.871463051581,2025-10-21T00:00:00.000,,31
40693095,SNACK BAR (LOCATED BETWEEN A-B BETWEEN FANCY FOOD AND MASTERS),Bronx,355,FOOD CENTER DRIVE,10474,American,40.807608187248,-73.871463051581,2024-04-09T00:00:00.000,A,8
40693095,SNACK BAR (LOCATED BETWEEN A-B BETWEEN FANCY FOOD AND MASTERS),Bronx,355,FOOD CENTER DRIVE,10474,American,40.807608187248,-73.871463051581,2024-04-09T00:00:00.000,A,8
40839264,AUGIES DELI & PIZZERIA,Bronx,520,CITY ISLAND AVENUE,10464,Sandwiches,40.852520128138,-73.789421913931,2026-08-21T00:00:00.000,Z,26
40839264,AUGIES DELI & PIZZERIA,Bronx,520,CITY ISLAND AVENUE,10464,Sandwiches,40.852520128138,-73.789421913931,2026-08-21T00:00:00.000,Z,26
40839264,AUGIES DELI & PIZZERIA,Bronx,520,CITY ISLAND AVENUE,10464,Sandwiches,40.852520128138,-73.789421913931,2026-08-21T00:00:00.000,Z,26
40839264,AUGIES DELI & PIZZERIA,Bronx,520,CITY ISLAND AVENUE,10464,Sandwiches,40.852520128138,-73.789421913931,2026-08-21T00:00:00.000,Z,26
40839264,AUGIES DELI & PIZZERIA,Bronx,520,CITY ISLAND AVENUE,10464,Sandwiches,40.852520128138,-73.789421913931,2026-08-21T00:00:00.000,Z,26
40839264,AUGIES DELI & PIZZERIA,Bronx,520,CITY ISLAND AVENUE,10464,Sandwiches,40.852520128138,-73.789421913931,2026-07-31T00:00:00.000,,32
40839264,AUGIES DELI & PIZZERIA,Bronx,520,CITY ISLAND AVENUE,10464,Sandwiches,40.852520128138,-73.789421913931,2026-07-31T00:00:00.000,,32
40839264,AUGIES DELI & PIZZERIA,Bronx,520,CITY ISLAND AVENUE,10464,Sandwiches,40.852520128138,-73.789421913931,2026-07-31T00:00:00.000,,32
40839264,AUGIES DELI & PIZZERIA,Bronx,520,CITY ISLAND AVENUE,10464,Sandwiches,40.852520128138,-73.789421913931,2026-07-31T00:00:00.000,,32
40839264,AUGIES DELI & PIZZERIA,Bronx,520,CITY ISLAND AVENUE,10464,Sandwiches,40.852520128138,-73.789421913931,2026-07-31T00:00:00.000,,32
40839264,AUGIES DELI & PIZZERIA,Bronx,520,CITY ISLAND AVENUE,10464,Sandwiches,40.852520128138,-73.789421913931,2026-07-31T00:00:00.000,,32
40839264,AUGIES DELI & PIZZERIA,Bronx,520,CITY ISLAND AVENUE,10464,Sandwiches,40.852520128138,-73.789421913931,2025-07-14T00:00:00.000,B,18
40839264,AUGIES DELI & PIZZERIA,Bronx,520,CITY ISLAND AVENUE,10464,Sandwiches,40.852520128138,-73.789421913931,2025-07-14T00:00:00.000,B,18
40839264,AUGIES DELI & PIZZERIA,Bronx,520,CITY ISLAND AVENUE,10464,Sandwiches,40.852520128138,-73.789421913931,2025-07-14T00:00:00.000,B,18
40839264,AUGIES DELI & PIZZERIA,Bronx,520,CITY ISLAND AVENUE,10464,Sandwiches,40.852520128138,-73.789421913931,2025-06-11T00:00:00.000,,41
40839264,AUGIES DELI & PIZZERIA,Bronx,520,CITY ISLAND AVENUE,10464,Sandwiches,40.852520128138,-73.789421913931,2025-06-11T00:00:00.000,,41
40839264,AUGIES DELI & PIZZERIA,Bronx,520,CITY ISLAND AVENUE,10464,Sandwiches,40.852520128138,-73.789421913931,2025-06-11T00:00:00.000,,41
40839264,AUGIES DELI & PIZZERIA,Bronx,520,CITY ISLAND AVENUE,10464,Sandwiches,40.852520128138,-73.789421913931,2025-06-11T00:00:00.000,,41
40839264,AUGIES DELI & PIZZERIA,Bronx,520,CITY ISLAND AVENUE,10464,Sandwiches,40.852520128138,-73.789421913931,2025-06-11T00:00:00.000,,41
40839264,AUGIES DELI & PIZZERIA,Bronx,520,CITY ISLAND AVENUE,10464,Sandwiches,40.852520128138,-73.789421913931,2025-06-11T00:00:00.000,,41
40839264,AUGIES DELI & PIZZERIA,Bronx,520,CITY ISLAND AVENUE,10464,Sandwiches,40.852520128138,-73.789421913931,2024-03-12T00:00:00.000,A,12
40839264,AUGIES DELI & PIZZERIA,Bronx,520,CITY ISLAND AVENUE,10464,Sandwiches,40.852520128138,-73.789421913931,2024-03-12T00:00:00.000,A,12
40875290,SEAFOOD CITY,Bronx,459,CITY ISLAND AVENUE,10464,Seafood,40.851135021048,-73.788464806874,2025-07-14T00:00:00.000,A,12
40875290,SEAFOOD CITY,Bronx,459,CITY ISLAND AVENUE,10464,Seafood,40.851135021048,-73.788464806874,2025-07-14T00:00:00.000,A,12
40875290,SEAFOOD CITY,Bronx,459,CITY ISLAND AVENUE,10464,Seafood,40.851135021048,-73.788464806874,2025-06-04T00:00:00.000,,19
40875290,SEAFOOD CITY,Bronx,459,CITY ISLAND AVENUE,10464,Seafood,40.851135021048,-73.788464806874,2025-06-04T00:00:00.000,,19
40875290,SEAFOOD CITY,Bronx,459,CITY ISLAND AVENUE,10464,Seafood,40.851135021048,-73.788464806874,2025-06-04T00:00:00.000,,19
40875290,SEAFOOD CITY,Bronx,459,CITY ISLAND AVENUE,10464,Seafood,40.851135021048,-73.788464806874,2025-06-04T00:00:00.000,,19
40875290,SEAFOOD CITY,Bronx,459,CITY ISLAND AVENUE,10464,Seafood,40.851135021048,-73.788464806874,2024-03-12T00:00:00.000,A,13
40875290,SEAFOOD CITY,Bronx,459,CITY ISLAND AVENUE,10464,Seafood,40.851135021048,-73.788464806874,2024-03-12T00:00:00.000,A,13
40875290,SEAFOOD CITY,Bronx,459,CITY ISLAND AVENUE,10464,Seafood,40.851135021048,-73.788464806874,2024-03-12T00:00:00.000,A,13
40875290,SEAFOOD CITY,Bronx,459,CITY ISLAND AVENUE,10464,Seafood,40.851135021048,-73.788464806874,2024-03-12T00:00:00.000,A,13
40875290,SEAFOOD CITY,Bronx,459,CITY ISLAND AVENUE,10464,Seafood,40.851135021048,-73.788464806874,2023-04-25T00:00:00.000,,22
40875290,SEAFOOD CITY,Bronx,459,CITY ISLAND AVENUE,10464,Seafood,40.851135021048,-73.788464806874,2023-04-25T00:00:00.000,,22
40875290,SEAFOOD CITY,Bronx,459,CITY ISLAND AVENUE,10464,Seafood,40.851135021048,-73.788464806874,2023-04-25T00:00:00.000,,22
40875290,SEAFOOD CITY,Bronx,459,CITY ISLAND AVENUE,10464,Seafood,40.851135021048,-73.788464806874,2023-04-25T00:00:00.000,,22
40885478,ROCA TONE SEAFOOD RESTAURANT,Bronx,3740,WHITE PLAINS ROAD,10467,Caribbean,40.882582308452,-73.863343365724,2024-12-17T00:00:00.000,A,10
40885478,ROCA TONE SEAFOOD RESTAURANT,Bronx,3740,WHITE PLAINS ROAD,10467,Caribbean,40.882582308452,-73.863343365724,2024-12-17T00:00:00.000,A,10
40885478,ROCA TONE SEAFOOD RESTAURANT,Bronx,3740,WHITE PLAINS ROAD,10467,Caribbean,40.882582308452,-73.863343365724,2024-01-12T00:00:00.000,,31
40885478,ROCA TONE SEAFOOD RESTAURANT,Bronx,3740,WHITE PLAINS ROAD,10467,Caribbean,40.882582308452,-73.863343365724,2024-01-12T00:00:00.000,,31
40885478,ROCA TONE SEAFOOD RESTAURANT,Bronx,3740,WHITE PLAINS ROAD,10467,Caribbean,40.882582308452,-73.863343365724,2024-01-12T00:00:00.000,,31
40885478,ROCA TONE SEAFOOD RESTAURANT,Bronx,3740,WHITE PLAINS ROAD,10467,Caribbean,40.882582308452,-73.863343365724,2024-01-12T00:00:00.000,,31
40885478,ROCA TONE SEAFOOD RESTAURANT,Bronx,3740,WHITE PLAINS ROAD,10467,Caribbean,40.882582308452,-73.863343365724,2024-01-12T00:00:00.000,,31
40885478,ROCA TONE SEAFOOD RESTAURANT,Bronx,3740,WHITE PLAINS ROAD,10467,Caribbean,40.882582308452,-73.863343365724,2022-08-24T00:00:00.000,B,20
40885478,ROCA TONE SEAFOOD RESTAURANT,Bronx,3740,WHITE PLAINS ROAD,10467,Caribbean,40.882582308452,-73.863343365724,2022-08-24T00:00:00.000,B,20
40885478,ROCA TONE SEAFOOD RESTAURANT,Bronx,3740,WHITE PLAINS ROAD,10467,Caribbean,40.882582308452,-73.863343365724,2022-08-24T00:00:00.000,B,20
40885478,ROCA TONE SEAFOOD RESTAURANT,Bronx,3740,WHITE PLAINS ROAD,10467,Caribbean,40.882582308452,-73.863343365724,2022-08-24T00:00:00.000,B,20
40885478,ROCA TONE SEAFOOD RESTAURANT,Bronx,3740,WHITE PLAINS ROAD,10467,Caribbean,40.882582308452,-73.863343365724,2022-08-24T00:00:00.000,B,20
40885478,ROCA TONE SEAFOOD RESTAURANT,Bronx,3740,WHITE PLAINS ROAD,10467,Caribbean,40.882582308452,-73.863343365724,2022-02-08T00:00:00.000,,9
40885478,ROCA TONE SEAFOOD RESTAURANT,Bronx,3740,WHITE PLAINS ROAD,10467,Caribbean,40.882582308452,-73.863343365724,2022-02-08T00:00:00.000,,9
40885478,ROCA TONE SEAFOOD RESTAURANT,Bronx,3740,WHITE PLAINS ROAD,10467,Caribbean,40.882582308452,-73.863343365724,2022-02-08T00:00:00.000,,9
41011367,MEXICANA DELI GROCERY,Bronx,339,EAST  204 STREET,10467,Mexican,40.872215318406,-73.877835343375,2026-05-11T00:00:00.000,A,11
41011367,MEXICANA DELI GROCERY,Bronx,339,EAST  204 STREET,10467,Mexican,40.872215318406,-73.877835343375,2026-05-11T00:00:00.000,A,11
41011367,MEXICANA DELI GROCERY,Bronx,339,EAST  204 STREET,10467,Mexican,40.872215318406,-73.877835343375,2026-05-11T00:00:00.000,A,11
41011367,MEXICANA DELI GROCERY,Bronx,339,EAST  204 STREET,10467,Mexican,40.872215318406,-73.877835343375,2024-12-17T00:00:00.000,A,13
41011367,MEXICANA DELI GROCERY,Bronx,339,EAST  204 STREET,10467,Mexican,40.872215318406,-73.877835343375,2024-12-17T00:00:00.000,A,13
41011367,MEXICANA DELI GROCERY,Bronx,339,EAST  204 STREET,10467,Mexican,40.872215318406,-73.877835343375,2023-09-26T00:00:00.000,A,11
41011367,MEXICANA DELI GROCERY,Bronx,339,EAST  204 STREET,10467,Mexican,40.872215318406,-73.877835343375,2023-09-26T00:00:00.000,A,11
41011367,MEXICANA DELI GROCERY,Bronx,339,EAST  204 STREET,10467,Mexican,40.872215318406,-73.877835343375,2023-09-26T00:00:00.000,A,11
41238905,LA SALLE GROCERY,Bronx,1232,RANDALL AVENUE,10474,,40.811738053598,-73.888943353596,2008-07-08T13:12:00.000,N,27
41238905,LA SALLE GROCERY,Bronx,1232,RANDALL AVENUE,10474,,40.811738053598,-73.888943353596,2008-07-08T13:12:00.000,N,27
41238905,LA SALLE GROCERY,Bronx,1232,RANDALL AVENUE,10474,,40.811738053598,-73.888943353596,2008-07-08T13:12:00.000,N,27
41238905,LA SALLE GROCERY,Bronx,1232,RANDALL AVENUE,10474,,40.811738053598,-73.888943353596,2008-07-08T13:12:00.000,N,27
41238905,LA SALLE GROCERY,Bronx,1232,RANDALL AVENUE,10474,,40.811738053598,-73.888943353596,2008-07-08T13:12:00.000,N,27
41238905,LA SALLE GROCERY,Bronx,1232,RANDALL AVENUE,10474,,40.811738053598,-73.888943353596,2008-07-08T13:12:00.000,N,27
41238905,LA SALLE GROCERY,Bronx,1232,RANDALL AVENUE,10474,,40.811738053598,-73.888943353596,2008-07-08T13:12:00.000,N,27
41238905,LA SALLE GROCERY,Bronx,1232,RANDALL AVENUE,10474,,40.811738053598,-73.888943353596,2008-07-08T13:12:00.000,N,27
41238905,LA SALLE GROCERY,Bronx,1232,RANDALL AVENUE,10474,,40.811738053598,-73.888943353596,2008-06-09T11:37:00.000,,5
41238905,LA SALLE GROCERY,Bronx,1232,RANDALL AVENUE,10474,,40.811738053598,-73.888943353596,2008-06-04T15:25:00.000,,13
41238905,LA SALLE GROCERY,Bronx,1232,RANDALL AVENUE,10474,,40.811738053598,-73.888943353596,2008-06-04T15:25:00.000,,13
41238905,LA SALLE GROCERY,Bronx,1232,RANDALL AVENUE,10474,,40.811738053598,-73.888943353596,2008-06-04T15:25:00.000,,13
41238905,LA SALLE GROCERY,Bronx,1232,RANDALL AVENUE,10474,,40.811738053598,-73.888943353596,2008-05-07T14:26:00.000,,85
41238905,LA SALLE GROCERY,Bronx,1232,RANDALL AVENUE,10474,,40.811738053598,-73.888943353596,2008-05-07T14:26:00.000,,85
41238905,LA SALLE GROCERY,Bronx,1232,RANDALL AVENUE,10474,,40.811738053598,-73.888943353596,2008-05-07T14:26:00.000,,85
41238905,LA SALLE GROCERY,Bronx,1232,RANDALL AVENUE,10474,,40.811738053598,-73.888943353596,2008-05-07T14:26:00.000,,85
41238905,LA SALLE GROCERY,Bronx,1232,RANDALL AVENUE,10474,,40.811738053598,-73.888943353596,2008-05-07T14:26:00.000,,85
41238905,LA SALLE GROCERY,Bronx,1232,RANDALL AVENUE,10474,,40.811738053598,-73.888943353596,2008-05-07T14:26:00.000,,85
41238905,LA SALLE GROCERY,Bronx,1232,RANDALL AVENUE,10474,,40.811738053598,-73.888943353596,2008-05-07T14:26:00.000,,85
41238905,LA SALLE GROCERY,Bronx,1232,RANDALL AVENUE,10474,,40.811738053598,-73.888943353596,2008-05-07T14:26:00.000,,85
41238905,LA SALLE GROCERY,Bronx,1232,RANDALL AVENUE,10474,,40.811738053598,-73.888943353596,2008-05-07T14:26:00.000,,85
41238905,LA SALLE GROCERY,Bronx,1232,RANDALL AVENUE,10474,,40.811738053598,-73.888943353596,2008-05-07T14:26:00.000,,85
41238905,LA SALLE GROCERY,Bronx,1232,RANDALL AVENUE,10474,,40.811738053598,-73.888943353596,2008-05-07T14:26:00.000,,85
41238905,LA SALLE GROCERY,Bronx,1232,RANDALL AVENUE,10474,,40.811738053598,-73.888943353596,2008-05-07T14:26:00.000,,85
41238905,LA SALLE GROCERY,Bronx,1232,RANDALL AVENUE,10474,,40.811738053598,-73.888943353596,2007-12-12T15:32:00.000,,
41238905,LA SALLE GROCERY,Bronx,1232,RANDALL AVENUE,10474,,40.811738053598,-73.888943353596,2007-11-29T16:22:00.000,,
41238905,LA SALLE GROCERY,Bronx,1232,RANDALL AVENUE,10474,,40.811738053598,-73.888943353596,2007-10-31T09:03:00.000,,11
41238905,LA SALLE GROCERY,Bronx,1232,RANDALL AVENUE,10474,,40.811738053598,-73.888943353596,2007-10-31T09:03:00.000,,11
41238905,LA SALLE GROCERY,Bronx,1232,RANDALL AVENUE,10474,,40.811738053598,-73.888943353596,2007-10-31T09:03:00.000,,11
41238905,LA SALLE GROCERY,Bronx,1232,RANDALL AVENUE,10474,,40.811738053598,-73.888943353596,2007-10-12T09:25:00.000,,28
41238905,LA SALLE GROCERY,Bronx,1232,RANDALL AVENUE,10474,,40.811738053598,-73.888943353596,2007-10-12T09:25:00.000,,28
41238905,LA SALLE GROCERY,Bronx,1232,RANDALL AVENUE,10474,,40.811738053598,-73.888943353596,2007-10-12T09:25:00.000,,28
41238905,LA SALLE GROCERY,Bronx,1232,RANDALL AVENUE,10474,,40.811738053598,-73.888943353596,2007-10-12T09:25:00.000,,28
41238905,LA SALLE GROCERY,Bronx,1232,RANDALL AVENUE,10474,,40.811738053598,-73.888943353596,2007-10-12T09:25:00.000,,28
41238905,LA SALLE GROCERY,Bronx,1232,RANDALL AVENUE,10474,,40.811738053598,-73.888943353596,2007-09-18T09:17:00.000,,29
41238905,LA SALLE GROCERY,Bronx,1232,RANDALL AVENUE,10474,,40.811738053598,-73.888943353596,2007-09-18T09:17:00.000,,29
41238905,LA SALLE GROCERY,Bronx,1232,RANDALL AVENUE,10474,,40.811738053598,-73.888943353596,2007-09-18T09:17:00.000,,29
41238905,LA SALLE GROCERY,Bronx,1232,RANDALL AVENUE,10474,,40.811738053598,-73.888943353596,2007-09-18T09:17:00.000,,29
41238905,LA SALLE GROCERY,Bronx,1232,RANDALL AVENUE,10474,,40.811738053598,-73.888943353596,2007-09-18T09:17:00.000,,29
41238905,LA SALLE GROCERY,Bronx,1232,RANDALL AVENUE,10474,,40.811738053598,-73.888943353596,2007-08-28T09:43:00.000,,
41238905,LA SALLE GROCERY,Bronx,1232,RANDALL AVENUE,10474,,40.811738053598,-73.888943353596,2007-08-28T07:54:00.000,,49
41238905,LA SALLE GROCERY,Bronx,1232,RANDALL AVENUE,10474,,40.811738053598,-73.888943353596,2007-08-28T07:54:00.000,,49
41238905,LA SALLE GROCERY,Bronx,1232,RANDALL AVENUE,10474,,40.811738053598,-73.888943353596,2007-08-28T07:54:00.000,,49
41238905,LA SALLE GROCERY,Bronx,1232,RANDALL AVENUE,10474,,40.811738053598,-73.888943353596,2007-08-28T07:54:00.000,,49
41238905,LA SALLE GROCERY,Bronx,1232,RANDALL AVENUE,10474,,40.811738053598,-73.888943353596,2007-08-28T07:54:00.000,,49
41238905,LA SALLE GROCERY,Bronx,1232,RANDALL AVENUE,10474,,40.811738053598,-73.888943353596,2007-08-28T07:54:00.000,,49
41238905,LA SALLE GROCERY,Bronx,1232,RANDALL AVENUE,10474,,40.811738053598,-73.888943353596,2007-08-28T07:54:00.000,,49
41238905,LA SALLE GROCERY,Bronx,1232,RANDALL AVENUE,10474,,40.811738053598,-73.888943353596,2007-08-28T07:54:00.000,,49
41238905,LA SALLE GROCERY,Bronx,1232,RANDALL AVENUE,10474,,40.811738053598,-73.888943353596,2007-08-28T07:54:00.000,,49
41238905,LA SALLE GROCERY,Bronx,1232,RANDALL AVENUE,10474,,40.811738053598,-73.888943353596,2007-08-28T07:54:00.000,,49
41258837,SUBWAY,Bronx,968,MORRIS PARK AVENUE,10462,Sandwiches,40.847639950427,-73.857245478872,2025-09-02T00:00:00.000,A,2
41258837,SUBWAY,Bronx,968,MORRIS PARK AVENUE,10462,Sandwiches,40.847639950427,-73.857245478872,2024-09-10T00:00:00.000,A,4
41258837,SUBWAY,Bronx,968,MORRIS PARK AVENUE,10462,Sandwiches,40.847639950427,-73.857245478872,2024-09-10T00:00:00.000,A,4
41258837,SUBWAY,Bronx,968,MORRIS PARK AVENUE,10462,Sandwiches,40.847639950427,-73.857245478872,2023-04-03T00:00:00.000,A,3
41263738,MEXICAN FAST FOOD,Bronx,2620,JEROME AVENUE,10468,Mexican,40.86689084303,-73.897831910977,2026-09-08T00:00:00.000,A,12
41263738,MEXICAN FAST FOOD,Bronx,2620,JEROME AVENUE,10468,Mexican,40.86689084303,-73.897831910977,2026-09-08T00:00:00.000,A,12
41263738,MEXICAN FAST FOOD,Bronx,2620,JEROME AVENUE,10468,Mexican,40.86689084303,-73.897831910977,2026-09-08T00:00:00.000,A,12
41263738,MEXICAN FAST FOOD,Bronx,2620,JEROME AVENUE,10468,Mexican,40.86689084303,-73.897831910977,2026-06-01T00:00:00.000,,19
41263738,MEXICAN FAST FOOD,Bronx,2620,JEROME AVENUE,10468,Mexican,40.86689084303,-73.897831910977,2026-06-01T00:00:00.000,,19
41263738,MEXICAN FAST FOOD,Bronx,2620,JEROME AVENUE,10468,Mexican,40.86689084303,-73.897831910977,2026-06-01T00:00:00.000,,19
41263738,MEXICAN FAST FOOD,Bronx,2620,JEROME AVENUE,10468,Mexican,40.86689084303,-73.897831910977,2026-06-01T00:00:00.000,,19
41263738,MEXICAN FAST FOOD,Bronx,2620,JEROME AVENUE,10468,Mexican,40.86689084303,-73.897831910977,2025-01-16T00:00:00.000,A,12
41263738,MEXICAN FAST FOOD,Bronx,2620,JEROME AVENUE,10468,Mexican,40.86689084303,-73.897831910977,2025-01-16T00:00:00.000,A,12
41263738,MEXICAN FAST FOOD,Bronx,2620,JEROME AVENUE,10468,Mexican,40.86689084303,-73.897831910977,2024-01-05T00:00:00.000,,9
41263738,MEXICAN FAST FOOD,Bronx,2620,JEROME AVENUE,10468,Mexican,40.86689084303,-73.897831910977,2024-01-05T00:00:00.000,,
41263738,MEXICAN FAST FOOD,Bronx,2620,JEROME AVENUE,10468,Mexican,40.86689084303,-73.897831910977,2024-01-05T00:00:00.000,,9
41263738,MEXICAN FAST FOOD,Bronx,2620,JEROME AVENUE,10468,Mexican,40.86689084303,-73.897831910977,2023-11-14T00:00:00.000,C,36
41263738,MEXICAN FAST FOOD,Bronx,2620,JEROME AVENUE,10468,Mexican,40.86689084303,-73.897831910977,2023-11-14T00:00:00.000,C,36
41263738,MEXICAN FAST FOOD,Bronx,2620,JEROME AVENUE,10468,Mexican,40.86689084303,-73.897831910977,2023-11-14T00:00:00.000,C,36
41263738,MEXICAN FAST FOOD,Bronx,2620,JEROME AVENUE,10468,Mexican,40.86689084303,-73.897831910977,2023-10-02T00:00:00.000,,82
41263738,MEXICAN FAST FOOD,Bronx,2620,JEROME AVENUE,10468,Mexican,40.86689084303,-73.897831910977,2023-10-02T00:00:00.000,,82
41263738,MEXICAN FAST FOOD,Bronx,2620,JEROME AVENUE,10468,Mexican,40.86689084303,-73.897831910977,2023-10-02T00:00:00.000,,82
41263738,MEXICAN FAST FOOD,Bronx,2620,JEROME AVENUE,10468,Mexican,40.86689084303,-73.897831910977,2023-10-02T00:00:00.000,,82
41263738,MEXICAN FAST FOOD,Bronx,2620,JEROME AVENUE,10468,Mexican,40.86689084303,-73.897831910977,2023-10-02T00:00:00.000,,82
41263738,MEXICAN FAST FOOD,Bronx,2620,JEROME AVENUE,10468,Mexican,40.86689084303,-73.897831910977,2023-10-02T00:00:00.000,,82
41263738,MEXICAN FAST FOOD,Bronx,2620,JEROME AVENUE,10468,Mexican,40.86689084303,-73.897831910977,2023-10-02T00:00:00.000,,82
41271290,SABOR LATINO SEAFOOD RESTAURANT,Bronx,2161,STARLING AVENUE,10462,Seafood,40.836271466055,-73.853070638634,2026-03-18T00:00:00.000,A,10
41271290,SABOR LATINO SEAFOOD RESTAURANT,Bronx,2161,STARLING AVENUE,10462,Seafood,40.836271466055,-73.853070638634,2026-03-18T00:00:00.000,A,10
41271290,SABOR LATINO SEAFOOD RESTAURANT,Bronx,2161,STARLING AVENUE,10462,Seafood,40.836271466055,-73.853070638634,2024-09-17T00:00:00.000,A,9
41271290,SABOR LATINO SEAFOOD RESTAURANT,Bronx,2161,STARLING AVENUE,10462,Seafood,40.836271466055,-73.853070638634,2024-09-17T00:00:00.000,A,9
41271290,SABOR LATINO SEAFOOD RESTAURANT,Bronx,2161,STARLING AVENUE,10462,Seafood,40.836271466055,-73.853070638634,2023-04-26T00:00:00.000,A,10
41271290,SABOR LATINO SEAFOOD RESTAURANT,Bronx,2161,STARLING AVENUE,10462,Seafood,40.836271466055,-73.853070638634,2023-04-26T00:00:00.000,A,10
41271290,SABOR LATINO SEAFOOD RESTAURANT,Bronx,2161,STARLING AVENUE,10462,Seafood,40.836271466055,-73.853070638634,2023-04-26T00:00:00.000,A,10
41299756,LAS CHATAS TAQUERIA & DELI GROCERY,Bronx,599,EAST  184 STREET,10458,Mexican,40.853708575962,-73.889661037398,2026-03-25T00:00:00.000,A,13
41299756,LAS CHATAS TAQUERIA & DELI GROCERY,Bronx,599,EAST  184 STREET,10458,Mexican,40.853708575962,-73.889661037398,2026-03-25T00:00:00.000,A,13
41299756,LAS CHATAS TAQUERIA & DELI GROCERY,Bronx,599,EAST  184 STREET,10458,Mexican,40.853708575962,-73.889661037398,2026-03-25T00:00:00.000,A,13
41299756,LAS CHATAS TAQUERIA & DELI GROCERY,Bronx,599,EAST  184 STREET,10458,Mexican,40.853708575962,-73.889661037398,2025-02-25T00:00:00.000,A,11
41299756,LAS CHATAS TAQUERIA & DELI GROCERY,Bronx,599,EAST  184 STREET,10458,Mexican,40.853708575962,-73.889661037398,2025-02-25T00:00:00.000,A,11
41299756,LAS CHATAS TAQUERIA & DELI GROCERY,Bronx,599,EAST  184 STREET,10458,Mexican,40.853708575962,-73.889661037398,2025-02-25T00:00:00.000,A,11
41299756,LAS CHATAS TAQUERIA & DELI GROCERY,Bronx,599,EAST  184 STREET,10458,Mexican,40.853708575962,-73.889661037398,2024-03-27T00:00:00.000,A,9
41299756,LAS CHATAS TAQUERIA & DELI GROCERY,Bronx,599,EAST  184 STREET,10458,Mexican,40.853708575962,-73.889661037398,2024-03-27T00:00:00.000,A,9
41299756,LAS CHATAS TAQUERIA & DELI GROCERY,Bronx,599,EAST  184 STREET,10458,Mexican,40.853708575962,-73.889661037398,2023-06-05T00:00:00.000,,18
41299756,LAS CHATAS TAQUERIA & DELI GROCERY,Bronx,599,EAST  184 STREET,10458,Mexican,40.853708575962,-73.889661037398,2023-06-05T00:00:00.000,,18
41299756,LAS CHATAS TAQUERIA & DELI GROCERY,Bronx,599,EAST  184 STREET,10458,Mexican,40.853708575962,-73.889661037398,2023-06-05T00:00:00.000,,18
41338145,TINOS DELICATESSEN,Bronx,2410,ARTHUR AVENUE,10458,Sandwiches,40.85581426594,-73.887325892195,2026-09-04T00:00:00.000,A,12
41338145,TINOS DELICATESSEN,Bronx,2410,ARTHUR AVENUE,10458,Sandwiches,40.85581426594,-73.887325892195,2026-09-04T00:00:00.000,A,12
41338145,TINOS DELICATESSEN,Bronx,2410,ARTHUR AVENUE,10458,Sandwiches,40.85581426594,-73.887325892195,2025-05-28T00:00:00.000,A,10
41338145,TINOS DELICATESSEN,Bronx,2410,ARTHUR AVENUE,10458,Sandwiches,40.85581426594,-73.887325892195,2025-05-28T00:00:00.000,A,10
41338145,TINOS DELICATESSEN,Bronx,2410,ARTHUR AVENUE,10458,Sandwiches,40.85581426594,-73.887325892195,2024-06-12T00:00:00.000,A,10
41367337,SUBWAY,Bronx,1646,BRUCKNER BOULEVARD,10473,Sandwiches,40.824026926714,-73.873635272519,2025-10-06T00:00:00.000,A,5
41367337,SUBWAY,Bronx,1646,BRUCKNER BOULEVARD,10473,Sandwiches,40.824026926714,-73.873635272519,2025-01-03T00:00:00.000,A,5
41367337,SUBWAY,Bronx,1646,BRUCKNER BOULEVARD,10473,Sandwiches,40.824026926714,-73.873635272519,2025-01-03T00:00:00.000,A,5
41367337,SUBWAY,Bronx,1646,BRUCKNER BOULEVARD,10473,Sandwiches,40.824026926714,-73.873635272519,2024-03-08T00:00:00.000,,26
41367337,SUBWAY,Bronx,1646,BRUCKNER BOULEVARD,10473,Sandwiches,40.824026926714,-73.873635272519,2024-03-08T00:00:00.000,,26
41367337,SUBWAY,Bronx,1646,BRUCKNER BOULEVARD,10473,Sandwiches,40.824026926714,-73.873635272519,2024-03-08T00:00:00.000,,
41367337,SUBWAY,Bronx,1646,BRUCKNER BOULEVARD,10473,Sandwiches,40.824026926714,-73.873635272519,2024-03-08T00:00:00.000,,26
41367337,SUBWAY,Bronx,1646,BRUCKNER BOULEVARD,10473,Sandwiches,40.824026926714,-73.873635272519,2024-03-08T00:00:00.000,,
41367337,SUBWAY,Bronx,1646,BRUCKNER BOULEVARD,10473,Sandwiches,40.824026926714,-73.873635272519,2024-03-08T00:00:00.000,,26
41367337,SUBWAY,Bronx,1646,BRUCKNER BOULEVARD,10473,Sandwiches,40.824026926714,-73.873635272519,2022-12-15T00:00:00.000,A,10
41367337,SUBWAY,Bronx,1646,BRUCKNER BOULEVARD,10473,Sandwiches,40.824026926714,-73.873635272519,2022-12-15T00:00:00.000,A,10
41376798,LA ESPERANZA MEXICAN DELI GROCERY & VEGETABLES,Bronx,2029,GRAND CONCOURSE,10453,Mexican,40.851953836743,-73.903996373039,2026-08-18T00:00:00.000,,35
41376798,LA ESPERANZA MEXICAN DELI GROCERY & VEGETABLES,Bronx,2029,GRAND CONCOURSE,10453,Mexican,40.851953836743,-73.903996373039,2026-08-18T00:00:00.000,,35
41376798,LA ESPERANZA MEXICAN DELI GROCERY & VEGETABLES,Bronx,2029,GRAND CONCOURSE,10453,Mexican,40.851953836743,-73.903996373039,2026-08-18T00:00:00.000,,35
41376798,LA ESPERANZA MEXICAN DELI GROCERY & VEGETABLES,Bronx,2029,GRAND CONCOURSE,10453,Mexican,40.851953836743,-73.903996373039,2026-08-18T00:00:00.000,,35
41376798,LA ESPERANZA MEXICAN DELI GROCERY & VEGETABLES,Bronx,2029,GRAND CONCOURSE,10453,Mexican,40.851953836743,-73.903996373039,2026-08-18T00:00:00.000,,35
41376798,LA ESPERANZA MEXICAN DELI GROCERY & VEGETABLES,Bronx,2029,GRAND CONCOURSE,10453,Mexican,40.851953836743,-73.903996373039,2025-04-04T00:00:00.000,A,9
41376798,LA ESPERANZA MEXICAN DELI GROCERY & VEGETABLES,Bronx,2029,GRAND CONCOURSE,10453,Mexican,40.851953836743,-73.903996373039,2025-04-04T00:00:00.000,A,9
41376798,LA ESPERANZA MEXICAN DELI GROCERY & VEGETABLES,Bronx,2029,GRAND CONCOURSE,10453,Mexican,40.851953836743,-73.903996373039,2025-04-04T00:00:00.000,A,9
41396667,STAND 127 FOOD COURT,Bronx,1,EAST  161 STREET,10451,American,40.829028434834,-73.928496459645,2024-09-27T00:00:00.000,A,12
41396667,STAND 127 FOOD COURT,Bronx,1,EAST  161 STREET,10451,American,40.829028434834,-73.928496459645,2024-09-27T00:00:00.000,A,12
41396673,STAND 107,Bronx,1,EAST  161 STREET,10451,Sandwiches,40.829028434834,-73.928496459645,2024-09-27T00:00:00.000,A,2
41396676,STAND 125 FOOD COURT,Bronx,1,EAST  161 STREET,10451,American,40.829028434834,-73.928496459645,2024-09-27T00:00:00.000,A,11
41396676,STAND 125 FOOD COURT,Bronx,1,EAST  161 STREET,10451,American,40.829028434834,-73.928496459645,2024-09-27T00:00:00.000,A,11
41400932,BLEACHER FOOD COURT,Bronx,1,EAST  161 STREET,10451,American,40.829028434834,-73.928496459645,2024-09-27T00:00:00.000,A,8
41406856,FRANCO'S,Bronx,295,EAST  149 STREET,10451,Sandwiches/Salads/Mixed Buffet,40.817043011517,-73.921421019295,2025-05-15T00:00:00.000,A,13
41406856,FRANCO'S,Bronx,295,EAST  149 STREET,10451,Sandwiches/Salads/Mixed Buffet,40.817043011517,-73.921421019295,2025-05-15T00:00:00.000,A,13
41406856,FRANCO'S,Bronx,295,EAST  149 STREET,10451,Sandwiches/Salads/Mixed Buffet,40.817043011517,-73.921421019295,2025-05-15T00:00:00.000,A,13
41406856,FRANCO'S,Bronx,295,EAST  149 STREET,10451,Sandwiches/Salads/Mixed Buffet,40.817043011517,-73.921421019295,2025-05-15T00:00:00.000,A,13
41406856,FRANCO'S,Bronx,295,EAST  149 STREET,10451,Sandwiches/Salads/Mixed Buffet,40.817043011517,-73.921421019295,2024-03-27T00:00:00.000,A,11
41406856,FRANCO'S,Bronx,295,EAST  149 STREET,10451,Sandwiches/Salads/Mixed Buffet,40.817043011517,-73.921421019295,2024-03-27T00:00:00.000,A,11
41406856,FRANCO'S,Bronx,295,EAST  149 STREET,10451,Sandwiches/Salads/Mixed Buffet,40.817043011517,-73.921421019295,2024-03-27T00:00:00.000,A,11
41406856,FRANCO'S,Bronx,295,EAST  149 STREET,10451,Sandwiches/Salads/Mixed Buffet,40.817043011517,-73.921421019295,2023-05-31T00:00:00.000,,19
41406856,FRANCO'S,Bronx,295,EAST  149 STREET,10451,Sandwiches/Salads/Mixed Buffet,40.817043011517,-73.921421019295,2023-05-31T00:00:00.000,,19
41406856,FRANCO'S,Bronx,295,EAST  149 STREET,10451,Sandwiches/Salads/Mixed Buffet,40.817043011517,-73.921421019295,2023-05-31T00:00:00.000,,19
41444157,MAMMA ROSA'S,Bronx,1007,ALLERTON AVENUE,10469,Sandwiches,40.865493191577,-73.85844711348,2026-03-03T00:00:00.000,A,3
41444157,MAMMA ROSA'S,Bronx,1007,ALLERTON AVENUE,10469,Sandwiches,40.865493191577,-73.85844711348,2024-11-14T00:00:00.000,A,12
41444157,MAMMA ROSA'S,Bronx,1007,ALLERTON AVENUE,10469,Sandwiches,40.865493191577,-73.85844711348,2024-11-14T00:00:00.000,A,12
41444157,MAMMA ROSA'S,Bronx,1007,ALLERTON AVENUE,10469,Sandwiches,40.865493191577,-73.85844711348,2024-11-14T00:00:00.000,A,12
41444157,MAMMA ROSA'S,Bronx,1007,ALLERTON AVENUE,10469,Sandwiches,40.865493191577,-73.85844711348,2024-04-15T00:00:00.000,,22
41444157,MAMMA ROSA'S,Bronx,1007,ALLERTON AVENUE,10469,Sandwiches,40.865493191577,-73.85844711348,2024-04-15T00:00:00.000,,22
41444157,MAMMA ROSA'S,Bronx,1007,ALLERTON AVENUE,10469,Sandwiches,40.865493191577,-73.85844711348,2024-04-15T00:00:00.000,,22
41444157,MAMMA ROSA'S,Bronx,1007,ALLERTON AVENUE,10469,Sandwiches,40.865493191577,-73.85844711348,2024-04-15T00:00:00.000,,22
41444157,MAMMA ROSA'S,Bronx,1007,ALLERTON AVENUE,10469,Sandwiches,40.865493191577,-73.85844711348,2024-04-15T00:00:00.000,,22
41444157,MAMMA ROSA'S,Bronx,1007,ALLERTON AVENUE,10469,Sandwiches,40.865493191577,-73.85844711348,2023-03-23T00:00:00.000,A,2
41447862,KINGSBRIDGE COFFEE SHOP,Bronx,17,EAST KINGSBRIDGE ROAD,10468,Sandwiches/Salads/Mixed Buffet,40.867293523723,-73.896941859867,2026-02-06T00:00:00.000,A,12
41447862,KINGSBRIDGE COFFEE SHOP,Bronx,17,EAST KINGSBRIDGE ROAD,10468,Sandwiches/Salads/Mixed Buffet,40.867293523723,-73.896941859867,2026-02-06T00:00:00.000,A,12
41447862,KINGSBRIDGE COFFEE SHOP,Bronx,17,EAST KINGSBRIDGE ROAD,10468,Sandwiches/Salads/Mixed Buffet,40.867293523723,-73.896941859867,2026-02-06T00:00:00.000,A,12
41447862,KINGSBRIDGE COFFEE SHOP,Bronx,17,EAST KINGSBRIDGE ROAD,10468,Sandwiches/Salads/Mixed Buffet,40.867293523723,-73.896941859867,2024-11-18T00:00:00.000,A,11
41447862,KINGSBRIDGE COFFEE SHOP,Bronx,17,EAST KINGSBRIDGE ROAD,10468,Sandwiches/Salads/Mixed Buffet,40.867293523723,-73.896941859867,2024-11-18T00:00:00.000,A,11
41447862,KINGSBRIDGE COFFEE SHOP,Bronx,17,EAST KINGSBRIDGE ROAD,10468,Sandwiches/Salads/Mixed Buffet,40.867293523723,-73.896941859867,2024-11-18T00:00:00.000,A,11
41447862,KINGSBRIDGE COFFEE SHOP,Bronx,17,EAST KINGSBRIDGE ROAD,10468,Sandwiches/Salads/Mixed Buffet,40.867293523723,-73.896941859867,2024-04-17T00:00:00.000,,19
41447862,KINGSBRIDGE COFFEE SHOP,Bronx,17,EAST KINGSBRIDGE ROAD,10468,Sandwiches/Salads/Mixed Buffet,40.867293523723,-73.896941859867,2024-04-17T00:00:00.000,,19
41447862,KINGSBRIDGE COFFEE SHOP,Bronx,17,EAST KINGSBRIDGE ROAD,10468,Sandwiches/Salads/Mixed Buffet,40.867293523723,-73.896941859867,2024-04-17T00:00:00.000,,19
41447862,KINGSBRIDGE COFFEE SHOP,Bronx,17,EAST KINGSBRIDGE ROAD,10468,Sandwiches/Salads/Mixed Buffet,40.867293523723,-73.896941859867,2024-04-17T00:00:00.000,,19
41447862,KINGSBRIDGE COFFEE SHOP,Bronx,17,EAST KINGSBRIDGE ROAD,10468,Sandwiches/Salads/Mixed Buffet,40.867293523723,-73.896941859867,2024-04-17T00:00:00.000,,19
41447862,KINGSBRIDGE COFFEE SHOP,Bronx,17,EAST KINGSBRIDGE ROAD,10468,Sandwiches/Salads/Mixed Buffet,40.867293523723,-73.896941859867,2023-09-21T00:00:00.000,B,24
41447862,KINGSBRIDGE COFFEE SHOP,Bronx,17,EAST KINGSBRIDGE ROAD,10468,Sandwiches/Salads/Mixed Buffet,40.867293523723,-73.896941859867,2023-09-21T00:00:00.000,B,24
41447862,KINGSBRIDGE COFFEE SHOP,Bronx,17,EAST KINGSBRIDGE ROAD,10468,Sandwiches/Salads/Mixed Buffet,40.867293523723,-73.896941859867,2023-09-21T00:00:00.000,B,24
41447862,KINGSBRIDGE COFFEE SHOP,Bronx,17,EAST KINGSBRIDGE ROAD,10468,Sandwiches/Salads/Mixed Buffet,40.867293523723,-73.896941859867,2023-09-21T00:00:00.000,B,24
41447862,KINGSBRIDGE COFFEE SHOP,Bronx,17,EAST KINGSBRIDGE ROAD,10468,Sandwiches/Salads/Mixed Buffet,40.867293523723,-73.896941859867,2023-09-21T00:00:00.000,B,24
41447862,KINGSBRIDGE COFFEE SHOP,Bronx,17,EAST KINGSBRIDGE ROAD,10468,Sandwiches/Salads/Mixed Buffet,40.867293523723,-73.896941859867,2023-09-21T00:00:00.000,B,24
41453811,THE POINT CAFE & GRILL,Bronx,402,HUNTS POINT AVENUE,10474,Sandwiches,40.809594391488,-73.880717843612,2026-07-08T00:00:00.000,A,4
41453811,THE POINT CAFE & GRILL,Bronx,402,HUNTS POINT AVENUE,10474,Sandwiches,40.809594391488,-73.880717843612,2026-07-08T00:00:00.000,A,4
41453811,THE POINT CAFE & GRILL,Bronx,402,HUNTS POINT AVENUE,10474,Sandwiches,40.809594391488,-73.880717843612,2025-02-07T00:00:00.000,A,2
41453811,THE POINT CAFE & GRILL,Bronx,402,HUNTS POINT AVENUE,10474,Sandwiches,40.809594391488,-73.880717843612,2024-11-18T00:00:00.000,,23
41453811,THE POINT CAFE & GRILL,Bronx,402,HUNTS POINT AVENUE,10474,Sandwiches,40.809594391488,-73.880717843612,2024-11-18T00:00:00.000,,23
41453811,THE POINT CAFE & GRILL,Bronx,402,HUNTS POINT AVENUE,10474,Sandwiches,40.809594391488,-73.880717843612,2024-11-18T00:00:00.000,,23
41453811,THE POINT CAFE & GRILL,Bronx,402,HUNTS POINT AVENUE,10474,Sandwiches,40.809594391488,-73.880717843612,2024-11-18T00:00:00.000,,23
41453811,THE POINT CAFE & GRILL,Bronx,402,HUNTS POINT AVENUE,10474,Sandwiches,40.809594391488,-73.880717843612,2024-11-18T00:00:00.000,,
41453811,THE POINT CAFE & GRILL,Bronx,402,HUNTS POINT AVENUE,10474,Sandwiches,40.809594391488,-73.880717843612,2024-11-18T00:00:00.000,,23
41534701,SUBWAY,Bronx,980,EAST  233 STREET,10466,Sandwiches,40.890826405359,-73.849318266857,2026-08-17T00:00:00.000,A,10
41534701,SUBWAY,Bronx,980,EAST  233 STREET,10466,Sandwiches,40.890826405359,-73.849318266857,2026-08-17T00:00:00.000,A,10
41534701,SUBWAY,Bronx,980,EAST  233 STREET,10466,Sandwiches,40.890826405359,-73.849318266857,2026-07-21T00:00:00.000,,24
41534701,SUBWAY,Bronx,980,EAST  233 STREET,10466,Sandwiches,40.890826405359,-73.849318266857,2026-07-21T00:00:00.000,,24
41534701,SUBWAY,Bronx,980,EAST  233 STREET,10466,Sandwiches,40.890826405359,-73.849318266857,2026-07-21T00:00:00.000,,24
41534701,SUBWAY,Bronx,980,EAST  233 STREET,10466,Sandwiches,40.890826405359,-73.849318266857,2026-07-21T00:00:00.000,,24
41534701,SUBWAY,Bronx,980,EAST  233 STREET,10466,Sandwiches,40.890826405359,-73.849318266857,2025-07-02T00:00:00.000,A,7
41534701,SUBWAY,Bronx,980,EAST  233 STREET,10466,Sandwiches,40.890826405359,-73.849318266857,2025-04-22T00:00:00.000,P,2
41534701,SUBWAY,Bronx,980,EAST  233 STREET,10466,Sandwiches,40.890826405359,-73.849318266857,2025-04-21T00:00:00.000,,43
41534701,SUBWAY,Bronx,980,EAST  233 STREET,10466,Sandwiches,40.890826405359,-73.849318266857,2025-04-21T00:00:00.000,,43
41534701,SUBWAY,Bronx,980,EAST  233 STREET,10466,Sandwiches,40.890826405359,-73.849318266857,2025-04-21T00:00:00.000,,43
41534701,SUBWAY,Bronx,980,EAST  233 STREET,10466,Sandwiches,40.890826405359,-73.849318266857,2024-05-13T00:00:00.000,A,4
41563594,SCAGLIONE BROTHERS BAKERY,Bronx,1078,MORRIS PARK AVENUE,10461,Sandwiches,40.849268522198,-73.853630996614,2026-08-18T00:00:00.000,A,4
41563594,SCAGLIONE BROTHERS BAKERY,Bronx,1078,MORRIS PARK AVENUE,10461,Sandwiches,40.849268522198,-73.853630996614,2026-08-18T00:00:00.000,A,4
41563594,SCAGLIONE BROTHERS BAKERY,Bronx,1078,MORRIS PARK AVENUE,10461,Sandwiches,40.849268522198,-73.853630996614,2026-07-30T00:00:00.000,,25
41563594,SCAGLIONE BROTHERS BAKERY,Bronx,1078,MORRIS PARK AVENUE,10461,Sandwiches,40.849268522198,-73.853630996614,2026-07-30T00:00:00.000,,25
41563594,SCAGLIONE BROTHERS BAKERY,Bronx,1078,MORRIS PARK AVENUE,10461,Sandwiches,40.849268522198,-73.853630996614,2026-07-30T00:00:00.000,,25
41563594,SCAGLIONE BROTHERS BAKERY,Bronx,1078,MORRIS PARK AVENUE,10461,Sandwiches,40.849268522198,-73.853630996614,2026-07-30T00:00:00.000,,25
41563594,SCAGLIONE BROTHERS BAKERY,Bronx,1078,MORRIS PARK AVENUE,10461,Sandwiches,40.849268522198,-73.853630996614,2025-06-04T00:00:00.000,A,12
41563594,SCAGLIONE BROTHERS BAKERY,Bronx,1078,MORRIS PARK AVENUE,10461,Sandwiches,40.849268522198,-73.853630996614,2025-06-04T00:00:00.000,A,12
41563594,SCAGLIONE BROTHERS BAKERY,Bronx,1078,MORRIS PARK AVENUE,10461,Sandwiches,40.849268522198,-73.853630996614,2025-06-04T00:00:00.000,A,12
41563594,SCAGLIONE BROTHERS BAKERY,Bronx,1078,MORRIS PARK AVENUE,10461,Sandwiches,40.849268522198,-73.853630996614,2024-04-26T00:00:00.000,A,12
41563594,SCAGLIONE BROTHERS BAKERY,Bronx,1078,MORRIS PARK AVENUE,10461,Sandwiches,40.849268522198,-73.853630996614,2024-04-26T00:00:00.000,A,12
41563594,SCAGLIONE BROTHERS BAKERY,Bronx,1078,MORRIS PARK AVENUE,10461,Sandwiches,40.849268522198,-73.853630996614,2024-04-26T00:00:00.000,A,12
41563594,SCAGLIONE BROTHERS BAKERY,Bronx,1078,MORRIS PARK AVENUE,10461,Sandwiches,40.849268522198,-73.853630996614,2023-11-28T00:00:00.000,,25
41563594,SCAGLIONE BROTHERS BAKERY,Bronx,1078,MORRIS PARK AVENUE,10461,Sandwiches,40.849268522198,-73.853630996614,2023-11-28T00:00:00.000,,25
41563594,SCAGLIONE BROTHERS BAKERY,Bronx,1078,MORRIS PARK AVENUE,10461,Sandwiches,40.849268522198,-73.853630996614,2023-11-28T00:00:00.000,,25
41563594,SCAGLIONE BROTHERS BAKERY,Bronx,1078,MORRIS PARK AVENUE,10461,Sandwiches,40.849268522198,-73.853630996614,2023-11-28T00:00:00.000,,25
41627341,SUBWAY,Bronx,3683,BRUCKNER BOULEVARD,10461,Sandwiches,40.852446046949,-73.827294045993,2026-07-23T00:00:00.000,Z,27
41627341,SUBWAY,Bronx,3683,BRUCKNER BOULEVARD,10461,Sandwiches,40.852446046949,-73.827294045993,2026-07-23T00:00:00.000,Z,27
41627341,SUBWAY,Bronx,3683,BRUCKNER BOULEVARD,10461,Sandwiches,40.852446046949,-73.827294045993,2026-07-23T00:00:00.000,Z,27
41627341,SUBWAY,Bronx,3683,BRUCKNER BOULEVARD,10461,Sandwiches,40.852446046949,-73.827294045993,2026-07-23T00:00:00.000,Z,27
41627341,SUBWAY,Bronx,3683,BRUCKNER BOULEVARD,10461,Sandwiches,40.852446046949,-73.827294045993,2026-07-23T00:00:00.000,Z,27
41627341,SUBWAY,Bronx,3683,BRUCKNER BOULEVARD,10461,Sandwiches,40.852446046949,-73.827294045993,2026-07-23T00:00:00.000,Z,27
41627341,SUBWAY,Bronx,3683,BRUCKNER BOULEVARD,10461,Sandwiches,40.852446046949,-73.827294045993,2026-06-16T00:00:00.000,,28
41627341,SUBWAY,Bronx,3683,BRUCKNER BOULEVARD,10461,Sandwiches,40.852446046949,-73.827294045993,2026-06-16T00:00:00.000,,28
41627341,SUBWAY,Bronx,3683,BRUCKNER BOULEVARD,10461,Sandwiches,40.852446046949,-73.827294045993,2026-06-16T00:00:00.000,,28
41627341,SUBWAY,Bronx,3683,BRUCKNER BOULEVARD,10461,Sandwiches,40.852446046949,-73.827294045993,2026-06-16T00:00:00.000,,28
41627341,SUBWAY,Bronx,3683,BRUCKNER BOULEVARD,10461,Sandwiches,40.852446046949,-73.827294045993,2026-06-16T00:00:00.000,,28
41627341,SUBWAY,Bronx,3683,BRUCKNER BOULEVARD,10461,Sandwiches,40.852446046949,-73.827294045993,2026-06-16T00:00:00.000,,28
41627341,SUBWAY,Bronx,3683,BRUCKNER BOULEVARD,10461,Sandwiches,40.852446046949,-73.827294045993,2026-04-28T00:00:00.000,,
41627341,SUBWAY,Bronx,3683,BRUCKNER BOULEVARD,10461,Sandwiches,40.852446046949,-73.827294045993,2026-03-23T00:00:00.000,C,30
41627341,SUBWAY,Bronx,3683,BRUCKNER BOULEVARD,10461,Sandwiches,40.852446046949,-73.827294045993,2026-03-23T00:00:00.000,C,30
41627341,SUBWAY,Bronx,3683,BRUCKNER BOULEVARD,10461,Sandwiches,40.852446046949,-73.827294045993,2026-03-23T00:00:00.000,C,30
41627341,SUBWAY,Bronx,3683,BRUCKNER BOULEVARD,10461,Sandwiches,40.852446046949,-73.827294045993,2026-03-23T00:00:00.000,C,30
41627341,SUBWAY,Bronx,3683,BRUCKNER BOULEVARD,10461,Sandwiches,40.852446046949,-73.827294045993,2026-03-23T00:00:00.000,C,30
41627341,SUBWAY,Bronx,3683,BRUCKNER BOULEVARD,10461,Sandwiches,40.852446046949,-73.827294045993,2026-03-23T00:00:00.000,C,30
41627341,SUBWAY,Bronx,3683,BRUCKNER BOULEVARD,10461,Sandwiches,40.852446046949,-73.827294045993,2026-02-20T00:00:00.000,,20
41627341,SUBWAY,Bronx,3683,BRUCKNER BOULEVARD,10461,Sandwiches,40.852446046949,-73.827294045993,2026-02-20T00:00:00.000,,20
41627341,SUBWAY,Bronx,3683,BRUCKNER BOULEVARD,10461,Sandwiches,40.852446046949,-73.827294045993,2026-02-20T00:00:00.000,,20
41627341,SUBWAY,Bronx,3683,BRUCKNER BOULEVARD,10461,Sandwiches,40.852446046949,-73.827294045993,2026-02-20T00:00:00.000,,20
41627341,SUBWAY,Bronx,3683,BRUCKNER BOULEVARD,10461,Sandwiches,40.852446046949,-73.827294045993,2026-02-20T00:00:00.000,,
41627341,SUBWAY,Bronx,3683,BRUCKNER BOULEVARD,10461,Sandwiches,40.852446046949,-73.827294045993,2025-07-16T00:00:00.000,A,5
41627341,SUBWAY,Bronx,3683,BRUCKNER BOULEVARD,10461,Sandwiches,40.852446046949,-73.827294045993,2025-06-25T00:00:00.000,,34
41627341,SUBWAY,Bronx,3683,BRUCKNER BOULEVARD,10461,Sandwiches,40.852446046949,-73.827294045993,2025-06-25T00:00:00.000,,34
41627341,SUBWAY,Bronx,3683,BRUCKNER BOULEVARD,10461,Sandwiches,40.852446046949,-73.827294045993,2025-06-25T00:00:00.000,,34
41627341,SUBWAY,Bronx,3683,BRUCKNER BOULEVARD,10461,Sandwiches,40.852446046949,-73.827294045993,2025-06-25T00:00:00.000,,34
41627341,SUBWAY,Bronx,3683,BRUCKNER BOULEVARD,10461,Sandwiches,40.852446046949,-73.827294045993,2025-06-25T00:00:00.000,,34
41627341,SUBWAY,Bronx,3683,BRUCKNER BOULEVARD,10461,Sandwiches,40.852446046949,-73.827294045993,2025-06-25T00:00:00.000,,34
41627341,SUBWAY,Bronx,3683,BRUCKNER BOULEVARD,10461,Sandwiches,40.852446046949,-73.827294045993,2025-06-25T00:00:00.000,,34
41627341,SUBWAY,Bronx,3683,BRUCKNER BOULEVARD,10461,Sandwiches,40.852446046949,-73.827294045993,2024-06-10T00:00:00.000,A,12
41627341,SUBWAY,Bronx,3683,BRUCKNER BOULEVARD,10461,Sandwiches,40.852446046949,-73.827294045993,2024-06-10T00:00:00.000,,
41627341,SUBWAY,Bronx,3683,BRUCKNER BOULEVARD,10461,Sandwiches,40.852446046949,-73.827294045993,2024-06-10T00:00:00.000,A,12
41627341,SUBWAY,Bronx,3683,BRUCKNER BOULEVARD,10461,Sandwiches,40.852446046949,-73.827294045993,2024-06-10T00:00:00.000,A,12
41627341,SUBWAY,Bronx,3683,BRUCKNER BOULEVARD,10461,Sandwiches,40.852446046949,-73.827294045993,2023-12-26T00:00:00.000,A,12
41627341,SUBWAY,Bronx,3683,BRUCKNER BOULEVARD,10461,Sandwiches,40.852446046949,-73.827294045993,2023-12-26T00:00:00.000,A,12
41634847,JING XIN CHINESE FOOD TAKE OUT,Bronx,359,EAST  138 STREET,10454,Chinese,40.809526814059,-73.92388637161,2026-08-10T00:00:00.000,A,9
41634847,JING XIN CHINESE FOOD TAKE OUT,Bronx,359,EAST  138 STREET,10454,Chinese,40.809526814059,-73.92388637161,2026-08-10T00:00:00.000,A,9
41634847,JING XIN CHINESE FOOD TAKE OUT,Bronx,359,EAST  138 STREET,10454,Chinese,40.809526814059,-73.92388637161,2025-10-14T00:00:00.000,,20
41634847,JING XIN CHINESE FOOD TAKE OUT,Bronx,359,EAST  138 STREET,10454,Chinese,40.809526814059,-73.92388637161,2025-10-14T00:00:00.000,,20
41634847,JING XIN CHINESE FOOD TAKE OUT,Bronx,359,EAST  138 STREET,10454,Chinese,40.809526814059,-73.92388637161,2025-10-14T00:00:00.000,,20
41634847,JING XIN CHINESE FOOD TAKE OUT,Bronx,359,EAST  138 STREET,10454,Chinese,40.809526814059,-73.92388637161,2025-10-14T00:00:00.000,,20
41634847,JING XIN CHINESE FOOD TAKE OUT,Bronx,359,EAST  138 STREET,10454,Chinese,40.809526814059,-73.92388637161,2024-07-23T00:00:00.000,A,13
41634847,JING XIN CHINESE FOOD TAKE OUT,Bronx,359,EAST  138 STREET,10454,Chinese,40.809526814059,-73.92388637161,2024-07-23T00:00:00.000,A,13
41634847,JING XIN CHINESE FOOD TAKE OUT,Bronx,359,EAST  138 STREET,10454,Chinese,40.809526814059,-73.92388637161,2024-07-23T00:00:00.000,A,13
41634847,JING XIN CHINESE FOOD TAKE OUT,Bronx,359,EAST  138 STREET,10454,Chinese,40.809526814059,-73.92388637161,2024-07-23T00:00:00.000,A,13
41635314,SUBWAY,Bronx,2173,WHITE PLAINS ROAD,10462,Sandwiches,40.855603921518,-73.867664632223,2025-09-12T00:00:00.000,A,8
41635314,SUBWAY,Bronx,2173,WHITE PLAINS ROAD,10462,Sandwiches,40.855603921518,-73.867664632223,2025-09-12T00:00:00.000,A,8
41635314,SUBWAY,Bronx,2173,WHITE PLAINS ROAD,10462,Sandwiches,40.855603921518,-73.867664632223,2025-08-01T00:00:00.000,,26
41635314,SUBWAY,Bronx,2173,WHITE PLAINS ROAD,10462,Sandwiches,40.855603921518,-73.867664632223,2025-08-01T00:00:00.000,,26
41635314,SUBWAY,Bronx,2173,WHITE PLAINS ROAD,10462,Sandwiches,40.855603921518,-73.867664632223,2025-08-01T00:00:00.000,,26
41635314,SUBWAY,Bronx,2173,WHITE PLAINS ROAD,10462,Sandwiches,40.855603921518,-73.867664632223,2025-08-01T00:00:00.000,,26
41635314,SUBWAY,Bronx,2173,WHITE PLAINS ROAD,10462,Sandwiches,40.855603921518,-73.867664632223,2025-08-01T00:00:00.000,,26
41635314,SUBWAY,Bronx,2173,WHITE PLAINS ROAD,10462,Sandwiches,40.855603921518,-73.867664632223,2024-08-20T00:00:00.000,A,3
41635314,SUBWAY,Bronx,2173,WHITE PLAINS ROAD,10462,Sandwiches,40.855603921518,-73.867664632223,2023-05-12T00:00:00.000,A,10
41635314,SUBWAY,Bronx,2173,WHITE PLAINS ROAD,10462,Sandwiches,40.855603921518,-73.867664632223,2023-05-12T00:00:00.000,A,10
41635314,SUBWAY,Bronx,2173,WHITE PLAINS ROAD,10462,Sandwiches,40.855603921518,-73.867664632223,2023-05-12T00:00:00.000,,
41653102,MARISCO CENTRO SEAFOOD RESTAURANT & BAR,Bronx,610,EXTERIOR STREET,10451,Seafood,40.821383014047,-73.930831519586,2026-06-14T00:00:00.000,,0
41653102,MARISCO CENTRO SEAFOOD RESTAURANT & BAR,Bronx,610,EXTERIOR STREET,10451,Seafood,40.821383014047,-73.930831519586,2026-04-08T00:00:00.000,A,13
41653102,MARISCO CENTRO SEAFOOD RESTAURANT & BAR,Bronx,610,EXTERIOR STREET,10451,Seafood,40.821383014047,-73.930831519586,2026-04-08T00:00:00.000,A,13
41653102,MARISCO CENTRO SEAFOOD RESTAURANT & BAR,Bronx,610,EXTERIOR STREET,10451,Seafood,40.821383014047,-73.930831519586,2026-04-08T00:00:00.000,A,13
41653102,MARISCO CENTRO SEAFOOD RESTAURANT & BAR,Bronx,610,EXTERIOR STREET,10451,Seafood,40.821383014047,-73.930831519586,2025-11-20T00:00:00.000,,26
41653102,MARISCO CENTRO SEAFOOD RESTAURANT & BAR,Bronx,610,EXTERIOR STREET,10451,Seafood,40.821383014047,-73.930831519586,2025-11-20T00:00:00.000,,26
41653102,MARISCO CENTRO SEAFOOD RESTAURANT & BAR,Bronx,610,EXTERIOR STREET,10451,Seafood,40.821383014047,-73.930831519586,2025-11-20T00:00:00.000,,26
41653102,MARISCO CENTRO SEAFOOD RESTAURANT & BAR,Bronx,610,EXTERIOR STREET,10451,Seafood,40.821383014047,-73.930831519586,2025-11-20T00:00:00.000,,26
41653102,MARISCO CENTRO SEAFOOD RESTAURANT & BAR,Bronx,610,EXTERIOR STREET,10451,Seafood,40.821383014047,-73.930831519586,2025-11-20T00:00:00.000,,26
41653102,MARISCO CENTRO SEAFOOD RESTAURANT & BAR,Bronx,610,EXTERIOR STREET,10451,Seafood,40.821383014047,-73.930831519586,2024-07-11T00:00:00.000,A,11
41653102,MARISCO CENTRO SEAFOOD RESTAURANT & BAR,Bronx,610,EXTERIOR STREET,10451,Seafood,40.821383014047,-73.930831519586,2024-07-11T00:00:00.000,A,11
41678309,SUBWAY,Bronx,2026,BOSTON ROAD,10460,Sandwiches,40.840762473999,-73.879544979015,2026-02-10T00:00:00.000,A,12
41678309,SUBWAY,Bronx,2026,BOSTON ROAD,10460,Sandwiches,40.840762473999,-73.879544979015,2026-02-10T00:00:00.000,A,12
41678309,SUBWAY,Bronx,2026,BOSTON ROAD,10460,Sandwiches,40.840762473999,-73.879544979015,2024-09-17T00:00:00.000,A,10
41678309,SUBWAY,Bronx,2026,BOSTON ROAD,10460,Sandwiches,40.840762473999,-73.879544979015,2024-09-17T00:00:00.000,A,10
41678309,SUBWAY,Bronx,2026,BOSTON ROAD,10460,Sandwiches,40.840762473999,-73.879544979015,2024-04-22T00:00:00.000,A,5
41678309,SUBWAY,Bronx,2026,BOSTON ROAD,10460,Sandwiches,40.840762473999,-73.879544979015,2023-10-18T00:00:00.000,,37
41678309,SUBWAY,Bronx,2026,BOSTON ROAD,10460,Sandwiches,40.840762473999,-73.879544979015,2023-10-18T00:00:00.000,,37
41678309,SUBWAY,Bronx,2026,BOSTON ROAD,10460,Sandwiches,40.840762473999,-73.879544979015,2023-10-18T00:00:00.000,,37
41678309,SUBWAY,Bronx,2026,BOSTON ROAD,10460,Sandwiches,40.840762473999,-73.879544979015,2023-10-18T00:00:00.000,,37
41678309,SUBWAY,Bronx,2026,BOSTON ROAD,10460,Sandwiches,40.840762473999,-73.879544979015,2023-10-18T00:00:00.000,,37
41678309,SUBWAY,Bronx,2026,BOSTON ROAD,10460,Sandwiches,40.840762473999,-73.879544979015,2023-10-18T00:00:00.000,,37
41678309,SUBWAY,Bronx,2026,BOSTON ROAD,10460,Sandwiches,40.840762473999,-73.879544979015,2023-10-18T00:00:00.000,,37
41715309,LUCCHESE FOOD SERVICE,Bronx,515,EAST FORDHAM ROAD,10458,American,40.859811060924,-73.887799911236,2026-05-13T00:00:00.000,A,11
41715309,LUCCHESE FOOD SERVICE,Bronx,515,EAST FORDHAM ROAD,10458,American,40.859811060924,-73.887799911236,2026-05-13T00:00:00.000,A,11
41715309,LUCCHESE FOOD SERVICE,Bronx,515,EAST FORDHAM ROAD,10458,American,40.859811060924,-73.887799911236,2026-05-13T00:00:00.000,A,11
41715309,LUCCHESE FOOD SERVICE,Bronx,515,EAST FORDHAM ROAD,10458,American,40.859811060924,-73.887799911236,2026-04-01T00:00:00.000,,31
41715309,LUCCHESE FOOD SERVICE,Bronx,515,EAST FORDHAM ROAD,10458,American,40.859811060924,-73.887799911236,2026-04-01T00:00:00.000,,31
41715309,LUCCHESE FOOD SERVICE,Bronx,515,EAST FORDHAM ROAD,10458,American,40.859811060924,-73.887799911236,2026-04-01T00:00:00.000,,31
41715309,LUCCHESE FOOD SERVICE,Bronx,515,EAST FORDHAM ROAD,10458,American,40.859811060924,-73.887799911236,2026-04-01T00:00:00.000,,31
41715309,LUCCHESE FOOD SERVICE,Bronx,515,EAST FORDHAM ROAD,10458,American,40.859811060924,-73.887799911236,2026-04-01T00:00:00.000,,31
41715309,LUCCHESE FOOD SERVICE,Bronx,515,EAST FORDHAM ROAD,10458,American,40.859811060924,-73.887799911236,2025-02-07T00:00:00.000,B,27
41715309,LUCCHESE FOOD SERVICE,Bronx,515,EAST FORDHAM ROAD,10458,American,40.859811060924,-73.887799911236,2025-02-07T00:00:00.000,B,27
41715309,LUCCHESE FOOD SERVICE,Bronx,515,EAST FORDHAM ROAD,10458,American,40.859811060924,-73.887799911236,2025-02-07T00:00:00.000,B,27
41715309,LUCCHESE FOOD SERVICE,Bronx,515,EAST FORDHAM ROAD,10458,American,40.859811060924,-73.887799911236,2025-02-07T00:00:00.000,B,27
41715309,LUCCHESE FOOD SERVICE,Bronx,515,EAST FORDHAM ROAD,10458,American,40.859811060924,-73.887799911236,2025-02-07T00:00:00.000,B,27
41715309,LUCCHESE FOOD SERVICE,Bronx,515,EAST FORDHAM ROAD,10458,American,40.859811060924,-73.887799911236,2024-07-15T00:00:00.000,,29
41715309,LUCCHESE FOOD SERVICE,Bronx,515,EAST FORDHAM ROAD,10458,American,40.859811060924,-73.887799911236,2024-07-15T00:00:00.000,,29
41715309,LUCCHESE FOOD SERVICE,Bronx,515,EAST FORDHAM ROAD,10458,American,40.859811060924,-73.887799911236,2024-07-15T00:00:00.000,,29
41715309,LUCCHESE FOOD SERVICE,Bronx,515,EAST FORDHAM ROAD,10458,American,40.859811060924,-73.887799911236,2024-07-15T00:00:00.000,,29
41715309,LUCCHESE FOOD SERVICE,Bronx,515,EAST FORDHAM ROAD,10458,American,40.859811060924,-73.887799911236,2024-07-15T00:00:00.000,,29
50005649,NPR FOOD SOLUTIONS,Bronx,1588,WILLIAMSBRIDGE ROAD,10461,American,40.846745228998,-73.848713688165,2025-07-28T00:00:00.000,A,12
50005649,NPR FOOD SOLUTIONS,Bronx,1588,WILLIAMSBRIDGE ROAD,10461,American,40.846745228998,-73.848713688165,2025-07-28T00:00:00.000,A,12
50005649,NPR FOOD SOLUTIONS,Bronx,1588,WILLIAMSBRIDGE ROAD,10461,American,40.846745228998,-73.848713688165,2025-07-28T00:00:00.000,A,12
50005649,NPR FOOD SOLUTIONS,Bronx,1588,WILLIAMSBRIDGE ROAD,10461,American,40.846745228998,-73.848713688165,2025-04-04T00:00:00.000,,21
50005649,NPR FOOD SOLUTIONS,Bronx,1588,WILLIAMSBRIDGE ROAD,10461,American,40.846745228998,-73.848713688165,2025-04-04T00:00:00.000,,21
50005649,NPR FOOD SOLUTIONS,Bronx,1588,WILLIAMSBRIDGE ROAD,10461,American,40.846745228998,-73.848713688165,2025-04-04T00:00:00.000,,21
50005649,NPR FOOD SOLUTIONS,Bronx,1588,WILLIAMSBRIDGE ROAD,10461,American,40.846745228998,-73.848713688165,2025-04-04T00:00:00.000,,21
50005649,NPR FOOD SOLUTIONS,Bronx,1588,WILLIAMSBRIDGE ROAD,10461,American,40.846745228998,-73.848713688165,2025-04-04T00:00:00.000,,21
50005649,NPR FOOD SOLUTIONS,Bronx,1588,WILLIAMSBRIDGE ROAD,10461,American,40.846745228998,-73.848713688165,2024-04-16T00:00:00.000,A,13
50005649,NPR FOOD SOLUTIONS,Bronx,1588,WILLIAMSBRIDGE ROAD,10461,American,40.846745228998,-73.848713688165,2024-04-16T00:00:00.000,A,13
50005649,NPR FOOD SOLUTIONS,Bronx,1588,WILLIAMSBRIDGE ROAD,10461,American,40.846745228998,-73.848713688165,2024-04-16T00:00:00.000,A,13
50005649,NPR FOOD SOLUTIONS,Bronx,1588,WILLIAMSBRIDGE ROAD,10461,American,40.846745228998,-73.848713688165,2023-07-20T00:00:00.000,,21
50005649,NPR FOOD SOLUTIONS,Bronx,1588,WILLIAMSBRIDGE ROAD,10461,American,40.846745228998,-73.848713688165,2023-07-20T00:00:00.000,,21
50005649,NPR FOOD SOLUTIONS,Bronx,1588,WILLIAMSBRIDGE ROAD,10461,American,40.846745228998,-73.848713688165,2023-07-20T00:00:00.000,,21
50005649,NPR FOOD SOLUTIONS,Bronx,1588,WILLIAMSBRIDGE ROAD,10461,American,40.846745228998,-73.848713688165,2023-07-20T00:00:00.000,,21
50005649,NPR FOOD SOLUTIONS,Bronx,1588,WILLIAMSBRIDGE ROAD,10461,American,40.846745228998,-73.848713688165,2023-07-20T00:00:00.000,,21
50007311,SUBWAY,Bronx,5549,BROADWAY,10463,Sandwiches,40.878178086042,-73.905321654574,2026-07-31T00:00:00.000,A,8
50007311,SUBWAY,Bronx,5549,BROADWAY,10463,Sandwiches,40.878178086042,-73.905321654574,2026-07-31T00:00:00.000,A,8
50007311,SUBWAY,Bronx,5549,BROADWAY,10463,Sandwiches,40.878178086042,-73.905321654574,2024-12-18T00:00:00.000,A,2
50007311,SUBWAY,Bronx,5549,BROADWAY,10463,Sandwiches,40.878178086042,-73.905321654574,2023-10-20T00:00:00.000,A,12
50007311,SUBWAY,Bronx,5549,BROADWAY,10463,Sandwiches,40.878178086042,-73.905321654574,2023-10-20T00:00:00.000,A,12
50007311,SUBWAY,Bronx,5549,BROADWAY,10463,Sandwiches,40.878178086042,-73.905321654574,2023-10-20T00:00:00.000,A,12
50008876,SIMON'S,Bronx,2479,ARTHUR AVENUE,10458,Sandwiches/Salads/Mixed Buffet,40.857199217638,-73.886170345816,2026-07-15T00:00:00.000,A,11
50008876,SIMON'S,Bronx,2479,ARTHUR AVENUE,10458,Sandwiches/Salads/Mixed Buffet,40.857199217638,-73.886170345816,2026-07-15T00:00:00.000,A,11
50008876,SIMON'S,Bronx,2479,ARTHUR AVENUE,10458,Sandwiches/Salads/Mixed Buffet,40.857199217638,-73.886170345816,2026-07-15T00:00:00.000,A,11
50008876,SIMON'S,Bronx,2479,ARTHUR AVENUE,10458,Sandwiches/Salads/Mixed Buffet,40.857199217638,-73.886170345816,2025-04-24T00:00:00.000,A,13
50008876,SIMON'S,Bronx,2479,ARTHUR AVENUE,10458,Sandwiches/Salads/Mixed Buffet,40.857199217638,-73.886170345816,2025-04-24T00:00:00.000,A,13
50008876,SIMON'S,Bronx,2479,ARTHUR AVENUE,10458,Sandwiches/Salads/Mixed Buffet,40.857199217638,-73.886170345816,2025-04-24T00:00:00.000,A,13
50008876,SIMON'S,Bronx,2479,ARTHUR AVENUE,10458,Sandwiches/Salads/Mixed Buffet,40.857199217638,-73.886170345816,2025-04-24T00:00:00.000,A,13
50008876,SIMON'S,Bronx,2479,ARTHUR AVENUE,10458,Sandwiches/Salads/Mixed Buffet,40.857199217638,-73.886170345816,2025-02-28T00:00:00.000,,
50008876,SIMON'S,Bronx,2479,ARTHUR AVENUE,10458,Sandwiches/Salads/Mixed Buffet,40.857199217638,-73.886170345816,2025-02-28T00:00:00.000,,
50008876,SIMON'S,Bronx,2479,ARTHUR AVENUE,10458,Sandwiches/Salads/Mixed Buffet,40.857199217638,-73.886170345816,2025-02-28T00:00:00.000,,15
50008876,SIMON'S,Bronx,2479,ARTHUR AVENUE,10458,Sandwiches/Salads/Mixed Buffet,40.857199217638,-73.886170345816,2025-02-28T00:00:00.000,,15
50008876,SIMON'S,Bronx,2479,ARTHUR AVENUE,10458,Sandwiches/Salads/Mixed Buffet,40.857199217638,-73.886170345816,2025-02-28T00:00:00.000,,15
50008876,SIMON'S,Bronx,2479,ARTHUR AVENUE,10458,Sandwiches/Salads/Mixed Buffet,40.857199217638,-73.886170345816,2025-02-28T00:00:00.000,,
50008876,SIMON'S,Bronx,2479,ARTHUR AVENUE,10458,Sandwiches/Salads/Mixed Buffet,40.857199217638,-73.886170345816,2023-11-16T00:00:00.000,A,5
50011380,SOUTHSIDE CAFE (Produce Market),Bronx,300C,HUNTS POINT TERMINAL MARKET,10474,Latin American,40.810354737405,-73.87815162537,2025-08-01T00:00:00.000,A,13
50011380,SOUTHSIDE CAFE (Produce Market),Bronx,300C,HUNTS POINT TERMINAL MARKET,10474,Latin American,40.810354737405,-73.87815162537,2025-08-01T00:00:00.000,A,13
50011380,SOUTHSIDE CAFE (Produce Market),Bronx,300C,HUNTS POINT TERMINAL MARKET,10474,Latin American,40.810354737405,-73.87815162537,2025-08-01T00:00:00.000,A,13
50011380,SOUTHSIDE CAFE (Produce Market),Bronx,300C,HUNTS POINT TERMINAL MARKET,10474,Latin American,40.810354737405,-73.87815162537,2025-05-23T00:00:00.000,,18
50011380,SOUTHSIDE CAFE (Produce Market),Bronx,300C,HUNTS POINT TERMINAL MARKET,10474,Latin American,40.810354737405,-73.87815162537,2025-05-23T00:00:00.000,,18
50011380,SOUTHSIDE CAFE (Produce Market),Bronx,300C,HUNTS POINT TERMINAL MARKET,10474,Latin American,40.810354737405,-73.87815162537,2025-05-23T00:00:00.000,,18
50011380,SOUTHSIDE CAFE (Produce Market),Bronx,300C,HUNTS POINT TERMINAL MARKET,10474,Latin American,40.810354737405,-73.87815162537,2025-05-23T00:00:00.000,,18
50011380,SOUTHSIDE CAFE (Produce Market),Bronx,300C,HUNTS POINT TERMINAL MARKET,10474,Latin American,40.810354737405,-73.87815162537,2023-12-19T00:00:00.000,A,12
50011380,SOUTHSIDE CAFE (Produce Market),Bronx,300C,HUNTS POINT TERMINAL MARKET,10474,Latin American,40.810354737405,-73.87815162537,2023-12-19T00:00:00.000,A,12
50011380,SOUTHSIDE CAFE (Produce Market),Bronx,300C,HUNTS POINT TERMINAL MARKET,10474,Latin American,40.810354737405,-73.87815162537,2023-12-19T00:00:00.000,A,12
50011380,SOUTHSIDE CAFE (Produce Market),Bronx,300C,HUNTS POINT TERMINAL MARKET,10474,Latin American,40.810354737405,-73.87815162537,2023-02-28T00:00:00.000,,
50011380,SOUTHSIDE CAFE (Produce Market),Bronx,300C,HUNTS POINT TERMINAL MARKET,10474,Latin American,40.810354737405,-73.87815162537,2022-10-07T00:00:00.000,,27
50011380,SOUTHSIDE CAFE (Produce Market),Bronx,300C,HUNTS POINT TERMINAL MARKET,10474,Latin American,40.810354737405,-73.87815162537,2022-10-07T00:00:00.000,,27
50011380,SOUTHSIDE CAFE (Produce Market),Bronx,300C,HUNTS POINT TERMINAL MARKET,10474,Latin American,40.810354737405,-73.87815162537,2022-10-07T00:00:00.000,,27
50011380,SOUTHSIDE CAFE (Produce Market),Bronx,300C,HUNTS POINT TERMINAL MARKET,10474,Latin American,40.810354737405,-73.87815162537,2022-10-07T00:00:00.000,,27
50011380,SOUTHSIDE CAFE (Produce Market),Bronx,300C,HUNTS POINT TERMINAL MARKET,10474,Latin American,40.810354737405,-73.87815162537,2022-10-07T00:00:00.000,,
50011380,SOUTHSIDE CAFE (Produce Market),Bronx,300C,HUNTS POINT TERMINAL MARKET,10474,Latin American,40.810354737405,-73.87815162537,2022-10-07T00:00:00.000,,27
50011499,SOUTH SIDE GOURMET SPANISH AND AMERICAN FOOD,Bronx,241B,NYC TERMINAL MARKET,,Spanish,0,0,2023-04-13T00:00:00.000,N,20
50011499,SOUTH SIDE GOURMET SPANISH AND AMERICAN FOOD,Bronx,241B,NYC TERMINAL MARKET,,Spanish,0,0,2023-04-13T00:00:00.000,N,20
50011499,SOUTH SIDE GOURMET SPANISH AND AMERICAN FOOD,Bronx,241B,NYC TERMINAL MARKET,,Spanish,0,0,2023-04-13T00:00:00.000,N,20
50011499,SOUTH SIDE GOURMET SPANISH AND AMERICAN FOOD,Bronx,241B,NYC TERMINAL MARKET,,Spanish,0,0,2023-04-13T00:00:00.000,N,20
50011499,SOUTH SIDE GOURMET SPANISH AND AMERICAN FOOD,Bronx,241B,NYC TERMINAL MARKET,,Spanish,0,0,2023-04-13T00:00:00.000,N,20
50014100,SUBWAY,Bronx,3976,WHITE PLAINS ROAD,10466,Sandwiches,40.887941920037,-73.860362996008,2025-11-13T00:00:00.000,A,6
50014100,SUBWAY,Bronx,3976,WHITE PLAINS ROAD,10466,Sandwiches,40.887941920037,-73.860362996008,2025-11-13T00:00:00.000,A,6
50014100,SUBWAY,Bronx,3976,WHITE PLAINS ROAD,10466,Sandwiches,40.887941920037,-73.860362996008,2024-12-24T00:00:00.000,A,12
50014100,SUBWAY,Bronx,3976,WHITE PLAINS ROAD,10466,Sandwiches,40.887941920037,-73.860362996008,2024-12-24T00:00:00.000,A,12
50014100,SUBWAY,Bronx,3976,WHITE PLAINS ROAD,10466,Sandwiches,40.887941920037,-73.860362996008,2024-12-24T00:00:00.000,A,12
50014100,SUBWAY,Bronx,3976,WHITE PLAINS ROAD,10466,Sandwiches,40.887941920037,-73.860362996008,2023-11-27T00:00:00.000,A,9
50014100,SUBWAY,Bronx,3976,WHITE PLAINS ROAD,10466,Sandwiches,40.887941920037,-73.860362996008,2023-11-27T00:00:00.000,A,9
50014100,SUBWAY,Bronx,3976,WHITE PLAINS ROAD,10466,Sandwiches,40.887941920037,-73.860362996008,2023-11-27T00:00:00.000,A,9
50014100,SUBWAY,Bronx,3976,WHITE PLAINS ROAD,10466,Sandwiches,40.887941920037,-73.860362996008,2023-04-27T00:00:00.000,,
50014100,SUBWAY,Bronx,3976,WHITE PLAINS ROAD,10466,Sandwiches,40.887941920037,-73.860362996008,2023-02-23T00:00:00.000,B,23
50014100,SUBWAY,Bronx,3976,WHITE PLAINS ROAD,10466,Sandwiches,40.887941920037,-73.860362996008,2023-02-23T00:00:00.000,B,23
50014100,SUBWAY,Bronx,3976,WHITE PLAINS ROAD,10466,Sandwiches,40.887941920037,-73.860362996008,2023-02-23T00:00:00.000,B,23
50014100,SUBWAY,Bronx,3976,WHITE PLAINS ROAD,10466,Sandwiches,40.887941920037,-73.860362996008,2023-02-23T00:00:00.000,B,23
50016091,SUBWAY,Bronx,1047,EAST  163 STREET,10459,Sandwiches,40.820995359134,-73.891055927873,2026-01-07T00:00:00.000,A,12
50016091,SUBWAY,Bronx,1047,EAST  163 STREET,10459,Sandwiches,40.820995359134,-73.891055927873,2026-01-07T00:00:00.000,A,12
50016091,SUBWAY,Bronx,1047,EAST  163 STREET,10459,Sandwiches,40.820995359134,-73.891055927873,2025-10-29T00:00:00.000,,18
50016091,SUBWAY,Bronx,1047,EAST  163 STREET,10459,Sandwiches,40.820995359134,-73.891055927873,2025-10-29T00:00:00.000,,18
50016091,SUBWAY,Bronx,1047,EAST  163 STREET,10459,Sandwiches,40.820995359134,-73.891055927873,2025-10-29T00:00:00.000,,18
50016091,SUBWAY,Bronx,1047,EAST  163 STREET,10459,Sandwiches,40.820995359134,-73.891055927873,2025-10-29T00:00:00.000,,18
50016091,SUBWAY,Bronx,1047,EAST  163 STREET,10459,Sandwiches,40.820995359134,-73.891055927873,2025-10-29T00:00:00.000,,18
50016091,SUBWAY,Bronx,1047,EAST  163 STREET,10459,Sandwiches,40.820995359134,-73.891055927873,2024-07-29T00:00:00.000,B,27
50016091,SUBWAY,Bronx,1047,EAST  163 STREET,10459,Sandwiches,40.820995359134,-73.891055927873,2024-07-29T00:00:00.000,B,27
50016091,SUBWAY,Bronx,1047,EAST  163 STREET,10459,Sandwiches,40.820995359134,-73.891055927873,2024-07-29T00:00:00.000,B,27
50016091,SUBWAY,Bronx,1047,EAST  163 STREET,10459,Sandwiches,40.820995359134,-73.891055927873,2024-07-29T00:00:00.000,B,27
50016091,SUBWAY,Bronx,1047,EAST  163 STREET,10459,Sandwiches,40.820995359134,-73.891055927873,2024-07-29T00:00:00.000,B,27
50016091,SUBWAY,Bronx,1047,EAST  163 STREET,10459,Sandwiches,40.820995359134,-73.891055927873,2024-07-29T00:00:00.000,B,27
50016091,SUBWAY,Bronx,1047,EAST  163 STREET,10459,Sandwiches,40.820995359134,-73.891055927873,2024-07-08T00:00:00.000,,28
50016091,SUBWAY,Bronx,1047,EAST  163 STREET,10459,Sandwiches,40.820995359134,-73.891055927873,2024-07-08T00:00:00.000,,28
50016091,SUBWAY,Bronx,1047,EAST  163 STREET,10459,Sandwiches,40.820995359134,-73.891055927873,2024-07-08T00:00:00.000,,28
50016091,SUBWAY,Bronx,1047,EAST  163 STREET,10459,Sandwiches,40.820995359134,-73.891055927873,2024-07-08T00:00:00.000,,28
50016091,SUBWAY,Bronx,1047,EAST  163 STREET,10459,Sandwiches,40.820995359134,-73.891055927873,2024-07-08T00:00:00.000,,28
50016091,SUBWAY,Bronx,1047,EAST  163 STREET,10459,Sandwiches,40.820995359134,-73.891055927873,2024-07-08T00:00:00.000,,28
50016091,SUBWAY,Bronx,1047,EAST  163 STREET,10459,Sandwiches,40.820995359134,-73.891055927873,2024-04-11T00:00:00.000,B,19
50016091,SUBWAY,Bronx,1047,EAST  163 STREET,10459,Sandwiches,40.820995359134,-73.891055927873,2024-04-11T00:00:00.000,B,19
50016091,SUBWAY,Bronx,1047,EAST  163 STREET,10459,Sandwiches,40.820995359134,-73.891055927873,2024-04-11T00:00:00.000,B,19
50016091,SUBWAY,Bronx,1047,EAST  163 STREET,10459,Sandwiches,40.820995359134,-73.891055927873,2024-04-11T00:00:00.000,B,19
50016091,SUBWAY,Bronx,1047,EAST  163 STREET,10459,Sandwiches,40.820995359134,-73.891055927873,2023-09-11T00:00:00.000,,17
50016091,SUBWAY,Bronx,1047,EAST  163 STREET,10459,Sandwiches,40.820995359134,-73.891055927873,2023-09-11T00:00:00.000,,17
50016091,SUBWAY,Bronx,1047,EAST  163 STREET,10459,Sandwiches,40.820995359134,-73.891055927873,2023-09-11T00:00:00.000,,17
50016091,SUBWAY,Bronx,1047,EAST  163 STREET,10459,Sandwiches,40.820995359134,-73.891055927873,2023-09-11T00:00:00.000,,17
50016317,TEPANGOS PIZZA & MEXICAN FOOD,Bronx,361,EAST  138 STREET,10454,Pizza,40.809510316855,-73.923843041543,2026-08-25T00:00:00.000,A,13
50016317,TEPANGOS PIZZA & MEXICAN FOOD,Bronx,361,EAST  138 STREET,10454,Pizza,40.809510316855,-73.923843041543,2026-08-25T00:00:00.000,A,13
50016317,TEPANGOS PIZZA & MEXICAN FOOD,Bronx,361,EAST  138 STREET,10454,Pizza,40.809510316855,-73.923843041543,2025-05-12T00:00:00.000,A,10
50016317,TEPANGOS PIZZA & MEXICAN FOOD,Bronx,361,EAST  138 STREET,10454,Pizza,40.809510316855,-73.923843041543,2025-05-12T00:00:00.000,A,10
50016317,TEPANGOS PIZZA & MEXICAN FOOD,Bronx,361,EAST  138 STREET,10454,Pizza,40.809510316855,-73.923843041543,2025-05-12T00:00:00.000,A,10
50016317,TEPANGOS PIZZA & MEXICAN FOOD,Bronx,361,EAST  138 STREET,10454,Pizza,40.809510316855,-73.923843041543,2023-10-12T00:00:00.000,A,7
50016317,TEPANGOS PIZZA & MEXICAN FOOD,Bronx,361,EAST  138 STREET,10454,Pizza,40.809510316855,-73.923843041543,2023-10-12T00:00:00.000,A,7
50016600,SUBWAY,Bronx,837,HUTCHINSON RIVER PARKWAY,10465,Sandwiches,40.824147438678,-73.836455025077,2026-04-06T00:00:00.000,A,7
50016600,SUBWAY,Bronx,837,HUTCHINSON RIVER PARKWAY,10465,Sandwiches,40.824147438678,-73.836455025077,2025-02-06T00:00:00.000,A,13
50016600,SUBWAY,Bronx,837,HUTCHINSON RIVER PARKWAY,10465,Sandwiches,40.824147438678,-73.836455025077,2025-02-06T00:00:00.000,A,13
50016600,SUBWAY,Bronx,837,HUTCHINSON RIVER PARKWAY,10465,Sandwiches,40.824147438678,-73.836455025077,2025-02-06T00:00:00.000,A,13
50016600,SUBWAY,Bronx,837,HUTCHINSON RIVER PARKWAY,10465,Sandwiches,40.824147438678,-73.836455025077,2024-03-20T00:00:00.000,A,10
50016600,SUBWAY,Bronx,837,HUTCHINSON RIVER PARKWAY,10465,Sandwiches,40.824147438678,-73.836455025077,2024-03-20T00:00:00.000,A,10
50016600,SUBWAY,Bronx,837,HUTCHINSON RIVER PARKWAY,10465,Sandwiches,40.824147438678,-73.836455025077,2023-04-12T00:00:00.000,A,4
50016600,SUBWAY,Bronx,837,HUTCHINSON RIVER PARKWAY,10465,Sandwiches,40.824147438678,-73.836455025077,2023-04-12T00:00:00.000,A,4
50038475,BAILEY SEAFOOD MARKET & RESTAURANT,Bronx,146,WEST  231 STREET,10463,Spanish,40.878132018233,-73.902743397881,2025-12-04T00:00:00.000,A,13
50038475,BAILEY SEAFOOD MARKET & RESTAURANT,Bronx,146,WEST  231 STREET,10463,Spanish,40.878132018233,-73.902743397881,2025-12-04T00:00:00.000,A,13
50038475,BAILEY SEAFOOD MARKET & RESTAURANT,Bronx,146,WEST  231 STREET,10463,Spanish,40.878132018233,-73.902743397881,2024-09-04T00:00:00.000,B,27
50038475,BAILEY SEAFOOD MARKET & RESTAURANT,Bronx,146,WEST  231 STREET,10463,Spanish,40.878132018233,-73.902743397881,2024-09-04T00:00:00.000,B,27
50038475,BAILEY SEAFOOD MARKET & RESTAURANT,Bronx,146,WEST  231 STREET,10463,Spanish,40.878132018233,-73.902743397881,2024-09-04T00:00:00.000,B,27
50038475,BAILEY SEAFOOD MARKET & RESTAURANT,Bronx,146,WEST  231 STREET,10463,Spanish,40.878132018233,-73.902743397881,2024-09-04T00:00:00.000,B,27
50038475,BAILEY SEAFOOD MARKET & RESTAURANT,Bronx,146,WEST  231 STREET,10463,Spanish,40.878132018233,-73.902743397881,2024-09-04T00:00:00.000,B,27
50038475,BAILEY SEAFOOD MARKET & RESTAURANT,Bronx,146,WEST  231 STREET,10463,Spanish,40.878132018233,-73.902743397881,2024-02-09T00:00:00.000,,27
50038475,BAILEY SEAFOOD MARKET & RESTAURANT,Bronx,146,WEST  231 STREET,10463,Spanish,40.878132018233,-73.902743397881,2024-02-09T00:00:00.000,,27
50038475,BAILEY SEAFOOD MARKET & RESTAURANT,Bronx,146,WEST  231 STREET,10463,Spanish,40.878132018233,-73.902743397881,2024-02-09T00:00:00.000,,27
50038475,BAILEY SEAFOOD MARKET & RESTAURANT,Bronx,146,WEST  231 STREET,10463,Spanish,40.878132018233,-73.902743397881,2024-02-09T00:00:00.000,,27
50038475,BAILEY SEAFOOD MARKET & RESTAURANT,Bronx,146,WEST  231 STREET,10463,Spanish,40.878132018233,-73.902743397881,2024-02-09T00:00:00.000,,27
50039510,KETSIE GROCERY,Bronx,865,EAST  149 STREET,10455,Latin American,40.811696432023,-73.903642838064,2026-07-20T00:00:00.000,,18
50039510,KETSIE GROCERY,Bronx,865,EAST  149 STREET,10455,Latin American,40.811696432023,-73.903642838064,2026-07-20T00:00:00.000,,18
50039510,KETSIE GROCERY,Bronx,865,EAST  149 STREET,10455,Latin American,40.811696432023,-73.903642838064,2026-07-20T00:00:00.000,,18
50039510,KETSIE GROCERY,Bronx,865,EAST  149 STREET,10455,Latin American,40.811696432023,-73.903642838064,2026-06-23T00:00:00.000,,
50039510,KETSIE GROCERY,Bronx,865,EAST  149 STREET,10455,Latin American,40.811696432023,-73.903642838064,2025-05-22T00:00:00.000,B,25
50039510,KETSIE GROCERY,Bronx,865,EAST  149 STREET,10455,Latin American,40.811696432023,-73.903642838064,2025-05-22T00:00:00.000,B,25
50039510,KETSIE GROCERY,Bronx,865,EAST  149 STREET,10455,Latin American,40.811696432023,-73.903642838064,2025-05-22T00:00:00.000,B,25
50039510,KETSIE GROCERY,Bronx,865,EAST  149 STREET,10455,Latin American,40.811696432023,-73.903642838064,2025-05-22T00:00:00.000,B,25
50039510,KETSIE GROCERY,Bronx,865,EAST  149 STREET,10455,Latin American,40.811696432023,-73.903642838064,2025-05-22T00:00:00.000,B,25
50039510,KETSIE GROCERY,Bronx,865,EAST  149 STREET,10455,Latin American,40.811696432023,-73.903642838064,2025-04-02T00:00:00.000,,40
50039510,KETSIE GROCERY,Bronx,865,EAST  149 STREET,10455,Latin American,40.811696432023,-73.903642838064,2025-04-02T00:00:00.000,,
50039510,KETSIE GROCERY,Bronx,865,EAST  149 STREET,10455,Latin American,40.811696432023,-73.903642838064,2025-04-02T00:00:00.000,,40
50039510,KETSIE GROCERY,Bronx,865,EAST  149 STREET,10455,Latin American,40.811696432023,-73.903642838064,2025-04-02T00:00:00.000,,40
50039510,KETSIE GROCERY,Bronx,865,EAST  149 STREET,10455,Latin American,40.811696432023,-73.903642838064,2025-04-02T00:00:00.000,,40
50039510,KETSIE GROCERY,Bronx,865,EAST  149 STREET,10455,Latin American,40.811696432023,-73.903642838064,2025-04-02T00:00:00.000,,40
50039510,KETSIE GROCERY,Bronx,865,EAST  149 STREET,10455,Latin American,40.811696432023,-73.903642838064,2025-04-02T00:00:00.000,,40
50039510,KETSIE GROCERY,Bronx,865,EAST  149 STREET,10455,Latin American,40.811696432023,-73.903642838064,2024-11-19T00:00:00.000,C,28
50039510,KETSIE GROCERY,Bronx,865,EAST  149 STREET,10455,Latin American,40.811696432023,-73.903642838064,2024-11-19T00:00:00.000,C,28
50039510,KETSIE GROCERY,Bronx,865,EAST  149 STREET,10455,Latin American,40.811696432023,-73.903642838064,2024-11-19T00:00:00.000,C,28
50039510,KETSIE GROCERY,Bronx,865,EAST  149 STREET,10455,Latin American,40.811696432023,-73.903642838064,2024-11-19T00:00:00.000,C,28
50039510,KETSIE GROCERY,Bronx,865,EAST  149 STREET,10455,Latin American,40.811696432023,-73.903642838064,2024-11-19T00:00:00.000,C,28
50039510,KETSIE GROCERY,Bronx,865,EAST  149 STREET,10455,Latin American,40.811696432023,-73.903642838064,2024-11-19T00:00:00.000,C,28
50039510,KETSIE GROCERY,Bronx,865,EAST  149 STREET,10455,Latin American,40.811696432023,-73.903642838064,2024-05-15T00:00:00.000,,20
50039510,KETSIE GROCERY,Bronx,865,EAST  149 STREET,10455,Latin American,40.811696432023,-73.903642838064,2024-05-15T00:00:00.000,,20
50039510,KETSIE GROCERY,Bronx,865,EAST  149 STREET,10455,Latin American,40.811696432023,-73.903642838064,2024-05-15T00:00:00.000,,20
50039510,KETSIE GROCERY,Bronx,865,EAST  149 STREET,10455,Latin American,40.811696432023,-73.903642838064,2024-05-15T00:00:00.000,,20
50039510,KETSIE GROCERY,Bronx,865,EAST  149 STREET,10455,Latin American,40.811696432023,-73.903642838064,2024-05-15T00:00:00.000,,20
50043049,MONTE GRAB & GO MARKET,Bronx,1790,EASTCHESTER ROAD,10461,American,40.848647893413,-73.845015268904,2026-08-21T00:00:00.000,A,12
50043049,MONTE GRAB & GO MARKET,Bronx,1790,EASTCHESTER ROAD,10461,American,40.848647893413,-73.845015268904,2026-08-21T00:00:00.000,A,12
50043049,MONTE GRAB & GO MARKET,Bronx,1790,EASTCHESTER ROAD,10461,American,40.848647893413,-73.845015268904,2025-05-07T00:00:00.000,A,12
50043049,MONTE GRAB & GO MARKET,Bronx,1790,EASTCHESTER ROAD,10461,American,40.848647893413,-73.845015268904,2025-05-07T00:00:00.000,A,12
50043049,MONTE GRAB & GO MARKET,Bronx,1790,EASTCHESTER ROAD,10461,American,40.848647893413,-73.845015268904,2025-05-07T00:00:00.000,A,12
50043049,MONTE GRAB & GO MARKET,Bronx,1790,EASTCHESTER ROAD,10461,American,40.848647893413,-73.845015268904,2023-11-02T00:00:00.000,A,12
50043049,MONTE GRAB & GO MARKET,Bronx,1790,EASTCHESTER ROAD,10461,American,40.848647893413,-73.845015268904,2023-11-02T00:00:00.000,A,12
50043049,MONTE GRAB & GO MARKET,Bronx,1790,EASTCHESTER ROAD,10461,American,40.848647893413,-73.845015268904,2023-11-02T00:00:00.000,A,12
50044824,SUBWAY,Bronx,91,EAST  161 STREET,10451,Sandwiches,40.827412033017,-73.924595739271,2025-10-27T00:00:00.000,A,12
50044824,SUBWAY,Bronx,91,EAST  161 STREET,10451,Sandwiches,40.827412033017,-73.924595739271,2025-10-27T00:00:00.000,A,12
50044824,SUBWAY,Bronx,91,EAST  161 STREET,10451,Sandwiches,40.827412033017,-73.924595739271,2025-10-27T00:00:00.000,A,12
50044824,SUBWAY,Bronx,91,EAST  161 STREET,10451,Sandwiches,40.827412033017,-73.924595739271,2024-08-22T00:00:00.000,B,17
50044824,SUBWAY,Bronx,91,EAST  161 STREET,10451,Sandwiches,40.827412033017,-73.924595739271,2024-08-22T00:00:00.000,B,17
50044824,SUBWAY,Bronx,91,EAST  161 STREET,10451,Sandwiches,40.827412033017,-73.924595739271,2024-08-22T00:00:00.000,B,17
50044824,SUBWAY,Bronx,91,EAST  161 STREET,10451,Sandwiches,40.827412033017,-73.924595739271,2024-06-25T00:00:00.000,,20
50044824,SUBWAY,Bronx,91,EAST  161 STREET,10451,Sandwiches,40.827412033017,-73.924595739271,2024-06-25T00:00:00.000,,20
50044824,SUBWAY,Bronx,91,EAST  161 STREET,10451,Sandwiches,40.827412033017,-73.924595739271,2024-06-25T00:00:00.000,,20
50044824,SUBWAY,Bronx,91,EAST  161 STREET,10451,Sandwiches,40.827412033017,-73.924595739271,2023-01-23T00:00:00.000,A,4
50044824,SUBWAY,Bronx,91,EAST  161 STREET,10451,Sandwiches,40.827412033017,-73.924595739271,2023-01-23T00:00:00.000,A,4
50044824,SUBWAY,Bronx,91,EAST  161 STREET,10451,Sandwiches,40.827412033017,-73.924595739271,2023-01-23T00:00:00.000,,
50044918,LUPITA'S MEXICAN FOOD,Bronx,2366,GRAND CONCOURSE,10458,Mexican,40.859085820135,-73.898953789549,2026-04-01T00:00:00.000,A,12
50044918,LUPITA'S MEXICAN FOOD,Bronx,2366,GRAND CONCOURSE,10458,Mexican,40.859085820135,-73.898953789549,2026-04-01T00:00:00.000,A,12
50044918,LUPITA'S MEXICAN FOOD,Bronx,2366,GRAND CONCOURSE,10458,Mexican,40.859085820135,-73.898953789549,2024-12-18T00:00:00.000,A,7
50044918,LUPITA'S MEXICAN FOOD,Bronx,2366,GRAND CONCOURSE,10458,Mexican,40.859085820135,-73.898953789549,2024-12-18T00:00:00.000,A,7
50044918,LUPITA'S MEXICAN FOOD,Bronx,2366,GRAND CONCOURSE,10458,Mexican,40.859085820135,-73.898953789549,2024-06-12T00:00:00.000,,30
50044918,LUPITA'S MEXICAN FOOD,Bronx,2366,GRAND CONCOURSE,10458,Mexican,40.859085820135,-73.898953789549,2024-06-12T00:00:00.000,,30
50044918,LUPITA'S MEXICAN FOOD,Bronx,2366,GRAND CONCOURSE,10458,Mexican,40.859085820135,-73.898953789549,2024-06-12T00:00:00.000,,30
50044918,LUPITA'S MEXICAN FOOD,Bronx,2366,GRAND CONCOURSE,10458,Mexican,40.859085820135,-73.898953789549,2024-06-12T00:00:00.000,,
50044918,LUPITA'S MEXICAN FOOD,Bronx,2366,GRAND CONCOURSE,10458,Mexican,40.859085820135,-73.898953789549,2024-06-12T00:00:00.000,,30
50044918,LUPITA'S MEXICAN FOOD,Bronx,2366,GRAND CONCOURSE,10458,Mexican,40.859085820135,-73.898953789549,2024-06-12T00:00:00.000,,30
50044918,LUPITA'S MEXICAN FOOD,Bronx,2366,GRAND CONCOURSE,10458,Mexican,40.859085820135,-73.898953789549,2024-06-12T00:00:00.000,,30
50044918,LUPITA'S MEXICAN FOOD,Bronx,2366,GRAND CONCOURSE,10458,Mexican,40.859085820135,-73.898953789549,2024-06-12T00:00:00.000,,30
50046506,SUBWAY,Bronx,18,EAST  170 STREET,10452,Sandwiches,40.840063005681,-73.917298968173,2026-08-27T00:00:00.000,A,7
50046506,SUBWAY,Bronx,18,EAST  170 STREET,10452,Sandwiches,40.840063005681,-73.917298968173,2025-08-07T00:00:00.000,A,7
50046506,SUBWAY,Bronx,18,EAST  170 STREET,10452,Sandwiches,40.840063005681,-73.917298968173,2025-08-07T00:00:00.000,A,7
50046506,SUBWAY,Bronx,18,EAST  170 STREET,10452,Sandwiches,40.840063005681,-73.917298968173,2024-07-26T00:00:00.000,A,3
50048098,THE FOOD COURT BAR,Bronx,1,EAST  161 STREET,10451,American,40.829028434834,-73.928496459645,2024-09-27T00:00:00.000,A,5
50050160,SUBWAY,Bronx,1448,EAST AVENUE,10462,Sandwiches,40.836236632024,-73.860352678791,2026-03-18T00:00:00.000,A,8
50050160,SUBWAY,Bronx,1448,EAST AVENUE,10462,Sandwiches,40.836236632024,-73.860352678791,2026-03-18T00:00:00.000,A,8
50050160,SUBWAY,Bronx,1448,EAST AVENUE,10462,Sandwiches,40.836236632024,-73.860352678791,2026-02-02T00:00:00.000,,19
50050160,SUBWAY,Bronx,1448,EAST AVENUE,10462,Sandwiches,40.836236632024,-73.860352678791,2026-02-02T00:00:00.000,,19
50050160,SUBWAY,Bronx,1448,EAST AVENUE,10462,Sandwiches,40.836236632024,-73.860352678791,2026-02-02T00:00:00.000,,19
50050160,SUBWAY,Bronx,1448,EAST AVENUE,10462,Sandwiches,40.836236632024,-73.860352678791,2026-02-02T00:00:00.000,,19
50050160,SUBWAY,Bronx,1448,EAST AVENUE,10462,Sandwiches,40.836236632024,-73.860352678791,2024-10-31T00:00:00.000,A,12
50050160,SUBWAY,Bronx,1448,EAST AVENUE,10462,Sandwiches,40.836236632024,-73.860352678791,2024-10-31T00:00:00.000,A,12
50050160,SUBWAY,Bronx,1448,EAST AVENUE,10462,Sandwiches,40.836236632024,-73.860352678791,2023-08-10T00:00:00.000,A,13
50050160,SUBWAY,Bronx,1448,EAST AVENUE,10462,Sandwiches,40.836236632024,-73.860352678791,2023-08-10T00:00:00.000,A,13
50050160,SUBWAY,Bronx,1448,EAST AVENUE,10462,Sandwiches,40.836236632024,-73.860352678791,2023-08-10T00:00:00.000,A,13
50052504,MARKETPLACE AT MCGINLEY CENTER FORDHAM UNIVERSITY,Bronx,441,EAST FORDHAM ROAD,10458,American,40.860726736162,-73.889533661913,2026-07-15T00:00:00.000,A,13
50052504,MARKETPLACE AT MCGINLEY CENTER FORDHAM UNIVERSITY,Bronx,441,EAST FORDHAM ROAD,10458,American,40.860726736162,-73.889533661913,2026-07-15T00:00:00.000,A,13
50052504,MARKETPLACE AT MCGINLEY CENTER FORDHAM UNIVERSITY,Bronx,441,EAST FORDHAM ROAD,10458,American,40.860726736162,-73.889533661913,2026-07-15T00:00:00.000,A,13
50052504,MARKETPLACE AT MCGINLEY CENTER FORDHAM UNIVERSITY,Bronx,441,EAST FORDHAM ROAD,10458,American,40.860726736162,-73.889533661913,2025-02-25T00:00:00.000,A,13
50052504,MARKETPLACE AT MCGINLEY CENTER FORDHAM UNIVERSITY,Bronx,441,EAST FORDHAM ROAD,10458,American,40.860726736162,-73.889533661913,2025-02-25T00:00:00.000,A,13
50052504,MARKETPLACE AT MCGINLEY CENTER FORDHAM UNIVERSITY,Bronx,441,EAST FORDHAM ROAD,10458,American,40.860726736162,-73.889533661913,2025-02-25T00:00:00.000,A,13
50052504,MARKETPLACE AT MCGINLEY CENTER FORDHAM UNIVERSITY,Bronx,441,EAST FORDHAM ROAD,10458,American,40.860726736162,-73.889533661913,2024-02-05T00:00:00.000,A,2
50053515,MARTIN'S FOODZ 2 GO,Bronx,3836,DYRE AVENUE,10466,Caribbean,40.888366781729,-73.831280030374,2026-04-17T00:00:00.000,A,11
50053515,MARTIN'S FOODZ 2 GO,Bronx,3836,DYRE AVENUE,10466,Caribbean,40.888366781729,-73.831280030374,2026-04-17T00:00:00.000,A,11
50053515,MARTIN'S FOODZ 2 GO,Bronx,3836,DYRE AVENUE,10466,Caribbean,40.888366781729,-73.831280030374,2026-03-03T00:00:00.000,,24
50053515,MARTIN'S FOODZ 2 GO,Bronx,3836,DYRE AVENUE,10466,Caribbean,40.888366781729,-73.831280030374,2026-03-03T00:00:00.000,,24
50053515,MARTIN'S FOODZ 2 GO,Bronx,3836,DYRE AVENUE,10466,Caribbean,40.888366781729,-73.831280030374,2026-03-03T00:00:00.000,,24
50053515,MARTIN'S FOODZ 2 GO,Bronx,3836,DYRE AVENUE,10466,Caribbean,40.888366781729,-73.831280030374,2026-03-03T00:00:00.000,,24
50053515,MARTIN'S FOODZ 2 GO,Bronx,3836,DYRE AVENUE,10466,Caribbean,40.888366781729,-73.831280030374,2024-10-11T00:00:00.000,A,10
50053515,MARTIN'S FOODZ 2 GO,Bronx,3836,DYRE AVENUE,10466,Caribbean,40.888366781729,-73.831280030374,2024-10-11T00:00:00.000,A,10
50053515,MARTIN'S FOODZ 2 GO,Bronx,3836,DYRE AVENUE,10466,Caribbean,40.888366781729,-73.831280030374,2023-06-20T00:00:00.000,A,13
50053515,MARTIN'S FOODZ 2 GO,Bronx,3836,DYRE AVENUE,10466,Caribbean,40.888366781729,-73.831280030374,2023-06-20T00:00:00.000,A,13
50053515,MARTIN'S FOODZ 2 GO,Bronx,3836,DYRE AVENUE,10466,Caribbean,40.888366781729,-73.831280030374,2023-06-20T00:00:00.000,A,13
50054129,FORDHAM U - A CRUST & BOAR'S HEAD,Bronx,441,EAST FORDHAM ROAD,10458,Sandwiches/Salads/Mixed Buffet,40.860726736162,-73.889533661913,2025-11-13T00:00:00.000,A,5
50054129,FORDHAM U - A CRUST & BOAR'S HEAD,Bronx,441,EAST FORDHAM ROAD,10458,Sandwiches/Salads/Mixed Buffet,40.860726736162,-73.889533661913,2024-02-05T00:00:00.000,A,12
50054129,FORDHAM U - A CRUST & BOAR'S HEAD,Bronx,441,EAST FORDHAM ROAD,10458,Sandwiches/Salads/Mixed Buffet,40.860726736162,-73.889533661913,2024-02-05T00:00:00.000,A,12
50055183,SUBWAY,Bronx,507,EAST  161 STREET,10451,Sandwiches,40.823059345683,-73.910003541385,2025-11-17T00:00:00.000,A,7
50055183,SUBWAY,Bronx,507,EAST  161 STREET,10451,Sandwiches,40.823059345683,-73.910003541385,2025-11-17T00:00:00.000,A,7
50055183,SUBWAY,Bronx,507,EAST  161 STREET,10451,Sandwiches,40.823059345683,-73.910003541385,2024-07-15T00:00:00.000,A,11
50055183,SUBWAY,Bronx,507,EAST  161 STREET,10451,Sandwiches,40.823059345683,-73.910003541385,2024-07-15T00:00:00.000,A,11
50055183,SUBWAY,Bronx,507,EAST  161 STREET,10451,Sandwiches,40.823059345683,-73.910003541385,2024-07-15T00:00:00.000,A,11
50055183,SUBWAY,Bronx,507,EAST  161 STREET,10451,Sandwiches,40.823059345683,-73.910003541385,2023-04-04T00:00:00.000,B,25
50055183,SUBWAY,Bronx,507,EAST  161 STREET,10451,Sandwiches,40.823059345683,-73.910003541385,2023-04-04T00:00:00.000,B,25
50055183,SUBWAY,Bronx,507,EAST  161 STREET,10451,Sandwiches,40.823059345683,-73.910003541385,2023-04-04T00:00:00.000,B,25
50055183,SUBWAY,Bronx,507,EAST  161 STREET,10451,Sandwiches,40.823059345683,-73.910003541385,2023-04-04T00:00:00.000,B,25
50055183,SUBWAY,Bronx,507,EAST  161 STREET,10451,Sandwiches,40.823059345683,-73.910003541385,2023-03-24T00:00:00.000,,21
50055183,SUBWAY,Bronx,507,EAST  161 STREET,10451,Sandwiches,40.823059345683,-73.910003541385,2023-03-24T00:00:00.000,,21
50055183,SUBWAY,Bronx,507,EAST  161 STREET,10451,Sandwiches,40.823059345683,-73.910003541385,2023-03-24T00:00:00.000,,21
50055183,SUBWAY,Bronx,507,EAST  161 STREET,10451,Sandwiches,40.823059345683,-73.910003541385,2023-03-24T00:00:00.000,,21
50055183,SUBWAY,Bronx,507,EAST  161 STREET,10451,Sandwiches,40.823059345683,-73.910003541385,2023-03-24T00:00:00.000,,21
50056591,SUBWAY,Bronx,311,EAST  204 STREET,10467,Sandwiches,40.872803271931,-73.878383871394,2025-08-04T00:00:00.000,A,7
50056591,SUBWAY,Bronx,311,EAST  204 STREET,10467,Sandwiches,40.872803271931,-73.878383871394,2025-08-04T00:00:00.000,A,7
50056591,SUBWAY,Bronx,311,EAST  204 STREET,10467,Sandwiches,40.872803271931,-73.878383871394,2024-02-21T00:00:00.000,A,7
50056591,SUBWAY,Bronx,311,EAST  204 STREET,10467,Sandwiches,40.872803271931,-73.878383871394,2024-02-21T00:00:00.000,A,7
50056591,SUBWAY,Bronx,311,EAST  204 STREET,10467,Sandwiches,40.872803271931,-73.878383871394,2022-12-05T00:00:00.000,A,8
50056591,SUBWAY,Bronx,311,EAST  204 STREET,10467,Sandwiches,40.872803271931,-73.878383871394,2022-12-05T00:00:00.000,A,8
50057220,SUBWAY,Bronx,3422,JEROME AVENUE,10467,Sandwiches,40.881363144786,-73.882772852963,2026-08-19T00:00:00.000,A,10
50057220,SUBWAY,Bronx,3422,JEROME AVENUE,10467,Sandwiches,40.881363144786,-73.882772852963,2026-08-19T00:00:00.000,A,10
50057220,SUBWAY,Bronx,3422,JEROME AVENUE,10467,Sandwiches,40.881363144786,-73.882772852963,2025-05-05T00:00:00.000,A,7
50057220,SUBWAY,Bronx,3422,JEROME AVENUE,10467,Sandwiches,40.881363144786,-73.882772852963,2025-05-05T00:00:00.000,A,7
50057220,SUBWAY,Bronx,3422,JEROME AVENUE,10467,Sandwiches,40.881363144786,-73.882772852963,2024-01-09T00:00:00.000,A,10
50057220,SUBWAY,Bronx,3422,JEROME AVENUE,10467,Sandwiches,40.881363144786,-73.882772852963,2024-01-09T00:00:00.000,A,10
50058057,SUBWAY,Bronx,3526,JOHNSON AVENUE,10463,Sandwiches,40.885982242697,-73.909863783038,2026-08-19T00:00:00.000,A,4
50058057,SUBWAY,Bronx,3526,JOHNSON AVENUE,10463,Sandwiches,40.885982242697,-73.909863783038,2026-08-19T00:00:00.000,A,4
50058057,SUBWAY,Bronx,3526,JOHNSON AVENUE,10463,Sandwiches,40.885982242697,-73.909863783038,2025-08-20T00:00:00.000,A,10
50058057,SUBWAY,Bronx,3526,JOHNSON AVENUE,10463,Sandwiches,40.885982242697,-73.909863783038,2025-08-20T00:00:00.000,A,10
50058057,SUBWAY,Bronx,3526,JOHNSON AVENUE,10463,Sandwiches,40.885982242697,-73.909863783038,2025-02-18T00:00:00.000,A,6
50058057,SUBWAY,Bronx,3526,JOHNSON AVENUE,10463,Sandwiches,40.885982242697,-73.909863783038,2025-02-18T00:00:00.000,A,6
50058057,SUBWAY,Bronx,3526,JOHNSON AVENUE,10463,Sandwiches,40.885982242697,-73.909863783038,2024-11-07T00:00:00.000,,12
50058057,SUBWAY,Bronx,3526,JOHNSON AVENUE,10463,Sandwiches,40.885982242697,-73.909863783038,2024-11-07T00:00:00.000,,12
50058057,SUBWAY,Bronx,3526,JOHNSON AVENUE,10463,Sandwiches,40.885982242697,-73.909863783038,2023-08-30T00:00:00.000,A,13
50058057,SUBWAY,Bronx,3526,JOHNSON AVENUE,10463,Sandwiches,40.885982242697,-73.909863783038,2023-08-30T00:00:00.000,A,13
50058057,SUBWAY,Bronx,3526,JOHNSON AVENUE,10463,Sandwiches,40.885982242697,-73.909863783038,2023-08-30T00:00:00.000,A,13
50067033,SUBWAY,Bronx,2052,JEROME AVENUE,10453,Sandwiches,40.854127418116,-73.907033312823,2025-08-28T00:00:00.000,A,4
50067033,SUBWAY,Bronx,2052,JEROME AVENUE,10453,Sandwiches,40.854127418116,-73.907033312823,2025-08-28T00:00:00.000,A,4
50067033,SUBWAY,Bronx,2052,JEROME AVENUE,10453,Sandwiches,40.854127418116,-73.907033312823,2025-01-27T00:00:00.000,A,12
50067033,SUBWAY,Bronx,2052,JEROME AVENUE,10453,Sandwiches,40.854127418116,-73.907033312823,2025-01-27T00:00:00.000,A,12
50067033,SUBWAY,Bronx,2052,JEROME AVENUE,10453,Sandwiches,40.854127418116,-73.907033312823,2024-10-10T00:00:00.000,,19
50067033,SUBWAY,Bronx,2052,JEROME AVENUE,10453,Sandwiches,40.854127418116,-73.907033312823,2024-10-10T00:00:00.000,,19
50067033,SUBWAY,Bronx,2052,JEROME AVENUE,10453,Sandwiches,40.854127418116,-73.907033312823,2024-10-10T00:00:00.000,,19
50067033,SUBWAY,Bronx,2052,JEROME AVENUE,10453,Sandwiches,40.854127418116,-73.907033312823,2024-10-10T00:00:00.000,,19
50067033,SUBWAY,Bronx,2052,JEROME AVENUE,10453,Sandwiches,40.854127418116,-73.907033312823,2024-07-23T00:00:00.000,A,12
50067033,SUBWAY,Bronx,2052,JEROME AVENUE,10453,Sandwiches,40.854127418116,-73.907033312823,2024-07-23T00:00:00.000,A,12
50067033,SUBWAY,Bronx,2052,JEROME AVENUE,10453,Sandwiches,40.854127418116,-73.907033312823,2024-07-23T00:00:00.000,A,12
50067033,SUBWAY,Bronx,2052,JEROME AVENUE,10453,Sandwiches,40.854127418116,-73.907033312823,2024-07-08T00:00:00.000,,19
50067033,SUBWAY,Bronx,2052,JEROME AVENUE,10453,Sandwiches,40.854127418116,-73.907033312823,2024-07-08T00:00:00.000,,19
50067033,SUBWAY,Bronx,2052,JEROME AVENUE,10453,Sandwiches,40.854127418116,-73.907033312823,2024-07-08T00:00:00.000,,19
50067033,SUBWAY,Bronx,2052,JEROME AVENUE,10453,Sandwiches,40.854127418116,-73.907033312823,2024-07-08T00:00:00.000,,19
50067033,SUBWAY,Bronx,2052,JEROME AVENUE,10453,Sandwiches,40.854127418116,-73.907033312823,2024-07-08T00:00:00.000,,19
50067033,SUBWAY,Bronx,2052,JEROME AVENUE,10453,Sandwiches,40.854127418116,-73.907033312823,2023-07-11T00:00:00.000,B,18
50067033,SUBWAY,Bronx,2052,JEROME AVENUE,10453,Sandwiches,40.854127418116,-73.907033312823,2023-07-11T00:00:00.000,B,18
50067033,SUBWAY,Bronx,2052,JEROME AVENUE,10453,Sandwiches,40.854127418116,-73.907033312823,2023-07-11T00:00:00.000,B,18
50067033,SUBWAY,Bronx,2052,JEROME AVENUE,10453,Sandwiches,40.854127418116,-73.907033312823,2023-07-11T00:00:00.000,B,18
50067033,SUBWAY,Bronx,2052,JEROME AVENUE,10453,Sandwiches,40.854127418116,-73.907033312823,2022-10-21T00:00:00.000,,25
50067033,SUBWAY,Bronx,2052,JEROME AVENUE,10453,Sandwiches,40.854127418116,-73.907033312823,2022-10-21T00:00:00.000,,25
50067033,SUBWAY,Bronx,2052,JEROME AVENUE,10453,Sandwiches,40.854127418116,-73.907033312823,2022-10-21T00:00:00.000,,25
50067033,SUBWAY,Bronx,2052,JEROME AVENUE,10453,Sandwiches,40.854127418116,-73.907033312823,2022-10-21T00:00:00.000,,25
50067033,SUBWAY,Bronx,2052,JEROME AVENUE,10453,Sandwiches,40.854127418116,-73.907033312823,2022-10-21T00:00:00.000,,25
50067033,SUBWAY,Bronx,2052,JEROME AVENUE,10453,Sandwiches,40.854127418116,-73.907033312823,2022-10-21T00:00:00.000,,25
50067813,SUBWAY,Bronx,3044,3 AVENUE,10451,Sandwiches,40.82032508133,-73.912915724028,2025-09-12T00:00:00.000,A,8
50067813,SUBWAY,Bronx,3044,3 AVENUE,10451,Sandwiches,40.82032508133,-73.912915724028,2025-09-12T00:00:00.000,A,8
50067813,SUBWAY,Bronx,3044,3 AVENUE,10451,Sandwiches,40.82032508133,-73.912915724028,2025-07-28T00:00:00.000,,11
50067813,SUBWAY,Bronx,3044,3 AVENUE,10451,Sandwiches,40.82032508133,-73.912915724028,2025-07-28T00:00:00.000,,11
50067813,SUBWAY,Bronx,3044,3 AVENUE,10451,Sandwiches,40.82032508133,-73.912915724028,2024-10-18T00:00:00.000,A,10
50067813,SUBWAY,Bronx,3044,3 AVENUE,10451,Sandwiches,40.82032508133,-73.912915724028,2024-10-18T00:00:00.000,A,10
50067813,SUBWAY,Bronx,3044,3 AVENUE,10451,Sandwiches,40.82032508133,-73.912915724028,2023-06-14T00:00:00.000,A,9
50067813,SUBWAY,Bronx,3044,3 AVENUE,10451,Sandwiches,40.82032508133,-73.912915724028,2023-06-14T00:00:00.000,A,9
50067813,SUBWAY,Bronx,3044,3 AVENUE,10451,Sandwiches,40.82032508133,-73.912915724028,2023-06-14T00:00:00.000,A,9
50072027,WENDY'S,Bronx,387,EAST  149 STREET,10455,Sandwiches,40.816253141386,-73.918369152465,2026-08-03T00:00:00.000,A,9
50072027,WENDY'S,Bronx,387,EAST  149 STREET,10455,Sandwiches,40.816253141386,-73.918369152465,2026-08-03T00:00:00.000,A,9
50072027,WENDY'S,Bronx,387,EAST  149 STREET,10455,Sandwiches,40.816253141386,-73.918369152465,2026-03-26T00:00:00.000,A,7
50072027,WENDY'S,Bronx,387,EAST  149 STREET,10455,Sandwiches,40.816253141386,-73.918369152465,2026-03-26T00:00:00.000,A,7
50072027,WENDY'S,Bronx,387,EAST  149 STREET,10455,Sandwiches,40.816253141386,-73.918369152465,2026-03-06T00:00:00.000,,28
50072027,WENDY'S,Bronx,387,EAST  149 STREET,10455,Sandwiches,40.816253141386,-73.918369152465,2026-03-06T00:00:00.000,,28
50072027,WENDY'S,Bronx,387,EAST  149 STREET,10455,Sandwiches,40.816253141386,-73.918369152465,2026-03-06T00:00:00.000,,28
50072027,WENDY'S,Bronx,387,EAST  149 STREET,10455,Sandwiches,40.816253141386,-73.918369152465,2026-03-06T00:00:00.000,,28
50072027,WENDY'S,Bronx,387,EAST  149 STREET,10455,Sandwiches,40.816253141386,-73.918369152465,2026-03-06T00:00:00.000,,28
50072027,WENDY'S,Bronx,387,EAST  149 STREET,10455,Sandwiches,40.816253141386,-73.918369152465,2025-04-25T00:00:00.000,A,9
50072027,WENDY'S,Bronx,387,EAST  149 STREET,10455,Sandwiches,40.816253141386,-73.918369152465,2025-04-25T00:00:00.000,A,9
50072027,WENDY'S,Bronx,387,EAST  149 STREET,10455,Sandwiches,40.816253141386,-73.918369152465,2025-02-14T00:00:00.000,,34
50072027,WENDY'S,Bronx,387,EAST  149 STREET,10455,Sandwiches,40.816253141386,-73.918369152465,2025-02-14T00:00:00.000,,34
50072027,WENDY'S,Bronx,387,EAST  149 STREET,10455,Sandwiches,40.816253141386,-73.918369152465,2025-02-14T00:00:00.000,,34
50072027,WENDY'S,Bronx,387,EAST  149 STREET,10455,Sandwiches,40.816253141386,-73.918369152465,2025-02-14T00:00:00.000,,34
50072027,WENDY'S,Bronx,387,EAST  149 STREET,10455,Sandwiches,40.816253141386,-73.918369152465,2025-02-14T00:00:00.000,,34
50072027,WENDY'S,Bronx,387,EAST  149 STREET,10455,Sandwiches,40.816253141386,-73.918369152465,2025-02-14T00:00:00.000,,34
50072027,WENDY'S,Bronx,387,EAST  149 STREET,10455,Sandwiches,40.816253141386,-73.918369152465,2023-11-27T00:00:00.000,A,4
50072210,SUBWAY,Bronx,3714,EAST TREMONT AVENUE,10465,Sandwiches,40.826948401136,-73.822551081553,2026-06-01T00:00:00.000,A,12
50072210,SUBWAY,Bronx,3714,EAST TREMONT AVENUE,10465,Sandwiches,40.826948401136,-73.822551081553,2026-06-01T00:00:00.000,A,12
50072210,SUBWAY,Bronx,3714,EAST TREMONT AVENUE,10465,Sandwiches,40.826948401136,-73.822551081553,2025-05-28T00:00:00.000,A,12
50072210,SUBWAY,Bronx,3714,EAST TREMONT AVENUE,10465,Sandwiches,40.826948401136,-73.822551081553,2025-05-28T00:00:00.000,A,12
50072210,SUBWAY,Bronx,3714,EAST TREMONT AVENUE,10465,Sandwiches,40.826948401136,-73.822551081553,2025-05-28T00:00:00.000,A,12
50072210,SUBWAY,Bronx,3714,EAST TREMONT AVENUE,10465,Sandwiches,40.826948401136,-73.822551081553,2024-04-18T00:00:00.000,A,12
50072210,SUBWAY,Bronx,3714,EAST TREMONT AVENUE,10465,Sandwiches,40.826948401136,-73.822551081553,2024-04-18T00:00:00.000,A,12
50072210,SUBWAY,Bronx,3714,EAST TREMONT AVENUE,10465,Sandwiches,40.826948401136,-73.822551081553,2024-04-18T00:00:00.000,A,12
50077330,QUALITY FOOD CHINESE RESTAURANT,Bronx,3573,EAST TREMONT AVENUE,10465,Chinese,40.829548925682,-73.825156690914,2025-07-09T00:00:00.000,A,12
50077330,QUALITY FOOD CHINESE RESTAURANT,Bronx,3573,EAST TREMONT AVENUE,10465,Chinese,40.829548925682,-73.825156690914,2025-07-09T00:00:00.000,A,12
50077330,QUALITY FOOD CHINESE RESTAURANT,Bronx,3573,EAST TREMONT AVENUE,10465,Chinese,40.829548925682,-73.825156690914,2025-04-30T00:00:00.000,,23
50077330,QUALITY FOOD CHINESE RESTAURANT,Bronx,3573,EAST TREMONT AVENUE,10465,Chinese,40.829548925682,-73.825156690914,2025-04-30T00:00:00.000,,23
50077330,QUALITY FOOD CHINESE RESTAURANT,Bronx,3573,EAST TREMONT AVENUE,10465,Chinese,40.829548925682,-73.825156690914,2025-04-30T00:00:00.000,,23
50077330,QUALITY FOOD CHINESE RESTAURANT,Bronx,3573,EAST TREMONT AVENUE,10465,Chinese,40.829548925682,-73.825156690914,2024-04-17T00:00:00.000,A,11
50077330,QUALITY FOOD CHINESE RESTAURANT,Bronx,3573,EAST TREMONT AVENUE,10465,Chinese,40.829548925682,-73.825156690914,2024-04-17T00:00:00.000,A,11
50077330,QUALITY FOOD CHINESE RESTAURANT,Bronx,3573,EAST TREMONT AVENUE,10465,Chinese,40.829548925682,-73.825156690914,2023-05-25T00:00:00.000,,18
50077330,QUALITY FOOD CHINESE RESTAURANT,Bronx,3573,EAST TREMONT AVENUE,10465,Chinese,40.829548925682,-73.825156690914,2023-05-25T00:00:00.000,,18
50077330,QUALITY FOOD CHINESE RESTAURANT,Bronx,3573,EAST TREMONT AVENUE,10465,Chinese,40.829548925682,-73.825156690914,2023-05-25T00:00:00.000,,18
50077330,QUALITY FOOD CHINESE RESTAURANT,Bronx,3573,EAST TREMONT AVENUE,10465,Chinese,40.829548925682,-73.825156690914,2023-05-25T00:00:00.000,,18
50079121,FORDHAM SEAFOOD & CHICKEN,Bronx,2468,GRAND CONCOURSE,10458,Chicken,40.861667367421,-73.897547130305,2026-05-07T00:00:00.000,A,13
50079121,FORDHAM SEAFOOD & CHICKEN,Bronx,2468,GRAND CONCOURSE,10458,Chicken,40.861667367421,-73.897547130305,2026-05-07T00:00:00.000,A,13
50079121,FORDHAM SEAFOOD & CHICKEN,Bronx,2468,GRAND CONCOURSE,10458,Chicken,40.861667367421,-73.897547130305,2025-10-27T00:00:00.000,,20
50079121,FORDHAM SEAFOOD & CHICKEN,Bronx,2468,GRAND CONCOURSE,10458,Chicken,40.861667367421,-73.897547130305,2025-10-27T00:00:00.000,,20
50079121,FORDHAM SEAFOOD & CHICKEN,Bronx,2468,GRAND CONCOURSE,10458,Chicken,40.861667367421,-73.897547130305,2025-10-27T00:00:00.000,,20
50079121,FORDHAM SEAFOOD & CHICKEN,Bronx,2468,GRAND CONCOURSE,10458,Chicken,40.861667367421,-73.897547130305,2025-10-27T00:00:00.000,,20
50079121,FORDHAM SEAFOOD & CHICKEN,Bronx,2468,GRAND CONCOURSE,10458,Chicken,40.861667367421,-73.897547130305,2024-04-15T00:00:00.000,A,10
50079121,FORDHAM SEAFOOD & CHICKEN,Bronx,2468,GRAND CONCOURSE,10458,Chicken,40.861667367421,-73.897547130305,2024-04-15T00:00:00.000,A,10
50079485,CARIDAD SEAFOOD RESTAURANT,Bronx,410,EAST TREMONT AVENUE,10457,Latin American,40.847589466336,-73.900485793642,2026-08-03T00:00:00.000,A,12
50079485,CARIDAD SEAFOOD RESTAURANT,Bronx,410,EAST TREMONT AVENUE,10457,Latin American,40.847589466336,-73.900485793642,2026-08-03T00:00:00.000,A,12
50079485,CARIDAD SEAFOOD RESTAURANT,Bronx,410,EAST TREMONT AVENUE,10457,Latin American,40.847589466336,-73.900485793642,2025-07-11T00:00:00.000,A,11
50079485,CARIDAD SEAFOOD RESTAURANT,Bronx,410,EAST TREMONT AVENUE,10457,Latin American,40.847589466336,-73.900485793642,2025-07-11T00:00:00.000,A,11
50079485,CARIDAD SEAFOOD RESTAURANT,Bronx,410,EAST TREMONT AVENUE,10457,Latin American,40.847589466336,-73.900485793642,2025-07-11T00:00:00.000,A,11
50079485,CARIDAD SEAFOOD RESTAURANT,Bronx,410,EAST TREMONT AVENUE,10457,Latin American,40.847589466336,-73.900485793642,2025-05-14T00:00:00.000,,24
50079485,CARIDAD SEAFOOD RESTAURANT,Bronx,410,EAST TREMONT AVENUE,10457,Latin American,40.847589466336,-73.900485793642,2025-05-14T00:00:00.000,,24
50079485,CARIDAD SEAFOOD RESTAURANT,Bronx,410,EAST TREMONT AVENUE,10457,Latin American,40.847589466336,-73.900485793642,2025-05-14T00:00:00.000,,24
50079485,CARIDAD SEAFOOD RESTAURANT,Bronx,410,EAST TREMONT AVENUE,10457,Latin American,40.847589466336,-73.900485793642,2025-05-14T00:00:00.000,,24
50079485,CARIDAD SEAFOOD RESTAURANT,Bronx,410,EAST TREMONT AVENUE,10457,Latin American,40.847589466336,-73.900485793642,2024-06-24T00:00:00.000,A,10
50079485,CARIDAD SEAFOOD RESTAURANT,Bronx,410,EAST TREMONT AVENUE,10457,Latin American,40.847589466336,-73.900485793642,2024-06-24T00:00:00.000,A,10
50079485,CARIDAD SEAFOOD RESTAURANT,Bronx,410,EAST TREMONT AVENUE,10457,Latin American,40.847589466336,-73.900485793642,2024-06-24T00:00:00.000,A,10
50084095,HALAL MUSA CHINESE FOOD,Bronx,2023,WESTCHESTER AVENUE,10462,Chinese,40.833660420754,-73.856787734981,2025-10-01T00:00:00.000,,
50084095,HALAL MUSA CHINESE FOOD,Bronx,2023,WESTCHESTER AVENUE,10462,Chinese,40.833660420754,-73.856787734981,2025-07-02T00:00:00.000,B,20
50084095,HALAL MUSA CHINESE FOOD,Bronx,2023,WESTCHESTER AVENUE,10462,Chinese,40.833660420754,-73.856787734981,2025-07-02T00:00:00.000,B,20
50084095,HALAL MUSA CHINESE FOOD,Bronx,2023,WESTCHESTER AVENUE,10462,Chinese,40.833660420754,-73.856787734981,2025-07-02T00:00:00.000,B,20
50084095,HALAL MUSA CHINESE FOOD,Bronx,2023,WESTCHESTER AVENUE,10462,Chinese,40.833660420754,-73.856787734981,2024-08-01T00:00:00.000,,23
50084095,HALAL MUSA CHINESE FOOD,Bronx,2023,WESTCHESTER AVENUE,10462,Chinese,40.833660420754,-73.856787734981,2024-08-01T00:00:00.000,,23
50084095,HALAL MUSA CHINESE FOOD,Bronx,2023,WESTCHESTER AVENUE,10462,Chinese,40.833660420754,-73.856787734981,2024-08-01T00:00:00.000,,23
50084095,HALAL MUSA CHINESE FOOD,Bronx,2023,WESTCHESTER AVENUE,10462,Chinese,40.833660420754,-73.856787734981,2024-08-01T00:00:00.000,,23
50084095,HALAL MUSA CHINESE FOOD,Bronx,2023,WESTCHESTER AVENUE,10462,Chinese,40.833660420754,-73.856787734981,2023-06-05T00:00:00.000,A,13
50084095,HALAL MUSA CHINESE FOOD,Bronx,2023,WESTCHESTER AVENUE,10462,Chinese,40.833660420754,-73.856787734981,2023-06-05T00:00:00.000,A,13
50086524,STOP & GO DELI,Bronx,134,WESTCHESTER SQUARE,10461,Sandwiches,40.840097589964,-73.842671651104,2025-10-23T00:00:00.000,A,9
50086524,STOP & GO DELI,Bronx,134,WESTCHESTER SQUARE,10461,Sandwiches,40.840097589964,-73.842671651104,2025-10-23T00:00:00.000,A,9
50086524,STOP & GO DELI,Bronx,134,WESTCHESTER SQUARE,10461,Sandwiches,40.840097589964,-73.842671651104,2025-08-12T00:00:00.000,P,2
50086524,STOP & GO DELI,Bronx,134,WESTCHESTER SQUARE,10461,Sandwiches,40.840097589964,-73.842671651104,2025-07-30T00:00:00.000,,86
50086524,STOP & GO DELI,Bronx,134,WESTCHESTER SQUARE,10461,Sandwiches,40.840097589964,-73.842671651104,2025-07-30T00:00:00.000,,86
50086524,STOP & GO DELI,Bronx,134,WESTCHESTER SQUARE,10461,Sandwiches,40.840097589964,-73.842671651104,2025-07-30T00:00:00.000,,86
50086524,STOP & GO DELI,Bronx,134,WESTCHESTER SQUARE,10461,Sandwiches,40.840097589964,-73.842671651104,2025-07-30T00:00:00.000,,86
50086524,STOP & GO DELI,Bronx,134,WESTCHESTER SQUARE,10461,Sandwiches,40.840097589964,-73.842671651104,2025-07-30T00:00:00.000,,86
50086524,STOP & GO DELI,Bronx,134,WESTCHESTER SQUARE,10461,Sandwiches,40.840097589964,-73.842671651104,2025-07-30T00:00:00.000,,86
50086524,STOP & GO DELI,Bronx,134,WESTCHESTER SQUARE,10461,Sandwiches,40.840097589964,-73.842671651104,2025-07-30T00:00:00.000,,86
50086524,STOP & GO DELI,Bronx,134,WESTCHESTER SQUARE,10461,Sandwiches,40.840097589964,-73.842671651104,2025-01-13T00:00:00.000,A,13
50086524,STOP & GO DELI,Bronx,134,WESTCHESTER SQUARE,10461,Sandwiches,40.840097589964,-73.842671651104,2025-01-13T00:00:00.000,A,13
50086524,STOP & GO DELI,Bronx,134,WESTCHESTER SQUARE,10461,Sandwiches,40.840097589964,-73.842671651104,2024-10-30T00:00:00.000,,30
50086524,STOP & GO DELI,Bronx,134,WESTCHESTER SQUARE,10461,Sandwiches,40.840097589964,-73.842671651104,2024-10-30T00:00:00.000,,30
50086524,STOP & GO DELI,Bronx,134,WESTCHESTER SQUARE,10461,Sandwiches,40.840097589964,-73.842671651104,2024-10-30T00:00:00.000,,30
50086524,STOP & GO DELI,Bronx,134,WESTCHESTER SQUARE,10461,Sandwiches,40.840097589964,-73.842671651104,2024-10-30T00:00:00.000,,30
50086524,STOP & GO DELI,Bronx,134,WESTCHESTER SQUARE,10461,Sandwiches,40.840097589964,-73.842671651104,2024-10-30T00:00:00.000,,30
50086524,STOP & GO DELI,Bronx,134,WESTCHESTER SQUARE,10461,Sandwiches,40.840097589964,-73.842671651104,2024-10-30T00:00:00.000,,30
50086524,STOP & GO DELI,Bronx,134,WESTCHESTER SQUARE,10461,Sandwiches,40.840097589964,-73.842671651104,2024-03-05T00:00:00.000,A,9
50086524,STOP & GO DELI,Bronx,134,WESTCHESTER SQUARE,10461,Sandwiches,40.840097589964,-73.842671651104,2024-03-05T00:00:00.000,A,9
50086524,STOP & GO DELI,Bronx,134,WESTCHESTER SQUARE,10461,Sandwiches,40.840097589964,-73.842671651104,2023-04-21T00:00:00.000,,21
50086524,STOP & GO DELI,Bronx,134,WESTCHESTER SQUARE,10461,Sandwiches,40.840097589964,-73.842671651104,2023-04-21T00:00:00.000,,21
50086524,STOP & GO DELI,Bronx,134,WESTCHESTER SQUARE,10461,Sandwiches,40.840097589964,-73.842671651104,2023-04-21T00:00:00.000,,21
50086659,TASTY PICKS II,Bronx,89,EAST GUN HILL ROAD,10467,Sandwiches,40.881700258024,-73.87964410776,2025-11-17T00:00:00.000,A,13
50086659,TASTY PICKS II,Bronx,89,EAST GUN HILL ROAD,10467,Sandwiches,40.881700258024,-73.87964410776,2025-11-17T00:00:00.000,A,13
50086659,TASTY PICKS II,Bronx,89,EAST GUN HILL ROAD,10467,Sandwiches,40.881700258024,-73.87964410776,2024-08-28T00:00:00.000,B,27
50086659,TASTY PICKS II,Bronx,89,EAST GUN HILL ROAD,10467,Sandwiches,40.881700258024,-73.87964410776,2024-08-28T00:00:00.000,B,27
50086659,TASTY PICKS II,Bronx,89,EAST GUN HILL ROAD,10467,Sandwiches,40.881700258024,-73.87964410776,2024-08-28T00:00:00.000,B,27
50086659,TASTY PICKS II,Bronx,89,EAST GUN HILL ROAD,10467,Sandwiches,40.881700258024,-73.87964410776,2024-08-28T00:00:00.000,B,27
50086659,TASTY PICKS II,Bronx,89,EAST GUN HILL ROAD,10467,Sandwiches,40.881700258024,-73.87964410776,2024-08-28T00:00:00.000,B,27
50086659,TASTY PICKS II,Bronx,89,EAST GUN HILL ROAD,10467,Sandwiches,40.881700258024,-73.87964410776,2024-06-18T00:00:00.000,,
50086659,TASTY PICKS II,Bronx,89,EAST GUN HILL ROAD,10467,Sandwiches,40.881700258024,-73.87964410776,2024-06-18T00:00:00.000,,25
50086659,TASTY PICKS II,Bronx,89,EAST GUN HILL ROAD,10467,Sandwiches,40.881700258024,-73.87964410776,2024-06-18T00:00:00.000,,25
50086659,TASTY PICKS II,Bronx,89,EAST GUN HILL ROAD,10467,Sandwiches,40.881700258024,-73.87964410776,2024-06-18T00:00:00.000,,25
50086659,TASTY PICKS II,Bronx,89,EAST GUN HILL ROAD,10467,Sandwiches,40.881700258024,-73.87964410776,2024-06-18T00:00:00.000,,25
50086659,TASTY PICKS II,Bronx,89,EAST GUN HILL ROAD,10467,Sandwiches,40.881700258024,-73.87964410776,2024-06-18T00:00:00.000,,
50086659,TASTY PICKS II,Bronx,89,EAST GUN HILL ROAD,10467,Sandwiches,40.881700258024,-73.87964410776,2023-03-14T00:00:00.000,A,13
50086659,TASTY PICKS II,Bronx,89,EAST GUN HILL ROAD,10467,Sandwiches,40.881700258024,-73.87964410776,2023-03-14T00:00:00.000,A,13
50086659,TASTY PICKS II,Bronx,89,EAST GUN HILL ROAD,10467,Sandwiches,40.881700258024,-73.87964410776,2023-02-21T00:00:00.000,,24
50086659,TASTY PICKS II,Bronx,89,EAST GUN HILL ROAD,10467,Sandwiches,40.881700258024,-73.87964410776,2023-02-21T00:00:00.000,,24
50086659,TASTY PICKS II,Bronx,89,EAST GUN HILL ROAD,10467,Sandwiches,40.881700258024,-73.87964410776,2023-02-21T00:00:00.000,,24
50086659,TASTY PICKS II,Bronx,89,EAST GUN HILL ROAD,10467,Sandwiches,40.881700258024,-73.87964410776,2023-02-21T00:00:00.000,,24
50087537,M & R DELI & HERO SHOP,Bronx,1200,MORRIS PARK AVENUE,10461,Sandwiches,40.851067973148,-73.84854838678,2026-06-03T00:00:00.000,A,13
50087537,M & R DELI & HERO SHOP,Bronx,1200,MORRIS PARK AVENUE,10461,Sandwiches,40.851067973148,-73.84854838678,2026-06-03T00:00:00.000,A,13
50087537,M & R DELI & HERO SHOP,Bronx,1200,MORRIS PARK AVENUE,10461,Sandwiches,40.851067973148,-73.84854838678,2026-06-03T00:00:00.000,A,13
50087537,M & R DELI & HERO SHOP,Bronx,1200,MORRIS PARK AVENUE,10461,Sandwiches,40.851067973148,-73.84854838678,2025-01-13T00:00:00.000,A,13
50087537,M & R DELI & HERO SHOP,Bronx,1200,MORRIS PARK AVENUE,10461,Sandwiches,40.851067973148,-73.84854838678,2025-01-13T00:00:00.000,A,13
50087537,M & R DELI & HERO SHOP,Bronx,1200,MORRIS PARK AVENUE,10461,Sandwiches,40.851067973148,-73.84854838678,2024-04-03T00:00:00.000,,
50087537,M & R DELI & HERO SHOP,Bronx,1200,MORRIS PARK AVENUE,10461,Sandwiches,40.851067973148,-73.84854838678,2024-04-03T00:00:00.000,A,9
50087537,M & R DELI & HERO SHOP,Bronx,1200,MORRIS PARK AVENUE,10461,Sandwiches,40.851067973148,-73.84854838678,2024-04-03T00:00:00.000,A,9
50087537,M & R DELI & HERO SHOP,Bronx,1200,MORRIS PARK AVENUE,10461,Sandwiches,40.851067973148,-73.84854838678,2023-11-20T00:00:00.000,,29
50087537,M & R DELI & HERO SHOP,Bronx,1200,MORRIS PARK AVENUE,10461,Sandwiches,40.851067973148,-73.84854838678,2023-11-20T00:00:00.000,,29
50087537,M & R DELI & HERO SHOP,Bronx,1200,MORRIS PARK AVENUE,10461,Sandwiches,40.851067973148,-73.84854838678,2023-11-20T00:00:00.000,,29
50087537,M & R DELI & HERO SHOP,Bronx,1200,MORRIS PARK AVENUE,10461,Sandwiches,40.851067973148,-73.84854838678,2023-11-20T00:00:00.000,,29
50087537,M & R DELI & HERO SHOP,Bronx,1200,MORRIS PARK AVENUE,10461,Sandwiches,40.851067973148,-73.84854838678,2023-11-20T00:00:00.000,,29
50088433,YANKEE TWIN EATERY,Bronx,844,RIVER AVENUE,10451,Sandwiches,40.827028918055,-73.92636672729,2025-07-31T00:00:00.000,A,12
50088433,YANKEE TWIN EATERY,Bronx,844,RIVER AVENUE,10451,Sandwiches,40.827028918055,-73.92636672729,2025-07-31T00:00:00.000,A,12
50088433,YANKEE TWIN EATERY,Bronx,844,RIVER AVENUE,10451,Sandwiches,40.827028918055,-73.92636672729,2023-12-01T00:00:00.000,,21
50088433,YANKEE TWIN EATERY,Bronx,844,RIVER AVENUE,10451,Sandwiches,40.827028918055,-73.92636672729,2023-12-01T00:00:00.000,,21
50088433,YANKEE TWIN EATERY,Bronx,844,RIVER AVENUE,10451,Sandwiches,40.827028918055,-73.92636672729,2023-12-01T00:00:00.000,,21
50088433,YANKEE TWIN EATERY,Bronx,844,RIVER AVENUE,10451,Sandwiches,40.827028918055,-73.92636672729,2023-12-01T00:00:00.000,,21
50089076,3A'S LEGACY SALAD & GRILL,Bronx,445,MORRIS PARK AVENUE,10460,Soups/Salads/Sandwiches,40.840407004557,-73.873145047721,2026-02-12T00:00:00.000,A,9
50089076,3A'S LEGACY SALAD & GRILL,Bronx,445,MORRIS PARK AVENUE,10460,Soups/Salads/Sandwiches,40.840407004557,-73.873145047721,2026-02-12T00:00:00.000,A,9
50089076,3A'S LEGACY SALAD & GRILL,Bronx,445,MORRIS PARK AVENUE,10460,Soups/Salads/Sandwiches,40.840407004557,-73.873145047721,2024-11-25T00:00:00.000,A,13
50089076,3A'S LEGACY SALAD & GRILL,Bronx,445,MORRIS PARK AVENUE,10460,Soups/Salads/Sandwiches,40.840407004557,-73.873145047721,2024-11-25T00:00:00.000,A,13
50089076,3A'S LEGACY SALAD & GRILL,Bronx,445,MORRIS PARK AVENUE,10460,Soups/Salads/Sandwiches,40.840407004557,-73.873145047721,2024-05-29T00:00:00.000,,20
50089076,3A'S LEGACY SALAD & GRILL,Bronx,445,MORRIS PARK AVENUE,10460,Soups/Salads/Sandwiches,40.840407004557,-73.873145047721,2024-05-29T00:00:00.000,,20
50089076,3A'S LEGACY SALAD & GRILL,Bronx,445,MORRIS PARK AVENUE,10460,Soups/Salads/Sandwiches,40.840407004557,-73.873145047721,2024-05-29T00:00:00.000,,20
50089076,3A'S LEGACY SALAD & GRILL,Bronx,445,MORRIS PARK AVENUE,10460,Soups/Salads/Sandwiches,40.840407004557,-73.873145047721,2024-05-29T00:00:00.000,,20
50089076,3A'S LEGACY SALAD & GRILL,Bronx,445,MORRIS PARK AVENUE,10460,Soups/Salads/Sandwiches,40.840407004557,-73.873145047721,2024-05-29T00:00:00.000,,
50089076,3A'S LEGACY SALAD & GRILL,Bronx,445,MORRIS PARK AVENUE,10460,Soups/Salads/Sandwiches,40.840407004557,-73.873145047721,2024-05-29T00:00:00.000,,20
50089076,3A'S LEGACY SALAD & GRILL,Bronx,445,MORRIS PARK AVENUE,10460,Soups/Salads/Sandwiches,40.840407004557,-73.873145047721,2023-02-24T00:00:00.000,C,42
50089076,3A'S LEGACY SALAD & GRILL,Bronx,445,MORRIS PARK AVENUE,10460,Soups/Salads/Sandwiches,40.840407004557,-73.873145047721,2023-02-24T00:00:00.000,C,42
50089076,3A'S LEGACY SALAD & GRILL,Bronx,445,MORRIS PARK AVENUE,10460,Soups/Salads/Sandwiches,40.840407004557,-73.873145047721,2023-02-24T00:00:00.000,C,42
50089076,3A'S LEGACY SALAD & GRILL,Bronx,445,MORRIS PARK AVENUE,10460,Soups/Salads/Sandwiches,40.840407004557,-73.873145047721,2023-02-24T00:00:00.000,C,42
50089076,3A'S LEGACY SALAD & GRILL,Bronx,445,MORRIS PARK AVENUE,10460,Soups/Salads/Sandwiches,40.840407004557,-73.873145047721,2023-02-24T00:00:00.000,C,42
50089076,3A'S LEGACY SALAD & GRILL,Bronx,445,MORRIS PARK AVENUE,10460,Soups/Salads/Sandwiches,40.840407004557,-73.873145047721,2023-02-24T00:00:00.000,C,42
50089076,3A'S LEGACY SALAD & GRILL,Bronx,445,MORRIS PARK AVENUE,10460,Soups/Salads/Sandwiches,40.840407004557,-73.873145047721,2023-02-24T00:00:00.000,C,42
50089076,3A'S LEGACY SALAD & GRILL,Bronx,445,MORRIS PARK AVENUE,10460,Soups/Salads/Sandwiches,40.840407004557,-73.873145047721,2023-02-24T00:00:00.000,C,42
50089076,3A'S LEGACY SALAD & GRILL,Bronx,445,MORRIS PARK AVENUE,10460,Soups/Salads/Sandwiches,40.840407004557,-73.873145047721,2023-02-24T00:00:00.000,C,42
50089076,3A'S LEGACY SALAD & GRILL,Bronx,445,MORRIS PARK AVENUE,10460,Soups/Salads/Sandwiches,40.840407004557,-73.873145047721,2023-02-24T00:00:00.000,C,42
50092693,S & D CATERERS,Bronx,1514,CROSBY AVENUE,10461,Sandwiches,40.842615870242,-73.830127919798,2026-07-22T00:00:00.000,,32
50092693,S & D CATERERS,Bronx,1514,CROSBY AVENUE,10461,Sandwiches,40.842615870242,-73.830127919798,2026-07-22T00:00:00.000,,32
50092693,S & D CATERERS,Bronx,1514,CROSBY AVENUE,10461,Sandwiches,40.842615870242,-73.830127919798,2026-07-22T00:00:00.000,,
50092693,S & D CATERERS,Bronx,1514,CROSBY AVENUE,10461,Sandwiches,40.842615870242,-73.830127919798,2026-07-22T00:00:00.000,,32
50092693,S & D CATERERS,Bronx,1514,CROSBY AVENUE,10461,Sandwiches,40.842615870242,-73.830127919798,2026-07-22T00:00:00.000,,32
50092693,S & D CATERERS,Bronx,1514,CROSBY AVENUE,10461,Sandwiches,40.842615870242,-73.830127919798,2025-07-02T00:00:00.000,A,12
50092693,S & D CATERERS,Bronx,1514,CROSBY AVENUE,10461,Sandwiches,40.842615870242,-73.830127919798,2025-07-02T00:00:00.000,A,12
50092693,S & D CATERERS,Bronx,1514,CROSBY AVENUE,10461,Sandwiches,40.842615870242,-73.830127919798,2025-07-02T00:00:00.000,A,12
50092693,S & D CATERERS,Bronx,1514,CROSBY AVENUE,10461,Sandwiches,40.842615870242,-73.830127919798,2025-06-13T00:00:00.000,,29
50092693,S & D CATERERS,Bronx,1514,CROSBY AVENUE,10461,Sandwiches,40.842615870242,-73.830127919798,2025-06-13T00:00:00.000,,29
50092693,S & D CATERERS,Bronx,1514,CROSBY AVENUE,10461,Sandwiches,40.842615870242,-73.830127919798,2025-06-13T00:00:00.000,,29
50092693,S & D CATERERS,Bronx,1514,CROSBY AVENUE,10461,Sandwiches,40.842615870242,-73.830127919798,2025-06-13T00:00:00.000,,29
50092693,S & D CATERERS,Bronx,1514,CROSBY AVENUE,10461,Sandwiches,40.842615870242,-73.830127919798,2025-06-13T00:00:00.000,,29
50092693,S & D CATERERS,Bronx,1514,CROSBY AVENUE,10461,Sandwiches,40.842615870242,-73.830127919798,2025-06-13T00:00:00.000,,29
50092693,S & D CATERERS,Bronx,1514,CROSBY AVENUE,10461,Sandwiches,40.842615870242,-73.830127919798,2025-06-13T00:00:00.000,,29
50092693,S & D CATERERS,Bronx,1514,CROSBY AVENUE,10461,Sandwiches,40.842615870242,-73.830127919798,2025-06-13T00:00:00.000,,29
50092693,S & D CATERERS,Bronx,1514,CROSBY AVENUE,10461,Sandwiches,40.842615870242,-73.830127919798,2024-04-12T00:00:00.000,A,12
50092693,S & D CATERERS,Bronx,1514,CROSBY AVENUE,10461,Sandwiches,40.842615870242,-73.830127919798,2024-04-12T00:00:00.000,A,12
50096673,SEA BREEE DELI,Bronx,325,CITY ISLAND AVENUE,10464,Sandwiches,40.84767880895,-73.78666497222,2026-03-05T00:00:00.000,A,12
50096673,SEA BREEE DELI,Bronx,325,CITY ISLAND AVENUE,10464,Sandwiches,40.84767880895,-73.78666497222,2026-03-05T00:00:00.000,A,12
50096673,SEA BREEE DELI,Bronx,325,CITY ISLAND AVENUE,10464,Sandwiches,40.84767880895,-73.78666497222,2024-10-17T00:00:00.000,A,11
50096673,SEA BREEE DELI,Bronx,325,CITY ISLAND AVENUE,10464,Sandwiches,40.84767880895,-73.78666497222,2024-10-17T00:00:00.000,A,11
50096673,SEA BREEE DELI,Bronx,325,CITY ISLAND AVENUE,10464,Sandwiches,40.84767880895,-73.78666497222,2024-10-17T00:00:00.000,A,11
50096673,SEA BREEE DELI,Bronx,325,CITY ISLAND AVENUE,10464,Sandwiches,40.84767880895,-73.78666497222,2023-05-18T00:00:00.000,A,11
50096673,SEA BREEE DELI,Bronx,325,CITY ISLAND AVENUE,10464,Sandwiches,40.84767880895,-73.78666497222,2023-05-18T00:00:00.000,A,11
50096673,SEA BREEE DELI,Bronx,325,CITY ISLAND AVENUE,10464,Sandwiches,40.84767880895,-73.78666497222,2023-04-19T00:00:00.000,,25
50096673,SEA BREEE DELI,Bronx,325,CITY ISLAND AVENUE,10464,Sandwiches,40.84767880895,-73.78666497222,2023-04-19T00:00:00.000,,25
50096673,SEA BREEE DELI,Bronx,325,CITY ISLAND AVENUE,10464,Sandwiches,40.84767880895,-73.78666497222,2023-04-19T00:00:00.000,,25
50096673,SEA BREEE DELI,Bronx,325,CITY ISLAND AVENUE,10464,Sandwiches,40.84767880895,-73.78666497222,2023-04-19T00:00:00.000,,
50096673,SEA BREEE DELI,Bronx,325,CITY ISLAND AVENUE,10464,Sandwiches,40.84767880895,-73.78666497222,2023-04-19T00:00:00.000,,25
50096673,SEA BREEE DELI,Bronx,325,CITY ISLAND AVENUE,10464,Sandwiches,40.84767880895,-73.78666497222,2023-04-19T00:00:00.000,,25
50101469,FOOD HAI CHINESE RESTAURANT,Bronx,2036,BOSTON ROAD,10460,Chinese,40.841017464918,-73.879287911827,2026-04-13T00:00:00.000,A,9
50101469,FOOD HAI CHINESE RESTAURANT,Bronx,2036,BOSTON ROAD,10460,Chinese,40.841017464918,-73.879287911827,2026-04-13T00:00:00.000,A,9
50101469,FOOD HAI CHINESE RESTAURANT,Bronx,2036,BOSTON ROAD,10460,Chinese,40.841017464918,-73.879287911827,2024-10-21T00:00:00.000,A,9
50101469,FOOD HAI CHINESE RESTAURANT,Bronx,2036,BOSTON ROAD,10460,Chinese,40.841017464918,-73.879287911827,2024-10-21T00:00:00.000,A,9
50101469,FOOD HAI CHINESE RESTAURANT,Bronx,2036,BOSTON ROAD,10460,Chinese,40.841017464918,-73.879287911827,2023-05-10T00:00:00.000,A,2
50101919,GALLEGO SEAFOOD,Bronx,104,EAST  183 STREET,10453,Seafood,40.858009533716,-73.901713723761,2026-06-24T00:00:00.000,A,12
50101919,GALLEGO SEAFOOD,Bronx,104,EAST  183 STREET,10453,Seafood,40.858009533716,-73.901713723761,2026-06-24T00:00:00.000,A,12
50101919,GALLEGO SEAFOOD,Bronx,104,EAST  183 STREET,10453,Seafood,40.858009533716,-73.901713723761,2026-06-24T00:00:00.000,A,12
50101919,GALLEGO SEAFOOD,Bronx,104,EAST  183 STREET,10453,Seafood,40.858009533716,-73.901713723761,2026-05-15T00:00:00.000,,40
50101919,GALLEGO SEAFOOD,Bronx,104,EAST  183 STREET,10453,Seafood,40.858009533716,-73.901713723761,2026-05-15T00:00:00.000,,40
50101919,GALLEGO SEAFOOD,Bronx,104,EAST  183 STREET,10453,Seafood,40.858009533716,-73.901713723761,2026-05-15T00:00:00.000,,40
50101919,GALLEGO SEAFOOD,Bronx,104,EAST  183 STREET,10453,Seafood,40.858009533716,-73.901713723761,2026-05-15T00:00:00.000,,40
50101919,GALLEGO SEAFOOD,Bronx,104,EAST  183 STREET,10453,Seafood,40.858009533716,-73.901713723761,2026-05-15T00:00:00.000,,40
50101919,GALLEGO SEAFOOD,Bronx,104,EAST  183 STREET,10453,Seafood,40.858009533716,-73.901713723761,2026-05-15T00:00:00.000,,40
50101919,GALLEGO SEAFOOD,Bronx,104,EAST  183 STREET,10453,Seafood,40.858009533716,-73.901713723761,2026-05-15T00:00:00.000,,40
50101919,GALLEGO SEAFOOD,Bronx,104,EAST  183 STREET,10453,Seafood,40.858009533716,-73.901713723761,2025-02-14T00:00:00.000,A,13
50101919,GALLEGO SEAFOOD,Bronx,104,EAST  183 STREET,10453,Seafood,40.858009533716,-73.901713723761,2025-02-14T00:00:00.000,A,13
50101919,GALLEGO SEAFOOD,Bronx,104,EAST  183 STREET,10453,Seafood,40.858009533716,-73.901713723761,2025-02-14T00:00:00.000,A,13
50101919,GALLEGO SEAFOOD,Bronx,104,EAST  183 STREET,10453,Seafood,40.858009533716,-73.901713723761,2025-02-14T00:00:00.000,A,13
50101919,GALLEGO SEAFOOD,Bronx,104,EAST  183 STREET,10453,Seafood,40.858009533716,-73.901713723761,2024-07-19T00:00:00.000,,22
50101919,GALLEGO SEAFOOD,Bronx,104,EAST  183 STREET,10453,Seafood,40.858009533716,-73.901713723761,2024-07-19T00:00:00.000,,22
50101919,GALLEGO SEAFOOD,Bronx,104,EAST  183 STREET,10453,Seafood,40.858009533716,-73.901713723761,2024-07-19T00:00:00.000,,22
50101919,GALLEGO SEAFOOD,Bronx,104,EAST  183 STREET,10453,Seafood,40.858009533716,-73.901713723761,2024-07-19T00:00:00.000,,22
50104822,167 EMPANADAS RD,Bronx,109,EAST  167 STREET,10452,Sandwiches/Salads/Mixed Buffet,40.834970018919,-73.919050791194,2026-08-17T00:00:00.000,,25
50104822,167 EMPANADAS RD,Bronx,109,EAST  167 STREET,10452,Sandwiches/Salads/Mixed Buffet,40.834970018919,-73.919050791194,2026-08-17T00:00:00.000,,25
50104822,167 EMPANADAS RD,Bronx,109,EAST  167 STREET,10452,Sandwiches/Salads/Mixed Buffet,40.834970018919,-73.919050791194,2026-08-17T00:00:00.000,,25
50104822,167 EMPANADAS RD,Bronx,109,EAST  167 STREET,10452,Sandwiches/Salads/Mixed Buffet,40.834970018919,-73.919050791194,2026-08-17T00:00:00.000,,25
50104822,167 EMPANADAS RD,Bronx,109,EAST  167 STREET,10452,Sandwiches/Salads/Mixed Buffet,40.834970018919,-73.919050791194,2026-08-17T00:00:00.000,,25
50104822,167 EMPANADAS RD,Bronx,109,EAST  167 STREET,10452,Sandwiches/Salads/Mixed Buffet,40.834970018919,-73.919050791194,2025-01-15T00:00:00.000,A,12
50104822,167 EMPANADAS RD,Bronx,109,EAST  167 STREET,10452,Sandwiches/Salads/Mixed Buffet,40.834970018919,-73.919050791194,2025-01-15T00:00:00.000,,
50104822,167 EMPANADAS RD,Bronx,109,EAST  167 STREET,10452,Sandwiches/Salads/Mixed Buffet,40.834970018919,-73.919050791194,2025-01-15T00:00:00.000,A,12
50104822,167 EMPANADAS RD,Bronx,109,EAST  167 STREET,10452,Sandwiches/Salads/Mixed Buffet,40.834970018919,-73.919050791194,2025-01-15T00:00:00.000,A,12
50104822,167 EMPANADAS RD,Bronx,109,EAST  167 STREET,10452,Sandwiches/Salads/Mixed Buffet,40.834970018919,-73.919050791194,2024-04-23T00:00:00.000,B,26
50104822,167 EMPANADAS RD,Bronx,109,EAST  167 STREET,10452,Sandwiches/Salads/Mixed Buffet,40.834970018919,-73.919050791194,2024-04-23T00:00:00.000,B,26
50104822,167 EMPANADAS RD,Bronx,109,EAST  167 STREET,10452,Sandwiches/Salads/Mixed Buffet,40.834970018919,-73.919050791194,2024-04-23T00:00:00.000,B,26
50104822,167 EMPANADAS RD,Bronx,109,EAST  167 STREET,10452,Sandwiches/Salads/Mixed Buffet,40.834970018919,-73.919050791194,2024-04-23T00:00:00.000,B,26
50104822,167 EMPANADAS RD,Bronx,109,EAST  167 STREET,10452,Sandwiches/Salads/Mixed Buffet,40.834970018919,-73.919050791194,2023-10-17T00:00:00.000,,18
50104822,167 EMPANADAS RD,Bronx,109,EAST  167 STREET,10452,Sandwiches/Salads/Mixed Buffet,40.834970018919,-73.919050791194,2023-10-17T00:00:00.000,,18
50104822,167 EMPANADAS RD,Bronx,109,EAST  167 STREET,10452,Sandwiches/Salads/Mixed Buffet,40.834970018919,-73.919050791194,2023-10-17T00:00:00.000,,18
50105836,DELICIAS RESTAURANT & SEAFOOD,Bronx,2419,GRAND CONCOURSE,10468,Latin American,40.860633125622,-73.898134393056,2025-08-22T00:00:00.000,A,12
50105836,DELICIAS RESTAURANT & SEAFOOD,Bronx,2419,GRAND CONCOURSE,10468,Latin American,40.860633125622,-73.898134393056,2025-08-22T00:00:00.000,A,12
50105836,DELICIAS RESTAURANT & SEAFOOD,Bronx,2419,GRAND CONCOURSE,10468,Latin American,40.860633125622,-73.898134393056,2025-08-22T00:00:00.000,A,12
50105836,DELICIAS RESTAURANT & SEAFOOD,Bronx,2419,GRAND CONCOURSE,10468,Latin American,40.860633125622,-73.898134393056,2025-08-22T00:00:00.000,A,12
50105836,DELICIAS RESTAURANT & SEAFOOD,Bronx,2419,GRAND CONCOURSE,10468,Latin American,40.860633125622,-73.898134393056,2025-08-22T00:00:00.000,A,12
50105836,DELICIAS RESTAURANT & SEAFOOD,Bronx,2419,GRAND CONCOURSE,10468,Latin American,40.860633125622,-73.898134393056,2025-03-25T00:00:00.000,,69
50105836,DELICIAS RESTAURANT & SEAFOOD,Bronx,2419,GRAND CONCOURSE,10468,Latin American,40.860633125622,-73.898134393056,2025-03-25T00:00:00.000,,69
50105836,DELICIAS RESTAURANT & SEAFOOD,Bronx,2419,GRAND CONCOURSE,10468,Latin American,40.860633125622,-73.898134393056,2025-03-25T00:00:00.000,,69
50105836,DELICIAS RESTAURANT & SEAFOOD,Bronx,2419,GRAND CONCOURSE,10468,Latin American,40.860633125622,-73.898134393056,2025-03-25T00:00:00.000,,69
50105836,DELICIAS RESTAURANT & SEAFOOD,Bronx,2419,GRAND CONCOURSE,10468,Latin American,40.860633125622,-73.898134393056,2025-03-25T00:00:00.000,,69
50105836,DELICIAS RESTAURANT & SEAFOOD,Bronx,2419,GRAND CONCOURSE,10468,Latin American,40.860633125622,-73.898134393056,2025-03-25T00:00:00.000,,69
50105836,DELICIAS RESTAURANT & SEAFOOD,Bronx,2419,GRAND CONCOURSE,10468,Latin American,40.860633125622,-73.898134393056,2025-03-25T00:00:00.000,,69
50105836,DELICIAS RESTAURANT & SEAFOOD,Bronx,2419,GRAND CONCOURSE,10468,Latin American,40.860633125622,-73.898134393056,2025-03-25T00:00:00.000,,69
50105836,DELICIAS RESTAURANT & SEAFOOD,Bronx,2419,GRAND CONCOURSE,10468,Latin American,40.860633125622,-73.898134393056,2025-03-25T00:00:00.000,,69
50105836,DELICIAS RESTAURANT & SEAFOOD,Bronx,2419,GRAND CONCOURSE,10468,Latin American,40.860633125622,-73.898134393056,2025-03-25T00:00:00.000,,69
50105836,DELICIAS RESTAURANT & SEAFOOD,Bronx,2419,GRAND CONCOURSE,10468,Latin American,40.860633125622,-73.898134393056,2025-03-25T00:00:00.000,,69
50105836,DELICIAS RESTAURANT & SEAFOOD,Bronx,2419,GRAND CONCOURSE,10468,Latin American,40.860633125622,-73.898134393056,2023-12-14T00:00:00.000,A,13
50105836,DELICIAS RESTAURANT & SEAFOOD,Bronx,2419,GRAND CONCOURSE,10468,Latin American,40.860633125622,-73.898134393056,2023-12-14T00:00:00.000,A,13
50105836,DELICIAS RESTAURANT & SEAFOOD,Bronx,2419,GRAND CONCOURSE,10468,Latin American,40.860633125622,-73.898134393056,2023-12-14T00:00:00.000,,
50105836,DELICIAS RESTAURANT & SEAFOOD,Bronx,2419,GRAND CONCOURSE,10468,Latin American,40.860633125622,-73.898134393056,2023-12-14T00:00:00.000,A,13
50105936,DUNKIN',Bronx,980,EAST  233 STREET,10466,Sandwiches/Salads/Mixed Buffet,40.890826405359,-73.849318266857,2025-09-26T00:00:00.000,A,2
50105936,DUNKIN',Bronx,980,EAST  233 STREET,10466,Sandwiches/Salads/Mixed Buffet,40.890826405359,-73.849318266857,2024-10-16T00:00:00.000,A,8
50105936,DUNKIN',Bronx,980,EAST  233 STREET,10466,Sandwiches/Salads/Mixed Buffet,40.890826405359,-73.849318266857,2024-10-16T00:00:00.000,A,8
50105936,DUNKIN',Bronx,980,EAST  233 STREET,10466,Sandwiches/Salads/Mixed Buffet,40.890826405359,-73.849318266857,2024-05-03T00:00:00.000,A,4
50105936,DUNKIN',Bronx,980,EAST  233 STREET,10466,Sandwiches/Salads/Mixed Buffet,40.890826405359,-73.849318266857,2023-12-11T00:00:00.000,,18
50105936,DUNKIN',Bronx,980,EAST  233 STREET,10466,Sandwiches/Salads/Mixed Buffet,40.890826405359,-73.849318266857,2023-12-11T00:00:00.000,,18
50105936,DUNKIN',Bronx,980,EAST  233 STREET,10466,Sandwiches/Salads/Mixed Buffet,40.890826405359,-73.849318266857,2023-12-11T00:00:00.000,,18
50105936,DUNKIN',Bronx,980,EAST  233 STREET,10466,Sandwiches/Salads/Mixed Buffet,40.890826405359,-73.849318266857,2023-12-11T00:00:00.000,,18
50107343,TWO IN ONE AMERICAN AND MEXICAN FOOD,Bronx,63,EAST KINGSBRIDGE ROAD,10468,American,40.866869963122,-73.895973552428,2026-09-03T00:00:00.000,A,12
50107343,TWO IN ONE AMERICAN AND MEXICAN FOOD,Bronx,63,EAST KINGSBRIDGE ROAD,10468,American,40.866869963122,-73.895973552428,2026-09-03T00:00:00.000,A,12
50107343,TWO IN ONE AMERICAN AND MEXICAN FOOD,Bronx,63,EAST KINGSBRIDGE ROAD,10468,American,40.866869963122,-73.895973552428,2025-05-22T00:00:00.000,A,13
50107343,TWO IN ONE AMERICAN AND MEXICAN FOOD,Bronx,63,EAST KINGSBRIDGE ROAD,10468,American,40.866869963122,-73.895973552428,2025-05-22T00:00:00.000,A,13
50107343,TWO IN ONE AMERICAN AND MEXICAN FOOD,Bronx,63,EAST KINGSBRIDGE ROAD,10468,American,40.866869963122,-73.895973552428,2025-05-22T00:00:00.000,A,13
50107343,TWO IN ONE AMERICAN AND MEXICAN FOOD,Bronx,63,EAST KINGSBRIDGE ROAD,10468,American,40.866869963122,-73.895973552428,2024-01-30T00:00:00.000,A,9
50107343,TWO IN ONE AMERICAN AND MEXICAN FOOD,Bronx,63,EAST KINGSBRIDGE ROAD,10468,American,40.866869963122,-73.895973552428,2024-01-30T00:00:00.000,A,9
50109823,SUNRISING FOOD HUT RESTAURANT INC,Bronx,3497,BOSTON ROAD,10469,Caribbean,40.876967406421,-73.846579863354,2026-03-03T00:00:00.000,A,7
50109823,SUNRISING FOOD HUT RESTAURANT INC,Bronx,3497,BOSTON ROAD,10469,Caribbean,40.876967406421,-73.846579863354,2026-03-03T00:00:00.000,A,7
50109823,SUNRISING FOOD HUT RESTAURANT INC,Bronx,3497,BOSTON ROAD,10469,Caribbean,40.876967406421,-73.846579863354,2024-11-12T00:00:00.000,A,11
50109823,SUNRISING FOOD HUT RESTAURANT INC,Bronx,3497,BOSTON ROAD,10469,Caribbean,40.876967406421,-73.846579863354,2024-11-12T00:00:00.000,A,11
50109823,SUNRISING FOOD HUT RESTAURANT INC,Bronx,3497,BOSTON ROAD,10469,Caribbean,40.876967406421,-73.846579863354,2024-05-16T00:00:00.000,,12
50109823,SUNRISING FOOD HUT RESTAURANT INC,Bronx,3497,BOSTON ROAD,10469,Caribbean,40.876967406421,-73.846579863354,2024-05-16T00:00:00.000,,12
50109823,SUNRISING FOOD HUT RESTAURANT INC,Bronx,3497,BOSTON ROAD,10469,Caribbean,40.876967406421,-73.846579863354,2024-05-16T00:00:00.000,,12
50109823,SUNRISING FOOD HUT RESTAURANT INC,Bronx,3497,BOSTON ROAD,10469,Caribbean,40.876967406421,-73.846579863354,2024-05-16T00:00:00.000,,12
50109823,SUNRISING FOOD HUT RESTAURANT INC,Bronx,3497,BOSTON ROAD,10469,Caribbean,40.876967406421,-73.846579863354,2023-03-23T00:00:00.000,A,11
50109823,SUNRISING FOOD HUT RESTAURANT INC,Bronx,3497,BOSTON ROAD,10469,Caribbean,40.876967406421,-73.846579863354,2023-03-23T00:00:00.000,A,11
50109823,SUNRISING FOOD HUT RESTAURANT INC,Bronx,3497,BOSTON ROAD,10469,Caribbean,40.876967406421,-73.846579863354,2023-03-23T00:00:00.000,A,11
50112151,HOOK & REEL CAJUN SEAFOOD & BAR,Bronx,65,METROPOLITAN OVAL,10462,Seafood,40.838270804444,-73.860615827561,2026-07-22T00:00:00.000,A,13
50112151,HOOK & REEL CAJUN SEAFOOD & BAR,Bronx,65,METROPOLITAN OVAL,10462,Seafood,40.838270804444,-73.860615827561,2026-07-22T00:00:00.000,A,13
50112151,HOOK & REEL CAJUN SEAFOOD & BAR,Bronx,65,METROPOLITAN OVAL,10462,Seafood,40.838270804444,-73.860615827561,2026-07-22T00:00:00.000,A,13
50112151,HOOK & REEL CAJUN SEAFOOD & BAR,Bronx,65,METROPOLITAN OVAL,10462,Seafood,40.838270804444,-73.860615827561,2026-07-22T00:00:00.000,A,13
50112151,HOOK & REEL CAJUN SEAFOOD & BAR,Bronx,65,METROPOLITAN OVAL,10462,Seafood,40.838270804444,-73.860615827561,2025-12-30T00:00:00.000,,23
50112151,HOOK & REEL CAJUN SEAFOOD & BAR,Bronx,65,METROPOLITAN OVAL,10462,Seafood,40.838270804444,-73.860615827561,2025-12-30T00:00:00.000,,23
50112151,HOOK & REEL CAJUN SEAFOOD & BAR,Bronx,65,METROPOLITAN OVAL,10462,Seafood,40.838270804444,-73.860615827561,2025-12-30T00:00:00.000,,23
50112151,HOOK & REEL CAJUN SEAFOOD & BAR,Bronx,65,METROPOLITAN OVAL,10462,Seafood,40.838270804444,-73.860615827561,2025-12-30T00:00:00.000,,23
50112151,HOOK & REEL CAJUN SEAFOOD & BAR,Bronx,65,METROPOLITAN OVAL,10462,Seafood,40.838270804444,-73.860615827561,2025-12-30T00:00:00.000,,23
50112151,HOOK & REEL CAJUN SEAFOOD & BAR,Bronx,65,METROPOLITAN OVAL,10462,Seafood,40.838270804444,-73.860615827561,2025-12-30T00:00:00.000,,23
50112151,HOOK & REEL CAJUN SEAFOOD & BAR,Bronx,65,METROPOLITAN OVAL,10462,Seafood,40.838270804444,-73.860615827561,2025-01-16T00:00:00.000,A,11
50112151,HOOK & REEL CAJUN SEAFOOD & BAR,Bronx,65,METROPOLITAN OVAL,10462,Seafood,40.838270804444,-73.860615827561,2025-01-16T00:00:00.000,A,11
50112151,HOOK & REEL CAJUN SEAFOOD & BAR,Bronx,65,METROPOLITAN OVAL,10462,Seafood,40.838270804444,-73.860615827561,2024-03-20T00:00:00.000,B,26
50112151,HOOK & REEL CAJUN SEAFOOD & BAR,Bronx,65,METROPOLITAN OVAL,10462,Seafood,40.838270804444,-73.860615827561,2024-03-20T00:00:00.000,B,26
50112151,HOOK & REEL CAJUN SEAFOOD & BAR,Bronx,65,METROPOLITAN OVAL,10462,Seafood,40.838270804444,-73.860615827561,2024-03-20T00:00:00.000,B,26
50112151,HOOK & REEL CAJUN SEAFOOD & BAR,Bronx,65,METROPOLITAN OVAL,10462,Seafood,40.838270804444,-73.860615827561,2024-03-20T00:00:00.000,B,26
50112151,HOOK & REEL CAJUN SEAFOOD & BAR,Bronx,65,METROPOLITAN OVAL,10462,Seafood,40.838270804444,-73.860615827561,2024-03-20T00:00:00.000,,
50112151,HOOK & REEL CAJUN SEAFOOD & BAR,Bronx,65,METROPOLITAN OVAL,10462,Seafood,40.838270804444,-73.860615827561,2024-03-20T00:00:00.000,B,26
50112151,HOOK & REEL CAJUN SEAFOOD & BAR,Bronx,65,METROPOLITAN OVAL,10462,Seafood,40.838270804444,-73.860615827561,2024-03-20T00:00:00.000,B,26
50113222,SAVOR COFFEE AND MORE,Bronx,3725,RIVERDALE AVENUE,10463,Sandwiches,40.887390905161,-73.907192766165,2026-07-07T00:00:00.000,,23
50113222,SAVOR COFFEE AND MORE,Bronx,3725,RIVERDALE AVENUE,10463,Sandwiches,40.887390905161,-73.907192766165,2026-07-07T00:00:00.000,,23
50113222,SAVOR COFFEE AND MORE,Bronx,3725,RIVERDALE AVENUE,10463,Sandwiches,40.887390905161,-73.907192766165,2026-07-07T00:00:00.000,,23
50113222,SAVOR COFFEE AND MORE,Bronx,3725,RIVERDALE AVENUE,10463,Sandwiches,40.887390905161,-73.907192766165,2026-07-07T00:00:00.000,,23
50113222,SAVOR COFFEE AND MORE,Bronx,3725,RIVERDALE AVENUE,10463,Sandwiches,40.887390905161,-73.907192766165,2026-07-07T00:00:00.000,,23
50113222,SAVOR COFFEE AND MORE,Bronx,3725,RIVERDALE AVENUE,10463,Sandwiches,40.887390905161,-73.907192766165,2025-04-22T00:00:00.000,B,18
50113222,SAVOR COFFEE AND MORE,Bronx,3725,RIVERDALE AVENUE,10463,Sandwiches,40.887390905161,-73.907192766165,2025-04-22T00:00:00.000,B,18
50113222,SAVOR COFFEE AND MORE,Bronx,3725,RIVERDALE AVENUE,10463,Sandwiches,40.887390905161,-73.907192766165,2025-04-22T00:00:00.000,B,18
50113222,SAVOR COFFEE AND MORE,Bronx,3725,RIVERDALE AVENUE,10463,Sandwiches,40.887390905161,-73.907192766165,2025-04-22T00:00:00.000,B,18
50113222,SAVOR COFFEE AND MORE,Bronx,3725,RIVERDALE AVENUE,10463,Sandwiches,40.887390905161,-73.907192766165,2025-01-09T00:00:00.000,,18
50113222,SAVOR COFFEE AND MORE,Bronx,3725,RIVERDALE AVENUE,10463,Sandwiches,40.887390905161,-73.907192766165,2025-01-09T00:00:00.000,,18
50113222,SAVOR COFFEE AND MORE,Bronx,3725,RIVERDALE AVENUE,10463,Sandwiches,40.887390905161,-73.907192766165,2025-01-09T00:00:00.000,,18
50113222,SAVOR COFFEE AND MORE,Bronx,3725,RIVERDALE AVENUE,10463,Sandwiches,40.887390905161,-73.907192766165,2024-08-29T00:00:00.000,A,12
50113222,SAVOR COFFEE AND MORE,Bronx,3725,RIVERDALE AVENUE,10463,Sandwiches,40.887390905161,-73.907192766165,2024-08-29T00:00:00.000,A,12
50113222,SAVOR COFFEE AND MORE,Bronx,3725,RIVERDALE AVENUE,10463,Sandwiches,40.887390905161,-73.907192766165,2024-05-21T00:00:00.000,,31
50113222,SAVOR COFFEE AND MORE,Bronx,3725,RIVERDALE AVENUE,10463,Sandwiches,40.887390905161,-73.907192766165,2024-05-21T00:00:00.000,,31
50113222,SAVOR COFFEE AND MORE,Bronx,3725,RIVERDALE AVENUE,10463,Sandwiches,40.887390905161,-73.907192766165,2024-05-21T00:00:00.000,,31
50113222,SAVOR COFFEE AND MORE,Bronx,3725,RIVERDALE AVENUE,10463,Sandwiches,40.887390905161,-73.907192766165,2024-05-21T00:00:00.000,,31
50113222,SAVOR COFFEE AND MORE,Bronx,3725,RIVERDALE AVENUE,10463,Sandwiches,40.887390905161,-73.907192766165,2024-05-21T00:00:00.000,,31
50113222,SAVOR COFFEE AND MORE,Bronx,3725,RIVERDALE AVENUE,10463,Sandwiches,40.887390905161,-73.907192766165,2023-07-24T00:00:00.000,A,12
50113222,SAVOR COFFEE AND MORE,Bronx,3725,RIVERDALE AVENUE,10463,Sandwiches,40.887390905161,-73.907192766165,2023-07-24T00:00:00.000,A,12
50113222,SAVOR COFFEE AND MORE,Bronx,3725,RIVERDALE AVENUE,10463,Sandwiches,40.887390905161,-73.907192766165,2023-07-13T00:00:00.000,,28
50113222,SAVOR COFFEE AND MORE,Bronx,3725,RIVERDALE AVENUE,10463,Sandwiches,40.887390905161,-73.907192766165,2023-07-13T00:00:00.000,,28
50113222,SAVOR COFFEE AND MORE,Bronx,3725,RIVERDALE AVENUE,10463,Sandwiches,40.887390905161,-73.907192766165,2023-07-13T00:00:00.000,,28
50113222,SAVOR COFFEE AND MORE,Bronx,3725,RIVERDALE AVENUE,10463,Sandwiches,40.887390905161,-73.907192766165,2023-07-13T00:00:00.000,,28
50113222,SAVOR COFFEE AND MORE,Bronx,3725,RIVERDALE AVENUE,10463,Sandwiches,40.887390905161,-73.907192766165,2023-07-13T00:00:00.000,,28
50113222,SAVOR COFFEE AND MORE,Bronx,3725,RIVERDALE AVENUE,10463,Sandwiches,40.887390905161,-73.907192766165,2023-07-13T00:00:00.000,,28
50113222,SAVOR COFFEE AND MORE,Bronx,3725,RIVERDALE AVENUE,10463,Sandwiches,40.887390905161,-73.907192766165,2023-07-13T00:00:00.000,,28
50116337,SOSUA SEAFOOD,Bronx,57,WEST  170 STREET,10452,Seafood,40.840383897129,-73.920851228244,2025-03-05T00:00:00.000,A,11
50116337,SOSUA SEAFOOD,Bronx,57,WEST  170 STREET,10452,Seafood,40.840383897129,-73.920851228244,2025-03-05T00:00:00.000,A,11
50116337,SOSUA SEAFOOD,Bronx,57,WEST  170 STREET,10452,Seafood,40.840383897129,-73.920851228244,2023-08-14T00:00:00.000,A,10
50116337,SOSUA SEAFOOD,Bronx,57,WEST  170 STREET,10452,Seafood,40.840383897129,-73.920851228244,2023-08-14T00:00:00.000,A,10
50116337,SOSUA SEAFOOD,Bronx,57,WEST  170 STREET,10452,Seafood,40.840383897129,-73.920851228244,2022-07-05T00:00:00.000,A,10
50116337,SOSUA SEAFOOD,Bronx,57,WEST  170 STREET,10452,Seafood,40.840383897129,-73.920851228244,2022-07-05T00:00:00.000,,
50116337,SOSUA SEAFOOD,Bronx,57,WEST  170 STREET,10452,Seafood,40.840383897129,-73.920851228244,2022-07-05T00:00:00.000,,
50116337,SOSUA SEAFOOD,Bronx,57,WEST  170 STREET,10452,Seafood,40.840383897129,-73.920851228244,2022-07-05T00:00:00.000,A,10
50116337,SOSUA SEAFOOD,Bronx,57,WEST  170 STREET,10452,Seafood,40.840383897129,-73.920851228244,2022-07-05T00:00:00.000,A,10
50116337,SOSUA SEAFOOD,Bronx,57,WEST  170 STREET,10452,Seafood,40.840383897129,-73.920851228244,2022-04-20T00:00:00.000,,33
50116337,SOSUA SEAFOOD,Bronx,57,WEST  170 STREET,10452,Seafood,40.840383897129,-73.920851228244,2022-04-20T00:00:00.000,,33
50116337,SOSUA SEAFOOD,Bronx,57,WEST  170 STREET,10452,Seafood,40.840383897129,-73.920851228244,2022-04-20T00:00:00.000,,33
50116337,SOSUA SEAFOOD,Bronx,57,WEST  170 STREET,10452,Seafood,40.840383897129,-73.920851228244,2022-04-20T00:00:00.000,,33
50116337,SOSUA SEAFOOD,Bronx,57,WEST  170 STREET,10452,Seafood,40.840383897129,-73.920851228244,2022-04-20T00:00:00.000,,33
50116792,HOOK & REEL CAJUN SEAFOOD & BAR,Bronx,236,EAST  161 STREET,10451,Seafood,40.825959482454,-73.919686898428,2026-07-14T00:00:00.000,,
50116792,HOOK & REEL CAJUN SEAFOOD & BAR,Bronx,236,EAST  161 STREET,10451,Seafood,40.825959482454,-73.919686898428,2026-05-12T00:00:00.000,B,25
50116792,HOOK & REEL CAJUN SEAFOOD & BAR,Bronx,236,EAST  161 STREET,10451,Seafood,40.825959482454,-73.919686898428,2026-05-12T00:00:00.000,B,25
50116792,HOOK & REEL CAJUN SEAFOOD & BAR,Bronx,236,EAST  161 STREET,10451,Seafood,40.825959482454,-73.919686898428,2026-05-12T00:00:00.000,B,25
50116792,HOOK & REEL CAJUN SEAFOOD & BAR,Bronx,236,EAST  161 STREET,10451,Seafood,40.825959482454,-73.919686898428,2026-05-12T00:00:00.000,B,25
50116792,HOOK & REEL CAJUN SEAFOOD & BAR,Bronx,236,EAST  161 STREET,10451,Seafood,40.825959482454,-73.919686898428,2026-05-12T00:00:00.000,B,25
50116792,HOOK & REEL CAJUN SEAFOOD & BAR,Bronx,236,EAST  161 STREET,10451,Seafood,40.825959482454,-73.919686898428,2025-11-05T00:00:00.000,,18
50116792,HOOK & REEL CAJUN SEAFOOD & BAR,Bronx,236,EAST  161 STREET,10451,Seafood,40.825959482454,-73.919686898428,2025-11-05T00:00:00.000,,18
50116792,HOOK & REEL CAJUN SEAFOOD & BAR,Bronx,236,EAST  161 STREET,10451,Seafood,40.825959482454,-73.919686898428,2025-11-05T00:00:00.000,,18
50116792,HOOK & REEL CAJUN SEAFOOD & BAR,Bronx,236,EAST  161 STREET,10451,Seafood,40.825959482454,-73.919686898428,2025-11-05T00:00:00.000,,18
50116792,HOOK & REEL CAJUN SEAFOOD & BAR,Bronx,236,EAST  161 STREET,10451,Seafood,40.825959482454,-73.919686898428,2025-11-05T00:00:00.000,,18
50116792,HOOK & REEL CAJUN SEAFOOD & BAR,Bronx,236,EAST  161 STREET,10451,Seafood,40.825959482454,-73.919686898428,2025-11-05T00:00:00.000,,18
50116792,HOOK & REEL CAJUN SEAFOOD & BAR,Bronx,236,EAST  161 STREET,10451,Seafood,40.825959482454,-73.919686898428,2024-03-18T00:00:00.000,A,5
50116792,HOOK & REEL CAJUN SEAFOOD & BAR,Bronx,236,EAST  161 STREET,10451,Seafood,40.825959482454,-73.919686898428,2024-03-18T00:00:00.000,A,5
50116792,HOOK & REEL CAJUN SEAFOOD & BAR,Bronx,236,EAST  161 STREET,10451,Seafood,40.825959482454,-73.919686898428,2023-09-05T00:00:00.000,C,32
50116792,HOOK & REEL CAJUN SEAFOOD & BAR,Bronx,236,EAST  161 STREET,10451,Seafood,40.825959482454,-73.919686898428,2023-09-05T00:00:00.000,C,32
50116792,HOOK & REEL CAJUN SEAFOOD & BAR,Bronx,236,EAST  161 STREET,10451,Seafood,40.825959482454,-73.919686898428,2023-09-05T00:00:00.000,C,32
50116792,HOOK & REEL CAJUN SEAFOOD & BAR,Bronx,236,EAST  161 STREET,10451,Seafood,40.825959482454,-73.919686898428,2023-09-05T00:00:00.000,C,32
50116792,HOOK & REEL CAJUN SEAFOOD & BAR,Bronx,236,EAST  161 STREET,10451,Seafood,40.825959482454,-73.919686898428,2023-09-05T00:00:00.000,C,32
50116792,HOOK & REEL CAJUN SEAFOOD & BAR,Bronx,236,EAST  161 STREET,10451,Seafood,40.825959482454,-73.919686898428,2023-09-05T00:00:00.000,C,32
50119321,GRAB & GO,Bronx,441,EAST FORDHAM ROAD,10458,Sandwiches,40.860726736162,-73.889533661913,2026-07-15T00:00:00.000,A,0
50119321,GRAB & GO,Bronx,441,EAST FORDHAM ROAD,10458,Sandwiches,40.860726736162,-73.889533661913,2024-10-28T00:00:00.000,A,0
50119321,GRAB & GO,Bronx,441,EAST FORDHAM ROAD,10458,Sandwiches,40.860726736162,-73.889533661913,2023-08-23T00:00:00.000,,0
50119837,FOUTA HALAL FOOD,Bronx,1762,WESTCHESTER AVENUE,10472,African,40.831406629348,-73.867944216568,2025-09-17T00:00:00.000,B,17
50119837,FOUTA HALAL FOOD,Bronx,1762,WESTCHESTER AVENUE,10472,African,40.831406629348,-73.867944216568,2025-09-17T00:00:00.000,B,17
50119837,FOUTA HALAL FOOD,Bronx,1762,WESTCHESTER AVENUE,10472,African,40.831406629348,-73.867944216568,2025-08-13T00:00:00.000,,36
50119837,FOUTA HALAL FOOD,Bronx,1762,WESTCHESTER AVENUE,10472,African,40.831406629348,-73.867944216568,2025-08-13T00:00:00.000,,36
50119837,FOUTA HALAL FOOD,Bronx,1762,WESTCHESTER AVENUE,10472,African,40.831406629348,-73.867944216568,2025-08-13T00:00:00.000,,36
50119837,FOUTA HALAL FOOD,Bronx,1762,WESTCHESTER AVENUE,10472,African,40.831406629348,-73.867944216568,2025-08-13T00:00:00.000,,36
50119837,FOUTA HALAL FOOD,Bronx,1762,WESTCHESTER AVENUE,10472,African,40.831406629348,-73.867944216568,2025-08-13T00:00:00.000,,36
50119837,FOUTA HALAL FOOD,Bronx,1762,WESTCHESTER AVENUE,10472,African,40.831406629348,-73.867944216568,2024-06-07T00:00:00.000,B,26
50119837,FOUTA HALAL FOOD,Bronx,1762,WESTCHESTER AVENUE,10472,African,40.831406629348,-73.867944216568,2024-06-07T00:00:00.000,B,26
50119837,FOUTA HALAL FOOD,Bronx,1762,WESTCHESTER AVENUE,10472,African,40.831406629348,-73.867944216568,2024-06-07T00:00:00.000,B,26
50119837,FOUTA HALAL FOOD,Bronx,1762,WESTCHESTER AVENUE,10472,African,40.831406629348,-73.867944216568,2024-06-07T00:00:00.000,B,26
50119837,FOUTA HALAL FOOD,Bronx,1762,WESTCHESTER AVENUE,10472,African,40.831406629348,-73.867944216568,2023-12-22T00:00:00.000,,21
50119837,FOUTA HALAL FOOD,Bronx,1762,WESTCHESTER AVENUE,10472,African,40.831406629348,-73.867944216568,2023-12-22T00:00:00.000,,21
50119837,FOUTA HALAL FOOD,Bronx,1762,WESTCHESTER AVENUE,10472,African,40.831406629348,-73.867944216568,2023-12-22T00:00:00.000,,21
50119837,FOUTA HALAL FOOD,Bronx,1762,WESTCHESTER AVENUE,10472,African,40.831406629348,-73.867944216568,2023-12-22T00:00:00.000,,21
50119837,FOUTA HALAL FOOD,Bronx,1762,WESTCHESTER AVENUE,10472,African,40.831406629348,-73.867944216568,2023-12-22T00:00:00.000,,21
50119837,FOUTA HALAL FOOD,Bronx,1762,WESTCHESTER AVENUE,10472,African,40.831406629348,-73.867944216568,2023-12-22T00:00:00.000,,21
50119837,FOUTA HALAL FOOD,Bronx,1762,WESTCHESTER AVENUE,10472,African,40.831406629348,-73.867944216568,2023-12-22T00:00:00.000,,21
50119837,FOUTA HALAL FOOD,Bronx,1762,WESTCHESTER AVENUE,10472,African,40.831406629348,-73.867944216568,2023-12-22T00:00:00.000,,
50119837,FOUTA HALAL FOOD,Bronx,1762,WESTCHESTER AVENUE,10472,African,40.831406629348,-73.867944216568,2022-09-19T00:00:00.000,,27
50119837,FOUTA HALAL FOOD,Bronx,1762,WESTCHESTER AVENUE,10472,African,40.831406629348,-73.867944216568,2022-09-19T00:00:00.000,,27
50119837,FOUTA HALAL FOOD,Bronx,1762,WESTCHESTER AVENUE,10472,African,40.831406629348,-73.867944216568,2022-09-19T00:00:00.000,,27
50119837,FOUTA HALAL FOOD,Bronx,1762,WESTCHESTER AVENUE,10472,African,40.831406629348,-73.867944216568,2022-09-19T00:00:00.000,,27
50120573,BABY CRAB SEAFOOD & GRILL,Bronx,5740,BROADWAY,10463,Seafood,40.882860546792,-73.901998704476,2025-04-07T00:00:00.000,A,13
50120573,BABY CRAB SEAFOOD & GRILL,Bronx,5740,BROADWAY,10463,Seafood,40.882860546792,-73.901998704476,2025-04-07T00:00:00.000,A,13
50120573,BABY CRAB SEAFOOD & GRILL,Bronx,5740,BROADWAY,10463,Seafood,40.882860546792,-73.901998704476,2024-03-14T00:00:00.000,A,11
50120573,BABY CRAB SEAFOOD & GRILL,Bronx,5740,BROADWAY,10463,Seafood,40.882860546792,-73.901998704476,2024-03-14T00:00:00.000,A,11
50123723,SEAFOOD SOUL AND TINGZ,Bronx,563,EAST TREMONT AVENUE,10457,American,40.846502987391,-73.894812762505,2026-05-20T00:00:00.000,,52
50123723,SEAFOOD SOUL AND TINGZ,Bronx,563,EAST TREMONT AVENUE,10457,American,40.846502987391,-73.894812762505,2026-05-20T00:00:00.000,,52
50123723,SEAFOOD SOUL AND TINGZ,Bronx,563,EAST TREMONT AVENUE,10457,American,40.846502987391,-73.894812762505,2026-05-20T00:00:00.000,,52
50123723,SEAFOOD SOUL AND TINGZ,Bronx,563,EAST TREMONT AVENUE,10457,American,40.846502987391,-73.894812762505,2026-05-20T00:00:00.000,,52
50123723,SEAFOOD SOUL AND TINGZ,Bronx,563,EAST TREMONT AVENUE,10457,American,40.846502987391,-73.894812762505,2026-05-20T00:00:00.000,,52
50123723,SEAFOOD SOUL AND TINGZ,Bronx,563,EAST TREMONT AVENUE,10457,American,40.846502987391,-73.894812762505,2026-05-20T00:00:00.000,,52
50123723,SEAFOOD SOUL AND TINGZ,Bronx,563,EAST TREMONT AVENUE,10457,American,40.846502987391,-73.894812762505,2026-05-20T00:00:00.000,,52
50123723,SEAFOOD SOUL AND TINGZ,Bronx,563,EAST TREMONT AVENUE,10457,American,40.846502987391,-73.894812762505,2026-05-20T00:00:00.000,,52
50123723,SEAFOOD SOUL AND TINGZ,Bronx,563,EAST TREMONT AVENUE,10457,American,40.846502987391,-73.894812762505,2026-05-20T00:00:00.000,,
50123723,SEAFOOD SOUL AND TINGZ,Bronx,563,EAST TREMONT AVENUE,10457,American,40.846502987391,-73.894812762505,2026-05-20T00:00:00.000,,52
50123723,SEAFOOD SOUL AND TINGZ,Bronx,563,EAST TREMONT AVENUE,10457,American,40.846502987391,-73.894812762505,2025-01-29T00:00:00.000,B,19
50123723,SEAFOOD SOUL AND TINGZ,Bronx,563,EAST TREMONT AVENUE,10457,American,40.846502987391,-73.894812762505,2025-01-29T00:00:00.000,B,19
50123723,SEAFOOD SOUL AND TINGZ,Bronx,563,EAST TREMONT AVENUE,10457,American,40.846502987391,-73.894812762505,2025-01-29T00:00:00.000,B,19
50123723,SEAFOOD SOUL AND TINGZ,Bronx,563,EAST TREMONT AVENUE,10457,American,40.846502987391,-73.894812762505,2024-11-04T00:00:00.000,,53
50123723,SEAFOOD SOUL AND TINGZ,Bronx,563,EAST TREMONT AVENUE,10457,American,40.846502987391,-73.894812762505,2024-11-04T00:00:00.000,,53
50123723,SEAFOOD SOUL AND TINGZ,Bronx,563,EAST TREMONT AVENUE,10457,American,40.846502987391,-73.894812762505,2024-11-04T00:00:00.000,,53
50123723,SEAFOOD SOUL AND TINGZ,Bronx,563,EAST TREMONT AVENUE,10457,American,40.846502987391,-73.894812762505,2024-11-04T00:00:00.000,,53
50123723,SEAFOOD SOUL AND TINGZ,Bronx,563,EAST TREMONT AVENUE,10457,American,40.846502987391,-73.894812762505,2024-11-04T00:00:00.000,,53
50123723,SEAFOOD SOUL AND TINGZ,Bronx,563,EAST TREMONT AVENUE,10457,American,40.846502987391,-73.894812762505,2024-11-04T00:00:00.000,,53
50123723,SEAFOOD SOUL AND TINGZ,Bronx,563,EAST TREMONT AVENUE,10457,American,40.846502987391,-73.894812762505,2024-11-04T00:00:00.000,,53
50123723,SEAFOOD SOUL AND TINGZ,Bronx,563,EAST TREMONT AVENUE,10457,American,40.846502987391,-73.894812762505,2024-11-04T00:00:00.000,,53
50123723,SEAFOOD SOUL AND TINGZ,Bronx,563,EAST TREMONT AVENUE,10457,American,40.846502987391,-73.894812762505,2024-11-04T00:00:00.000,,53
50123723,SEAFOOD SOUL AND TINGZ,Bronx,563,EAST TREMONT AVENUE,10457,American,40.846502987391,-73.894812762505,2023-07-20T00:00:00.000,A,10
50123723,SEAFOOD SOUL AND TINGZ,Bronx,563,EAST TREMONT AVENUE,10457,American,40.846502987391,-73.894812762505,2023-07-20T00:00:00.000,A,10
50123723,SEAFOOD SOUL AND TINGZ,Bronx,563,EAST TREMONT AVENUE,10457,American,40.846502987391,-73.894812762505,2023-07-20T00:00:00.000,A,10
50125107,LEE'S DELI,Bronx,214,EAST  188 STREET,10458,Sandwiches/Salads/Mixed Buffet,40.861178453964,-73.897153825718,2026-03-25T00:00:00.000,A,11
50125107,LEE'S DELI,Bronx,214,EAST  188 STREET,10458,Sandwiches/Salads/Mixed Buffet,40.861178453964,-73.897153825718,2026-03-25T00:00:00.000,A,11
50125107,LEE'S DELI,Bronx,214,EAST  188 STREET,10458,Sandwiches/Salads/Mixed Buffet,40.861178453964,-73.897153825718,2026-03-25T00:00:00.000,A,11
50125107,LEE'S DELI,Bronx,214,EAST  188 STREET,10458,Sandwiches/Salads/Mixed Buffet,40.861178453964,-73.897153825718,2026-02-10T00:00:00.000,,33
50125107,LEE'S DELI,Bronx,214,EAST  188 STREET,10458,Sandwiches/Salads/Mixed Buffet,40.861178453964,-73.897153825718,2026-02-10T00:00:00.000,,33
50125107,LEE'S DELI,Bronx,214,EAST  188 STREET,10458,Sandwiches/Salads/Mixed Buffet,40.861178453964,-73.897153825718,2026-02-10T00:00:00.000,,33
50125107,LEE'S DELI,Bronx,214,EAST  188 STREET,10458,Sandwiches/Salads/Mixed Buffet,40.861178453964,-73.897153825718,2026-02-10T00:00:00.000,,33
50125107,LEE'S DELI,Bronx,214,EAST  188 STREET,10458,Sandwiches/Salads/Mixed Buffet,40.861178453964,-73.897153825718,2026-02-10T00:00:00.000,,33
50125107,LEE'S DELI,Bronx,214,EAST  188 STREET,10458,Sandwiches/Salads/Mixed Buffet,40.861178453964,-73.897153825718,2026-02-10T00:00:00.000,,33
50125107,LEE'S DELI,Bronx,214,EAST  188 STREET,10458,Sandwiches/Salads/Mixed Buffet,40.861178453964,-73.897153825718,2026-02-10T00:00:00.000,,33
50125107,LEE'S DELI,Bronx,214,EAST  188 STREET,10458,Sandwiches/Salads/Mixed Buffet,40.861178453964,-73.897153825718,2026-02-10T00:00:00.000,,33
50125107,LEE'S DELI,Bronx,214,EAST  188 STREET,10458,Sandwiches/Salads/Mixed Buffet,40.861178453964,-73.897153825718,2026-02-10T00:00:00.000,,33
50125107,LEE'S DELI,Bronx,214,EAST  188 STREET,10458,Sandwiches/Salads/Mixed Buffet,40.861178453964,-73.897153825718,2026-02-10T00:00:00.000,,33
50125107,LEE'S DELI,Bronx,214,EAST  188 STREET,10458,Sandwiches/Salads/Mixed Buffet,40.861178453964,-73.897153825718,2026-02-10T00:00:00.000,,33
50125107,LEE'S DELI,Bronx,214,EAST  188 STREET,10458,Sandwiches/Salads/Mixed Buffet,40.861178453964,-73.897153825718,2026-02-10T00:00:00.000,,33
50125107,LEE'S DELI,Bronx,214,EAST  188 STREET,10458,Sandwiches/Salads/Mixed Buffet,40.861178453964,-73.897153825718,2024-10-30T00:00:00.000,A,13
50125107,LEE'S DELI,Bronx,214,EAST  188 STREET,10458,Sandwiches/Salads/Mixed Buffet,40.861178453964,-73.897153825718,2024-10-30T00:00:00.000,A,13
50125107,LEE'S DELI,Bronx,214,EAST  188 STREET,10458,Sandwiches/Salads/Mixed Buffet,40.861178453964,-73.897153825718,2023-08-15T00:00:00.000,A,13
50125107,LEE'S DELI,Bronx,214,EAST  188 STREET,10458,Sandwiches/Salads/Mixed Buffet,40.861178453964,-73.897153825718,2023-08-15T00:00:00.000,A,13
50125107,LEE'S DELI,Bronx,214,EAST  188 STREET,10458,Sandwiches/Salads/Mixed Buffet,40.861178453964,-73.897153825718,2023-08-15T00:00:00.000,A,13
50125107,LEE'S DELI,Bronx,214,EAST  188 STREET,10458,Sandwiches/Salads/Mixed Buffet,40.861178453964,-73.897153825718,2023-07-31T00:00:00.000,,
50125107,LEE'S DELI,Bronx,214,EAST  188 STREET,10458,Sandwiches/Salads/Mixed Buffet,40.861178453964,-73.897153825718,2023-07-31T00:00:00.000,,32
50125107,LEE'S DELI,Bronx,214,EAST  188 STREET,10458,Sandwiches/Salads/Mixed Buffet,40.861178453964,-73.897153825718,2023-07-31T00:00:00.000,,32
50125107,LEE'S DELI,Bronx,214,EAST  188 STREET,10458,Sandwiches/Salads/Mixed Buffet,40.861178453964,-73.897153825718,2023-07-31T00:00:00.000,,32
50125107,LEE'S DELI,Bronx,214,EAST  188 STREET,10458,Sandwiches/Salads/Mixed Buffet,40.861178453964,-73.897153825718,2023-07-31T00:00:00.000,,
50128572,SUBWAY,Bronx,839,PROSPECT AVENUE,10459,Sandwiches,40.820060569313,-73.901466497603,2026-02-03T00:00:00.000,A,11
50128572,SUBWAY,Bronx,839,PROSPECT AVENUE,10459,Sandwiches,40.820060569313,-73.901466497603,2026-02-03T00:00:00.000,A,11
50128572,SUBWAY,Bronx,839,PROSPECT AVENUE,10459,Sandwiches,40.820060569313,-73.901466497603,2026-02-03T00:00:00.000,A,11
50128572,SUBWAY,Bronx,839,PROSPECT AVENUE,10459,Sandwiches,40.820060569313,-73.901466497603,2025-04-25T00:00:00.000,A,10
50128572,SUBWAY,Bronx,839,PROSPECT AVENUE,10459,Sandwiches,40.820060569313,-73.901466497603,2025-04-25T00:00:00.000,A,10
50128572,SUBWAY,Bronx,839,PROSPECT AVENUE,10459,Sandwiches,40.820060569313,-73.901466497603,2025-04-25T00:00:00.000,A,10
50128572,SUBWAY,Bronx,839,PROSPECT AVENUE,10459,Sandwiches,40.820060569313,-73.901466497603,2025-03-10T00:00:00.000,,31
50128572,SUBWAY,Bronx,839,PROSPECT AVENUE,10459,Sandwiches,40.820060569313,-73.901466497603,2025-03-10T00:00:00.000,,31
50128572,SUBWAY,Bronx,839,PROSPECT AVENUE,10459,Sandwiches,40.820060569313,-73.901466497603,2025-03-10T00:00:00.000,,31
50128572,SUBWAY,Bronx,839,PROSPECT AVENUE,10459,Sandwiches,40.820060569313,-73.901466497603,2025-03-10T00:00:00.000,,31
50128572,SUBWAY,Bronx,839,PROSPECT AVENUE,10459,Sandwiches,40.820060569313,-73.901466497603,2025-03-10T00:00:00.000,,31
50128572,SUBWAY,Bronx,839,PROSPECT AVENUE,10459,Sandwiches,40.820060569313,-73.901466497603,2024-08-19T00:00:00.000,B,19
50128572,SUBWAY,Bronx,839,PROSPECT AVENUE,10459,Sandwiches,40.820060569313,-73.901466497603,2024-08-19T00:00:00.000,B,19
50128572,SUBWAY,Bronx,839,PROSPECT AVENUE,10459,Sandwiches,40.820060569313,-73.901466497603,2024-08-19T00:00:00.000,B,19
50128572,SUBWAY,Bronx,839,PROSPECT AVENUE,10459,Sandwiches,40.820060569313,-73.901466497603,2024-08-19T00:00:00.000,B,19
50128572,SUBWAY,Bronx,839,PROSPECT AVENUE,10459,Sandwiches,40.820060569313,-73.901466497603,2024-05-22T00:00:00.000,,43
50128572,SUBWAY,Bronx,839,PROSPECT AVENUE,10459,Sandwiches,40.820060569313,-73.901466497603,2024-05-22T00:00:00.000,,43
50128572,SUBWAY,Bronx,839,PROSPECT AVENUE,10459,Sandwiches,40.820060569313,-73.901466497603,2024-05-22T00:00:00.000,,43
50128572,SUBWAY,Bronx,839,PROSPECT AVENUE,10459,Sandwiches,40.820060569313,-73.901466497603,2024-05-22T00:00:00.000,,43
50128572,SUBWAY,Bronx,839,PROSPECT AVENUE,10459,Sandwiches,40.820060569313,-73.901466497603,2024-05-22T00:00:00.000,,43
50128572,SUBWAY,Bronx,839,PROSPECT AVENUE,10459,Sandwiches,40.820060569313,-73.901466497603,2024-05-22T00:00:00.000,,43
50131148,BRIANNAS PIZZERIA AND SPANISH FOOD,Bronx,969,PROSPECT AVENUE,10459,Spanish,40.82262873318,-73.900404032222,2026-08-10T00:00:00.000,,19
50131148,BRIANNAS PIZZERIA AND SPANISH FOOD,Bronx,969,PROSPECT AVENUE,10459,Spanish,40.82262873318,-73.900404032222,2026-08-10T00:00:00.000,,19
50131148,BRIANNAS PIZZERIA AND SPANISH FOOD,Bronx,969,PROSPECT AVENUE,10459,Spanish,40.82262873318,-73.900404032222,2026-08-10T00:00:00.000,,19
50131148,BRIANNAS PIZZERIA AND SPANISH FOOD,Bronx,969,PROSPECT AVENUE,10459,Spanish,40.82262873318,-73.900404032222,2026-08-10T00:00:00.000,,19
50131148,BRIANNAS PIZZERIA AND SPANISH FOOD,Bronx,969,PROSPECT AVENUE,10459,Spanish,40.82262873318,-73.900404032222,2025-01-08T00:00:00.000,A,13
50131148,BRIANNAS PIZZERIA AND SPANISH FOOD,Bronx,969,PROSPECT AVENUE,10459,Spanish,40.82262873318,-73.900404032222,2025-01-08T00:00:00.000,A,13
50131148,BRIANNAS PIZZERIA AND SPANISH FOOD,Bronx,969,PROSPECT AVENUE,10459,Spanish,40.82262873318,-73.900404032222,2023-10-11T00:00:00.000,A,10
50131148,BRIANNAS PIZZERIA AND SPANISH FOOD,Bronx,969,PROSPECT AVENUE,10459,Spanish,40.82262873318,-73.900404032222,2023-10-11T00:00:00.000,A,10
50131704,TEHUACAN DELI GROCERY & TAQUERIA,Bronx,1837,WESTCHESTER AVENUE,10472,Mexican,40.832330663428,-73.864773192356,2026-02-05T00:00:00.000,B,20
50131704,TEHUACAN DELI GROCERY & TAQUERIA,Bronx,1837,WESTCHESTER AVENUE,10472,Mexican,40.832330663428,-73.864773192356,2026-02-05T00:00:00.000,B,20
50131704,TEHUACAN DELI GROCERY & TAQUERIA,Bronx,1837,WESTCHESTER AVENUE,10472,Mexican,40.832330663428,-73.864773192356,2026-02-05T00:00:00.000,B,20
50131704,TEHUACAN DELI GROCERY & TAQUERIA,Bronx,1837,WESTCHESTER AVENUE,10472,Mexican,40.832330663428,-73.864773192356,2026-02-05T00:00:00.000,B,20
50131704,TEHUACAN DELI GROCERY & TAQUERIA,Bronx,1837,WESTCHESTER AVENUE,10472,Mexican,40.832330663428,-73.864773192356,2026-02-05T00:00:00.000,B,20
50131704,TEHUACAN DELI GROCERY & TAQUERIA,Bronx,1837,WESTCHESTER AVENUE,10472,Mexican,40.832330663428,-73.864773192356,2025-10-27T00:00:00.000,,31
50131704,TEHUACAN DELI GROCERY & TAQUERIA,Bronx,1837,WESTCHESTER AVENUE,10472,Mexican,40.832330663428,-73.864773192356,2025-10-27T00:00:00.000,,31
50131704,TEHUACAN DELI GROCERY & TAQUERIA,Bronx,1837,WESTCHESTER AVENUE,10472,Mexican,40.832330663428,-73.864773192356,2025-10-27T00:00:00.000,,31
50131704,TEHUACAN DELI GROCERY & TAQUERIA,Bronx,1837,WESTCHESTER AVENUE,10472,Mexican,40.832330663428,-73.864773192356,2025-10-27T00:00:00.000,,
50131704,TEHUACAN DELI GROCERY & TAQUERIA,Bronx,1837,WESTCHESTER AVENUE,10472,Mexican,40.832330663428,-73.864773192356,2025-10-27T00:00:00.000,,31
50131704,TEHUACAN DELI GROCERY & TAQUERIA,Bronx,1837,WESTCHESTER AVENUE,10472,Mexican,40.832330663428,-73.864773192356,2025-10-27T00:00:00.000,,31
50131704,TEHUACAN DELI GROCERY & TAQUERIA,Bronx,1837,WESTCHESTER AVENUE,10472,Mexican,40.832330663428,-73.864773192356,2025-07-11T00:00:00.000,C,34
50131704,TEHUACAN DELI GROCERY & TAQUERIA,Bronx,1837,WESTCHESTER AVENUE,10472,Mexican,40.832330663428,-73.864773192356,2025-07-11T00:00:00.000,C,34
50131704,TEHUACAN DELI GROCERY & TAQUERIA,Bronx,1837,WESTCHESTER AVENUE,10472,Mexican,40.832330663428,-73.864773192356,2025-07-11T00:00:00.000,C,34
50131704,TEHUACAN DELI GROCERY & TAQUERIA,Bronx,1837,WESTCHESTER AVENUE,10472,Mexican,40.832330663428,-73.864773192356,2025-07-11T00:00:00.000,C,34
50131704,TEHUACAN DELI GROCERY & TAQUERIA,Bronx,1837,WESTCHESTER AVENUE,10472,Mexican,40.832330663428,-73.864773192356,2024-10-28T00:00:00.000,,17
50131704,TEHUACAN DELI GROCERY & TAQUERIA,Bronx,1837,WESTCHESTER AVENUE,10472,Mexican,40.832330663428,-73.864773192356,2024-10-28T00:00:00.000,,17
50131704,TEHUACAN DELI GROCERY & TAQUERIA,Bronx,1837,WESTCHESTER AVENUE,10472,Mexican,40.832330663428,-73.864773192356,2024-10-28T00:00:00.000,,17
50131704,TEHUACAN DELI GROCERY & TAQUERIA,Bronx,1837,WESTCHESTER AVENUE,10472,Mexican,40.832330663428,-73.864773192356,2024-10-28T00:00:00.000,,17
50131704,TEHUACAN DELI GROCERY & TAQUERIA,Bronx,1837,WESTCHESTER AVENUE,10472,Mexican,40.832330663428,-73.864773192356,2024-10-28T00:00:00.000,,17
50131704,TEHUACAN DELI GROCERY & TAQUERIA,Bronx,1837,WESTCHESTER AVENUE,10472,Mexican,40.832330663428,-73.864773192356,2023-07-26T00:00:00.000,A,13
50131704,TEHUACAN DELI GROCERY & TAQUERIA,Bronx,1837,WESTCHESTER AVENUE,10472,Mexican,40.832330663428,-73.864773192356,2023-07-26T00:00:00.000,A,13
50133152,FOOD BO GARDEN,Bronx,934C,EAST  163 STREET,10459,Chinese,40.820981252654,-73.896580294601,2025-04-30T00:00:00.000,A,12
50133152,FOOD BO GARDEN,Bronx,934C,EAST  163 STREET,10459,Chinese,40.820981252654,-73.896580294601,2025-04-30T00:00:00.000,A,12
50133152,FOOD BO GARDEN,Bronx,934C,EAST  163 STREET,10459,Chinese,40.820981252654,-73.896580294601,2024-11-07T00:00:00.000,,21
50133152,FOOD BO GARDEN,Bronx,934C,EAST  163 STREET,10459,Chinese,40.820981252654,-73.896580294601,2024-11-07T00:00:00.000,,21
50133152,FOOD BO GARDEN,Bronx,934C,EAST  163 STREET,10459,Chinese,40.820981252654,-73.896580294601,2024-11-07T00:00:00.000,,21
50133152,FOOD BO GARDEN,Bronx,934C,EAST  163 STREET,10459,Chinese,40.820981252654,-73.896580294601,2024-11-07T00:00:00.000,,21
50133152,FOOD BO GARDEN,Bronx,934C,EAST  163 STREET,10459,Chinese,40.820981252654,-73.896580294601,2023-08-01T00:00:00.000,A,9
50133152,FOOD BO GARDEN,Bronx,934C,EAST  163 STREET,10459,Chinese,40.820981252654,-73.896580294601,2023-08-01T00:00:00.000,A,9
50133152,FOOD BO GARDEN,Bronx,934C,EAST  163 STREET,10459,Chinese,40.820981252654,-73.896580294601,2023-07-11T00:00:00.000,,45
50133152,FOOD BO GARDEN,Bronx,934C,EAST  163 STREET,10459,Chinese,40.820981252654,-73.896580294601,2023-07-11T00:00:00.000,,45
50133152,FOOD BO GARDEN,Bronx,934C,EAST  163 STREET,10459,Chinese,40.820981252654,-73.896580294601,2023-07-11T00:00:00.000,,45
50133152,FOOD BO GARDEN,Bronx,934C,EAST  163 STREET,10459,Chinese,40.820981252654,-73.896580294601,2023-07-11T00:00:00.000,,45
50133152,FOOD BO GARDEN,Bronx,934C,EAST  163 STREET,10459,Chinese,40.820981252654,-73.896580294601,2023-07-11T00:00:00.000,,45
50133152,FOOD BO GARDEN,Bronx,934C,EAST  163 STREET,10459,Chinese,40.820981252654,-73.896580294601,2023-07-11T00:00:00.000,,45
50133152,FOOD BO GARDEN,Bronx,934C,EAST  163 STREET,10459,Chinese,40.820981252654,-73.896580294601,2023-07-11T00:00:00.000,,45
50133152,FOOD BO GARDEN,Bronx,934C,EAST  163 STREET,10459,Chinese,40.820981252654,-73.896580294601,2023-07-11T00:00:00.000,,45
50133152,FOOD BO GARDEN,Bronx,934C,EAST  163 STREET,10459,Chinese,40.820981252654,-73.896580294601,2023-07-11T00:00:00.000,,45
50134588,Bodega Social MH,Bronx,136,ALEXANDER AVENUE,10454,,40.807360544569,-73.927092968437,1900-01-01T00:00:00.000,,
50134844,BLIMPIE TWIN DONUT,Bronx,196,EAST  161 STREET,10451,Sandwiches/Salads/Mixed Buffet,40.826424451379,-73.921287044249,2026-04-17T00:00:00.000,A,11
50134844,BLIMPIE TWIN DONUT,Bronx,196,EAST  161 STREET,10451,Sandwiches/Salads/Mixed Buffet,40.826424451379,-73.921287044249,2026-04-17T00:00:00.000,A,11
50134844,BLIMPIE TWIN DONUT,Bronx,196,EAST  161 STREET,10451,Sandwiches/Salads/Mixed Buffet,40.826424451379,-73.921287044249,2024-11-04T00:00:00.000,A,9
50134844,BLIMPIE TWIN DONUT,Bronx,196,EAST  161 STREET,10451,Sandwiches/Salads/Mixed Buffet,40.826424451379,-73.921287044249,2024-11-04T00:00:00.000,A,9
50134844,BLIMPIE TWIN DONUT,Bronx,196,EAST  161 STREET,10451,Sandwiches/Salads/Mixed Buffet,40.826424451379,-73.921287044249,2023-07-07T00:00:00.000,A,13
50134844,BLIMPIE TWIN DONUT,Bronx,196,EAST  161 STREET,10451,Sandwiches/Salads/Mixed Buffet,40.826424451379,-73.921287044249,2023-07-07T00:00:00.000,A,13
50134844,BLIMPIE TWIN DONUT,Bronx,196,EAST  161 STREET,10451,Sandwiches/Salads/Mixed Buffet,40.826424451379,-73.921287044249,2023-07-07T00:00:00.000,A,13
50136394,SUBWAY,Bronx,2515,BOSTON ROAD,10467,Sandwiches,40.863596229165,-73.864998601074,2025-09-26T00:00:00.000,A,12
50136394,SUBWAY,Bronx,2515,BOSTON ROAD,10467,Sandwiches,40.863596229165,-73.864998601074,2025-09-26T00:00:00.000,A,12
50136394,SUBWAY,Bronx,2515,BOSTON ROAD,10467,Sandwiches,40.863596229165,-73.864998601074,2024-06-27T00:00:00.000,A,9
50136394,SUBWAY,Bronx,2515,BOSTON ROAD,10467,Sandwiches,40.863596229165,-73.864998601074,2024-06-27T00:00:00.000,A,9
50136394,SUBWAY,Bronx,2515,BOSTON ROAD,10467,Sandwiches,40.863596229165,-73.864998601074,2024-06-27T00:00:00.000,A,9
50136394,SUBWAY,Bronx,2515,BOSTON ROAD,10467,Sandwiches,40.863596229165,-73.864998601074,2023-06-05T00:00:00.000,A,4
50136394,SUBWAY,Bronx,2515,BOSTON ROAD,10467,Sandwiches,40.863596229165,-73.864998601074,2023-06-05T00:00:00.000,A,4
50138197,EXPRESS FORDHAM FRIED SEAFOOD,Bronx,161,EAST  188 STREET,10468,Seafood,40.861670907854,-73.898443709909,2025-11-21T00:00:00.000,A,7
50138197,EXPRESS FORDHAM FRIED SEAFOOD,Bronx,161,EAST  188 STREET,10468,Seafood,40.861670907854,-73.898443709909,2025-11-21T00:00:00.000,A,7
50138197,EXPRESS FORDHAM FRIED SEAFOOD,Bronx,161,EAST  188 STREET,10468,Seafood,40.861670907854,-73.898443709909,2024-06-27T00:00:00.000,A,13
50138197,EXPRESS FORDHAM FRIED SEAFOOD,Bronx,161,EAST  188 STREET,10468,Seafood,40.861670907854,-73.898443709909,2024-06-27T00:00:00.000,A,13
50138197,EXPRESS FORDHAM FRIED SEAFOOD,Bronx,161,EAST  188 STREET,10468,Seafood,40.861670907854,-73.898443709909,2024-06-27T00:00:00.000,A,13
50138197,EXPRESS FORDHAM FRIED SEAFOOD,Bronx,161,EAST  188 STREET,10468,Seafood,40.861670907854,-73.898443709909,2023-10-10T00:00:00.000,B,22
50138197,EXPRESS FORDHAM FRIED SEAFOOD,Bronx,161,EAST  188 STREET,10468,Seafood,40.861670907854,-73.898443709909,2023-10-10T00:00:00.000,B,22
50138197,EXPRESS FORDHAM FRIED SEAFOOD,Bronx,161,EAST  188 STREET,10468,Seafood,40.861670907854,-73.898443709909,2023-10-10T00:00:00.000,B,22
50138197,EXPRESS FORDHAM FRIED SEAFOOD,Bronx,161,EAST  188 STREET,10468,Seafood,40.861670907854,-73.898443709909,2023-10-10T00:00:00.000,B,22
50138197,EXPRESS FORDHAM FRIED SEAFOOD,Bronx,161,EAST  188 STREET,10468,Seafood,40.861670907854,-73.898443709909,2023-08-30T00:00:00.000,,35
50138197,EXPRESS FORDHAM FRIED SEAFOOD,Bronx,161,EAST  188 STREET,10468,Seafood,40.861670907854,-73.898443709909,2023-08-30T00:00:00.000,,35
50138197,EXPRESS FORDHAM FRIED SEAFOOD,Bronx,161,EAST  188 STREET,10468,Seafood,40.861670907854,-73.898443709909,2023-08-30T00:00:00.000,,35
50138197,EXPRESS FORDHAM FRIED SEAFOOD,Bronx,161,EAST  188 STREET,10468,Seafood,40.861670907854,-73.898443709909,2023-08-30T00:00:00.000,,35
50138197,EXPRESS FORDHAM FRIED SEAFOOD,Bronx,161,EAST  188 STREET,10468,Seafood,40.861670907854,-73.898443709909,2023-08-30T00:00:00.000,,35
50138197,EXPRESS FORDHAM FRIED SEAFOOD,Bronx,161,EAST  188 STREET,10468,Seafood,40.861670907854,-73.898443709909,2023-08-30T00:00:00.000,,35
50138197,EXPRESS FORDHAM FRIED SEAFOOD,Bronx,161,EAST  188 STREET,10468,Seafood,40.861670907854,-73.898443709909,2023-08-30T00:00:00.000,,35
50142021,ARNAUD STEAK & SEAFOOD,Bronx,5686,RIVERDALE AVENUE,10471,Latin American,40.90642856918,-73.904203177041,2026-01-17T00:00:00.000,B,21
50142021,ARNAUD STEAK & SEAFOOD,Bronx,5686,RIVERDALE AVENUE,10471,Latin American,40.90642856918,-73.904203177041,2026-01-17T00:00:00.000,B,21
50142021,ARNAUD STEAK & SEAFOOD,Bronx,5686,RIVERDALE AVENUE,10471,Latin American,40.90642856918,-73.904203177041,2026-01-17T00:00:00.000,B,21
50142021,ARNAUD STEAK & SEAFOOD,Bronx,5686,RIVERDALE AVENUE,10471,Latin American,40.90642856918,-73.904203177041,2026-01-17T00:00:00.000,B,21
50142021,ARNAUD STEAK & SEAFOOD,Bronx,5686,RIVERDALE AVENUE,10471,Latin American,40.90642856918,-73.904203177041,2025-12-12T00:00:00.000,,46
50142021,ARNAUD STEAK & SEAFOOD,Bronx,5686,RIVERDALE AVENUE,10471,Latin American,40.90642856918,-73.904203177041,2025-12-12T00:00:00.000,,46
50142021,ARNAUD STEAK & SEAFOOD,Bronx,5686,RIVERDALE AVENUE,10471,Latin American,40.90642856918,-73.904203177041,2025-12-12T00:00:00.000,,46
50142021,ARNAUD STEAK & SEAFOOD,Bronx,5686,RIVERDALE AVENUE,10471,Latin American,40.90642856918,-73.904203177041,2025-12-12T00:00:00.000,,46
50142021,ARNAUD STEAK & SEAFOOD,Bronx,5686,RIVERDALE AVENUE,10471,Latin American,40.90642856918,-73.904203177041,2025-12-12T00:00:00.000,,46
50142021,ARNAUD STEAK & SEAFOOD,Bronx,5686,RIVERDALE AVENUE,10471,Latin American,40.90642856918,-73.904203177041,2025-12-12T00:00:00.000,,46
50142021,ARNAUD STEAK & SEAFOOD,Bronx,5686,RIVERDALE AVENUE,10471,Latin American,40.90642856918,-73.904203177041,2025-12-12T00:00:00.000,,46
50142021,ARNAUD STEAK & SEAFOOD,Bronx,5686,RIVERDALE AVENUE,10471,Latin American,40.90642856918,-73.904203177041,2025-12-12T00:00:00.000,,46
50142021,ARNAUD STEAK & SEAFOOD,Bronx,5686,RIVERDALE AVENUE,10471,Latin American,40.90642856918,-73.904203177041,2025-12-12T00:00:00.000,,46
50142276,PANERA BREAD,Bronx,340,BAYCHESTER AVENUE,10475,Sandwiches,40.867773028994,-73.831245708274,2025-08-29T00:00:00.000,A,13
50142276,PANERA BREAD,Bronx,340,BAYCHESTER AVENUE,10475,Sandwiches,40.867773028994,-73.831245708274,2025-08-29T00:00:00.000,A,13
50142276,PANERA BREAD,Bronx,340,BAYCHESTER AVENUE,10475,Sandwiches,40.867773028994,-73.831245708274,2025-08-29T00:00:00.000,A,13
50142276,PANERA BREAD,Bronx,340,BAYCHESTER AVENUE,10475,Sandwiches,40.867773028994,-73.831245708274,2024-07-26T00:00:00.000,A,13
50142276,PANERA BREAD,Bronx,340,BAYCHESTER AVENUE,10475,Sandwiches,40.867773028994,-73.831245708274,2024-07-26T00:00:00.000,A,13
50142276,PANERA BREAD,Bronx,340,BAYCHESTER AVENUE,10475,Sandwiches,40.867773028994,-73.831245708274,2024-07-26T00:00:00.000,A,13
50142276,PANERA BREAD,Bronx,340,BAYCHESTER AVENUE,10475,Sandwiches,40.867773028994,-73.831245708274,2023-12-21T00:00:00.000,,25
50142276,PANERA BREAD,Bronx,340,BAYCHESTER AVENUE,10475,Sandwiches,40.867773028994,-73.831245708274,2023-12-21T00:00:00.000,,25
50142276,PANERA BREAD,Bronx,340,BAYCHESTER AVENUE,10475,Sandwiches,40.867773028994,-73.831245708274,2023-12-21T00:00:00.000,,25
50142276,PANERA BREAD,Bronx,340,BAYCHESTER AVENUE,10475,Sandwiches,40.867773028994,-73.831245708274,2023-12-21T00:00:00.000,,25
50142276,PANERA BREAD,Bronx,340,BAYCHESTER AVENUE,10475,Sandwiches,40.867773028994,-73.831245708274,2023-12-21T00:00:00.000,,25
50144249,FINE FOOD CUISINE INC.,Bronx,671,MORRIS PARK AVENUE,10462,,40.845027771958,-73.867074927077,1900-01-01T00:00:00.000,,
50144816,LA COCINA Z. SANCHEZ MEXICN FOOD,Bronx,206,WEST  236 STREET,10463,Mexican,40.883541095551,-73.901831340432,2025-12-04T00:00:00.000,A,13
50144816,LA COCINA Z. SANCHEZ MEXICN FOOD,Bronx,206,WEST  236 STREET,10463,Mexican,40.883541095551,-73.901831340432,2025-12-04T00:00:00.000,A,13
50144816,LA COCINA Z. SANCHEZ MEXICN FOOD,Bronx,206,WEST  236 STREET,10463,Mexican,40.883541095551,-73.901831340432,2025-09-29T00:00:00.000,,24
50144816,LA COCINA Z. SANCHEZ MEXICN FOOD,Bronx,206,WEST  236 STREET,10463,Mexican,40.883541095551,-73.901831340432,2025-09-29T00:00:00.000,,24
50144816,LA COCINA Z. SANCHEZ MEXICN FOOD,Bronx,206,WEST  236 STREET,10463,Mexican,40.883541095551,-73.901831340432,2025-09-29T00:00:00.000,,24
50144816,LA COCINA Z. SANCHEZ MEXICN FOOD,Bronx,206,WEST  236 STREET,10463,Mexican,40.883541095551,-73.901831340432,2025-09-29T00:00:00.000,,24
50144816,LA COCINA Z. SANCHEZ MEXICN FOOD,Bronx,206,WEST  236 STREET,10463,Mexican,40.883541095551,-73.901831340432,2024-01-03T00:00:00.000,,
50144816,LA COCINA Z. SANCHEZ MEXICN FOOD,Bronx,206,WEST  236 STREET,10463,Mexican,40.883541095551,-73.901831340432,2024-01-03T00:00:00.000,,4
50144816,LA COCINA Z. SANCHEZ MEXICN FOOD,Bronx,206,WEST  236 STREET,10463,Mexican,40.883541095551,-73.901831340432,2024-01-03T00:00:00.000,,4
50144816,LA COCINA Z. SANCHEZ MEXICN FOOD,Bronx,206,WEST  236 STREET,10463,Mexican,40.883541095551,-73.901831340432,2024-01-03T00:00:00.000,,
50144816,LA COCINA Z. SANCHEZ MEXICN FOOD,Bronx,206,WEST  236 STREET,10463,Mexican,40.883541095551,-73.901831340432,2024-01-03T00:00:00.000,,
50145395,DELICIOUS SOUL FOOD,Bronx,596,GRAND CONCOURSE,10451,,40.819744610285,-73.926739728826,1900-01-01T00:00:00.000,,
50145760,SUBWAY,Bronx,2958,JEROME AVENUE,10468,Sandwiches,40.872767958441,-73.889629288265,2025-09-08T00:00:00.000,A,10
50145760,SUBWAY,Bronx,2958,JEROME AVENUE,10468,Sandwiches,40.872767958441,-73.889629288265,2025-09-08T00:00:00.000,A,10
50145760,SUBWAY,Bronx,2958,JEROME AVENUE,10468,Sandwiches,40.872767958441,-73.889629288265,2024-02-14T00:00:00.000,A,8
50145760,SUBWAY,Bronx,2958,JEROME AVENUE,10468,Sandwiches,40.872767958441,-73.889629288265,2024-02-14T00:00:00.000,A,8
50145992,BARINO'S MARKET CATERING,Bronx,3244,AMPERE AVENUE,10465,Italian,40.84617607462,-73.819506850452,2026-02-10T00:00:00.000,A,10
50145992,BARINO'S MARKET CATERING,Bronx,3244,AMPERE AVENUE,10465,Italian,40.84617607462,-73.819506850452,2026-02-10T00:00:00.000,A,10
50145992,BARINO'S MARKET CATERING,Bronx,3244,AMPERE AVENUE,10465,Italian,40.84617607462,-73.819506850452,2024-10-18T00:00:00.000,A,13
50145992,BARINO'S MARKET CATERING,Bronx,3244,AMPERE AVENUE,10465,Italian,40.84617607462,-73.819506850452,2024-10-18T00:00:00.000,A,13
50145992,BARINO'S MARKET CATERING,Bronx,3244,AMPERE AVENUE,10465,Italian,40.84617607462,-73.819506850452,2024-10-18T00:00:00.000,A,13
50146638,DTESORO FOOD TRUCK CORP,Bronx,535,HAVEMEYER AVENUE,10473,,40.818081973918,-73.844671246368,1900-01-01T00:00:00.000,,
50148794,SUBWAY,Bronx,440,EAST FORDHAM ROAD,10458,Sandwiches,40.86098800174,-73.890071894881,2026-05-13T00:00:00.000,A,13
50148794,SUBWAY,Bronx,440,EAST FORDHAM ROAD,10458,Sandwiches,40.86098800174,-73.890071894881,2026-05-13T00:00:00.000,A,13
50148794,SUBWAY,Bronx,440,EAST FORDHAM ROAD,10458,Sandwiches,40.86098800174,-73.890071894881,2026-05-13T00:00:00.000,A,13
50148794,SUBWAY,Bronx,440,EAST FORDHAM ROAD,10458,Sandwiches,40.86098800174,-73.890071894881,2024-12-27T00:00:00.000,A,12
50148794,SUBWAY,Bronx,440,EAST FORDHAM ROAD,10458,Sandwiches,40.86098800174,-73.890071894881,2024-12-27T00:00:00.000,A,12
50148794,SUBWAY,Bronx,440,EAST FORDHAM ROAD,10458,Sandwiches,40.86098800174,-73.890071894881,2024-12-27T00:00:00.000,A,12
50148794,SUBWAY,Bronx,440,EAST FORDHAM ROAD,10458,Sandwiches,40.86098800174,-73.890071894881,2024-08-05T00:00:00.000,,16
50148794,SUBWAY,Bronx,440,EAST FORDHAM ROAD,10458,Sandwiches,40.86098800174,-73.890071894881,2024-08-05T00:00:00.000,,16
50148794,SUBWAY,Bronx,440,EAST FORDHAM ROAD,10458,Sandwiches,40.86098800174,-73.890071894881,2024-08-05T00:00:00.000,,
50148794,SUBWAY,Bronx,440,EAST FORDHAM ROAD,10458,Sandwiches,40.86098800174,-73.890071894881,2024-08-05T00:00:00.000,,16
50148794,SUBWAY,Bronx,440,EAST FORDHAM ROAD,10458,Sandwiches,40.86098800174,-73.890071894881,2024-08-05T00:00:00.000,,16
50150849,WENDY'S RESTAURANT #19406,Bronx,342,EAST FORDHAM ROAD,10458,Sandwiches,40.861869303222,-73.893241027428,2025-11-18T00:00:00.000,A,2
50150849,WENDY'S RESTAURANT #19406,Bronx,342,EAST FORDHAM ROAD,10458,Sandwiches,40.861869303222,-73.893241027428,2025-11-18T00:00:00.000,,
50150849,WENDY'S RESTAURANT #19406,Bronx,342,EAST FORDHAM ROAD,10458,Sandwiches,40.861869303222,-73.893241027428,2024-08-05T00:00:00.000,A,11
50150849,WENDY'S RESTAURANT #19406,Bronx,342,EAST FORDHAM ROAD,10458,Sandwiches,40.861869303222,-73.893241027428,2024-08-05T00:00:00.000,A,11
50150849,WENDY'S RESTAURANT #19406,Bronx,342,EAST FORDHAM ROAD,10458,Sandwiches,40.861869303222,-73.893241027428,2024-08-05T00:00:00.000,A,11
50150849,WENDY'S RESTAURANT #19406,Bronx,342,EAST FORDHAM ROAD,10458,Sandwiches,40.861869303222,-73.893241027428,2024-08-05T00:00:00.000,A,11
50152474,AU BON PAIN,Bronx,1276,FULTON AVENUE,10456,Sandwiches,40.831713940554,-73.903754667953,2026-07-24T00:00:00.000,A,12
50152474,AU BON PAIN,Bronx,1276,FULTON AVENUE,10456,Sandwiches,40.831713940554,-73.903754667953,2026-07-24T00:00:00.000,A,12
50152474,AU BON PAIN,Bronx,1276,FULTON AVENUE,10456,Sandwiches,40.831713940554,-73.903754667953,2025-04-08T00:00:00.000,A,13
50152474,AU BON PAIN,Bronx,1276,FULTON AVENUE,10456,Sandwiches,40.831713940554,-73.903754667953,2025-04-08T00:00:00.000,A,13
50152474,AU BON PAIN,Bronx,1276,FULTON AVENUE,10456,Sandwiches,40.831713940554,-73.903754667953,2025-04-08T00:00:00.000,A,13
50152474,AU BON PAIN,Bronx,1276,FULTON AVENUE,10456,Sandwiches,40.831713940554,-73.903754667953,2025-02-12T00:00:00.000,,17
50152474,AU BON PAIN,Bronx,1276,FULTON AVENUE,10456,Sandwiches,40.831713940554,-73.903754667953,2025-02-12T00:00:00.000,,17
50152474,AU BON PAIN,Bronx,1276,FULTON AVENUE,10456,Sandwiches,40.831713940554,-73.903754667953,2025-02-12T00:00:00.000,,
50152474,AU BON PAIN,Bronx,1276,FULTON AVENUE,10456,Sandwiches,40.831713940554,-73.903754667953,2025-02-12T00:00:00.000,,17
50152474,AU BON PAIN,Bronx,1276,FULTON AVENUE,10456,Sandwiches,40.831713940554,-73.903754667953,2025-02-12T00:00:00.000,,
50156300,CHRIS SUPER DELI,Bronx,903,SHERIDAN AVENUE,10451,Sandwiches/Salads/Mixed Buffet,40.827085580823,-73.920773159888,2026-03-27T00:00:00.000,A,12
50156300,CHRIS SUPER DELI,Bronx,903,SHERIDAN AVENUE,10451,Sandwiches/Salads/Mixed Buffet,40.827085580823,-73.920773159888,2026-03-27T00:00:00.000,A,12
50156300,CHRIS SUPER DELI,Bronx,903,SHERIDAN AVENUE,10451,Sandwiches/Salads/Mixed Buffet,40.827085580823,-73.920773159888,2024-09-26T00:00:00.000,A,9
50156300,CHRIS SUPER DELI,Bronx,903,SHERIDAN AVENUE,10451,Sandwiches/Salads/Mixed Buffet,40.827085580823,-73.920773159888,2024-09-26T00:00:00.000,A,9
50157016,LOVE & SOUL FOOD,Bronx,4,EAST GUN HILL ROAD,10467,Caribbean,40.882596541934,-73.881089041196,2025-09-16T00:00:00.000,A,11
50157016,LOVE & SOUL FOOD,Bronx,4,EAST GUN HILL ROAD,10467,Caribbean,40.882596541934,-73.881089041196,2025-09-16T00:00:00.000,A,11
50157016,LOVE & SOUL FOOD,Bronx,4,EAST GUN HILL ROAD,10467,Caribbean,40.882596541934,-73.881089041196,2025-08-06T00:00:00.000,,2
50157016,LOVE & SOUL FOOD,Bronx,4,EAST GUN HILL ROAD,10467,Caribbean,40.882596541934,-73.881089041196,2025-04-15T00:00:00.000,C,2
50157016,LOVE & SOUL FOOD,Bronx,4,EAST GUN HILL ROAD,10467,Caribbean,40.882596541934,-73.881089041196,2025-04-10T00:00:00.000,,90
50157016,LOVE & SOUL FOOD,Bronx,4,EAST GUN HILL ROAD,10467,Caribbean,40.882596541934,-73.881089041196,2025-04-10T00:00:00.000,,90
50157016,LOVE & SOUL FOOD,Bronx,4,EAST GUN HILL ROAD,10467,Caribbean,40.882596541934,-73.881089041196,2025-04-10T00:00:00.000,,90
50157016,LOVE & SOUL FOOD,Bronx,4,EAST GUN HILL ROAD,10467,Caribbean,40.882596541934,-73.881089041196,2025-04-10T00:00:00.000,,90
50157016,LOVE & SOUL FOOD,Bronx,4,EAST GUN HILL ROAD,10467,Caribbean,40.882596541934,-73.881089041196,2025-04-10T00:00:00.000,,90
50157016,LOVE & SOUL FOOD,Bronx,4,EAST GUN HILL ROAD,10467,Caribbean,40.882596541934,-73.881089041196,2025-04-10T00:00:00.000,,90
50157016,LOVE & SOUL FOOD,Bronx,4,EAST GUN HILL ROAD,10467,Caribbean,40.882596541934,-73.881089041196,2025-02-18T00:00:00.000,,34
50157016,LOVE & SOUL FOOD,Bronx,4,EAST GUN HILL ROAD,10467,Caribbean,40.882596541934,-73.881089041196,2025-02-18T00:00:00.000,,34
50157016,LOVE & SOUL FOOD,Bronx,4,EAST GUN HILL ROAD,10467,Caribbean,40.882596541934,-73.881089041196,2025-02-18T00:00:00.000,,34
50157016,LOVE & SOUL FOOD,Bronx,4,EAST GUN HILL ROAD,10467,Caribbean,40.882596541934,-73.881089041196,2025-02-18T00:00:00.000,,34
50157016,LOVE & SOUL FOOD,Bronx,4,EAST GUN HILL ROAD,10467,Caribbean,40.882596541934,-73.881089041196,2025-02-18T00:00:00.000,,34
50157016,LOVE & SOUL FOOD,Bronx,4,EAST GUN HILL ROAD,10467,Caribbean,40.882596541934,-73.881089041196,2025-02-18T00:00:00.000,,34
50159934,HALAL FRESH FOOD & COFFEE,Bronx,225,MCCLELLAN STREET,10456,African,40.832234424326,-73.916488436623,2025-02-24T00:00:00.000,N,22
50159934,HALAL FRESH FOOD & COFFEE,Bronx,225,MCCLELLAN STREET,10456,African,40.832234424326,-73.916488436623,2025-02-24T00:00:00.000,N,22
50159934,HALAL FRESH FOOD & COFFEE,Bronx,225,MCCLELLAN STREET,10456,African,40.832234424326,-73.916488436623,2025-02-24T00:00:00.000,N,22
50159934,HALAL FRESH FOOD & COFFEE,Bronx,225,MCCLELLAN STREET,10456,African,40.832234424326,-73.916488436623,2025-02-24T00:00:00.000,N,22
50159934,HALAL FRESH FOOD & COFFEE,Bronx,225,MCCLELLAN STREET,10456,African,40.832234424326,-73.916488436623,2025-02-24T00:00:00.000,N,22
50160409,UMI HOTPOT SUSHI & SEAFOOD BUFFET,Bronx,961,EAST  174 STREET,10460,Asian/Asian Fusion,40.836434093724,-73.884973675795,2026-04-23T00:00:00.000,A,9
50160409,UMI HOTPOT SUSHI & SEAFOOD BUFFET,Bronx,961,EAST  174 STREET,10460,Asian/Asian Fusion,40.836434093724,-73.884973675795,2026-04-23T00:00:00.000,A,9
50160409,UMI HOTPOT SUSHI & SEAFOOD BUFFET,Bronx,961,EAST  174 STREET,10460,Asian/Asian Fusion,40.836434093724,-73.884973675795,2025-12-22T00:00:00.000,,47
50160409,UMI HOTPOT SUSHI & SEAFOOD BUFFET,Bronx,961,EAST  174 STREET,10460,Asian/Asian Fusion,40.836434093724,-73.884973675795,2025-12-22T00:00:00.000,,47
50160409,UMI HOTPOT SUSHI & SEAFOOD BUFFET,Bronx,961,EAST  174 STREET,10460,Asian/Asian Fusion,40.836434093724,-73.884973675795,2025-12-22T00:00:00.000,,47
50160409,UMI HOTPOT SUSHI & SEAFOOD BUFFET,Bronx,961,EAST  174 STREET,10460,Asian/Asian Fusion,40.836434093724,-73.884973675795,2025-12-22T00:00:00.000,,47
50160409,UMI HOTPOT SUSHI & SEAFOOD BUFFET,Bronx,961,EAST  174 STREET,10460,Asian/Asian Fusion,40.836434093724,-73.884973675795,2025-12-22T00:00:00.000,,47
50160409,UMI HOTPOT SUSHI & SEAFOOD BUFFET,Bronx,961,EAST  174 STREET,10460,Asian/Asian Fusion,40.836434093724,-73.884973675795,2025-12-22T00:00:00.000,,47
50160409,UMI HOTPOT SUSHI & SEAFOOD BUFFET,Bronx,961,EAST  174 STREET,10460,Asian/Asian Fusion,40.836434093724,-73.884973675795,2025-12-22T00:00:00.000,,47
50160409,UMI HOTPOT SUSHI & SEAFOOD BUFFET,Bronx,961,EAST  174 STREET,10460,Asian/Asian Fusion,40.836434093724,-73.884973675795,2025-12-22T00:00:00.000,,47
50160409,UMI HOTPOT SUSHI & SEAFOOD BUFFET,Bronx,961,EAST  174 STREET,10460,Asian/Asian Fusion,40.836434093724,-73.884973675795,2025-12-22T00:00:00.000,,47
50160409,UMI HOTPOT SUSHI & SEAFOOD BUFFET,Bronx,961,EAST  174 STREET,10460,Asian/Asian Fusion,40.836434093724,-73.884973675795,2025-06-09T00:00:00.000,A,13
50160409,UMI HOTPOT SUSHI & SEAFOOD BUFFET,Bronx,961,EAST  174 STREET,10460,Asian/Asian Fusion,40.836434093724,-73.884973675795,2025-06-09T00:00:00.000,A,13
50160409,UMI HOTPOT SUSHI & SEAFOOD BUFFET,Bronx,961,EAST  174 STREET,10460,Asian/Asian Fusion,40.836434093724,-73.884973675795,2025-04-21T00:00:00.000,,55
50160409,UMI HOTPOT SUSHI & SEAFOOD BUFFET,Bronx,961,EAST  174 STREET,10460,Asian/Asian Fusion,40.836434093724,-73.884973675795,2025-04-21T00:00:00.000,,55
50160409,UMI HOTPOT SUSHI & SEAFOOD BUFFET,Bronx,961,EAST  174 STREET,10460,Asian/Asian Fusion,40.836434093724,-73.884973675795,2025-04-21T00:00:00.000,,55
50160409,UMI HOTPOT SUSHI & SEAFOOD BUFFET,Bronx,961,EAST  174 STREET,10460,Asian/Asian Fusion,40.836434093724,-73.884973675795,2025-04-21T00:00:00.000,,55
50160409,UMI HOTPOT SUSHI & SEAFOOD BUFFET,Bronx,961,EAST  174 STREET,10460,Asian/Asian Fusion,40.836434093724,-73.884973675795,2025-04-21T00:00:00.000,,55
50160409,UMI HOTPOT SUSHI & SEAFOOD BUFFET,Bronx,961,EAST  174 STREET,10460,Asian/Asian Fusion,40.836434093724,-73.884973675795,2025-04-21T00:00:00.000,,55
50160409,UMI HOTPOT SUSHI & SEAFOOD BUFFET,Bronx,961,EAST  174 STREET,10460,Asian/Asian Fusion,40.836434093724,-73.884973675795,2025-04-21T00:00:00.000,,55
50160409,UMI HOTPOT SUSHI & SEAFOOD BUFFET,Bronx,961,EAST  174 STREET,10460,Asian/Asian Fusion,40.836434093724,-73.884973675795,2025-04-21T00:00:00.000,,55
50160409,UMI HOTPOT SUSHI & SEAFOOD BUFFET,Bronx,961,EAST  174 STREET,10460,Asian/Asian Fusion,40.836434093724,-73.884973675795,2025-04-21T00:00:00.000,,55
50162284,MAREA FISH MARKET,Bronx,5219,BROADWAY,10463,Seafood,40.875005620033,-73.909267618268,2026-05-13T00:00:00.000,,30
50162284,MAREA FISH MARKET,Bronx,5219,BROADWAY,10463,Seafood,40.875005620033,-73.909267618268,2026-05-13T00:00:00.000,,30
50162284,MAREA FISH MARKET,Bronx,5219,BROADWAY,10463,Seafood,40.875005620033,-73.909267618268,2026-05-13T00:00:00.000,,30
50162284,MAREA FISH MARKET,Bronx,5219,BROADWAY,10463,Seafood,40.875005620033,-73.909267618268,2026-05-13T00:00:00.000,,30
50162284,MAREA FISH MARKET,Bronx,5219,BROADWAY,10463,Seafood,40.875005620033,-73.909267618268,2026-05-13T00:00:00.000,,30
50162284,MAREA FISH MARKET,Bronx,5219,BROADWAY,10463,Seafood,40.875005620033,-73.909267618268,2025-01-29T00:00:00.000,A,13
50162284,MAREA FISH MARKET,Bronx,5219,BROADWAY,10463,Seafood,40.875005620033,-73.909267618268,2025-01-29T00:00:00.000,A,13
50162284,MAREA FISH MARKET,Bronx,5219,BROADWAY,10463,Seafood,40.875005620033,-73.909267618268,2025-01-29T00:00:00.000,A,13
50162284,MAREA FISH MARKET,Bronx,5219,BROADWAY,10463,Seafood,40.875005620033,-73.909267618268,2024-12-31T00:00:00.000,,26
50162284,MAREA FISH MARKET,Bronx,5219,BROADWAY,10463,Seafood,40.875005620033,-73.909267618268,2024-12-31T00:00:00.000,,26
50162284,MAREA FISH MARKET,Bronx,5219,BROADWAY,10463,Seafood,40.875005620033,-73.909267618268,2024-12-31T00:00:00.000,,26
50162284,MAREA FISH MARKET,Bronx,5219,BROADWAY,10463,Seafood,40.875005620033,-73.909267618268,2024-12-31T00:00:00.000,,26
50162284,MAREA FISH MARKET,Bronx,5219,BROADWAY,10463,Seafood,40.875005620033,-73.909267618268,2024-12-31T00:00:00.000,,26
50163951,SHAH'S HALAL FOOD,Bronx,124,WESTCHESTER SQUARE,10461,Middle Eastern,40.840207201012,-73.842541283466,2025-04-21T00:00:00.000,A,8
50163951,SHAH'S HALAL FOOD,Bronx,124,WESTCHESTER SQUARE,10461,Middle Eastern,40.840207201012,-73.842541283466,2025-04-21T00:00:00.000,A,8
50164896,A & S Cucina (Boogie Down Food Hall inside Food Bazar Market at Bronx Terminal Market),Bronx,610,EXTERIOR STREET,10451,Italian,40.821383014047,-73.930831519586,2025-10-21T00:00:00.000,A,8
50164896,A & S Cucina (Boogie Down Food Hall inside Food Bazar Market at Bronx Terminal Market),Bronx,610,EXTERIOR STREET,10451,Italian,40.821383014047,-73.930831519586,2025-10-21T00:00:00.000,A,8
50167466,JMC FRESH FOODS CORP,Bronx,1000,WESTCHESTER AVENUE,10459,,40.823685024131,-73.893790306115,1900-01-01T00:00:00.000,,
50168026,TERIYAKI GO (inside Boogie Down Food Hall),Bronx,610,EXTERIOR STREET,10451,Asian/Asian Fusion,40.821383014047,-73.930831519586,2026-06-14T00:00:00.000,,0
50168026,TERIYAKI GO (inside Boogie Down Food Hall),Bronx,610,EXTERIOR STREET,10451,Asian/Asian Fusion,40.821383014047,-73.930831519586,2026-06-13T00:00:00.000,,0
50168026,TERIYAKI GO (inside Boogie Down Food Hall),Bronx,610,EXTERIOR STREET,10451,Asian/Asian Fusion,40.821383014047,-73.930831519586,2025-09-23T00:00:00.000,N,26
50168026,TERIYAKI GO (inside Boogie Down Food Hall),Bronx,610,EXTERIOR STREET,10451,Asian/Asian Fusion,40.821383014047,-73.930831519586,2025-09-23T00:00:00.000,N,26
50168026,TERIYAKI GO (inside Boogie Down Food Hall),Bronx,610,EXTERIOR STREET,10451,Asian/Asian Fusion,40.821383014047,-73.930831519586,2025-09-23T00:00:00.000,N,26
50168026,TERIYAKI GO (inside Boogie Down Food Hall),Bronx,610,EXTERIOR STREET,10451,Asian/Asian Fusion,40.821383014047,-73.930831519586,2025-09-23T00:00:00.000,N,26
50168026,TERIYAKI GO (inside Boogie Down Food Hall),Bronx,610,EXTERIOR STREET,10451,Asian/Asian Fusion,40.821383014047,-73.930831519586,2025-09-23T00:00:00.000,N,26
50169166,MBJ FOOD SERVICES,Bronx,500,GRAND CONCOURSE,10451,Coffee/Tea,40.81807904256,-73.927514726607,2025-06-02T00:00:00.000,N,14
50169166,MBJ FOOD SERVICES,Bronx,500,GRAND CONCOURSE,10451,Coffee/Tea,40.81807904256,-73.927514726607,2025-06-02T00:00:00.000,N,14
50169166,MBJ FOOD SERVICES,Bronx,500,GRAND CONCOURSE,10451,Coffee/Tea,40.81807904256,-73.927514726607,2025-06-02T00:00:00.000,N,14
50169166,MBJ FOOD SERVICES,Bronx,500,GRAND CONCOURSE,10451,Coffee/Tea,40.81807904256,-73.927514726607,2025-06-02T00:00:00.000,N,14
50169941,167 DOMINICAN DELI GROCERY INC,Bronx,104,EAST  167 STREET,10452,Spanish,40.835005817502,-73.91921698259,2026-04-06T00:00:00.000,,24
50169941,167 DOMINICAN DELI GROCERY INC,Bronx,104,EAST  167 STREET,10452,Spanish,40.835005817502,-73.91921698259,2026-04-06T00:00:00.000,,24
50169941,167 DOMINICAN DELI GROCERY INC,Bronx,104,EAST  167 STREET,10452,Spanish,40.835005817502,-73.91921698259,2026-04-06T00:00:00.000,,24
50169941,167 DOMINICAN DELI GROCERY INC,Bronx,104,EAST  167 STREET,10452,Spanish,40.835005817502,-73.91921698259,2026-01-20T00:00:00.000,,
50169941,167 DOMINICAN DELI GROCERY INC,Bronx,104,EAST  167 STREET,10452,Spanish,40.835005817502,-73.91921698259,2026-01-20T00:00:00.000,C,44
50169941,167 DOMINICAN DELI GROCERY INC,Bronx,104,EAST  167 STREET,10452,Spanish,40.835005817502,-73.91921698259,2026-01-20T00:00:00.000,C,44
50169941,167 DOMINICAN DELI GROCERY INC,Bronx,104,EAST  167 STREET,10452,Spanish,40.835005817502,-73.91921698259,2026-01-20T00:00:00.000,C,44
50169941,167 DOMINICAN DELI GROCERY INC,Bronx,104,EAST  167 STREET,10452,Spanish,40.835005817502,-73.91921698259,2026-01-20T00:00:00.000,C,44
50169941,167 DOMINICAN DELI GROCERY INC,Bronx,104,EAST  167 STREET,10452,Spanish,40.835005817502,-73.91921698259,2026-01-20T00:00:00.000,C,44
50169941,167 DOMINICAN DELI GROCERY INC,Bronx,104,EAST  167 STREET,10452,Spanish,40.835005817502,-73.91921698259,2026-01-20T00:00:00.000,C,44
50169941,167 DOMINICAN DELI GROCERY INC,Bronx,104,EAST  167 STREET,10452,Spanish,40.835005817502,-73.91921698259,2025-12-08T00:00:00.000,,70
50169941,167 DOMINICAN DELI GROCERY INC,Bronx,104,EAST  167 STREET,10452,Spanish,40.835005817502,-73.91921698259,2025-12-08T00:00:00.000,,70
50169941,167 DOMINICAN DELI GROCERY INC,Bronx,104,EAST  167 STREET,10452,Spanish,40.835005817502,-73.91921698259,2025-12-08T00:00:00.000,,
50169941,167 DOMINICAN DELI GROCERY INC,Bronx,104,EAST  167 STREET,10452,Spanish,40.835005817502,-73.91921698259,2025-12-08T00:00:00.000,,70
50169941,167 DOMINICAN DELI GROCERY INC,Bronx,104,EAST  167 STREET,10452,Spanish,40.835005817502,-73.91921698259,2025-12-08T00:00:00.000,,70
50169941,167 DOMINICAN DELI GROCERY INC,Bronx,104,EAST  167 STREET,10452,Spanish,40.835005817502,-73.91921698259,2025-12-08T00:00:00.000,,70
50169941,167 DOMINICAN DELI GROCERY INC,Bronx,104,EAST  167 STREET,10452,Spanish,40.835005817502,-73.91921698259,2025-12-08T00:00:00.000,,70
50169941,167 DOMINICAN DELI GROCERY INC,Bronx,104,EAST  167 STREET,10452,Spanish,40.835005817502,-73.91921698259,2025-12-08T00:00:00.000,,70
50169941,167 DOMINICAN DELI GROCERY INC,Bronx,104,EAST  167 STREET,10452,Spanish,40.835005817502,-73.91921698259,2025-12-08T00:00:00.000,,70
50170996,INDIAN GRILL HALAL FOOD,Bronx,3110,3 AVENUE,10451,,40.821943673636,-73.911858573895,1900-01-01T00:00:00.000,,
50171814,ACE SHAWARMA,Bronx,3455,JEROME AVENUE,10467,Sandwiches/Salads/Mixed Buffet,40.881555079622,-73.882580846754,2026-01-17T00:00:00.000,A,10
50171814,ACE SHAWARMA,Bronx,3455,JEROME AVENUE,10467,Sandwiches/Salads/Mixed Buffet,40.881555079622,-73.882580846754,2026-01-17T00:00:00.000,A,10
50171814,ACE SHAWARMA,Bronx,3455,JEROME AVENUE,10467,Sandwiches/Salads/Mixed Buffet,40.881555079622,-73.882580846754,2026-01-17T00:00:00.000,A,10
50172071,THE SEAFOOD SPOT LLC.,Bronx,632,WALTON AVENUE,10451,,40.821249152884,-73.927406481566,1900-01-01T00:00:00.000,,
50175299,DEES GROCERY,Bronx,973,PROSPECT AVENUE,10459,,40.822711044042,-73.900367777177,1900-01-01T00:00:00.000,,
50175824,FRESH CHOICE,Bronx,754,BURKE AVENUE,10467,Sandwiches/Salads/Mixed Buffet,40.871388322847,-73.864830856697,2026-05-12T00:00:00.000,A,8
50175824,FRESH CHOICE,Bronx,754,BURKE AVENUE,10467,Sandwiches/Salads/Mixed Buffet,40.871388322847,-73.864830856697,2026-05-12T00:00:00.000,A,8
50175824,FRESH CHOICE,Bronx,754,BURKE AVENUE,10467,Sandwiches/Salads/Mixed Buffet,40.871388322847,-73.864830856697,2026-04-03T00:00:00.000,,38
50175824,FRESH CHOICE,Bronx,754,BURKE AVENUE,10467,Sandwiches/Salads/Mixed Buffet,40.871388322847,-73.864830856697,2026-04-03T00:00:00.000,,38
50175824,FRESH CHOICE,Bronx,754,BURKE AVENUE,10467,Sandwiches/Salads/Mixed Buffet,40.871388322847,-73.864830856697,2026-04-03T00:00:00.000,,38
50176877,FAST FOOD,Bronx,2310,ARTHUR AVENUE,10458,American,40.853708078497,-73.889144117771,2025-10-23T00:00:00.000,A,9
50176877,FAST FOOD,Bronx,2310,ARTHUR AVENUE,10458,American,40.853708078497,-73.889144117771,2025-10-23T00:00:00.000,A,9
50176991,Ocean Blue Market Fish & Restaurant,Bronx,283,EAST  161 STREET,10451,,40.825409283067,-73.917917056016,1900-01-01T00:00:00.000,,
50177514,DEES GROCERY BRONX LLC,Bronx,973,PROSPECT AVENUE,10459,,40.822711044042,-73.900367777177,1900-01-01T00:00:00.000,,
50177755,JUICE BAR TROPPI FRUTTI STREET FOOD,Bronx,2308,GRAND CONCOURSE,10458,Fruits/Vegetables,40.85769496438,-73.899780141175,2025-12-22T00:00:00.000,A,7
50177755,JUICE BAR TROPPI FRUTTI STREET FOOD,Bronx,2308,GRAND CONCOURSE,10458,Fruits/Vegetables,40.85769496438,-73.899780141175,2025-12-22T00:00:00.000,A,7
50178145,A1 WINGS AND SEAFOOD,Bronx,3240,3 AVENUE,10451,Seafood,40.823843412413,-73.908824574067,2026-05-04T00:00:00.000,A,10
50178145,A1 WINGS AND SEAFOOD,Bronx,3240,3 AVENUE,10451,Seafood,40.823843412413,-73.908824574067,2026-05-04T00:00:00.000,A,10
50178145,A1 WINGS AND SEAFOOD,Bronx,3240,3 AVENUE,10451,Seafood,40.823843412413,-73.908824574067,2025-12-15T00:00:00.000,,
50178145,A1 WINGS AND SEAFOOD,Bronx,3240,3 AVENUE,10451,Seafood,40.823843412413,-73.908824574067,2025-12-15T00:00:00.000,,34
50178145,A1 WINGS AND SEAFOOD,Bronx,3240,3 AVENUE,10451,Seafood,40.823843412413,-73.908824574067,2025-12-15T00:00:00.000,,34
50178145,A1 WINGS AND SEAFOOD,Bronx,3240,3 AVENUE,10451,Seafood,40.823843412413,-73.908824574067,2025-12-15T00:00:00.000,,
50178145,A1 WINGS AND SEAFOOD,Bronx,3240,3 AVENUE,10451,Seafood,40.823843412413,-73.908824574067,2025-12-15T00:00:00.000,,34
50178145,A1 WINGS AND SEAFOOD,Bronx,3240,3 AVENUE,10451,Seafood,40.823843412413,-73.908824574067,2025-12-15T00:00:00.000,,34
50178145,A1 WINGS AND SEAFOOD,Bronx,3240,3 AVENUE,10451,Seafood,40.823843412413,-73.908824574067,2025-12-15T00:00:00.000,,34
50178145,A1 WINGS AND SEAFOOD,Bronx,3240,3 AVENUE,10451,Seafood,40.823843412413,-73.908824574067,2025-12-15T00:00:00.000,,34
50178604,KAIJIN SEAFOOD,Bronx,691,CO OP CITY BOULEVARD,10475,Seafood,40.879779039121,-73.824289988047,2025-11-10T00:00:00.000,N,10
50178604,KAIJIN SEAFOOD,Bronx,691,CO OP CITY BOULEVARD,10475,Seafood,40.879779039121,-73.824289988047,2025-11-10T00:00:00.000,N,10
50178604,KAIJIN SEAFOOD,Bronx,691,CO OP CITY BOULEVARD,10475,Seafood,40.879779039121,-73.824289988047,2025-11-10T00:00:00.000,N,10
50178662,CARIB SEAFOOD RESTAURANT & BAR,Bronx,2521,WEBSTER AVENUE,10458,Caribbean,40.861340915596,-73.891745167613,2026-03-12T00:00:00.000,Z,20
50178662,CARIB SEAFOOD RESTAURANT & BAR,Bronx,2521,WEBSTER AVENUE,10458,Caribbean,40.861340915596,-73.891745167613,2026-03-12T00:00:00.000,Z,20
50178662,CARIB SEAFOOD RESTAURANT & BAR,Bronx,2521,WEBSTER AVENUE,10458,Caribbean,40.861340915596,-73.891745167613,2026-03-12T00:00:00.000,Z,20
50178662,CARIB SEAFOOD RESTAURANT & BAR,Bronx,2521,WEBSTER AVENUE,10458,Caribbean,40.861340915596,-73.891745167613,2026-03-12T00:00:00.000,Z,20
50178662,CARIB SEAFOOD RESTAURANT & BAR,Bronx,2521,WEBSTER AVENUE,10458,Caribbean,40.861340915596,-73.891745167613,2026-03-12T00:00:00.000,Z,20
50178662,CARIB SEAFOOD RESTAURANT & BAR,Bronx,2521,WEBSTER AVENUE,10458,Caribbean,40.861340915596,-73.891745167613,2026-02-09T00:00:00.000,,58
50178662,CARIB SEAFOOD RESTAURANT & BAR,Bronx,2521,WEBSTER AVENUE,10458,Caribbean,40.861340915596,-73.891745167613,2026-02-09T00:00:00.000,,58
50178662,CARIB SEAFOOD RESTAURANT & BAR,Bronx,2521,WEBSTER AVENUE,10458,Caribbean,40.861340915596,-73.891745167613,2026-02-09T00:00:00.000,,58
50178662,CARIB SEAFOOD RESTAURANT & BAR,Bronx,2521,WEBSTER AVENUE,10458,Caribbean,40.861340915596,-73.891745167613,2026-02-09T00:00:00.000,,58
50178662,CARIB SEAFOOD RESTAURANT & BAR,Bronx,2521,WEBSTER AVENUE,10458,Caribbean,40.861340915596,-73.891745167613,2026-02-09T00:00:00.000,,58
50178662,CARIB SEAFOOD RESTAURANT & BAR,Bronx,2521,WEBSTER AVENUE,10458,Caribbean,40.861340915596,-73.891745167613,2026-02-09T00:00:00.000,,58
50178662,CARIB SEAFOOD RESTAURANT & BAR,Bronx,2521,WEBSTER AVENUE,10458,Caribbean,40.861340915596,-73.891745167613,2026-02-09T00:00:00.000,,58
50178662,CARIB SEAFOOD RESTAURANT & BAR,Bronx,2521,WEBSTER AVENUE,10458,Caribbean,40.861340915596,-73.891745167613,2026-02-09T00:00:00.000,,58
50178761,ISLAND FOODIE BX,Bronx,2368,HOFFMAN STREET,10458,Caribbean,40.855321885296,-73.889043814866,2026-04-15T00:00:00.000,A,2
50180060,GREENLAND DELI & GROCERY,Bronx,4311,KATONAH AVENUE,10470,Sandwiches,40.899049989426,-73.867472895583,2026-06-11T00:00:00.000,N,40
50180060,GREENLAND DELI & GROCERY,Bronx,4311,KATONAH AVENUE,10470,Sandwiches,40.899049989426,-73.867472895583,2026-06-11T00:00:00.000,N,40
50180060,GREENLAND DELI & GROCERY,Bronx,4311,KATONAH AVENUE,10470,Sandwiches,40.899049989426,-73.867472895583,2026-06-11T00:00:00.000,N,40
50180060,GREENLAND DELI & GROCERY,Bronx,4311,KATONAH AVENUE,10470,Sandwiches,40.899049989426,-73.867472895583,2026-06-11T00:00:00.000,N,40
50180060,GREENLAND DELI & GROCERY,Bronx,4311,KATONAH AVENUE,10470,Sandwiches,40.899049989426,-73.867472895583,2026-06-11T00:00:00.000,,
50180060,GREENLAND DELI & GROCERY,Bronx,4311,KATONAH AVENUE,10470,Sandwiches,40.899049989426,-73.867472895583,2026-06-11T00:00:00.000,N,40
50180060,GREENLAND DELI & GROCERY,Bronx,4311,KATONAH AVENUE,10470,Sandwiches,40.899049989426,-73.867472895583,2026-06-11T00:00:00.000,N,40
50180060,GREENLAND DELI & GROCERY,Bronx,4311,KATONAH AVENUE,10470,Sandwiches,40.899049989426,-73.867472895583,2026-06-11T00:00:00.000,N,40
50185441,YUMMY KITCHEN FOOD SERVICES,Bronx,3060B,BOSTON ROAD,10469,Caribbean,40.870656263793,-73.856422104489,2026-06-30T00:00:00.000,A,4
50185801,SUBHAN FAST FOOD INC,Bronx,548,EAST  183 STREET,10458,,40.854179242252,-73.891041127819,1900-01-01T00:00:00.000,,
50186362,A TASTE OF SEAFOOD,Bronx,1288,WASHINGTON AVENUE,10456,,40.832769824981,-73.9060550524,1900-01-01T00:00:00.000,,
50186866,FOOD 95 CORP,Bronx,548,EAST  138 STREET,10454,,40.806961826246,-73.917878484853,1900-01-01T00:00:00.000,,
50188377,MELAOS DOMINICAN FAST FOOD,Bronx,9,WEST TREMONT AVENUE,10453,American,40.851963963986,-73.909718479705,2026-07-27T00:00:00.000,N,53
50188377,MELAOS DOMINICAN FAST FOOD,Bronx,9,WEST TREMONT AVENUE,10453,American,40.851963963986,-73.909718479705,2026-07-27T00:00:00.000,N,53
50188377,MELAOS DOMINICAN FAST FOOD,Bronx,9,WEST TREMONT AVENUE,10453,American,40.851963963986,-73.909718479705,2026-07-27T00:00:00.000,N,53
50188377,MELAOS DOMINICAN FAST FOOD,Bronx,9,WEST TREMONT AVENUE,10453,American,40.851963963986,-73.909718479705,2026-07-27T00:00:00.000,N,53
50188377,MELAOS DOMINICAN FAST FOOD,Bronx,9,WEST TREMONT AVENUE,10453,American,40.851963963986,-73.909718479705,2026-07-27T00:00:00.000,N,53
50188377,MELAOS DOMINICAN FAST FOOD,Bronx,9,WEST TREMONT AVENUE,10453,American,40.851963963986,-73.909718479705,2026-07-27T00:00:00.000,N,53
50188377,MELAOS DOMINICAN FAST FOOD,Bronx,9,WEST TREMONT AVENUE,10453,American,40.851963963986,-73.909718479705,2026-07-27T00:00:00.000,N,53
50188377,MELAOS DOMINICAN FAST FOOD,Bronx,9,WEST TREMONT AVENUE,10453,American,40.851963963986,-73.909718479705,2026-07-27T00:00:00.000,N,53
50188377,MELAOS DOMINICAN FAST FOOD,Bronx,9,WEST TREMONT AVENUE,10453,American,40.851963963986,-73.909718479705,2026-07-27T00:00:00.000,,
50189165,BLIMPIE,Bronx,2200,WESTCHESTER AVENUE,10462,Sandwiches,40.834210833785,-73.851456239159,2026-08-13T00:00:00.000,N,16
50189165,BLIMPIE,Bronx,2200,WESTCHESTER AVENUE,10462,Sandwiches,40.834210833785,-73.851456239159,2026-08-13T00:00:00.000,N,16
50190388,"H ROBERT FOOD, LLC",Bronx,228,WILLIS AVENUE,10454,,40.808541044552,-73.92327701368,1900-01-01T00:00:00.000,,
50191653,JULY`S SEAFOOD REST. INC.,Bronx,2861,WHITE PLAINS ROAD,10467,,40.867331749609,-73.867304955021,1900-01-01T00:00:00.000,,
50192018,BAYVIEW GOURMET DELI MARKET INC,Bronx,3821,BOSTON ROAD,10466,,40.881558497655,-73.837965927882,1900-01-01T00:00:00.000,,
