{
"type": "FeatureCollection",
"name": "snap_bronx_cd2",
"crs": { "type": "name", "properties": { "name": "urn:ogc:def:crs:OGC:1.3:CRS84" } },
"features": [
{ "type": "Feature", "properties": { "Record ID": 662612, "store_name": "1029 Simpson Deli & Grocery Corp  ", "Store Type": "Medium Grocery Store", "Street Number": "1029", "Street Name": "Westchester Ave", "Additional Address": null, "city": "Bronx", "state": "NY", "Zip Code": 10459, "Zip4": "3311", "County": "BRONX", "latitude": 40.82426, "longitude": -73.89309, "Authorization Date": "4/26/2002", "End Date": "12/21/2020" }, "geometry": { "type": "Point", "coordinates": [ -73.89309, 40.82426 ] } },
{ "type": "Feature", "properties": { "Record ID": 662612, "store_name": "1029 Simpson Deli & Grocery Corp  ", "Store Type": "Medium Grocery Store", "Street Number": "1029", "Street Name": "Westchester Ave", "Additional Address": null, "city": "Bronx", "state": "NY", "Zip Code": 10459, "Zip4": "3311", "County": "BRONX", "latitude": 40.82426, "longitude": -73.89309, "Authorization Date": "1/8/2021", "End Date": "8/29/2023" }, "geometry": { "type": "Point", "coordinates": [ -73.89309, 40.82426 ] } },
{ "type": "Feature", "properties": { "Record ID": 662612, "store_name": "1029 Simpson Deli & Grocery Corp  ", "Store Type": "Medium Grocery Store", "Street Number": "1029", "Street Name": "Westchester Ave", "Additional Address": null, "city": "Bronx", "state": "NY", "Zip Code": 10459, "Zip4": "3311", "County": "BRONX", "latitude": 40.82426, "longitude": -73.89309, "Authorization Date": "11/15/2023", "End Date": " " }, "geometry": { "type": "Point", "coordinates": [ -73.89309, 40.82426 ] } },
{ "type": "Feature", "properties": { "Record ID": 712081, "store_name": "1045 GROCERY & CANDY  ", "Store Type": "Small Grocery Store", "Street Number": "1045", "Street Name": "E 163rd St", "Additional Address": " ", "city": "Bronx", "state": "NY", "Zip Code": 10459, "Zip4": "4510", "County": "BRONX", "latitude": 40.82105, "longitude": -73.8913, "Authorization Date": "8/21/2003", "End Date": "3/26/2008" }, "geometry": { "type": "Point", "coordinates": [ -73.8913, 40.82105 ] } },
{ "type": "Feature", "properties": { "Record ID": 814618, "store_name": "1048 Express Deli Inc  ", "Store Type": "Convenience Store", "Street Number": "1048", "Street Name": "Westchester Ave", "Additional Address": " ", "city": "Bronx", "state": "NY", "Zip Code": 10459, "Zip4": "2410", "County": "BRONX", "latitude": 40.82466, "longitude": -73.89182, "Authorization Date": "4/10/2007", "End Date": "1/29/2014" }, "geometry": { "type": "Point", "coordinates": [ -73.89182, 40.82466 ] } },
{ "type": "Feature", "properties": { "Record ID": 1486973, "store_name": "1054 United Deli & Tobacco Corp  ", "Store Type": "Small Grocery Store", "Street Number": "1054", "Street Name": "Southern Blvd", "Additional Address": null, "city": "Bronx", "state": "NY", "Zip Code": 10459, "Zip4": "3426", "County": "BRONX", "latitude": 40.82439, "longitude": -73.89171, "Authorization Date": "2/17/2022", "End Date": " " }, "geometry": { "type": "Point", "coordinates": [ -73.89171, 40.82439 ] } },
{ "type": "Feature", "properties": { "Record ID": 1206639, "store_name": "1078 Deli Grocery Corp  ", "Store Type": "Convenience Store", "Street Number": "1078", "Street Name": "E 165th St", "Additional Address": " ", "city": "Bronx", "state": "NY", "Zip Code": 10459, "Zip4": "2589", "County": "BRONX", "latitude": 40.82505, "longitude": -73.89072, "Authorization Date": "8/28/2015", "End Date": "9/22/2019" }, "geometry": { "type": "Point", "coordinates": [ -73.89072, 40.82505 ] } },
{ "type": "Feature", "properties": { "Record ID": 288111, "store_name": "1078 GROCERY 2000, INC.  ", "Store Type": "Small Grocery Store", "Street Number": "1078", "Street Name": "E 165th St", "Additional Address": " ", "city": "Bronx", "state": "NY", "Zip Code": 10459, "Zip4": "2589", "County": "BRONX", "latitude": 40.82503, "longitude": -73.89061, "Authorization Date": "7/27/2001", "End Date": "7/16/2015" }, "geometry": { "type": "Point", "coordinates": [ -73.89061, 40.82503 ] } },
{ "type": "Feature", "properties": { "Record ID": 924640, "store_name": "1106 Gourmet Deli Inc  ", "Store Type": "Convenience Store", "Street Number": "1106", "Street Name": "Westchester Ave", "Additional Address": " ", "city": "Bronx", "state": "NY", "Zip Code": 10459, "Zip4": "2505", "County": "BRONX", "latitude": 40.8253, "longitude": -73.89054, "Authorization Date": "11/30/2009", "End Date": "9/1/2010" }, "geometry": { "type": "Point", "coordinates": [ -73.89054, 40.8253 ] } },
{ "type": "Feature", "properties": { "Record ID": 966018, "store_name": "1106 Westchester Gourmet Deli Corp  ", "Store Type": "Medium Grocery Store", "Street Number": "1106", "Street Name": "Westchester Ave", "Additional Address": " ", "city": "Bronx", "state": "NY", "Zip Code": 10459, "Zip4": "2505", "County": "BRONX", "latitude": 40.8253, "longitude": -73.89054, "Authorization Date": "9/2/2010", "End Date": "9/17/2012" }, "geometry": { "type": "Point", "coordinates": [ -73.89054, 40.8253 ] } },
{ "type": "Feature", "properties": { "Record ID": 767481, "store_name": "1142 Grocery Corp  ", "Store Type": "Small Grocery Store", "Street Number": "1142", "Street Name": "E 165th St", "Additional Address": " ", "city": "Bronx", "state": "NY", "Zip Code": 10459, "Zip4": "2630", "County": "BRONX", "latitude": 40.8252, "longitude": -73.88745, "Authorization Date": "10/13/2005", "End Date": "11/5/2007" }, "geometry": { "type": "Point", "coordinates": [ -73.88745, 40.8252 ] } },
{ "type": "Feature", "properties": { "Record ID": 1346181, "store_name": "1150 Joseph Deli & Grocery Inc.  ", "Store Type": "Convenience Store", "Street Number": "1150", "Street Name": "Garrison Ave", "Additional Address": " ", "city": "Bronx", "state": "NY", "Zip Code": 10474, "Zip4": "4637", "County": "BRONX", "latitude": 40.82017, "longitude": -73.88855, "Authorization Date": "3/1/2019", "End Date": "8/7/2022" }, "geometry": { "type": "Point", "coordinates": [ -73.88855, 40.82017 ] } },
{ "type": "Feature", "properties": { "Record ID": 1346181, "store_name": "1150 Joseph Deli & Grocery Inc.  ", "Store Type": "Convenience Store", "Street Number": "1150", "Street Name": "Garrison Ave", "Additional Address": " ", "city": "Bronx", "state": "NY", "Zip Code": 10474, "Zip4": "4637", "County": "BRONX", "latitude": 40.82017, "longitude": -73.88855, "Authorization Date": "8/30/2022", "End Date": "3/26/2024" }, "geometry": { "type": "Point", "coordinates": [ -73.88855, 40.82017 ] } },
{ "type": "Feature", "properties": { "Record ID": 294482, "store_name": "1318 SALCEDO SUPERMARKET CORP  ", "Store Type": "Small Grocery Store", "Street Number": "1318", "Street Name": "Lafayette Ave", "Additional Address": " ", "city": "Bronx", "state": "NY", "Zip Code": 10474, "Zip4": "7202", "County": "BRONX", "latitude": 40.81687, "longitude": -73.88617, "Authorization Date": "2/24/2004", "End Date": "2/3/2010" }, "geometry": { "type": "Point", "coordinates": [ -73.88617, 40.81687 ] } },
{ "type": "Feature", "properties": { "Record ID": 807136, "store_name": "149 DELI CORP  ", "Store Type": "Small Grocery Store", "Street Number": "543", "Street Name": "Southern Blvd", "Additional Address": " ", "city": "Bronx", "state": "NY", "Zip Code": 10455, "Zip4": "3762", "County": "BRONX", "latitude": 40.81226, "longitude": -73.90388, "Authorization Date": "1/30/2007", "End Date": "5/26/2010" }, "geometry": { "type": "Point", "coordinates": [ -73.90388, 40.81226 ] } },
{ "type": "Feature", "properties": { "Record ID": 1654563, "store_name": "169 Habibi Deli Corp  ", "Store Type": "Small Grocery Store", "Street Number": "1251", "Street Name": "Rev James A Polite Ave", "Additional Address": null, "city": "Bronx", "state": "NY", "Zip Code": 10459, "Zip4": "2227", "County": "BRONX", "latitude": 40.82864, "longitude": -73.89665, "Authorization Date": "8/4/2025", "End Date": " " }, "geometry": { "type": "Point", "coordinates": [ -73.89665, 40.82864 ] } },
{ "type": "Feature", "properties": { "Record ID": 958505, "store_name": "2010 A&M Varieties, Corp D/B/A 99 Cents Plus  ", "Store Type": "Convenience Store", "Street Number": "844", "Street Name": "Hunts Point Ave", "Additional Address": " ", "city": "Bronx", "state": "NY", "Zip Code": 10474, "Zip4": "5406", "County": "BRONX", "latitude": 40.81756, "longitude": -73.88848, "Authorization Date": "7/7/2010", "End Date": "9/7/2011" }, "geometry": { "type": "Point", "coordinates": [ -73.88848, 40.81756 ] } },
{ "type": "Feature", "properties": { "Record ID": 1571769, "store_name": "20r Grocery Store Corporation  ", "Store Type": "Convenience Store", "Street Number": "1300", "Street Name": "Lafayette Ave", "Additional Address": null, "city": "Bronx", "state": "NY", "Zip Code": 10474, "Zip4": "7202", "County": "BRONX", "latitude": 40.81667, "longitude": -73.88691, "Authorization Date": "1/9/2024", "End Date": " " }, "geometry": { "type": "Point", "coordinates": [ -73.88691, 40.81667 ] } },
{ "type": "Feature", "properties": { "Record ID": 1247994, "store_name": "3030 Deli Grocery Inc  ", "Store Type": "Convenience Store", "Street Number": "1095", "Street Name": "E 165th St", "Additional Address": " ", "city": "Bronx", "state": "NY", "Zip Code": 10459, "Zip4": "2501", "County": "BRONX", "latitude": 40.82515, "longitude": -73.88979, "Authorization Date": "8/1/2016", "End Date": "11/29/2017" }, "geometry": { "type": "Point", "coordinates": [ -73.88979, 40.82515 ] } },
{ "type": "Feature", "properties": { "Record ID": 510974, "store_name": "422 Westchester Fruit Vegetable & Grocery Inc  ", "Store Type": "Small Grocery Store", "Street Number": "966", "Street Name": "Longwood Ave", "Additional Address": " ", "city": "Bronx", "state": "NY", "Zip Code": 10459, "Zip4": "5008", "County": "BRONX", "latitude": 40.81738, "longitude": -73.89812, "Authorization Date": "2/9/1999", "End Date": "3/30/2021" }, "geometry": { "type": "Point", "coordinates": [ -73.89812, 40.81738 ] } },
{ "type": "Feature", "properties": { "Record ID": 951921, "store_name": "543 DELI CORP  ", "Store Type": "Medium Grocery Store", "Street Number": "543", "Street Name": "Southern Blvd", "Additional Address": " ", "city": "Bronx", "state": "NY", "Zip Code": 10455, "Zip4": "3762", "County": "BRONX", "latitude": 40.81226, "longitude": -73.90388, "Authorization Date": "5/27/2010", "End Date": "1/14/2015" }, "geometry": { "type": "Point", "coordinates": [ -73.90388, 40.81226 ] } },
{ "type": "Feature", "properties": { "Record ID": 1182229, "store_name": "543 North Deli Grocery Inc  ", "Store Type": "Convenience Store", "Street Number": "543", "Street Name": "Southern Blvd", "Additional Address": " ", "city": "Bronx", "state": "NY", "Zip Code": 10455, "Zip4": "3762", "County": "BRONX", "latitude": 40.81224, "longitude": -73.90384, "Authorization Date": "2/3/2015", "End Date": "5/14/2025" }, "geometry": { "type": "Point", "coordinates": [ -73.90384, 40.81224 ] } },
{ "type": "Feature", "properties": { "Record ID": 1648445, "store_name": "543 North Deli Grocery Inc  ", "Store Type": "Convenience Store", "Street Number": "543", "Street Name": "Southern Blvd", "Additional Address": " ", "city": "Bronx", "state": "NY", "Zip Code": 10455, "Zip4": "3762", "County": "BRONX", "latitude": 40.81237, "longitude": -73.90393, "Authorization Date": "4/21/2025", "End Date": " " }, "geometry": { "type": "Point", "coordinates": [ -73.90393, 40.81237 ] } },
{ "type": "Feature", "properties": { "Record ID": 1194011, "store_name": "548 Grocery Deli Inc  ", "Store Type": "Convenience Store", "Street Number": "548", "Street Name": "Southern Blvd", "Additional Address": " ", "city": "Bronx", "state": "NY", "Zip Code": 10455, "Zip4": "3715", "County": "BRONX", "latitude": 40.81219, "longitude": -73.9038, "Authorization Date": "5/14/2015", "End Date": "11/22/2019" }, "geometry": { "type": "Point", "coordinates": [ -73.9038, 40.81219 ] } },
{ "type": "Feature", "properties": { "Record ID": 909221, "store_name": "561 Southern Food Corp  ", "Store Type": "Small Grocery Store", "Street Number": "561D", "Street Name": "Southern Blvd", "Additional Address": " ", "city": "Bronx", "state": "NY", "Zip Code": 10455, "Zip4": "3762", "County": "BRONX", "latitude": 40.8124, "longitude": -73.90337, "Authorization Date": "10/7/2009", "End Date": "12/9/2014" }, "geometry": { "type": "Point", "coordinates": [ -73.90337, 40.8124 ] } },
{ "type": "Feature", "properties": { "Record ID": 240733, "store_name": "564 GROCERY INC  ", "Store Type": "Super Store", "Street Number": "564", "Street Name": "Southern Blvd", "Additional Address": " ", "city": "Bronx", "state": "NY", "Zip Code": 10455, "Zip4": "3715", "County": "BRONX", "latitude": 40.81248, "longitude": -73.90279, "Authorization Date": "8/14/1984", "End Date": " " }, "geometry": { "type": "Point", "coordinates": [ -73.90279, 40.81248 ] } },
{ "type": "Feature", "properties": { "Record ID": 830569, "store_name": "585 Altagracia Grocery Corp  ", "Store Type": "Small Grocery Store", "Street Number": "585", "Street Name": "Southern Blvd", "Additional Address": " ", "city": "Bronx", "state": "NY", "Zip Code": 10455, "Zip4": "3762", "County": "BRONX", "latitude": 40.81259, "longitude": -73.90274, "Authorization Date": "9/25/2007", "End Date": "12/1/2009" }, "geometry": { "type": "Point", "coordinates": [ -73.90274, 40.81259 ] } },
{ "type": "Feature", "properties": { "Record ID": 1056571, "store_name": "639-641 Grocery Corp  ", "Store Type": "Small Grocery Store", "Street Number": "639", "Street Name": "Southern Blvd", "Additional Address": " ", "city": "Bronx", "state": "NY", "Zip Code": 10455, "Zip4": "3602", "County": "BRONX", "latitude": 40.81304, "longitude": -73.90115, "Authorization Date": "10/24/2012", "End Date": "2/2/2021" }, "geometry": { "type": "Point", "coordinates": [ -73.90115, 40.81304 ] } },
{ "type": "Feature", "properties": { "Record ID": 826586, "store_name": "639-641 Southern Boulevard Inc  ", "Store Type": "Small Grocery Store", "Street Number": "639", "Street Name": "Southern Blvd", "Additional Address": " ", "city": "Bronx", "state": "NY", "Zip Code": 10455, "Zip4": "3602", "County": "BRONX", "latitude": 40.81304, "longitude": -73.90115, "Authorization Date": "9/24/2007", "End Date": "7/9/2012" }, "geometry": { "type": "Point", "coordinates": [ -73.90115, 40.81304 ] } },
{ "type": "Feature", "properties": { "Record ID": 1498571, "store_name": "670 Toledo Grocery Corp  ", "Store Type": "Small Grocery Store", "Street Number": "670", "Street Name": "Barretto St", "Additional Address": null, "city": "Bronx", "state": "NY", "Zip Code": 10474, "Zip4": "6343", "County": "BRONX", "latitude": 40.81393, "longitude": -73.88908, "Authorization Date": "6/29/2022", "End Date": "3/30/2025" }, "geometry": { "type": "Point", "coordinates": [ -73.88908, 40.81393 ] } },
{ "type": "Feature", "properties": { "Record ID": 1142908, "store_name": "671 Kelly Deli Grocery Inc  ", "Store Type": "Convenience Store", "Street Number": "671", "Street Name": "Kelly Street", "Additional Address": " ", "city": "Bronx", "state": "NY", "Zip Code": 10455, "Zip4": " ", "County": "BRONX", "latitude": 40.8154, "longitude": -73.90233, "Authorization Date": "6/10/2014", "End Date": "2/5/2019" }, "geometry": { "type": "Point", "coordinates": [ -73.90233, 40.8154 ] } },
{ "type": "Feature", "properties": { "Record ID": 647136, "store_name": "698 GROCERY INC  ", "Store Type": "Convenience Store", "Street Number": "698", "Street Name": "Beck St", "Additional Address": " ", "city": "Bronx", "state": "NY", "Zip Code": 10455, "Zip4": "3451", "County": "BRONX", "latitude": 40.81491, "longitude": -73.90051, "Authorization Date": "10/28/1999", "End Date": "11/7/2012" }, "geometry": { "type": "Point", "coordinates": [ -73.90051, 40.81491 ] } },
{ "type": "Feature", "properties": { "Record ID": 797350, "store_name": "699 BECK ST. GROCERY CORP  ", "Store Type": "Small Grocery Store", "Street Number": "699", "Street Name": "Beck St", "Additional Address": " ", "city": "Bronx", "state": "NY", "Zip Code": 10455, "Zip4": "3421", "County": "BRONX", "latitude": 40.81502, "longitude": -73.90044, "Authorization Date": "8/16/2006", "End Date": "5/12/2010" }, "geometry": { "type": "Point", "coordinates": [ -73.90044, 40.81502 ] } },
{ "type": "Feature", "properties": { "Record ID": 904780, "store_name": "7-Eleven#39045A  ", "Store Type": "Combination Grocery/Other", "Street Number": "1081", "Street Name": "Leggett Ave", "Additional Address": " ", "city": "Bronx", "state": "NY", "Zip Code": 10474, "Zip4": "5604", "County": "BRONX", "latitude": 40.81235, "longitude": -73.89631, "Authorization Date": "7/2/2009", "End Date": "1/16/2012" }, "geometry": { "type": "Point", "coordinates": [ -73.89631, 40.81235 ] } },
{ "type": "Feature", "properties": { "Record ID": 1641074, "store_name": "703 Habibi Halal Deli Inc 1", "Store Type": "Convenience Store", "Street Number": "703", "Street Name": "Southern Blvd", "Additional Address": null, "city": "Bronx", "state": "NY", "Zip Code": 10455, "Zip4": "2105", "County": "BRONX", "latitude": 40.81378, "longitude": -73.89915, "Authorization Date": "4/25/2025", "End Date": " " }, "geometry": { "type": "Point", "coordinates": [ -73.89915, 40.81378 ] } },
{ "type": "Feature", "properties": { "Record ID": 1012067, "store_name": "801 Hunts Point Deli Corp  ", "Store Type": "Convenience Store", "Street Number": "801", "Street Name": "Hunts Point Ave", "Additional Address": " ", "city": "Bronx", "state": "NY", "Zip Code": 10474, "Zip4": "5401", "County": "BRONX", "latitude": 40.81662, "longitude": -73.88808, "Authorization Date": "7/19/2011", "End Date": "2/25/2019" }, "geometry": { "type": "Point", "coordinates": [ -73.88808, 40.81662 ] } },
{ "type": "Feature", "properties": { "Record ID": 1012067, "store_name": "801 Hunts Point Deli Corp  ", "Store Type": "Convenience Store", "Street Number": "801", "Street Name": "Hunts Point Ave", "Additional Address": " ", "city": "Bronx", "state": "NY", "Zip Code": 10474, "Zip4": "5401", "County": "BRONX", "latitude": 40.81662, "longitude": -73.88808, "Authorization Date": "3/1/2019", "End Date": "4/11/2021" }, "geometry": { "type": "Point", "coordinates": [ -73.88808, 40.81662 ] } },
{ "type": "Feature", "properties": { "Record ID": 378697, "store_name": "848 HUNTS POINT DELI GROCERY INC  ", "Store Type": "Convenience Store", "Street Number": "848", "Street Name": "Hunts Point Ave", "Additional Address": " ", "city": "Bronx", "state": "NY", "Zip Code": 10474, "Zip4": "5406", "County": "BRONX", "latitude": 40.81775, "longitude": -73.88854, "Authorization Date": "7/1/2004", "End Date": "6/15/2015" }, "geometry": { "type": "Point", "coordinates": [ -73.88854, 40.81775 ] } },
{ "type": "Feature", "properties": { "Record ID": 1389353, "store_name": "848 Stop 1 Deli Grocery Inc  ", "Store Type": "Convenience Store", "Street Number": "848", "Street Name": "Hunts Point Ave", "Additional Address": null, "city": "Bronx", "state": "NY", "Zip Code": 10474, "Zip4": "5406", "County": "BRONX", "latitude": 40.81768, "longitude": -73.88838, "Authorization Date": "2/6/2020", "End Date": "12/26/2021" }, "geometry": { "type": "Point", "coordinates": [ -73.88838, 40.81768 ] } },
{ "type": "Feature", "properties": { "Record ID": 1068367, "store_name": "862 Food Corp/Food Dynasty  ", "Store Type": "Super Store", "Street Number": "862", "Street Name": "Hunts Point Ave", "Additional Address": " ", "city": "Bronx", "state": "NY", "Zip Code": 10474, "Zip4": "5407", "County": "BRONX", "latitude": 40.81823, "longitude": -73.88889, "Authorization Date": "10/2/2012", "End Date": "12/9/2014" }, "geometry": { "type": "Point", "coordinates": [ -73.88889, 40.81823 ] } },
{ "type": "Feature", "properties": { "Record ID": 681518, "store_name": "869 DELI GROCERY CORP  ", "Store Type": "Convenience Store", "Street Number": "865", "Street Name": "E 149th St", "Additional Address": " ", "city": "Bronx", "state": "NY", "Zip Code": 10455, "Zip4": "4610", "County": "BRONX", "latitude": 40.81169, "longitude": -73.90358, "Authorization Date": "9/26/2002", "End Date": "9/26/2005" }, "geometry": { "type": "Point", "coordinates": [ -73.90358, 40.81169 ] } },
{ "type": "Feature", "properties": { "Record ID": 1306261, "store_name": "901 Gourmet Deli Corp  ", "Store Type": "Convenience Store", "Street Number": "901", "Street Name": "Southern Blvd", "Additional Address": " ", "city": "Bronx", "state": "NY", "Zip Code": 10459, "Zip4": "4560", "County": "BRONX", "latitude": 40.81959, "longitude": -73.8929, "Authorization Date": "3/16/2018", "End Date": "10/24/2023" }, "geometry": { "type": "Point", "coordinates": [ -73.8929, 40.81959 ] } },
{ "type": "Feature", "properties": { "Record ID": 986545, "store_name": "908 Garcia Fruits & Grocery Corp  ", "Store Type": "Medium Grocery Store", "Street Number": "908", "Street Name": "E 163rd St", "Additional Address": " ", "city": "Bronx", "state": "NY", "Zip Code": 10459, "Zip4": "4154", "County": "BRONX", "latitude": 40.82095, "longitude": -73.8979, "Authorization Date": "1/13/2011", "End Date": "10/1/2015" }, "geometry": { "type": "Point", "coordinates": [ -73.8979, 40.82095 ] } },
{ "type": "Feature", "properties": { "Record ID": 665388, "store_name": "931 DELI-GROCERY CORP  ", "Store Type": "Small Grocery Store", "Street Number": "931", "Street Name": "Fox St", "Additional Address": " ", "city": "Bronx", "state": "NY", "Zip Code": 10459, "Zip4": "4338", "County": "BRONX", "latitude": 40.82077, "longitude": -73.89391, "Authorization Date": "6/5/2003", "End Date": "7/24/2013" }, "geometry": { "type": "Point", "coordinates": [ -73.89391, 40.82077 ] } },
{ "type": "Feature", "properties": { "Record ID": 1304083, "store_name": "947 Deli Grocery Corp  ", "Store Type": "Convenience Store", "Street Number": "947", "Street Name": "E 163rd St", "Additional Address": " ", "city": "Bronx", "state": "NY", "Zip Code": 10459, "Zip4": "4211", "County": "BRONX", "latitude": 40.82106, "longitude": -73.89606, "Authorization Date": "12/21/2017", "End Date": "3/14/2023" }, "geometry": { "type": "Point", "coordinates": [ -73.89606, 40.82106 ] } },
{ "type": "Feature", "properties": { "Record ID": 1083359, "store_name": "950 Fair Food Corp/Fine Fare Supermarket  ", "Store Type": "Supermarket", "Street Number": "950", "Street Name": "Westchester Ave", "Additional Address": " ", "city": "Bronx", "state": "NY", "Zip Code": 10459, "Zip4": "3219", "County": "BRONX", "latitude": 40.82236, "longitude": -73.89603, "Authorization Date": "11/29/2012", "End Date": " " }, "geometry": { "type": "Point", "coordinates": [ -73.89603, 40.82236 ] } },
{ "type": "Feature", "properties": { "Record ID": 1002656, "store_name": "950 Food Corp/Price Choice Supermarket  ", "Store Type": "Super Store", "Street Number": "950", "Street Name": "Westchester Ave", "Additional Address": " ", "city": "Bronx", "state": "NY", "Zip Code": 10459, "Zip4": "3219", "County": "BRONX", "latitude": 40.82235, "longitude": -73.89628, "Authorization Date": "5/5/2011", "End Date": "3/12/2014" }, "geometry": { "type": "Point", "coordinates": [ -73.89628, 40.82235 ] } },
{ "type": "Feature", "properties": { "Record ID": 840869, "store_name": "971 Grocery Store Corp  ", "Store Type": "Small Grocery Store", "Street Number": "971A", "Street Name": "Westchester Ave", "Additional Address": " ", "city": "Bronx", "state": "NY", "Zip Code": 10459, "Zip4": "3204", "County": "BRONX", "latitude": 40.82299, "longitude": -73.89529, "Authorization Date": "12/31/2007", "End Date": "10/15/2008" }, "geometry": { "type": "Point", "coordinates": [ -73.89529, 40.82299 ] } },
{ "type": "Feature", "properties": { "Record ID": 833172, "store_name": "99 C Brands Inc.  ", "Store Type": "Small Grocery Store", "Street Number": "836", "Street Name": "Hunts Point Ave", "Additional Address": " ", "city": "Bronx", "state": "NY", "Zip Code": 10474, "Zip4": "5406", "County": "BRONX", "latitude": 40.81739, "longitude": -73.88839, "Authorization Date": "12/27/2007", "End Date": "1/28/2014" }, "geometry": { "type": "Point", "coordinates": [ -73.88839, 40.81739 ] } },
{ "type": "Feature", "properties": { "Record ID": 864285, "store_name": "99 Cent Days & Discount Inc.  ", "Store Type": "Convenience Store", "Street Number": "901", "Street Name": "Southern Blvd", "Additional Address": " ", "city": "Bronx", "state": "NY", "Zip Code": 10459, "Zip4": "4507", "County": "BRONX", "latitude": 40.81951, "longitude": -73.89297, "Authorization Date": "10/14/2008", "End Date": "7/2/2017" }, "geometry": { "type": "Point", "coordinates": [ -73.89297, 40.81951 ] } },
{ "type": "Feature", "properties": { "Record ID": 988221, "store_name": "99 Cent Discount King Inc  ", "Store Type": "Convenience Store", "Street Number": "953", "Street Name": "Southern Blvd", "Additional Address": "Frnt B", "city": "Bronx", "state": "NY", "Zip Code": 10459, "Zip4": "3428", "County": "BRONX", "latitude": 40.82141, "longitude": -73.89172, "Authorization Date": "2/3/2011", "End Date": "1/16/2012" }, "geometry": { "type": "Point", "coordinates": [ -73.89172, 40.82141 ] } },
{ "type": "Feature", "properties": { "Record ID": 798328, "store_name": "99 CENT EXPRESS INC  ", "Store Type": "Convenience Store", "Street Number": "789", "Street Name": "Southern Blvd", "Additional Address": " ", "city": "Bronx", "state": "NY", "Zip Code": 10455, "Zip4": "2114", "County": "BRONX", "latitude": 40.816, "longitude": -73.89659, "Authorization Date": "9/21/2006", "End Date": "6/20/2010" }, "geometry": { "type": "Point", "coordinates": [ -73.89659, 40.816 ] } },
{ "type": "Feature", "properties": { "Record ID": 1120190, "store_name": "99 Cents Of Southern Inc  ", "Store Type": "Convenience Store", "Street Number": "789", "Street Name": "Southern Blvd", "Additional Address": " ", "city": "Bronx", "state": "NY", "Zip Code": 10455, "Zip4": "2114", "County": "BRONX", "latitude": 40.816, "longitude": -73.89659, "Authorization Date": "2/11/2014", "End Date": "11/23/2018" }, "geometry": { "type": "Point", "coordinates": [ -73.89659, 40.816 ] } },
{ "type": "Feature", "properties": { "Record ID": 796580, "store_name": "99 CENTS PLUS DISCOUNT & HAIR SUPPLY INC  ", "Store Type": "Convenience Store", "Street Number": "844", "Street Name": "Hunts Point Ave", "Additional Address": " ", "city": "Bronx", "state": "NY", "Zip Code": 10474, "Zip4": "5406", "County": "BRONX", "latitude": 40.81756, "longitude": -73.88848, "Authorization Date": "8/24/2006", "End Date": "6/20/2010" }, "geometry": { "type": "Point", "coordinates": [ -73.88848, 40.81756 ] } },
{ "type": "Feature", "properties": { "Record ID": 1055275, "store_name": "99c Us1  ", "Store Type": "Convenience Store", "Street Number": "1041", "Street Name": "E 163rd St", "Additional Address": " ", "city": "Bronx", "state": "NY", "Zip Code": 10459, "Zip4": "4510", "County": "BRONX", "latitude": 40.82105, "longitude": -73.89138, "Authorization Date": "8/20/2012", "End Date": "5/5/2015" }, "geometry": { "type": "Point", "coordinates": [ -73.89138, 40.82105 ] } },
{ "type": "Feature", "properties": { "Record ID": 1108520, "store_name": "A & G Deli Grocery Corp  ", "Store Type": "Small Grocery Store", "Street Number": "931", "Street Name": "Fox St", "Additional Address": null, "city": "Bronx", "state": "NY", "Zip Code": 10459, "Zip4": "4338", "County": "BRONX", "latitude": 40.82073, "longitude": -73.894, "Authorization Date": "8/1/2013", "End Date": " " }, "geometry": { "type": "Point", "coordinates": [ -73.894, 40.82073 ] } },
{ "type": "Feature", "properties": { "Record ID": 1222029, "store_name": "A & G Deli Grocery II Corp  ", "Store Type": "Convenience Store", "Street Number": "976", "Street Name": "Prospect Ave", "Additional Address": " ", "city": "Bronx", "state": "NY", "Zip Code": 10459, "Zip4": "2904", "County": "BRONX", "latitude": 40.82335, "longitude": -73.90006, "Authorization Date": "12/28/2015", "End Date": " " }, "geometry": { "type": "Point", "coordinates": [ -73.90006, 40.82335 ] } },
{ "type": "Feature", "properties": { "Record ID": 1289222, "store_name": "A & G Deli Grocery Iii Corp  ", "Store Type": "Small Grocery Store", "Street Number": "948", "Street Name": "E 163rd St", "Additional Address": null, "city": "Bronx", "state": "NY", "Zip Code": 10459, "Zip4": "4209", "County": "BRONX", "latitude": 40.82093, "longitude": -73.89596, "Authorization Date": "7/25/2017", "End Date": "10/4/2020" }, "geometry": { "type": "Point", "coordinates": [ -73.89596, 40.82093 ] } },
{ "type": "Feature", "properties": { "Record ID": 1289222, "store_name": "A & G Deli Grocery Iii Corp  ", "Store Type": "Small Grocery Store", "Street Number": "948", "Street Name": "E 163rd St", "Additional Address": null, "city": "Bronx", "state": "NY", "Zip Code": 10459, "Zip4": "4209", "County": "BRONX", "latitude": 40.82093, "longitude": -73.89596, "Authorization Date": "10/16/2020", "End Date": " " }, "geometry": { "type": "Point", "coordinates": [ -73.89596, 40.82093 ] } },
{ "type": "Feature", "properties": { "Record ID": 1648819, "store_name": "A & Z Gourmet Deli Corp  ", "Store Type": "Convenience Store", "Street Number": "770", "Street Name": "Hunts Point Ave", "Additional Address": null, "city": "Bronx", "state": "NY", "Zip Code": 10474, "Zip4": "5920", "County": "BRONX", "latitude": 40.81631, "longitude": -73.88741, "Authorization Date": "5/29/2025", "End Date": " " }, "geometry": { "type": "Point", "coordinates": [ -73.88741, 40.81631 ] } },
{ "type": "Feature", "properties": { "Record ID": 982838, "store_name": "A &M Grocery and Candy Corp  ", "Store Type": "Convenience Store", "Street Number": "872", "Street Name": "Hunts Point Ave", "Additional Address": " ", "city": "Bronx", "state": "NY", "Zip Code": 10474, "Zip4": "5402", "County": "BRONX", "latitude": 40.81872, "longitude": -73.88915, "Authorization Date": "12/10/2010", "End Date": "3/22/2022" }, "geometry": { "type": "Point", "coordinates": [ -73.88915, 40.81872 ] } },
{ "type": "Feature", "properties": { "Record ID": 1070975, "store_name": "A Z Deli Inc  ", "Store Type": "Convenience Store", "Street Number": "1093A", "Street Name": "Southern Blvd", "Additional Address": " ", "city": "Bronx", "state": "NY", "Zip Code": 10459, "Zip4": "2417", "County": "BRONX", "latitude": 40.82595, "longitude": -73.89199, "Authorization Date": "11/20/2012", "End Date": "3/31/2014" }, "geometry": { "type": "Point", "coordinates": [ -73.89199, 40.82595 ] } },
{ "type": "Feature", "properties": { "Record ID": 1178797, "store_name": "A&O Deli Grocery Corp  ", "Store Type": "Small Grocery Store", "Street Number": "922", "Street Name": "Barretto St", "Additional Address": " ", "city": "Bronx", "state": "NY", "Zip Code": 10459, "Zip4": " ", "County": "BRONX", "latitude": 40.81947, "longitude": -73.89317, "Authorization Date": "3/5/2015", "End Date": "11/29/2017" }, "geometry": { "type": "Point", "coordinates": [ -73.89317, 40.81947 ] } },
{ "type": "Feature", "properties": { "Record ID": 1029143, "store_name": "A.J.B. Deli Grocery Inc  ", "Store Type": "Small Grocery Store", "Street Number": "701", "Street Name": "Coster St", "Additional Address": " ", "city": "Bronx", "state": "NY", "Zip Code": 10474, "Zip4": "6401", "County": "BRONX", "latitude": 40.81442, "longitude": -73.8875, "Authorization Date": "12/1/2011", "End Date": "8/5/2024" }, "geometry": { "type": "Point", "coordinates": [ -73.8875, 40.81442 ] } },
{ "type": "Feature", "properties": { "Record ID": 872167, "store_name": "A1 Depot Inc  ", "Store Type": "Combination Grocery/Other", "Street Number": "1195", "Street Name": "Spofford Ave", "Additional Address": " ", "city": "Bronx", "state": "NY", "Zip Code": 10474, "Zip4": "5833", "County": "BRONX", "latitude": 40.81379, "longitude": -73.89139, "Authorization Date": "11/17/2009", "End Date": " " }, "geometry": { "type": "Point", "coordinates": [ -73.89139, 40.81379 ] } },
{ "type": "Feature", "properties": { "Record ID": 477125, "store_name": "AA SABA DELI & GROCERY  ", "Store Type": "Small Grocery Store", "Street Number": "870", "Street Name": "Prospect Ave", "Additional Address": " ", "city": "Bronx", "state": "NY", "Zip Code": 10459, "Zip4": "3926", "County": "BRONX", "latitude": 40.82028, "longitude": -73.90129, "Authorization Date": "8/20/2003", "End Date": "12/18/2005" }, "geometry": { "type": "Point", "coordinates": [ -73.90129, 40.82028 ] } },
{ "type": "Feature", "properties": { "Record ID": 1266903, "store_name": "AAA Biz Net Inc/ AAA Deli and Grocery  ", "Store Type": "Convenience Store", "Street Number": "978", "Street Name": "Longwood Ave", "Additional Address": " ", "city": "Bronx", "state": "NY", "Zip Code": 10459, "Zip4": "5108", "County": "BRONX", "latitude": 40.81713, "longitude": -73.89767, "Authorization Date": "1/25/2017", "End Date": "10/19/2017" }, "geometry": { "type": "Point", "coordinates": [ -73.89767, 40.81713 ] } },
{ "type": "Feature", "properties": { "Record ID": 1376307, "store_name": "Aarons Corner Deli, Llc  ", "Store Type": "Convenience Store", "Street Number": "1251", "Street Name": "Rev James A Polite Ave", "Additional Address": " ", "city": "Bronx", "state": "NY", "Zip Code": 10459, "Zip4": "2227", "County": "BRONX", "latitude": 40.82857, "longitude": -73.89658, "Authorization Date": "12/5/2019", "End Date": "11/18/2024" }, "geometry": { "type": "Point", "coordinates": [ -73.89658, 40.82857 ] } },
{ "type": "Feature", "properties": { "Record ID": 1507967, "store_name": "Aayan Fruits & Vegetables Inc  ", "Store Type": "Small Grocery Store", "Street Number": "547", "Street Name": "Southern Blvd", "Additional Address": null, "city": "Bronx", "state": "NY", "Zip Code": 10455, "Zip4": "3705", "County": "BRONX", "latitude": 40.81243, "longitude": -73.90369, "Authorization Date": "7/28/2022", "End Date": " " }, "geometry": { "type": "Point", "coordinates": [ -73.90369, 40.81243 ] } },
{ "type": "Feature", "properties": { "Record ID": 1136895, "store_name": "Abdus Salam GREEN CART  ", "Store Type": "Fruits/Veg Specialty", "Street Number": "953", "Street Name": "Southern Blvd", "Additional Address": " ", "city": "Bronx", "state": "NY", "Zip Code": 10459, "Zip4": " ", "County": "BRONX", "latitude": 40.82143, "longitude": -73.89169, "Authorization Date": "3/7/2014", "End Date": "12/20/2018" }, "geometry": { "type": "Point", "coordinates": [ -73.89169, 40.82143 ] } },
{ "type": "Feature", "properties": { "Record ID": 739784, "store_name": "Acosta Deli Grocery Inc  ", "Store Type": "Small Grocery Store", "Street Number": "590", "Street Name": "Southern Blvd", "Additional Address": " ", "city": "Bronx", "state": "NY", "Zip Code": 10455, "Zip4": " ", "County": "BRONX", "latitude": 40.81277, "longitude": -73.90179, "Authorization Date": "1/19/2005", "End Date": "9/13/2009" }, "geometry": { "type": "Point", "coordinates": [ -73.90179, 40.81277 ] } },
{ "type": "Feature", "properties": { "Record ID": 1113129, "store_name": "Al-Bathaa Deli Grocery Corp  ", "Store Type": "Small Grocery Store", "Street Number": "870", "Street Name": "Prospect Ave", "Additional Address": " ", "city": "Bronx", "state": "NY", "Zip Code": 10459, "Zip4": "3926", "County": "BRONX", "latitude": 40.82028, "longitude": -73.90129, "Authorization Date": "9/27/2013", "End Date": "4/11/2018" }, "geometry": { "type": "Point", "coordinates": [ -73.90129, 40.82028 ] } },
{ "type": "Feature", "properties": { "Record ID": 895644, "store_name": "ALANTE ALANTE DELI GROCERY CORP  ", "Store Type": "Convenience Store", "Street Number": "1006", "Street Name": "INTERVALE AVENUE", "Additional Address": " ", "city": "BRONX", "state": "NY", "Zip Code": 10459, "Zip4": "3146", "County": "BRONX", "latitude": 40.8234, "longitude": -73.89684, "Authorization Date": "6/2/2009", "End Date": "9/12/2012" }, "geometry": { "type": "Point", "coordinates": [ -73.89684, 40.8234 ] } },
{ "type": "Feature", "properties": { "Record ID": 1150883, "store_name": "Aldus 99 Cents Discount Store Corp / 99 Cents Disc  ", "Store Type": "Combination Grocery/Other", "Street Number": "951", "Street Name": "Hoe Ave", "Additional Address": " ", "city": "Bronx", "state": "NY", "Zip Code": 10459, "Zip4": "3619", "County": "BRONX", "latitude": 40.8221, "longitude": -73.89037, "Authorization Date": "7/3/2014", "End Date": "7/12/2018" }, "geometry": { "type": "Point", "coordinates": [ -73.89037, 40.8221 ] } },
{ "type": "Feature", "properties": { "Record ID": 1150883, "store_name": "Aldus 99 Cents Discount Store Corp / 99 Cents Disc  ", "Store Type": "Combination Grocery/Other", "Street Number": "951", "Street Name": "Hoe Ave", "Additional Address": " ", "city": "Bronx", "state": "NY", "Zip Code": 10459, "Zip4": "3619", "County": "BRONX", "latitude": 40.8221, "longitude": -73.89037, "Authorization Date": "8/29/2019", "End Date": " " }, "geometry": { "type": "Point", "coordinates": [ -73.89037, 40.8221 ] } },
{ "type": "Feature", "properties": { "Record ID": 751347, "store_name": "Aldus Fruit & Meat Market  ", "Store Type": "Small Grocery Store", "Street Number": "953-75", "Street Name": "Aldus St", "Additional Address": " ", "city": "Bronx", "state": "NY", "Zip Code": 10459, "Zip4": " ", "County": "BRONX", "latitude": 40.82319, "longitude": -73.89074, "Authorization Date": "5/5/2005", "End Date": "5/20/2007" }, "geometry": { "type": "Point", "coordinates": [ -73.89074, 40.82319 ] } },
{ "type": "Feature", "properties": { "Record ID": 773329, "store_name": "Alex Grocery Inc  ", "Store Type": "Small Grocery Store", "Street Number": "1114", "Street Name": "Westchester Ave", "Additional Address": " ", "city": "Bronx", "state": "NY", "Zip Code": 10459, "Zip4": "2505", "County": "BRONX", "latitude": 40.82552, "longitude": -73.89021, "Authorization Date": "2/3/2006", "End Date": "5/7/2007" }, "geometry": { "type": "Point", "coordinates": [ -73.89021, 40.82552 ] } },
{ "type": "Feature", "properties": { "Record ID": 1395758, "store_name": "Alexis Deli & Grocery  ", "Store Type": "Convenience Store", "Street Number": "945", "Street Name": "Aldus St", "Additional Address": null, "city": "Bronx", "state": "NY", "Zip Code": 10459, "Zip4": "3512", "County": "BRONX", "latitude": 40.82312, "longitude": -73.89143, "Authorization Date": "3/11/2020", "End Date": "12/21/2022" }, "geometry": { "type": "Point", "coordinates": [ -73.89143, 40.82312 ] } },
{ "type": "Feature", "properties": { "Record ID": 873880, "store_name": "Ali Baba Gourmet Deli Corp  ", "Store Type": "Medium Grocery Store", "Street Number": "703", "Street Name": "Southern Blvd", "Additional Address": " ", "city": "Bronx", "state": "NY", "Zip Code": 10455, "Zip4": "2105", "County": "BRONX", "latitude": 40.81362, "longitude": -73.89912, "Authorization Date": "12/12/2008", "End Date": "4/6/2010" }, "geometry": { "type": "Point", "coordinates": [ -73.89912, 40.81362 ] } },
{ "type": "Feature", "properties": { "Record ID": 918966, "store_name": "Aljaned Middle Eastern Supermarket Corp  ", "Store Type": "Small Grocery Store", "Street Number": "976", "Street Name": "Intervale Ave", "Additional Address": " ", "city": "Bronx", "state": "NY", "Zip Code": 10459, "Zip4": "3103", "County": "BRONX", "latitude": 40.82251, "longitude": -73.89684, "Authorization Date": "10/27/2009", "End Date": "9/7/2011" }, "geometry": { "type": "Point", "coordinates": [ -73.89684, 40.82251 ] } },
{ "type": "Feature", "properties": { "Record ID": 374526, "store_name": "ALMANZAR GROCERY & FOOD CORP  ", "Store Type": "Convenience Store", "Street Number": "854", "Street Name": "Intervale Ave", "Additional Address": "Frnt A", "city": "Bronx", "state": "NY", "Zip Code": 10459, "Zip4": "5118", "County": "BRONX", "latitude": 40.81799, "longitude": -73.89557, "Authorization Date": "6/8/1995", "End Date": "5/17/2018" }, "geometry": { "type": "Point", "coordinates": [ -73.89557, 40.81799 ] } },
{ "type": "Feature", "properties": { "Record ID": 374526, "store_name": "ALMANZAR GROCERY & FOOD CORP  ", "Store Type": "Convenience Store", "Street Number": "854", "Street Name": "Intervale Ave", "Additional Address": "Frnt A", "city": "Bronx", "state": "NY", "Zip Code": 10459, "Zip4": "5118", "County": "BRONX", "latitude": 40.81799, "longitude": -73.89557, "Authorization Date": "7/17/2018", "End Date": " " }, "geometry": { "type": "Point", "coordinates": [ -73.89557, 40.81799 ] } },
{ "type": "Feature", "properties": { "Record ID": 926380, "store_name": "Alnabil 83 Deli Grocery Inc  ", "Store Type": "Convenience Store", "Street Number": "900", "Street Name": "Hoe Ave", "Additional Address": " ", "city": "Bronx", "state": "NY", "Zip Code": 10459, "Zip4": "3657", "County": "BRONX", "latitude": 40.82135, "longitude": -73.89024, "Authorization Date": "1/28/2010", "End Date": "9/24/2019" }, "geometry": { "type": "Point", "coordinates": [ -73.89024, 40.82135 ] } },
{ "type": "Feature", "properties": { "Record ID": 929289, "store_name": "Amelia Grocery Store Inc  ", "Store Type": "Small Grocery Store", "Street Number": "954", "Street Name": "Prospect Ave", "Additional Address": " ", "city": "Bronx", "state": "NY", "Zip Code": 10459, "Zip4": "2941", "County": "BRONX", "latitude": 40.82255, "longitude": -73.90039, "Authorization Date": "1/5/2010", "End Date": "7/17/2016" }, "geometry": { "type": "Point", "coordinates": [ -73.90039, 40.82255 ] } },
{ "type": "Feature", "properties": { "Record ID": 973797, "store_name": "American 99 Of Southern Blvd.  ", "Store Type": "Convenience Store", "Street Number": "561B", "Street Name": "Southern Blvd", "Additional Address": " ", "city": "Bronx", "state": "NY", "Zip Code": 10455, "Zip4": "3762", "County": "BRONX", "latitude": 40.8124, "longitude": -73.90337, "Authorization Date": "10/19/2010", "End Date": "3/18/2013" }, "geometry": { "type": "Point", "coordinates": [ -73.90337, 40.8124 ] } },
{ "type": "Feature", "properties": { "Record ID": 1060037, "store_name": "Angel Vila - Simpson Street Fruit Market GC  ", "Store Type": "Fruits/Veg Specialty", "Street Number": "1000", "Street Name": "Simpson St", "Additional Address": " ", "city": "Bronx", "state": "NY", "Zip Code": 10459, "Zip4": "2443", "County": "BRONX", "latitude": 40.82331, "longitude": -73.89285, "Authorization Date": "11/21/2012", "End Date": "3/12/2014" }, "geometry": { "type": "Point", "coordinates": [ -73.89285, 40.82331 ] } },
{ "type": "Feature", "properties": { "Record ID": 451624, "store_name": "ANTHONY'S SUPERMARKET  ", "Store Type": "Small Grocery Store", "Street Number": "1218", "Street Name": "Westchester Ave", "Additional Address": " ", "city": "Bronx", "state": "NY", "Zip Code": 10459, "Zip4": "2506", "County": "BRONX", "latitude": 40.82606, "longitude": -73.88909, "Authorization Date": "5/11/1999", "End Date": "2/9/2011" }, "geometry": { "type": "Point", "coordinates": [ -73.88909, 40.82606 ] } },
{ "type": "Feature", "properties": { "Record ID": 1269630, "store_name": "Antillana Fresh Meat Market  ", "Store Type": "Large Grocery Store", "Street Number": "1025", "Street Name": "Westchester Ave", "Additional Address": " ", "city": "Bronx", "state": "NY", "Zip Code": 10459, "Zip4": "3311", "County": "BRONX", "latitude": 40.82405, "longitude": -73.89321, "Authorization Date": "2/16/2017", "End Date": " " }, "geometry": { "type": "Point", "coordinates": [ -73.89321, 40.82405 ] } },
{ "type": "Feature", "properties": { "Record ID": 455068, "store_name": "ANTONIO BAEZ GROCERY STORE  ", "Store Type": "Convenience Store", "Street Number": "796", "Street Name": "Southern Blvd", "Additional Address": " ", "city": "Bronx", "state": "NY", "Zip Code": 10455, "Zip4": "2115", "County": "BRONX", "latitude": 40.81613, "longitude": -73.89637, "Authorization Date": "8/5/1999", "End Date": "6/24/2013" }, "geometry": { "type": "Point", "coordinates": [ -73.89637, 40.81613 ] } },
{ "type": "Feature", "properties": { "Record ID": 1110027, "store_name": "Antonio Hernandez GREEN CART  ", "Store Type": "Fruits/Veg Specialty", "Street Number": "1018", "Street Name": "Southern Blvd", "Additional Address": " ", "city": "Bronx", "state": "NY", "Zip Code": 10459, "Zip4": "3426", "County": "BRONX", "latitude": 40.82359, "longitude": -73.89176, "Authorization Date": "9/11/2013", "End Date": "5/5/2015" }, "geometry": { "type": "Point", "coordinates": [ -73.89176, 40.82359 ] } },
{ "type": "Feature", "properties": { "Record ID": 784612, "store_name": "Asociados Meat Market Inc  ", "Store Type": "Medium Grocery Store", "Street Number": "1025", "Street Name": "Westchester Ave", "Additional Address": " ", "city": "Bronx", "state": "NY", "Zip Code": 10459, "Zip4": "3311", "County": "BRONX", "latitude": 40.82417, "longitude": -73.89302, "Authorization Date": "5/11/2006", "End Date": "12/21/2016" }, "geometry": { "type": "Point", "coordinates": [ -73.89302, 40.82417 ] } },
{ "type": "Feature", "properties": { "Record ID": 452248, "store_name": "B & ME FOOD CORP  ", "Store Type": "Super Store", "Street Number": "1050", "Street Name": "Westchester Ave", "Additional Address": " ", "city": "Bronx", "state": "NY", "Zip Code": 10459, "Zip4": "2410", "County": "BRONX", "latitude": 40.82492, "longitude": -73.89136, "Authorization Date": "8/29/1996", "End Date": " " }, "geometry": { "type": "Point", "coordinates": [ -73.89136, 40.82492 ] } },
{ "type": "Feature", "properties": { "Record ID": 953344, "store_name": "BARRETO DELI & GROCERY STORE INC  ", "Store Type": "Small Grocery Store", "Street Number": "922", "Street Name": "BARRETO STREET", "Additional Address": " ", "city": "BRONX", "state": "NY", "Zip Code": 10459, "Zip4": "4438", "County": "BRONX", "latitude": 40.81957, "longitude": -73.89333, "Authorization Date": "6/1/2010", "End Date": "12/28/2014" }, "geometry": { "type": "Point", "coordinates": [ -73.89333, 40.81957 ] } },
{ "type": "Feature", "properties": { "Record ID": 753794, "store_name": "Bashar Deli Grocery  ", "Store Type": "Small Grocery Store", "Street Number": "1126", "Street Name": "Westchester Ave", "Additional Address": " ", "city": "Bronx", "state": "NY", "Zip Code": 10459, "Zip4": "2505", "County": "BRONX", "latitude": 40.82568, "longitude": -73.8899, "Authorization Date": "5/31/2005", "End Date": "10/15/2008" }, "geometry": { "type": "Point", "coordinates": [ -73.8899, 40.82568 ] } },
{ "type": "Feature", "properties": { "Record ID": 799365, "store_name": "BELLA GROCERY  ", "Store Type": "Small Grocery Store", "Street Number": "671", "Street Name": "kelly st", "Additional Address": " ", "city": "BRONX", "state": "NY", "Zip Code": 10455, "Zip4": " ", "County": "BRONX", "latitude": 40.8154, "longitude": -73.90233, "Authorization Date": "7/24/2009", "End Date": "3/12/2014" }, "geometry": { "type": "Point", "coordinates": [ -73.90233, 40.8154 ] } },
{ "type": "Feature", "properties": { "Record ID": 1490289, "store_name": "Berakah Foods  ", "Store Type": "Combination Grocery/Other", "Street Number": "1240", "Street Name": "Randall Ave", "Additional Address": null, "city": "Bronx", "state": "NY", "Zip Code": 10474, "Zip4": "6409", "County": "BRONX", "latitude": 40.81172, "longitude": -73.88817, "Authorization Date": "2/24/2022", "End Date": " " }, "geometry": { "type": "Point", "coordinates": [ -73.88817, 40.81172 ] } },
{ "type": "Feature", "properties": { "Record ID": 535940, "store_name": "BERENICE GROCERY INC  ", "Store Type": "Small Grocery Store", "Street Number": "831", "Street Name": "Dawson St", "Additional Address": " ", "city": "Bronx", "state": "NY", "Zip Code": 10459, "Zip4": "4112", "County": "BRONX", "latitude": 40.81867, "longitude": -73.89883, "Authorization Date": "1/12/1999", "End Date": "3/12/2009" }, "geometry": { "type": "Point", "coordinates": [ -73.89883, 40.81867 ] } },
{ "type": "Feature", "properties": { "Record ID": 1156873, "store_name": "Best 99 & Up Store Inc.  ", "Store Type": "Small Grocery Store", "Street Number": "1041", "Street Name": "E 163rd St", "Additional Address": " ", "city": "Bronx", "state": "NY", "Zip Code": 10459, "Zip4": "4510", "County": "BRONX", "latitude": 40.82102, "longitude": -73.89133, "Authorization Date": "12/17/2014", "End Date": "5/12/2021" }, "geometry": { "type": "Point", "coordinates": [ -73.89133, 40.82102 ] } },
{ "type": "Feature", "properties": { "Record ID": 1203142, "store_name": "Best African Market  ", "Store Type": "Small Grocery Store", "Street Number": "946", "Street Name": "Prospect Ave", "Additional Address": " ", "city": "Bronx", "state": "NY", "Zip Code": 10459, "Zip4": "2904", "County": "BRONX", "latitude": 40.82254, "longitude": -73.90039, "Authorization Date": "7/20/2015", "End Date": "4/13/2017" }, "geometry": { "type": "Point", "coordinates": [ -73.90039, 40.82254 ] } },
{ "type": "Feature", "properties": { "Record ID": 1172538, "store_name": "Best African Market Corp 1", "Store Type": "Small Grocery Store", "Street Number": "946", "Street Name": "Prospect Ave", "Additional Address": " ", "city": "Bronx", "state": "NY", "Zip Code": 10459, "Zip4": "2904", "County": "BRONX", "latitude": 40.82254, "longitude": -73.90039, "Authorization Date": "1/6/2015", "End Date": "5/27/2015" }, "geometry": { "type": "Point", "coordinates": [ -73.90039, 40.82254 ] } },
{ "type": "Feature", "properties": { "Record ID": 1431275, "store_name": "Best Day & Night Deli Grocery Corp. n/a", "Store Type": "Convenience Store", "Street Number": "1017", "Street Name": "Leggett Ave", "Additional Address": null, "city": "Bronx", "state": "NY", "Zip Code": 10455, "Zip4": "2012", "County": "BRONX", "latitude": 40.81421, "longitude": -73.89952, "Authorization Date": "3/5/2021", "End Date": "6/5/2022" }, "geometry": { "type": "Point", "coordinates": [ -73.89952, 40.81421 ] } },
{ "type": "Feature", "properties": { "Record ID": 1137099, "store_name": "Black Deli Grocery Corp.  ", "Store Type": "Small Grocery Store", "Street Number": "1026", "Street Name": "Prospect Ave", "Additional Address": " ", "city": "Bronx", "state": "NY", "Zip Code": 10459, "Zip4": "2714", "County": "BRONX", "latitude": 40.82435, "longitude": -73.89965, "Authorization Date": "6/6/2014", "End Date": "8/14/2018" }, "geometry": { "type": "Point", "coordinates": [ -73.89965, 40.82435 ] } },
{ "type": "Feature", "properties": { "Record ID": 1196619, "store_name": "Blazing Deals LLC  ", "Store Type": "Convenience Store", "Street Number": "986", "Street Name": "Southern Blvd", "Additional Address": " ", "city": "Bronx", "state": "NY", "Zip Code": 10459, "Zip4": "3402", "County": "BRONX", "latitude": 40.8226, "longitude": -73.89171, "Authorization Date": "7/15/2015", "End Date": "7/2/2017" }, "geometry": { "type": "Point", "coordinates": [ -73.89171, 40.8226 ] } },
{ "type": "Feature", "properties": { "Record ID": 748058, "store_name": "Bob's Dollar Mart LLC  ", "Store Type": "Convenience Store", "Street Number": "938", "Street Name": "Southern Blvd", "Additional Address": " ", "city": "Bronx", "state": "NY", "Zip Code": 10459, "Zip4": "4506", "County": "BRONX", "latitude": 40.82092, "longitude": -73.89158, "Authorization Date": "4/7/2005", "End Date": "1/23/2007" }, "geometry": { "type": "Point", "coordinates": [ -73.89158, 40.82092 ] } },
{ "type": "Feature", "properties": { "Record ID": 972558, "store_name": "Bronx Saint John Deli Inc  ", "Store Type": "Convenience Store", "Street Number": "911", "Street Name": "Avenue Saint John", "Additional Address": "Frnt A", "city": "Bronx", "state": "NY", "Zip Code": 10455, "Zip4": "2447", "County": "BRONX", "latitude": 40.81585, "longitude": -73.90286, "Authorization Date": "10/4/2010", "End Date": "10/20/2015" }, "geometry": { "type": "Point", "coordinates": [ -73.90286, 40.81585 ] } },
{ "type": "Feature", "properties": { "Record ID": 942961, "store_name": "Brother Hood Gourmet Deli Corp  ", "Store Type": "Convenience Store", "Street Number": "703", "Street Name": "Southern Blvd", "Additional Address": " ", "city": "Bronx", "state": "NY", "Zip Code": 10455, "Zip4": "2105", "County": "BRONX", "latitude": 40.81362, "longitude": -73.89912, "Authorization Date": "4/7/2010", "End Date": "9/16/2020" }, "geometry": { "type": "Point", "coordinates": [ -73.89912, 40.81362 ] } },
{ "type": "Feature", "properties": { "Record ID": 1424492, "store_name": "Brothers & Bobo LLC  ", "Store Type": "Small Grocery Store", "Street Number": "902", "Street Name": "Hunts Point Ave", "Additional Address": null, "city": "Bronx", "state": "NY", "Zip Code": 10474, "Zip4": "5403", "County": "BRONX", "latitude": 40.81966, "longitude": -73.88973, "Authorization Date": "11/24/2020", "End Date": "8/27/2025" }, "geometry": { "type": "Point", "coordinates": [ -73.88973, 40.81966 ] } },
{ "type": "Feature", "properties": { "Record ID": 1016787, "store_name": "Bryant Grocery Ny Corp  ", "Store Type": "Small Grocery Store", "Street Number": "869", "Street Name": "Bryant Ave", "Additional Address": " ", "city": "Bronx", "state": "NY", "Zip Code": 10474, "Zip4": "5501", "County": "BRONX", "latitude": 40.81892, "longitude": -73.88675, "Authorization Date": "9/1/2011", "End Date": "6/15/2015" }, "geometry": { "type": "Point", "coordinates": [ -73.88675, 40.81892 ] } },
{ "type": "Feature", "properties": { "Record ID": 1539236, "store_name": "Buena Vista Deli Grocery Corp.  ", "Store Type": "Medium Grocery Store", "Street Number": "650", "Street Name": "Prospect Ave", "Additional Address": "#652", "city": "Bronx", "state": "NY", "Zip Code": 10455, "Zip4": "3411", "County": "BRONX", "latitude": 40.81554, "longitude": -73.9031, "Authorization Date": "5/4/2023", "End Date": " " }, "geometry": { "type": "Point", "coordinates": [ -73.9031, 40.81554 ] } },
{ "type": "Feature", "properties": { "Record ID": 1413136, "store_name": "Burger Chimi Tropical ", "Store Type": "Convenience Store", "Street Number": "940", "Street Name": "Southern Blvd", "Additional Address": null, "city": "Bronx", "state": "NY", "Zip Code": 10459, "Zip4": "3794", "County": "BRONX", "latitude": 40.82156, "longitude": -73.89146, "Authorization Date": "10/13/2020", "End Date": "6/16/2021" }, "geometry": { "type": "Point", "coordinates": [ -73.89146, 40.82156 ] } },
{ "type": "Feature", "properties": { "Record ID": 963234, "store_name": "Cacao Deli Grocery Corp  ", "Store Type": "Convenience Store", "Street Number": "918", "Street Name": "Faile St", "Additional Address": "Frnt 1", "city": "Bronx", "state": "NY", "Zip Code": 10474, "Zip4": "4730", "County": "BRONX", "latitude": 40.8204, "longitude": -73.88799, "Authorization Date": "8/11/2010", "End Date": "6/7/2018" }, "geometry": { "type": "Point", "coordinates": [ -73.88799, 40.8204 ] } },
{ "type": "Feature", "properties": { "Record ID": 963234, "store_name": "Cacao Deli Grocery Corp  ", "Store Type": "Convenience Store", "Street Number": "918", "Street Name": "Faile St", "Additional Address": "Frnt 1", "city": "Bronx", "state": "NY", "Zip Code": 10474, "Zip4": "4730", "County": "BRONX", "latitude": 40.8204, "longitude": -73.88799, "Authorization Date": "5/14/2019", "End Date": "8/12/2024" }, "geometry": { "type": "Point", "coordinates": [ -73.88799, 40.8204 ] } },
{ "type": "Feature", "properties": { "Record ID": 1319880, "store_name": "Cancun Deli & Grocery Corp  ", "Store Type": "Small Grocery Store", "Street Number": "908", "Street Name": "E 163rd St", "Additional Address": " ", "city": "Bronx", "state": "NY", "Zip Code": 10459, "Zip4": "4154", "County": "BRONX", "latitude": 40.82096, "longitude": -73.89803, "Authorization Date": "9/18/2018", "End Date": "6/16/2021" }, "geometry": { "type": "Point", "coordinates": [ -73.89803, 40.82096 ] } },
{ "type": "Feature", "properties": { "Record ID": 1400514, "store_name": "Cancun Deli Grocery I  ", "Store Type": "Small Grocery Store", "Street Number": "908", "Street Name": "E 163rd St", "Additional Address": null, "city": "Bronx", "state": "NY", "Zip Code": 10459, "Zip4": "4154", "County": "BRONX", "latitude": 40.82085, "longitude": -73.89802, "Authorization Date": "8/19/2020", "End Date": "7/6/2023" }, "geometry": { "type": "Point", "coordinates": [ -73.89802, 40.82085 ] } },
{ "type": "Feature", "properties": { "Record ID": 772714, "store_name": "Canela Food Store  ", "Store Type": "Small Grocery Store", "Street Number": "869", "Street Name": "Bryant Ave", "Additional Address": " ", "city": "Bronx", "state": "NY", "Zip Code": 10474, "Zip4": "5501", "County": "BRONX", "latitude": 40.81892, "longitude": -73.88675, "Authorization Date": "5/16/2006", "End Date": "5/17/2011" }, "geometry": { "type": "Point", "coordinates": [ -73.88675, 40.81892 ] } },
{ "type": "Feature", "properties": { "Record ID": 766055, "store_name": "Carniceria Hispana  ", "Store Type": "Medium Grocery Store", "Street Number": "967", "Street Name": "E 165th St", "Additional Address": " ", "city": "Bronx", "state": "NY", "Zip Code": 10459, "Zip4": "3314", "County": "BRONX", "latitude": 40.82399, "longitude": -73.8945, "Authorization Date": "9/21/2005", "End Date": "3/2/2015" }, "geometry": { "type": "Point", "coordinates": [ -73.8945, 40.82399 ] } },
{ "type": "Feature", "properties": { "Record ID": 1205162, "store_name": "Carniceria Hispana  ", "Store Type": "Small Grocery Store", "Street Number": "967", "Street Name": "E 165th St", "Additional Address": " ", "city": "Bronx", "state": "NY", "Zip Code": 10459, "Zip4": "3314", "County": "BRONX", "latitude": 40.82399, "longitude": -73.8945, "Authorization Date": "9/24/2015", "End Date": "3/15/2017" }, "geometry": { "type": "Point", "coordinates": [ -73.8945, 40.82399 ] } },
{ "type": "Feature", "properties": { "Record ID": 320971, "store_name": "CASANOVA MEAT MARKET CORP  ", "Store Type": "Small Grocery Store", "Street Number": "888", "Street Name": "Hunts Point Ave", "Additional Address": "AKA 886-888 Hunts Pt Ave", "city": "Bronx", "state": "NY", "Zip Code": 10474, "Zip4": "5402", "County": "BRONX", "latitude": 40.81913, "longitude": -73.88943, "Authorization Date": "7/13/2000", "End Date": "12/9/2014" }, "geometry": { "type": "Point", "coordinates": [ -73.88943, 40.81913 ] } },
{ "type": "Feature", "properties": { "Record ID": 1609305, "store_name": "Casita Maria Deli Corp  ", "Store Type": "Convenience Store", "Street Number": "1020", "Street Name": "E 163rd St", "Additional Address": null, "city": "Bronx", "state": "NY", "Zip Code": 10459, "Zip4": "4309", "County": "BRONX", "latitude": 40.82097, "longitude": -73.89157, "Authorization Date": "8/26/2024", "End Date": " " }, "geometry": { "type": "Point", "coordinates": [ -73.89157, 40.82097 ] } },
{ "type": "Feature", "properties": { "Record ID": 437801, "store_name": "CASTILLO GROCERY MEAT MKT & DELI  ", "Store Type": "Small Grocery Store", "Street Number": "1174", "Street Name": "Garrison Ave", "Additional Address": " ", "city": "Bronx", "state": "NY", "Zip Code": 10474, "Zip4": "4750", "County": "BRONX", "latitude": 40.82049, "longitude": -73.88799, "Authorization Date": "6/22/1999", "End Date": "4/10/2005" }, "geometry": { "type": "Point", "coordinates": [ -73.88799, 40.82049 ] } },
{ "type": "Feature", "properties": { "Record ID": 515140, "store_name": "CESPEDES DELI GROCERY  ", "Store Type": "Small Grocery Store", "Street Number": "968", "Street Name": "E 165th St", "Additional Address": " ", "city": "Bronx", "state": "NY", "Zip Code": 10459, "Zip4": "3313", "County": "BRONX", "latitude": 40.8239, "longitude": -73.89464, "Authorization Date": "9/19/2002", "End Date": "3/9/2010" }, "geometry": { "type": "Point", "coordinates": [ -73.89464, 40.8239 ] } },
{ "type": "Feature", "properties": { "Record ID": 1666168, "store_name": "Champion Market Place  ", "Store Type": "Small Grocery Store", "Street Number": "914", "Street Name": "Prospect Ave", "Additional Address": null, "city": "Bronx", "state": "NY", "Zip Code": 10459, "Zip4": "3987", "County": "BRONX", "latitude": 40.82136, "longitude": -73.90055, "Authorization Date": "11/26/2025", "End Date": " " }, "geometry": { "type": "Point", "coordinates": [ -73.90055, 40.82136 ] } },
{ "type": "Feature", "properties": { "Record ID": 1186501, "store_name": "Channel S Deli Grocery Inc  ", "Store Type": "Convenience Store", "Street Number": "910", "Street Name": "Prospect Ave", "Additional Address": " ", "city": "Bronx", "state": "NY", "Zip Code": 10459, "Zip4": " ", "County": "BRONX", "latitude": 40.82135, "longitude": -73.90088, "Authorization Date": "9/30/2015", "End Date": "7/24/2017" }, "geometry": { "type": "Point", "coordinates": [ -73.90088, 40.82135 ] } },
{ "type": "Feature", "properties": { "Record ID": 840764, "store_name": "Channel's Deli Grocery  ", "Store Type": "Convenience Store", "Street Number": "910", "Street Name": "Prospect Ave", "Additional Address": " ", "city": "Bronx", "state": "NY", "Zip Code": 10459, "Zip4": "3934", "County": "BRONX", "latitude": 40.82136, "longitude": -73.90088, "Authorization Date": "1/9/2008", "End Date": "5/30/2011" }, "geometry": { "type": "Point", "coordinates": [ -73.90088, 40.82136 ] } },
{ "type": "Feature", "properties": { "Record ID": 1007601, "store_name": "Channel's Grocery Corp  ", "Store Type": "Small Grocery Store", "Street Number": "910", "Street Name": "Prospect Ave", "Additional Address": "Frnt C", "city": "Bronx", "state": "NY", "Zip Code": 10459, "Zip4": "3934", "County": "BRONX", "latitude": 40.82136, "longitude": -73.90088, "Authorization Date": "5/31/2011", "End Date": "8/1/2012" }, "geometry": { "type": "Point", "coordinates": [ -73.90088, 40.82136 ] } },
{ "type": "Feature", "properties": { "Record ID": 781148, "store_name": "Chichi Grocery Corp.  ", "Store Type": "Convenience Store", "Street Number": "935", "Street Name": "E 163rd St", "Additional Address": "Frnt 1", "city": "Bronx", "state": "NY", "Zip Code": 10459, "Zip4": "4204", "County": "BRONX", "latitude": 40.82103, "longitude": -73.89655, "Authorization Date": "3/28/2006", "End Date": "6/10/2008" }, "geometry": { "type": "Point", "coordinates": [ -73.89655, 40.82103 ] } },
{ "type": "Feature", "properties": { "Record ID": 781148, "store_name": "Chichi Grocery Corp.  ", "Store Type": "Convenience Store", "Street Number": "935", "Street Name": "E 163rd St", "Additional Address": "Frnt 1", "city": "Bronx", "state": "NY", "Zip Code": 10459, "Zip4": "4204", "County": "BRONX", "latitude": 40.82103, "longitude": -73.89655, "Authorization Date": "6/13/2008", "End Date": "3/2/2015" }, "geometry": { "type": "Point", "coordinates": [ -73.89655, 40.82103 ] } },
{ "type": "Feature", "properties": { "Record ID": 781148, "store_name": "Chichi Grocery Corp.  ", "Store Type": "Convenience Store", "Street Number": "935", "Street Name": "E 163rd St", "Additional Address": "Frnt 1", "city": "Bronx", "state": "NY", "Zip Code": 10459, "Zip4": "4204", "County": "BRONX", "latitude": 40.82103, "longitude": -73.89655, "Authorization Date": "3/19/2015", "End Date": "11/2/2023" }, "geometry": { "type": "Point", "coordinates": [ -73.89655, 40.82103 ] } },
{ "type": "Feature", "properties": { "Record ID": 1196581, "store_name": "Cinco Hermanos Inc  ", "Store Type": "Small Grocery Store", "Street Number": "960", "Street Name": "Longwood Ave", "Additional Address": " ", "city": "Bronx", "state": "NY", "Zip Code": 10459, "Zip4": "5008", "County": "BRONX", "latitude": 40.81749, "longitude": -73.89824, "Authorization Date": "7/15/2015", "End Date": "9/11/2017" }, "geometry": { "type": "Point", "coordinates": [ -73.89824, 40.81749 ] } },
{ "type": "Feature", "properties": { "Record ID": 466280, "store_name": "COLONIA PUERTORIQUENA GROC CORP  ", "Store Type": "Small Grocery Store", "Street Number": "1012", "Street Name": "GARRISON AVE", "Additional Address": " ", "city": "BRONX", "state": "NY", "Zip Code": 10474, "Zip4": " ", "County": "BRONX", "latitude": 40.81883, "longitude": -73.89021, "Authorization Date": "7/13/2004", "End Date": "11/28/2010" }, "geometry": { "type": "Point", "coordinates": [ -73.89021, 40.81883 ] } },
{ "type": "Feature", "properties": { "Record ID": 767857, "store_name": "Comercial Mexicano Grocery Store  ", "Store Type": "Small Grocery Store", "Street Number": "547", "Street Name": "Southern Blvd", "Additional Address": " ", "city": "Bronx", "state": "NY", "Zip Code": 10455, "Zip4": " ", "County": "BRONX", "latitude": 40.81229, "longitude": -73.90367, "Authorization Date": "10/27/2005", "End Date": "10/6/2009" }, "geometry": { "type": "Point", "coordinates": [ -73.90367, 40.81229 ] } },
{ "type": "Feature", "properties": { "Record ID": 843501, "store_name": "Corner Gourmet Deli Inc  ", "Store Type": "Small Grocery Store", "Street Number": "918", "Street Name": "Hunts Point Ave", "Additional Address": " ", "city": "Bronx", "state": "NY", "Zip Code": 10474, "Zip4": "5403", "County": "BRONX", "latitude": 40.81953, "longitude": -73.88973, "Authorization Date": "2/14/2008", "End Date": "3/18/2013" }, "geometry": { "type": "Point", "coordinates": [ -73.88973, 40.81953 ] } },
{ "type": "Feature", "properties": { "Record ID": 1248937, "store_name": "Crystal Jaida Grocery Corp  ", "Store Type": "Small Grocery Store", "Street Number": "1090", "Street Name": "Longfellow Ave", "Additional Address": " ", "city": "Bronx", "state": "NY", "Zip Code": 10459, "Zip4": "2606", "County": "BRONX", "latitude": 40.82607, "longitude": -73.88781, "Authorization Date": "10/27/2016", "End Date": "11/19/2018" }, "geometry": { "type": "Point", "coordinates": [ -73.88781, 40.82607 ] } },
{ "type": "Feature", "properties": { "Record ID": 1203144, "store_name": "CT  Grocery NY  Corp  ", "Store Type": "Convenience Store", "Street Number": "869", "Street Name": "Bryant Ave", "Additional Address": " ", "city": "Bronx", "state": "NY", "Zip Code": 10474, "Zip4": "5501", "County": "BRONX", "latitude": 40.8189, "longitude": -73.88671, "Authorization Date": "8/11/2015", "End Date": "10/6/2024" }, "geometry": { "type": "Point", "coordinates": [ -73.88671, 40.8189 ] } },
{ "type": "Feature", "properties": { "Record ID": 1603201, "store_name": "CT Grocery NY Corp  ", "Store Type": "Convenience Store", "Street Number": "869", "Street Name": "Bryant Ave", "Additional Address": " ", "city": "Bronx", "state": "NY", "Zip Code": 10474, "Zip4": "5501", "County": "BRONX", "latitude": 40.81879, "longitude": -73.88678, "Authorization Date": "6/6/2024", "End Date": "7/27/2025" }, "geometry": { "type": "Point", "coordinates": [ -73.88678, 40.81879 ] } },
{ "type": "Feature", "properties": { "Record ID": 1661482, "store_name": "CT Grocery NY Corp  ", "Store Type": "Convenience Store", "Street Number": "869", "Street Name": "Bryant Ave", "Additional Address": " ", "city": "Bronx", "state": "NY", "Zip Code": 10474, "Zip4": "5501", "County": "BRONX", "latitude": 40.81879, "longitude": -73.88678, "Authorization Date": "7/1/2025", "End Date": " " }, "geometry": { "type": "Point", "coordinates": [ -73.88678, 40.81879 ] } },
{ "type": "Feature", "properties": { "Record ID": 483298, "store_name": "CUERNAVACA DELI  ", "Store Type": "Small Grocery Store", "Street Number": "928", "Street Name": "Southern Blvd", "Additional Address": " ", "city": "Bronx", "state": "NY", "Zip Code": 10459, "Zip4": "4506", "County": "BRONX", "latitude": 40.82047, "longitude": -73.89188, "Authorization Date": "3/11/1997", "End Date": "5/16/2005" }, "geometry": { "type": "Point", "coordinates": [ -73.89188, 40.82047 ] } },
{ "type": "Feature", "properties": { "Record ID": 740422, "store_name": "D & A 724 Food Corp/Food Universe  ", "Store Type": "Supermarket", "Street Number": "724", "Street Name": "Hunts Point Ave", "Additional Address": " ", "city": "Bronx", "state": "NY", "Zip Code": 10474, "Zip4": "5921", "County": "BRONX", "latitude": 40.81546, "longitude": -73.88652, "Authorization Date": "1/19/2005", "End Date": " " }, "geometry": { "type": "Point", "coordinates": [ -73.88652, 40.81546 ] } },
{ "type": "Feature", "properties": { "Record ID": 1305823, "store_name": "D & L Meat Market Llc  ", "Store Type": "Meat/Poultry Specialty", "Street Number": "796", "Street Name": "Hunts Point Ave", "Additional Address": " ", "city": "Bronx", "state": "NY", "Zip Code": 10474, "Zip4": "5920", "County": "BRONX", "latitude": 40.81657, "longitude": -73.88789, "Authorization Date": "12/19/2017", "End Date": "9/3/2018" }, "geometry": { "type": "Point", "coordinates": [ -73.88789, 40.81657 ] } },
{ "type": "Feature", "properties": { "Record ID": 1307465, "store_name": "D Mia Grocery Corp  ", "Store Type": "Small Grocery Store", "Street Number": "865", "Street Name": "E 165th St", "Additional Address": " ", "city": "Bronx", "state": "NY", "Zip Code": 10459, "Zip4": "3011", "County": "BRONX", "latitude": 40.82395, "longitude": -73.89918, "Authorization Date": "1/16/2018", "End Date": "4/6/2020" }, "geometry": { "type": "Point", "coordinates": [ -73.89918, 40.82395 ] } },
{ "type": "Feature", "properties": { "Record ID": 1607586, "store_name": "D' Lora Corp. ", "Store Type": "Small Grocery Store", "Street Number": "814", "Street Name": "Hewitt Pl", "Additional Address": null, "city": "Bronx", "state": "NY", "Zip Code": 10459, "Zip4": "4032", "County": "BRONX", "latitude": 40.81883, "longitude": -73.89975, "Authorization Date": "8/16/2024", "End Date": " " }, "geometry": { "type": "Point", "coordinates": [ -73.89975, 40.81883 ] } },
{ "type": "Feature", "properties": { "Record ID": 529732, "store_name": "DA & JA DELI & GROCERY CORO  ", "Store Type": "Small Grocery Store", "Street Number": "1019", "Street Name": "Simpson St", "Additional Address": " ", "city": "Bronx", "state": "NY", "Zip Code": 10459, "Zip4": "3353", "County": "BRONX", "latitude": 40.82226, "longitude": -73.89296, "Authorization Date": "8/26/2004", "End Date": "5/28/2012" }, "geometry": { "type": "Point", "coordinates": [ -73.89296, 40.82226 ] } },
{ "type": "Feature", "properties": { "Record ID": 1019843, "store_name": "Daraliz Deli Corp  ", "Store Type": "Medium Grocery Store", "Street Number": "699", "Street Name": "Beck St", "Additional Address": " ", "city": "Bronx", "state": "NY", "Zip Code": 10455, "Zip4": "3421", "County": "BRONX", "latitude": 40.81502, "longitude": -73.90044, "Authorization Date": "10/20/2011", "End Date": "5/8/2013" }, "geometry": { "type": "Point", "coordinates": [ -73.90044, 40.81502 ] } },
{ "type": "Feature", "properties": { "Record ID": 282240, "store_name": "DAVID'S FOOD CENTER  ", "Store Type": "Small Grocery Store", "Street Number": "585", "Street Name": "Southern Blvd", "Additional Address": " ", "city": "Bronx", "state": "NY", "Zip Code": 10455, "Zip4": "3762", "County": "BRONX", "latitude": 40.81259, "longitude": -73.90274, "Authorization Date": "7/17/2001", "End Date": "8/15/2007" }, "geometry": { "type": "Point", "coordinates": [ -73.90274, 40.81259 ] } },
{ "type": "Feature", "properties": { "Record ID": 1322217, "store_name": "Dawoud Deli And Grocery Corp  ", "Store Type": "Convenience Store", "Street Number": "1126", "Street Name": "Westchester Ave", "Additional Address": " ", "city": "Bronx", "state": "NY", "Zip Code": 10459, "Zip4": "2505", "County": "BRONX", "latitude": 40.82566, "longitude": -73.88992, "Authorization Date": "7/9/2018", "End Date": "6/9/2019" }, "geometry": { "type": "Point", "coordinates": [ -73.88992, 40.82566 ] } },
{ "type": "Feature", "properties": { "Record ID": 1322217, "store_name": "Dawoud Deli And Grocery Corp  ", "Store Type": "Convenience Store", "Street Number": "1126", "Street Name": "Westchester Ave", "Additional Address": " ", "city": "Bronx", "state": "NY", "Zip Code": 10459, "Zip4": "2505", "County": "BRONX", "latitude": 40.82566, "longitude": -73.88992, "Authorization Date": "6/19/2019", "End Date": "3/23/2021" }, "geometry": { "type": "Point", "coordinates": [ -73.88992, 40.82566 ] } },
{ "type": "Feature", "properties": { "Record ID": 1142600, "store_name": "Day & Night Deli Grocery Corp.  ", "Store Type": "Small Grocery Store", "Street Number": "1017", "Street Name": "Legget Avenue", "Additional Address": " ", "city": "Bronx", "state": "NY", "Zip Code": 10455, "Zip4": " ", "County": "BRONX", "latitude": 40.81401, "longitude": -73.89953, "Authorization Date": "5/1/2014", "End Date": "9/30/2019" }, "geometry": { "type": "Point", "coordinates": [ -73.89953, 40.81401 ] } },
{ "type": "Feature", "properties": { "Record ID": 855483, "store_name": "Deegan Mini Market Store  ", "Store Type": "Small Grocery Store", "Street Number": "741", "Street Name": "Hunts Point Ave", "Additional Address": " ", "city": "Bronx", "state": "NY", "Zip Code": 10474, "Zip4": "5969", "County": "BRONX", "latitude": 40.81564, "longitude": -73.88703, "Authorization Date": "6/9/2008", "End Date": "12/12/2013" }, "geometry": { "type": "Point", "coordinates": [ -73.88703, 40.81564 ] } },
{ "type": "Feature", "properties": { "Record ID": 1638869, "store_name": "Deli & Convenience  ", "Store Type": "Combination Grocery/Other", "Street Number": "943", "Street Name": "Westchester Ave", "Additional Address": null, "city": "Bronx", "state": "NY", "Zip Code": 10459, "Zip4": "3106", "County": "BRONX", "latitude": 40.82244, "longitude": -73.89661, "Authorization Date": "3/25/2025", "End Date": "8/27/2025" }, "geometry": { "type": "Point", "coordinates": [ -73.89661, 40.82244 ] } },
{ "type": "Feature", "properties": { "Record ID": 839728, "store_name": "Deli Farms Corporation  ", "Store Type": "Small Grocery Store", "Street Number": "850", "Street Name": "Longwood Ave", "Additional Address": " ", "city": "Bronx", "state": "NY", "Zip Code": 10459, "Zip4": "4028", "County": "BRONX", "latitude": 40.81932, "longitude": -73.90131, "Authorization Date": "1/16/2008", "End Date": "4/20/2016" }, "geometry": { "type": "Point", "coordinates": [ -73.90131, 40.81932 ] } },
{ "type": "Feature", "properties": { "Record ID": 853885, "store_name": "DIALLO DISCOUNT,INC  ", "Store Type": "Medium Grocery Store", "Street Number": "951", "Street Name": "Hoe Ave", "Additional Address": " ", "city": "Bronx", "state": "NY", "Zip Code": 10459, "Zip4": " ", "County": "BRONX", "latitude": 40.8221, "longitude": -73.8904, "Authorization Date": "5/21/2008", "End Date": "6/11/2014" }, "geometry": { "type": "Point", "coordinates": [ -73.8904, 40.8221 ] } },
{ "type": "Feature", "properties": { "Record ID": 1609989, "store_name": "Diana Mini Market Corp.  ", "Store Type": "Convenience Store", "Street Number": "701", "Street Name": "Coster St", "Additional Address": null, "city": "Bronx", "state": "NY", "Zip Code": 10474, "Zip4": "6401", "County": "BRONX", "latitude": 40.81462, "longitude": -73.8876, "Authorization Date": "8/29/2024", "End Date": " " }, "geometry": { "type": "Point", "coordinates": [ -73.8876, 40.81462 ] } },
{ "type": "Feature", "properties": { "Record ID": 1283805, "store_name": "Discount Corp And 99c  ", "Store Type": "Convenience Store", "Street Number": "545", "Street Name": "Southern Blvd", "Additional Address": " ", "city": "Bronx", "state": "NY", "Zip Code": 10455, "Zip4": "3762", "County": "BRONX", "latitude": 40.81226, "longitude": -73.90378, "Authorization Date": "9/15/2017", "End Date": " " }, "geometry": { "type": "Point", "coordinates": [ -73.90378, 40.81226 ] } },
{ "type": "Feature", "properties": { "Record ID": 597509, "store_name": "DISTRIBUIDORA SAN MARCUS  ", "Store Type": "Small Grocery Store", "Street Number": "969", "Street Name": "Intervale Ave", "Additional Address": " ", "city": "Bronx", "state": "NY", "Zip Code": 10459, "Zip4": "3177", "County": "BRONX", "latitude": 40.82208, "longitude": -73.89695, "Authorization Date": "5/8/2003", "End Date": "6/12/2013" }, "geometry": { "type": "Point", "coordinates": [ -73.89695, 40.82208 ] } },
{ "type": "Feature", "properties": { "Record ID": 1432599, "store_name": "Djobo African & Middle East Market  ", "Store Type": "Small Grocery Store", "Street Number": "984", "Street Name": "Intervale Ave", "Additional Address": null, "city": "Bronx", "state": "NY", "Zip Code": 10459, "Zip4": "3103", "County": "BRONX", "latitude": 40.82284, "longitude": -73.89668, "Authorization Date": "1/21/2021", "End Date": "8/21/2022" }, "geometry": { "type": "Point", "coordinates": [ -73.89668, 40.82284 ] } },
{ "type": "Feature", "properties": { "Record ID": 1013426, "store_name": "DNI Deli Grocery Inc  ", "Store Type": "Small Grocery Store", "Street Number": "978", "Street Name": "Longwood Ave", "Additional Address": " ", "city": "Bronx", "state": "NY", "Zip Code": 10459, "Zip4": "5108", "County": "BRONX", "latitude": 40.81718, "longitude": -73.89781, "Authorization Date": "7/25/2011", "End Date": "5/7/2014" }, "geometry": { "type": "Point", "coordinates": [ -73.89781, 40.81718 ] } },
{ "type": "Feature", "properties": { "Record ID": 334365, "store_name": "DOLLAR BREEZE INC  ", "Store Type": "Convenience Store", "Street Number": "1033", "Street Name": "Westchester Ave", "Additional Address": " ", "city": "Bronx", "state": "NY", "Zip Code": 10459, "Zip4": "2416", "County": "BRONX", "latitude": 40.82422, "longitude": -73.89292, "Authorization Date": "9/20/2004", "End Date": "8/2/2007" }, "geometry": { "type": "Point", "coordinates": [ -73.89292, 40.82422 ] } },
{ "type": "Feature", "properties": { "Record ID": 1181534, "store_name": "Dollar Closeouts Inc  ", "Store Type": "Convenience Store", "Street Number": "561", "Street Name": "Southern Blvd", "Additional Address": " ", "city": "Bronx", "state": "NY", "Zip Code": 10455, "Zip4": "3762", "County": "BRONX", "latitude": 40.81245, "longitude": -73.90313, "Authorization Date": "1/15/2015", "End Date": " " }, "geometry": { "type": "Point", "coordinates": [ -73.90313, 40.81245 ] } },
{ "type": "Feature", "properties": { "Record ID": 768887, "store_name": "Dollar Craze Inc  ", "Store Type": "Convenience Store", "Street Number": "836", "Street Name": "Hunts Point Ave", "Additional Address": " ", "city": "Bronx", "state": "NY", "Zip Code": 10474, "Zip4": "5406", "County": "BRONX", "latitude": 40.81739, "longitude": -73.88839, "Authorization Date": "11/3/2005", "End Date": "9/5/2007" }, "geometry": { "type": "Point", "coordinates": [ -73.88839, 40.81739 ] } },
{ "type": "Feature", "properties": { "Record ID": 1056292, "store_name": "Dollar Deal Discount  ", "Store Type": "Convenience Store", "Street Number": "1009", "Street Name": "E 163rd St", "Additional Address": " ", "city": "Bronx", "state": "NY", "Zip Code": 10459, "Zip4": "4308", "County": "BRONX", "latitude": 40.82103, "longitude": -73.89281, "Authorization Date": "9/11/2012", "End Date": "12/9/2014" }, "geometry": { "type": "Point", "coordinates": [ -73.89281, 40.82103 ] } },
{ "type": "Feature", "properties": { "Record ID": 948677, "store_name": "DOLLAR DOES IT INC D/B/A 99 CENT DREAM  ", "Store Type": "Convenience Store", "Street Number": "1034", "Street Name": "Southern Blvd", "Additional Address": " ", "city": "Bronx", "state": "NY", "Zip Code": 10459, "Zip4": "3426", "County": "BRONX", "latitude": 40.82401, "longitude": -73.8918, "Authorization Date": "5/6/2010", "End Date": "3/12/2014" }, "geometry": { "type": "Point", "coordinates": [ -73.8918, 40.82401 ] } },
{ "type": "Feature", "properties": { "Record ID": 1221694, "store_name": "Dollar Express Store 10705", "Store Type": "Convenience Store", "Street Number": "900", "Street Name": "Southern Blvd", "Additional Address": " ", "city": "Bronx", "state": "NY", "Zip Code": 10459, "Zip4": "4506", "County": "BRONX", "latitude": 40.81952, "longitude": -73.89288, "Authorization Date": "10/28/2015", "End Date": "8/6/2017" }, "geometry": { "type": "Point", "coordinates": [ -73.89288, 40.81952 ] } },
{ "type": "Feature", "properties": { "Record ID": 1295394, "store_name": "Dollar General 19211", "Store Type": "Combination Grocery/Other", "Street Number": "900", "Street Name": "Southern Blvd", "Additional Address": " ", "city": "Bronx", "state": "NY", "Zip Code": 10459, "Zip4": "4506", "County": "BRONX", "latitude": 40.81952, "longitude": -73.89287, "Authorization Date": "8/8/2017", "End Date": " " }, "geometry": { "type": "Point", "coordinates": [ -73.89287, 40.81952 ] } },
{ "type": "Feature", "properties": { "Record ID": 1131217, "store_name": "Dollar Goal Discount Inc  ", "Store Type": "Convenience Store", "Street Number": "870", "Street Name": "Hunts Point Ave", "Additional Address": " ", "city": "Bronx", "state": "NY", "Zip Code": 10474, "Zip4": "5402", "County": "BRONX", "latitude": 40.81877, "longitude": -73.88924, "Authorization Date": "4/28/2014", "End Date": "6/26/2022" }, "geometry": { "type": "Point", "coordinates": [ -73.88924, 40.81877 ] } },
{ "type": "Feature", "properties": { "Record ID": 889152, "store_name": "Dollar Goal Inc  ", "Store Type": "Medium Grocery Store", "Street Number": "870", "Street Name": "Hunts Point Ave", "Additional Address": " ", "city": "Bronx", "state": "NY", "Zip Code": 10474, "Zip4": "5402", "County": "BRONX", "latitude": 40.81877, "longitude": -73.88924, "Authorization Date": "3/31/2009", "End Date": "12/23/2013" }, "geometry": { "type": "Point", "coordinates": [ -73.88924, 40.81877 ] } },
{ "type": "Feature", "properties": { "Record ID": 1320205, "store_name": "Dollar Jackpot of Westchester Inc.  ", "Store Type": "Convenience Store", "Street Number": "899", "Street Name": "Westchester Ave", "Additional Address": " ", "city": "Bronx", "state": "NY", "Zip Code": 10459, "Zip4": "4089", "County": "BRONX", "latitude": 40.8207, "longitude": -73.89963, "Authorization Date": "12/21/2018", "End Date": "11/24/2023" }, "geometry": { "type": "Point", "coordinates": [ -73.89963, 40.8207 ] } },
{ "type": "Feature", "properties": { "Record ID": 1029171, "store_name": "Dollar Tree 4729", "Store Type": "Combination Grocery/Other", "Street Number": "924", "Street Name": "Westchester Ave", "Additional Address": " ", "city": "Bronx", "state": "NY", "Zip Code": 10459, "Zip4": "3108", "County": "BRONX", "latitude": 40.82183, "longitude": -73.89735, "Authorization Date": "10/20/2011", "End Date": "2/14/2023" }, "geometry": { "type": "Point", "coordinates": [ -73.89735, 40.82183 ] } },
{ "type": "Feature", "properties": { "Record ID": 1110022, "store_name": "DOLLAR TREE 5321", "Store Type": "Combination Grocery/Other", "Street Number": "867", "Street Name": "Longwood Ave", "Additional Address": null, "city": "Bronx", "state": "NY", "Zip Code": 10459, "Zip4": "4000", "County": "BRONX", "latitude": 40.81915, "longitude": -73.90092, "Authorization Date": "7/10/2013", "End Date": "5/4/2020" }, "geometry": { "type": "Point", "coordinates": [ -73.90092, 40.81915 ] } },
{ "type": "Feature", "properties": { "Record ID": 1110782, "store_name": "DOLLAR TREE 5150", "Store Type": "Combination Grocery/Other", "Street Number": "1222", "Street Name": "Prospect Ave", "Additional Address": " ", "city": "Bronx", "state": "NY", "Zip Code": 10459, "Zip4": "2206", "County": "BRONX", "latitude": 40.82691, "longitude": -73.89854, "Authorization Date": "7/16/2013", "End Date": "3/30/2021" }, "geometry": { "type": "Point", "coordinates": [ -73.89854, 40.82691 ] } },
{ "type": "Feature", "properties": { "Record ID": 1260610, "store_name": "Dollar Tree 5191", "Store Type": "Combination Grocery/Other", "Street Number": "925", "Street Name": "Hunts Point Ave", "Additional Address": "unit 1", "city": "Bronx", "state": "NY", "Zip Code": 10459, "Zip4": "5186", "County": "BRONX", "latitude": 40.82046, "longitude": -73.89129, "Authorization Date": "10/7/2016", "End Date": " " }, "geometry": { "type": "Point", "coordinates": [ -73.89129, 40.82046 ] } },
{ "type": "Feature", "properties": { "Record ID": 972807, "store_name": "Domfeh's African Market  ", "Store Type": "Combination Grocery/Other", "Street Number": "860", "Street Name": "E 163rd St", "Additional Address": " ", "city": "Bronx", "state": "NY", "Zip Code": 10459, "Zip4": "3018", "County": "BRONX", "latitude": 40.82187, "longitude": -73.89984, "Authorization Date": "10/8/2010", "End Date": "3/18/2013" }, "geometry": { "type": "Point", "coordinates": [ -73.89984, 40.82187 ] } },
{ "type": "Feature", "properties": { "Record ID": 1508913, "store_name": "Dreams 1 99c Corporation  ", "Store Type": "Convenience Store", "Street Number": "874", "Street Name": "Hunts Point Ave", "Additional Address": null, "city": "Bronx", "state": "NY", "Zip Code": 10474, "Zip4": "5402", "County": "BRONX", "latitude": 40.81879, "longitude": -73.8892, "Authorization Date": "7/27/2022", "End Date": "6/29/2023" }, "geometry": { "type": "Point", "coordinates": [ -73.8892, 40.81879 ] } },
{ "type": "Feature", "properties": { "Record ID": 807099, "store_name": "DUANE READE 14150", "Store Type": "Combination Grocery/Other", "Street Number": "941", "Street Name": "Southern Blvd", "Additional Address": null, "city": "Bronx", "state": "NY", "Zip Code": 10459, "Zip4": "3401", "County": "BRONX", "latitude": 40.82134, "longitude": -73.89168, "Authorization Date": "11/17/2006", "End Date": "11/2/2019" }, "geometry": { "type": "Point", "coordinates": [ -73.89168, 40.82134 ] } },
{ "type": "Feature", "properties": { "Record ID": 786799, "store_name": "Dubai Deli Grocery Inc  ", "Store Type": "Small Grocery Store", "Street Number": "870", "Street Name": "Prospect Ave", "Additional Address": " ", "city": "Bronx", "state": "NY", "Zip Code": 10459, "Zip4": "3926", "County": "BRONX", "latitude": 40.82028, "longitude": -73.90129, "Authorization Date": "5/25/2006", "End Date": "10/2/2008" }, "geometry": { "type": "Point", "coordinates": [ -73.90129, 40.82028 ] } },
{ "type": "Feature", "properties": { "Record ID": 252268, "store_name": "E & G DELI GROCERY  ", "Store Type": "Small Grocery Store", "Street Number": "671", "Street Name": "KELLY ST", "Additional Address": " ", "city": "BRONX", "state": "NY", "Zip Code": 10455, "Zip4": " ", "County": "BRONX", "latitude": 40.8154, "longitude": -73.90233, "Authorization Date": "10/9/2003", "End Date": "5/20/2007" }, "geometry": { "type": "Point", "coordinates": [ -73.90233, 40.8154 ] } },
{ "type": "Feature", "properties": { "Record ID": 855726, "store_name": "E 163Rd St Grocery Inc  ", "Store Type": "Medium Grocery Store", "Street Number": "935", "Street Name": "E 163rd St", "Additional Address": "Frnt 5", "city": "Bronx", "state": "NY", "Zip Code": 10459, "Zip4": "4412", "County": "BRONX", "latitude": 40.82103, "longitude": -73.89655, "Authorization Date": "6/11/2008", "End Date": "7/5/2012" }, "geometry": { "type": "Point", "coordinates": [ -73.89655, 40.82103 ] } },
{ "type": "Feature", "properties": { "Record ID": 894033, "store_name": "Eagle Grocery Deli Corp  ", "Store Type": "Convenience Store", "Street Number": "870", "Street Name": "Prospect Ave", "Additional Address": " ", "city": "Bronx", "state": "NY", "Zip Code": 10459, "Zip4": "3926", "County": "BRONX", "latitude": 40.82028, "longitude": -73.90129, "Authorization Date": "5/17/2009", "End Date": "7/17/2013" }, "geometry": { "type": "Point", "coordinates": [ -73.90129, 40.82028 ] } },
{ "type": "Feature", "properties": { "Record ID": 1480030, "store_name": "Ecuatorianita Deli Corp  ", "Store Type": "Convenience Store", "Street Number": "978", "Street Name": "Longwood Ave", "Additional Address": null, "city": "Bronx", "state": "NY", "Zip Code": 10459, "Zip4": "5108", "County": "BRONX", "latitude": 40.81705, "longitude": -73.89777, "Authorization Date": "1/26/2022", "End Date": " " }, "geometry": { "type": "Point", "coordinates": [ -73.89777, 40.81705 ] } },
{ "type": "Feature", "properties": { "Record ID": 871400, "store_name": "ECWM Market Inc  ", "Store Type": "Small Grocery Store", "Street Number": "1086", "Street Name": "Southern Blvd", "Additional Address": " ", "city": "Bronx", "state": "NY", "Zip Code": 10459, "Zip4": "2195", "County": "BRONX", "latitude": 40.82582, "longitude": -73.89188, "Authorization Date": "1/7/2009", "End Date": "3/18/2013" }, "geometry": { "type": "Point", "coordinates": [ -73.89188, 40.82582 ] } },
{ "type": "Feature", "properties": { "Record ID": 622514, "store_name": "EL COQUI FOOD CORP  ", "Store Type": "Small Grocery Store", "Street Number": "948", "Street Name": "E 163rd St", "Additional Address": " ", "city": "Bronx", "state": "NY", "Zip Code": 10459, "Zip4": "4209", "County": "BRONX", "latitude": 40.82094, "longitude": -73.8959, "Authorization Date": "4/22/2004", "End Date": "11/6/2007" }, "geometry": { "type": "Point", "coordinates": [ -73.8959, 40.82094 ] } },
{ "type": "Feature", "properties": { "Record ID": 1498778, "store_name": "El Mana Minimarket Corp.  ", "Store Type": "Meat/Poultry Specialty", "Street Number": "1024", "Street Name": "Longwood Ave", "Additional Address": null, "city": "Bronx", "state": "NY", "Zip Code": 10459, "Zip4": "5106", "County": "BRONX", "latitude": 40.81638, "longitude": -73.89664, "Authorization Date": "6/27/2022", "End Date": " " }, "geometry": { "type": "Point", "coordinates": [ -73.89664, 40.81638 ] } },
{ "type": "Feature", "properties": { "Record ID": 980328, "store_name": "El Pollito Deli Food Corp  ", "Store Type": "Small Grocery Store", "Street Number": "1012", "Street Name": "Garrison Ave", "Additional Address": "Frnt 1", "city": "Bronx", "state": "NY", "Zip Code": 10474, "Zip4": "5347", "County": "BRONX", "latitude": 40.81883, "longitude": -73.89021, "Authorization Date": "11/29/2010", "End Date": "3/12/2014" }, "geometry": { "type": "Point", "coordinates": [ -73.89021, 40.81883 ] } },
{ "type": "Feature", "properties": { "Record ID": 1491931, "store_name": "El Provocon Deli Grocery Corp.  ", "Store Type": "Convenience Store", "Street Number": "620", "Street Name": "Manida St", "Additional Address": "Frnt 1", "city": "Bronx", "state": "NY", "Zip Code": 10474, "Zip4": "6454", "County": "BRONX", "latitude": 40.81222, "longitude": -73.88767, "Authorization Date": "5/12/2022", "End Date": " " }, "geometry": { "type": "Point", "coordinates": [ -73.88767, 40.81222 ] } },
{ "type": "Feature", "properties": { "Record ID": 1504635, "store_name": "EL SITIO 2 DELI GROCERY CO  ", "Store Type": "Small Grocery Store", "Street Number": "954", "Street Name": "Prospect Ave", "Additional Address": " ", "city": "Bronx", "state": "NY", "Zip Code": 10459, "Zip4": "2941", "County": "BRONX", "latitude": 40.82252, "longitude": -73.90025, "Authorization Date": "5/19/2022", "End Date": "7/19/2023" }, "geometry": { "type": "Point", "coordinates": [ -73.90025, 40.82252 ] } },
{ "type": "Feature", "properties": { "Record ID": 1555478, "store_name": "El Sitio 2 Deli Grocery Co  ", "Store Type": "Small Grocery Store", "Street Number": "954", "Street Name": "Prospect Ave", "Additional Address": " ", "city": "Bronx", "state": "NY", "Zip Code": 10459, "Zip4": "2941", "County": "BRONX", "latitude": 40.82252, "longitude": -73.90025, "Authorization Date": "7/10/2023", "End Date": " " }, "geometry": { "type": "Point", "coordinates": [ -73.90025, 40.82252 ] } },
{ "type": "Feature", "properties": { "Record ID": 1359383, "store_name": "El Sitio 2 Deli Grocery, Corp  ", "Store Type": "Small Grocery Store", "Street Number": "954", "Street Name": "Prospect Ave", "Additional Address": " ", "city": "Bronx", "state": "NY", "Zip Code": 10459, "Zip4": "2941", "County": "BRONX", "latitude": 40.82253, "longitude": -73.9004, "Authorization Date": "6/11/2019", "End Date": "7/21/2022" }, "geometry": { "type": "Point", "coordinates": [ -73.9004, 40.82253 ] } },
{ "type": "Feature", "properties": { "Record ID": 1109328, "store_name": "El Valle Produce & Deli Inc.  ", "Store Type": "Small Grocery Store", "Street Number": "796", "Street Name": "Southern Blvd", "Additional Address": " ", "city": "Bronx", "state": "NY", "Zip Code": 10455, "Zip4": "2115", "County": "BRONX", "latitude": 40.81613, "longitude": -73.89637, "Authorization Date": "9/16/2013", "End Date": "3/16/2018" }, "geometry": { "type": "Point", "coordinates": [ -73.89637, 40.81613 ] } },
{ "type": "Feature", "properties": { "Record ID": 795477, "store_name": "ELVIS PRODUCE  ", "Store Type": "Small Grocery Store", "Street Number": "928", "Street Name": "Southern Blvd", "Additional Address": " ", "city": "Bronx", "state": "NY", "Zip Code": 10459, "Zip4": "4506", "County": "BRONX", "latitude": 40.82047, "longitude": -73.89188, "Authorization Date": "8/29/2006", "End Date": "9/20/2010" }, "geometry": { "type": "Point", "coordinates": [ -73.89188, 40.82047 ] } },
{ "type": "Feature", "properties": { "Record ID": 1590388, "store_name": "Empire City Deli Corporation  ", "Store Type": "Convenience Store", "Street Number": "706", "Street Name": "Faile St", "Additional Address": null, "city": "Bronx", "state": "NY", "Zip Code": 10474, "Zip4": "5904", "County": "BRONX", "latitude": 40.8148, "longitude": -73.88642, "Authorization Date": "8/14/2024", "End Date": " " }, "geometry": { "type": "Point", "coordinates": [ -73.88642, 40.8148 ] } },
{ "type": "Feature", "properties": { "Record ID": 1165187, "store_name": "Esmeralda Deli Grocery Corp  ", "Store Type": "Small Grocery Store", "Street Number": "986", "Street Name": "Rogers Pl", "Additional Address": null, "city": "Bronx", "state": "NY", "Zip Code": 10459, "Zip4": "3390", "County": "BRONX", "latitude": 40.82373, "longitude": -73.89757, "Authorization Date": "11/7/2014", "End Date": "3/18/2024" }, "geometry": { "type": "Point", "coordinates": [ -73.89757, 40.82373 ] } },
{ "type": "Feature", "properties": { "Record ID": 980989, "store_name": "Express Candy & Grocery  ", "Store Type": "Small Grocery Store", "Street Number": "797", "Street Name": "Southern Blvd", "Additional Address": " ", "city": "Bronx", "state": "NY", "Zip Code": 10455, "Zip4": "2114", "County": "BRONX", "latitude": 40.81615, "longitude": -73.89643, "Authorization Date": "12/2/2010", "End Date": "11/28/2017" }, "geometry": { "type": "Point", "coordinates": [ -73.89643, 40.81615 ] } },
{ "type": "Feature", "properties": { "Record ID": 1283759, "store_name": "Express Candy And Grocery Inc  ", "Store Type": "Small Grocery Store", "Street Number": "797", "Street Name": "Southern Blvd", "Additional Address": " ", "city": "Bronx", "state": "NY", "Zip Code": 10455, "Zip4": "2114", "County": "BRONX", "latitude": 40.81618, "longitude": -73.8964, "Authorization Date": "6/22/2017", "End Date": "6/4/2019" }, "geometry": { "type": "Point", "coordinates": [ -73.8964, 40.81618 ] } },
{ "type": "Feature", "properties": { "Record ID": 621854, "store_name": "F.L. GROCERY STORE  ", "Store Type": "Small Grocery Store", "Street Number": "1086", "Street Name": "KELLY ST", "Additional Address": " ", "city": "BRONX", "state": "NY", "Zip Code": 10459, "Zip4": " ", "County": "BRONX", "latitude": 40.82577, "longitude": -73.89577, "Authorization Date": "2/20/2003", "End Date": "3/14/2005" }, "geometry": { "type": "Point", "coordinates": [ -73.89577, 40.82577 ] } },
{ "type": "Feature", "properties": { "Record ID": 621854, "store_name": "F.L. GROCERY STORE  ", "Store Type": "Small Grocery Store", "Street Number": "1086", "Street Name": "KELLY ST", "Additional Address": " ", "city": "BRONX", "state": "NY", "Zip Code": 10459, "Zip4": " ", "County": "BRONX", "latitude": 40.82577, "longitude": -73.89577, "Authorization Date": "11/3/2005", "End Date": "6/5/2006" }, "geometry": { "type": "Point", "coordinates": [ -73.89577, 40.82577 ] } },
{ "type": "Feature", "properties": { "Record ID": 628829, "store_name": "FAILE STREET GROCERY CORP  ", "Store Type": "Small Grocery Store", "Street Number": "701", "Street Name": "Faile St", "Additional Address": " ", "city": "Bronx", "state": "NY", "Zip Code": 10474, "Zip4": "5901", "County": "BRONX", "latitude": 40.81452, "longitude": -73.88656, "Authorization Date": "5/24/2001", "End Date": "12/17/2007" }, "geometry": { "type": "Point", "coordinates": [ -73.88656, 40.81452 ] } },
{ "type": "Feature", "properties": { "Record ID": 1167928, "store_name": "Fair King Grocery Optimo Inc  ", "Store Type": "Convenience Store", "Street Number": "944", "Street Name": "Aldus St", "Additional Address": " ", "city": "Bronx", "state": "NY", "Zip Code": 10459, "Zip4": " ", "County": "BRONX", "latitude": 40.8231, "longitude": -73.89088, "Authorization Date": "3/4/2015", "End Date": "11/29/2017" }, "geometry": { "type": "Point", "coordinates": [ -73.89088, 40.8231 ] } },
{ "type": "Feature", "properties": { "Record ID": 1299486, "store_name": "Faith Deli Grocery Llc  ", "Store Type": "Convenience Store", "Street Number": "854", "Street Name": "E 163rd St", "Additional Address": " ", "city": "Bronx", "state": "NY", "Zip Code": 10459, "Zip4": "3264", "County": "BRONX", "latitude": 40.82179, "longitude": -73.89944, "Authorization Date": "12/20/2017", "End Date": "3/30/2021" }, "geometry": { "type": "Point", "coordinates": [ -73.89944, 40.82179 ] } },
{ "type": "Feature", "properties": { "Record ID": 834620, "store_name": "FAMILY DOLLAR 6852", "Store Type": "Combination Grocery/Other", "Street Number": "1274", "Street Name": "Westchester Ave", "Additional Address": " ", "city": "Bronx", "state": "NY", "Zip Code": 10459, "Zip4": "2611", "County": "BRONX", "latitude": 40.82713, "longitude": -73.8871, "Authorization Date": "10/4/2007", "End Date": "6/17/2019" }, "geometry": { "type": "Point", "coordinates": [ -73.8871, 40.82713 ] } },
{ "type": "Feature", "properties": { "Record ID": 1405226, "store_name": "Family Dollar 13004", "Store Type": "Combination Grocery/Other", "Street Number": "867", "Street Name": "Longwood Ave", "Additional Address": " ", "city": "Bronx", "state": "NY", "Zip Code": 10459, "Zip4": "4000", "County": "BRONX", "latitude": 40.81916, "longitude": -73.90091, "Authorization Date": "5/5/2020", "End Date": " " }, "geometry": { "type": "Point", "coordinates": [ -73.90091, 40.81916 ] } },
{ "type": "Feature", "properties": { "Record ID": 1114615, "store_name": "FAMILY DOLLAR STORE 10705", "Store Type": "Combination Grocery/Other", "Street Number": "900", "Street Name": "Southern Blvd", "Additional Address": " ", "city": "Bronx", "state": "NY", "Zip Code": 10459, "Zip4": "4506", "County": "BRONX", "latitude": 40.81956, "longitude": -73.89284, "Authorization Date": "8/14/2013", "End Date": "11/23/2015" }, "geometry": { "type": "Point", "coordinates": [ -73.89284, 40.81956 ] } },
{ "type": "Feature", "properties": { "Record ID": 1352620, "store_name": "Famous Gourmet And Grill Corp  ", "Store Type": "Convenience Store", "Street Number": "772", "Street Name": "Hunts Point Ave", "Additional Address": " ", "city": "Bronx", "state": "NY", "Zip Code": 10474, "Zip4": "5920", "County": "BRONX", "latitude": 40.81601, "longitude": -73.88728, "Authorization Date": "3/5/2019", "End Date": "6/24/2020" }, "geometry": { "type": "Point", "coordinates": [ -73.88728, 40.81601 ] } },
{ "type": "Feature", "properties": { "Record ID": 1352620, "store_name": "Famous Gourmet And Grill Corp  ", "Store Type": "Convenience Store", "Street Number": "772", "Street Name": "Hunts Point Ave", "Additional Address": " ", "city": "Bronx", "state": "NY", "Zip Code": 10474, "Zip4": "5920", "County": "BRONX", "latitude": 40.81601, "longitude": -73.88728, "Authorization Date": "6/30/2020", "End Date": "6/30/2024" }, "geometry": { "type": "Point", "coordinates": [ -73.88728, 40.81601 ] } },
{ "type": "Feature", "properties": { "Record ID": 1461075, "store_name": "Faso African Market  ", "Store Type": "Small Grocery Store", "Street Number": "953A", "Street Name": "Westchester Ave", "Additional Address": null, "city": "Bronx", "state": "NY", "Zip Code": 10459, "Zip4": "3106", "County": "BRONX", "latitude": 40.82249, "longitude": -73.89626, "Authorization Date": "9/16/2021", "End Date": " " }, "geometry": { "type": "Point", "coordinates": [ -73.89626, 40.82249 ] } },
{ "type": "Feature", "properties": { "Record ID": 941741, "store_name": "Fast Deli and Grocery Inc  ", "Store Type": "Small Grocery Store", "Street Number": "871", "Street Name": "Longwood Ave", "Additional Address": "Frnt 1", "city": "Bronx", "state": "NY", "Zip Code": 10459, "Zip4": "4016", "County": "BRONX", "latitude": 40.81902, "longitude": -73.90069, "Authorization Date": "3/18/2010", "End Date": "9/7/2011" }, "geometry": { "type": "Point", "coordinates": [ -73.90069, 40.81902 ] } },
{ "type": "Feature", "properties": { "Record ID": 1215218, "store_name": "Fernandez Deli Grocery  ", "Store Type": "Small Grocery Store", "Street Number": "1086", "Street Name": "Kelly St", "Additional Address": null, "city": "Bronx", "state": "NY", "Zip Code": 10459, "Zip4": "2838", "County": "BRONX", "latitude": 40.82579, "longitude": -73.8957, "Authorization Date": "11/23/2015", "End Date": "8/31/2022" }, "geometry": { "type": "Point", "coordinates": [ -73.8957, 40.82579 ] } },
{ "type": "Feature", "properties": { "Record ID": 1547354, "store_name": "Fernandez Deli Grocery  ", "Store Type": "Small Grocery Store", "Street Number": "1086", "Street Name": "Kelly St", "Additional Address": null, "city": "Bronx", "state": "NY", "Zip Code": 10459, "Zip4": "2838", "County": "BRONX", "latitude": 40.82579, "longitude": -73.8957, "Authorization Date": "10/24/2023", "End Date": " " }, "geometry": { "type": "Point", "coordinates": [ -73.8957, 40.82579 ] } },
{ "type": "Feature", "properties": { "Record ID": 1598539, "store_name": "Fernandez Deli Grocery ll Corp  ", "Store Type": "Small Grocery Store", "Street Number": "986", "Street Name": "Rogers Pl", "Additional Address": null, "city": "Bronx", "state": "NY", "Zip Code": 10459, "Zip4": "3390", "County": "BRONX", "latitude": 40.82368, "longitude": -73.89751, "Authorization Date": "8/7/2024", "End Date": " " }, "geometry": { "type": "Point", "coordinates": [ -73.89751, 40.82368 ] } },
{ "type": "Feature", "properties": { "Record ID": 601089, "store_name": "FERNANDEZ'S BROTHERS DELI GROC CO  ", "Store Type": "Small Grocery Store", "Street Number": "976", "Street Name": "Prospect Ave", "Additional Address": " ", "city": "Bronx", "state": "NY", "Zip Code": 10459, "Zip4": "2904", "County": "BRONX", "latitude": 40.82335, "longitude": -73.90006, "Authorization Date": "7/1/1996", "End Date": "8/4/2005" }, "geometry": { "type": "Point", "coordinates": [ -73.90006, 40.82335 ] } },
{ "type": "Feature", "properties": { "Record ID": 1537739, "store_name": "First Healthy Fresh Gourmet Inc  ", "Store Type": "Convenience Store", "Street Number": "795", "Street Name": "Southern Blvd", "Additional Address": null, "city": "Bronx", "state": "NY", "Zip Code": 10455, "Zip4": "2114", "County": "BRONX", "latitude": 40.81618, "longitude": -73.89661, "Authorization Date": "3/23/2023", "End Date": " " }, "geometry": { "type": "Point", "coordinates": [ -73.89661, 40.81618 ] } },
{ "type": "Feature", "properties": { "Record ID": 901099, "store_name": "Five Star Delicious Deli Inc  ", "Store Type": "Small Grocery Store", "Street Number": "949", "Street Name": "E 163rd St", "Additional Address": "Frnt 1", "city": "Bronx", "state": "NY", "Zip Code": 10459, "Zip4": "4417", "County": "BRONX", "latitude": 40.82105, "longitude": -73.8959, "Authorization Date": "6/24/2009", "End Date": "4/2/2017" }, "geometry": { "type": "Point", "coordinates": [ -73.8959, 40.82105 ] } },
{ "type": "Feature", "properties": { "Record ID": 476722, "store_name": "FOUR STAR DELI GROCERY  ", "Store Type": "Small Grocery Store", "Street Number": "1101", "Street Name": "Garrison Ave", "Additional Address": " ", "city": "Bronx", "state": "NY", "Zip Code": 10474, "Zip4": "4633", "County": "BRONX", "latitude": 40.81949, "longitude": -73.88974, "Authorization Date": "8/11/2003", "End Date": "10/2/2014" }, "geometry": { "type": "Point", "coordinates": [ -73.88974, 40.81949 ] } },
{ "type": "Feature", "properties": { "Record ID": 358261, "store_name": "FREELAND DELI CORP  ", "Store Type": "Convenience Store", "Street Number": "706", "Street Name": "FAILE ST", "Additional Address": " ", "city": "BRONX", "state": "NY", "Zip Code": 10474, "Zip4": " ", "County": "BRONX", "latitude": 40.81464, "longitude": -73.88644, "Authorization Date": "5/27/2004", "End Date": "12/22/2008" }, "geometry": { "type": "Point", "coordinates": [ -73.88644, 40.81464 ] } },
{ "type": "Feature", "properties": { "Record ID": 838299, "store_name": "Freire Fruits and Vegetables Store  ", "Store Type": "Fruits/Veg Specialty", "Street Number": "916", "Street Name": "Hunts Point Ave", "Additional Address": " ", "city": "Bronx", "state": "NY", "Zip Code": 10474, "Zip4": "5403", "County": "BRONX", "latitude": 40.81952, "longitude": -73.88972, "Authorization Date": "12/28/2007", "End Date": "9/7/2011" }, "geometry": { "type": "Point", "coordinates": [ -73.88972, 40.81952 ] } },
{ "type": "Feature", "properties": { "Record ID": 1396059, "store_name": "Fresh City Deli Inc  ", "Store Type": "Convenience Store", "Street Number": "925", "Street Name": "Hunts Point Ave", "Additional Address": null, "city": "Bronx", "state": "NY", "Zip Code": 10459, "Zip4": "5190", "County": "BRONX", "latitude": 40.82063, "longitude": -73.89117, "Authorization Date": "4/13/2020", "End Date": "10/19/2021" }, "geometry": { "type": "Point", "coordinates": [ -73.89117, 40.82063 ] } },
{ "type": "Feature", "properties": { "Record ID": 1495888, "store_name": "Fresh City Delii Incorporated  ", "Store Type": "Convenience Store", "Street Number": "925", "Street Name": "Hunts Point Ave", "Additional Address": null, "city": "Bronx", "state": "NY", "Zip Code": 10459, "Zip4": "5190", "County": "BRONX", "latitude": 40.82046, "longitude": -73.89129, "Authorization Date": "6/21/2022", "End Date": "11/10/2023" }, "geometry": { "type": "Point", "coordinates": [ -73.89129, 40.82046 ] } },
{ "type": "Feature", "properties": { "Record ID": 1199587, "store_name": "Fresh Meat Market Corp  ", "Store Type": "Combination Grocery/Other", "Street Number": "796", "Street Name": "Hunts Point Ave", "Additional Address": " ", "city": "Bronx", "state": "NY", "Zip Code": 10474, "Zip4": "5920", "County": "BRONX", "latitude": 40.81654, "longitude": -73.88789, "Authorization Date": "6/10/2015", "End Date": "11/28/2017" }, "geometry": { "type": "Point", "coordinates": [ -73.88789, 40.81654 ] } },
{ "type": "Feature", "properties": { "Record ID": 424811, "store_name": "FRIAS GROCERY  ", "Store Type": "Small Grocery Store", "Street Number": "1240", "Street Name": "Spofford Ave", "Additional Address": " ", "city": "Bronx", "state": "NY", "Zip Code": 10474, "Zip4": "5800", "County": "BRONX", "latitude": 40.81403, "longitude": -73.88926, "Authorization Date": "5/28/1999", "End Date": "7/30/2007" }, "geometry": { "type": "Point", "coordinates": [ -73.88926, 40.81403 ] } },
{ "type": "Feature", "properties": { "Record ID": 1425122, "store_name": "Friendly Deli Inc  ", "Store Type": "Convenience Store", "Street Number": "671", "Street Name": "Kelly St", "Additional Address": null, "city": "Bronx", "state": "NY", "Zip Code": 10455, "Zip4": "3416", "County": "BRONX", "latitude": 40.81546, "longitude": -73.90237, "Authorization Date": "1/15/2021", "End Date": " " }, "geometry": { "type": "Point", "coordinates": [ -73.90237, 40.81546 ] } },
{ "type": "Feature", "properties": { "Record ID": 1362789, "store_name": "Friends Deli & Grill Corp  ", "Store Type": "Small Grocery Store", "Street Number": "585", "Street Name": "Southern Blvd", "Additional Address": " ", "city": "Bronx", "state": "NY", "Zip Code": 10455, "Zip4": "3762", "County": "BRONX", "latitude": 40.81272, "longitude": -73.90219, "Authorization Date": "6/24/2019", "End Date": "4/27/2022" }, "geometry": { "type": "Point", "coordinates": [ -73.90219, 40.81272 ] } },
{ "type": "Feature", "properties": { "Record ID": 1362789, "store_name": "Friends Deli & Grill Corp  ", "Store Type": "Small Grocery Store", "Street Number": "585", "Street Name": "Southern Blvd", "Additional Address": " ", "city": "Bronx", "state": "NY", "Zip Code": 10455, "Zip4": "3762", "County": "BRONX", "latitude": 40.81272, "longitude": -73.90219, "Authorization Date": "5/10/2022", "End Date": "6/14/2022" }, "geometry": { "type": "Point", "coordinates": [ -73.90219, 40.81272 ] } },
{ "type": "Feature", "properties": { "Record ID": 1261091, "store_name": "Friendship Deli Grocery  ", "Store Type": "Convenience Store", "Street Number": "1043", "Street Name": "E 163rd St", "Additional Address": " ", "city": "Bronx", "state": "NY", "Zip Code": 10459, "Zip4": "4510", "County": "BRONX", "latitude": 40.82102, "longitude": -73.8913, "Authorization Date": "1/26/2017", "End Date": "12/20/2021" }, "geometry": { "type": "Point", "coordinates": [ -73.8913, 40.82102 ] } },
{ "type": "Feature", "properties": { "Record ID": 643004, "store_name": "FT MEAT CORP  ", "Store Type": "Super Store", "Street Number": "1065", "Street Name": "E 163rd St", "Additional Address": " ", "city": "Bronx", "state": "NY", "Zip Code": 10459, "Zip4": "4510", "County": "BRONX", "latitude": 40.82112, "longitude": -73.89072, "Authorization Date": "10/23/2001", "End Date": " " }, "geometry": { "type": "Point", "coordinates": [ -73.89072, 40.82112 ] } },
{ "type": "Feature", "properties": { "Record ID": 742258, "store_name": "Gabi Deli Grocery  ", "Store Type": "Small Grocery Store", "Street Number": "910", "Street Name": "Prospect Ave", "Additional Address": " ", "city": "Bronx", "state": "NY", "Zip Code": 10459, "Zip4": " ", "County": "BRONX", "latitude": 40.82136, "longitude": -73.90088, "Authorization Date": "11/3/2005", "End Date": "7/22/2007" }, "geometry": { "type": "Point", "coordinates": [ -73.90088, 40.82136 ] } },
{ "type": "Feature", "properties": { "Record ID": 381282, "store_name": "GARRISON DELI GROCERY  ", "Store Type": "Small Grocery Store", "Street Number": "1150", "Street Name": "Garrison Ave", "Additional Address": " ", "city": "Bronx", "state": "NY", "Zip Code": 10474, "Zip4": "4637", "County": "BRONX", "latitude": 40.82014, "longitude": -73.8886, "Authorization Date": "6/19/1997", "End Date": "2/12/2007" }, "geometry": { "type": "Point", "coordinates": [ -73.8886, 40.82014 ] } },
{ "type": "Feature", "properties": { "Record ID": 381282, "store_name": "GARRISON DELI GROCERY  ", "Store Type": "Small Grocery Store", "Street Number": "1150", "Street Name": "Garrison Ave", "Additional Address": " ", "city": "Bronx", "state": "NY", "Zip Code": 10474, "Zip4": "4637", "County": "BRONX", "latitude": 40.82014, "longitude": -73.8886, "Authorization Date": "3/14/2007", "End Date": "9/14/2016" }, "geometry": { "type": "Point", "coordinates": [ -73.8886, 40.82014 ] } },
{ "type": "Feature", "properties": { "Record ID": 1353342, "store_name": "Gay Grocery Inc  ", "Store Type": "Convenience Store", "Street Number": "911", "Street Name": "Avenue Saint John", "Additional Address": " ", "city": "Bronx", "state": "NY", "Zip Code": 10455, "Zip4": "2416", "County": "BRONX", "latitude": 40.81585, "longitude": -73.90286, "Authorization Date": "4/9/2019", "End Date": "11/16/2021" }, "geometry": { "type": "Point", "coordinates": [ -73.90286, 40.81585 ] } },
{ "type": "Feature", "properties": { "Record ID": 1422828, "store_name": "GDM Deli Grocery, Inc  ", "Store Type": "Convenience Store", "Street Number": "1026", "Street Name": "Prospect Ave", "Additional Address": " ", "city": "Bronx", "state": "NY", "Zip Code": 10459, "Zip4": "2714", "County": "BRONX", "latitude": 40.82434, "longitude": -73.89947, "Authorization Date": "11/2/2020", "End Date": "6/22/2022" }, "geometry": { "type": "Point", "coordinates": [ -73.89947, 40.82434 ] } },
{ "type": "Feature", "properties": { "Record ID": 1505236, "store_name": "Gilbert Place Deli Grocery Inc  ", "Store Type": "Small Grocery Store", "Street Number": "1204", "Street Name": "Gilbert Pl", "Additional Address": null, "city": "Bronx", "state": "NY", "Zip Code": 10474, "Zip4": "5408", "County": "BRONX", "latitude": 40.81775, "longitude": -73.88811, "Authorization Date": "9/2/2022", "End Date": " " }, "geometry": { "type": "Point", "coordinates": [ -73.88811, 40.81775 ] } },
{ "type": "Feature", "properties": { "Record ID": 1554264, "store_name": "Gino Deli Grocery  ", "Store Type": "Convenience Store", "Street Number": "935", "Street Name": "E 163rd St", "Additional Address": null, "city": "Bronx", "state": "NY", "Zip Code": 10459, "Zip4": "4204", "County": "BRONX", "latitude": 40.82116, "longitude": -73.89653, "Authorization Date": "11/29/2023", "End Date": " " }, "geometry": { "type": "Point", "coordinates": [ -73.89653, 40.82116 ] } },
{ "type": "Feature", "properties": { "Record ID": 336740, "store_name": "GIRALDA BAKERY CORP  ", "Store Type": "Bakery Specialty", "Street Number": "1035", "Street Name": "E 163rd St", "Additional Address": " ", "city": "Bronx", "state": "NY", "Zip Code": 10459, "Zip4": "4510", "County": "BRONX", "latitude": 40.82131, "longitude": -73.89143, "Authorization Date": "5/14/1998", "End Date": " " }, "geometry": { "type": "Point", "coordinates": [ -73.89143, 40.82131 ] } },
{ "type": "Feature", "properties": { "Record ID": 754638, "store_name": "Gomez Grocery & Deli  ", "Store Type": "Small Grocery Store", "Street Number": "1174", "Street Name": "Garrison Ave", "Additional Address": " ", "city": "Bronx", "state": "NY", "Zip Code": 10474, "Zip4": "4750", "County": "BRONX", "latitude": 40.82049, "longitude": -73.88799, "Authorization Date": "6/7/2005", "End Date": "10/9/2007" }, "geometry": { "type": "Point", "coordinates": [ -73.88799, 40.82049 ] } },
{ "type": "Feature", "properties": { "Record ID": 1077051, "store_name": "Good Deli Grocery Corp  ", "Store Type": "Small Grocery Store", "Street Number": "698", "Street Name": "Beck St", "Additional Address": " ", "city": "Bronx", "state": "NY", "Zip Code": 10455, "Zip4": "3451", "County": "BRONX", "latitude": 40.81491, "longitude": -73.90051, "Authorization Date": "11/28/2012", "End Date": "9/4/2018" }, "geometry": { "type": "Point", "coordinates": [ -73.90051, 40.81491 ] } },
{ "type": "Feature", "properties": { "Record ID": 735253, "store_name": "Gourmet Deli Grocery Corp  ", "Store Type": "Small Grocery Store", "Street Number": "770", "Street Name": "Hunts Point Ave", "Additional Address": " ", "city": "Bronx", "state": "NY", "Zip Code": 10474, "Zip4": "5920", "County": "BRONX", "latitude": 40.81597, "longitude": -73.88724, "Authorization Date": "12/7/2004", "End Date": "2/3/2010" }, "geometry": { "type": "Point", "coordinates": [ -73.88724, 40.81597 ] } },
{ "type": "Feature", "properties": { "Record ID": 735253, "store_name": "Gourmet Deli Grocery Corp  ", "Store Type": "Small Grocery Store", "Street Number": "770", "Street Name": "Hunts Point Ave", "Additional Address": " ", "city": "Bronx", "state": "NY", "Zip Code": 10474, "Zip4": "5920", "County": "BRONX", "latitude": 40.81597, "longitude": -73.88724, "Authorization Date": "2/12/2010", "End Date": "1/25/2011" }, "geometry": { "type": "Point", "coordinates": [ -73.88724, 40.81597 ] } },
{ "type": "Feature", "properties": { "Record ID": 1548334, "store_name": "Grab 2 Go Deli Corp  ", "Store Type": "Convenience Store", "Street Number": "1101", "Street Name": "Garrison Ave", "Additional Address": null, "city": "Bronx", "state": "NY", "Zip Code": 10474, "Zip4": "4633", "County": "BRONX", "latitude": 40.81968, "longitude": -73.88963, "Authorization Date": "7/13/2023", "End Date": "10/14/2024" }, "geometry": { "type": "Point", "coordinates": [ -73.88963, 40.81968 ] } },
{ "type": "Feature", "properties": { "Record ID": 1612784, "store_name": "Grab 2 Go Deli Corp  ", "Store Type": "Convenience Store", "Street Number": "1101", "Street Name": "Garrison Ave", "Additional Address": " ", "city": "Bronx", "state": "NY", "Zip Code": 10474, "Zip4": "4633", "County": "BRONX", "latitude": 40.81968, "longitude": -73.88963, "Authorization Date": "8/14/2024", "End Date": "9/17/2025" }, "geometry": { "type": "Point", "coordinates": [ -73.88963, 40.81968 ] } },
{ "type": "Feature", "properties": { "Record ID": 487334, "store_name": "GRO WIN FOOD CORP  ", "Store Type": "Supermarket", "Street Number": "938", "Street Name": "E 163rd St", "Additional Address": " ", "city": "Bronx", "state": "NY", "Zip Code": 10459, "Zip4": "4209", "County": "BRONX", "latitude": 40.82096, "longitude": -73.89637, "Authorization Date": "10/29/2002", "End Date": "5/22/2006" }, "geometry": { "type": "Point", "coordinates": [ -73.89637, 40.82096 ] } },
{ "type": "Feature", "properties": { "Record ID": 1081462, "store_name": "Guillermina Torres-Rivera - Cesar's Fruits GC  ", "Store Type": "Fruits/Veg Specialty", "Street Number": "1039", "Street Name": "Simpson St", "Additional Address": " ", "city": "Bronx", "state": "NY", "Zip Code": 10459, "Zip4": " ", "County": "BRONX", "latitude": 40.82429, "longitude": -73.89297, "Authorization Date": "11/23/2012", "End Date": "12/9/2014" }, "geometry": { "type": "Point", "coordinates": [ -73.89297, 40.82429 ] } },
{ "type": "Feature", "properties": { "Record ID": 1071314, "store_name": "Guillermo Pacheco GC  ", "Store Type": "Fruits/Veg Specialty", "Street Number": "991", "Street Name": "Southern Blvd", "Additional Address": " ", "city": "Bronx", "state": "NY", "Zip Code": 10459, "Zip4": "3401", "County": "BRONX", "latitude": 40.82255, "longitude": -73.89178, "Authorization Date": "9/5/2012", "End Date": "7/31/2017" }, "geometry": { "type": "Point", "coordinates": [ -73.89178, 40.82255 ] } },
{ "type": "Feature", "properties": { "Record ID": 1183708, "store_name": "H & N Gourmet Deli Inc  ", "Store Type": "Convenience Store", "Street Number": "1251", "Street Name": "Rev James A Polite Ave", "Additional Address": " ", "city": "Bronx", "state": "NY", "Zip Code": 10459, "Zip4": "2227", "County": "BRONX", "latitude": 40.82857, "longitude": -73.89658, "Authorization Date": "3/18/2015", "End Date": "6/28/2018" }, "geometry": { "type": "Point", "coordinates": [ -73.89658, 40.82857 ] } },
{ "type": "Feature", "properties": { "Record ID": 1496201, "store_name": "H P A Deli Corp  ", "Store Type": "Small Grocery Store", "Street Number": "803", "Street Name": "Hunts Point Ave", "Additional Address": null, "city": "Bronx", "state": "NY", "Zip Code": 10474, "Zip4": "5401", "County": "BRONX", "latitude": 40.8167, "longitude": -73.88814, "Authorization Date": "6/15/2022", "End Date": " " }, "geometry": { "type": "Point", "coordinates": [ -73.88814, 40.8167 ] } },
{ "type": "Feature", "properties": { "Record ID": 296781, "store_name": "H.A. SAIDI GROCERY-DELI STORE  ", "Store Type": "Convenience Store", "Street Number": "1300", "Street Name": "Lafayette Ave", "Additional Address": " ", "city": "Bronx", "state": "NY", "Zip Code": 10474, "Zip4": "7202", "County": "BRONX", "latitude": 40.81674, "longitude": -73.88703, "Authorization Date": "11/5/2002", "End Date": "1/4/2012" }, "geometry": { "type": "Point", "coordinates": [ -73.88703, 40.81674 ] } },
{ "type": "Feature", "properties": { "Record ID": 949246, "store_name": "Haig Grocery Corp  ", "Store Type": "Small Grocery Store", "Street Number": "948", "Street Name": "E 163rd St", "Additional Address": " ", "city": "Bronx", "state": "NY", "Zip Code": 10459, "Zip4": "4209", "County": "BRONX", "latitude": 40.82096, "longitude": -73.896, "Authorization Date": "6/21/2010", "End Date": "1/16/2012" }, "geometry": { "type": "Point", "coordinates": [ -73.896, 40.82096 ] } },
{ "type": "Feature", "properties": { "Record ID": 1544088, "store_name": "Havana Deli Corp  ", "Store Type": "Convenience Store", "Street Number": "706", "Street Name": "Faile St", "Additional Address": " ", "city": "Bronx", "state": "NY", "Zip Code": 10474, "Zip4": "5904", "County": "BRONX", "latitude": 40.8148, "longitude": -73.88642, "Authorization Date": "4/6/2023", "End Date": "2/15/2024" }, "geometry": { "type": "Point", "coordinates": [ -73.88642, 40.8148 ] } },
{ "type": "Feature", "properties": { "Record ID": 1419450, "store_name": "Havana Deli Corp.  ", "Store Type": "Convenience Store", "Street Number": "706", "Street Name": "Faile St", "Additional Address": null, "city": "Bronx", "state": "NY", "Zip Code": 10474, "Zip4": "5904", "County": "BRONX", "latitude": 40.81478, "longitude": -73.88642, "Authorization Date": "1/26/2021", "End Date": "4/25/2023" }, "geometry": { "type": "Point", "coordinates": [ -73.88642, 40.81478 ] } },
{ "type": "Feature", "properties": { "Record ID": 1532679, "store_name": "Healthy Shack Deli Grocery Corp.  ", "Store Type": "Convenience Store", "Street Number": "1086", "Street Name": "Southern Blvd", "Additional Address": "Frnt 2", "city": "Bronx", "state": "NY", "Zip Code": 10459, "Zip4": "2471", "County": "BRONX", "latitude": 40.82587, "longitude": -73.89172, "Authorization Date": "2/27/2023", "End Date": " " }, "geometry": { "type": "Point", "coordinates": [ -73.89172, 40.82587 ] } },
{ "type": "Feature", "properties": { "Record ID": 833070, "store_name": "Hernando Deli Grocery Corp  ", "Store Type": "Small Grocery Store", "Street Number": "1174", "Street Name": "Garrison Ave", "Additional Address": " ", "city": "Bronx", "state": "NY", "Zip Code": 10474, "Zip4": "4750", "County": "BRONX", "latitude": 40.82049, "longitude": -73.88799, "Authorization Date": "10/11/2007", "End Date": "7/25/2010" }, "geometry": { "type": "Point", "coordinates": [ -73.88799, 40.82049 ] } },
{ "type": "Feature", "properties": { "Record ID": 875768, "store_name": "Hero City #2 Deli Inc  ", "Store Type": "Medium Grocery Store", "Street Number": "706", "Street Name": "Faile St", "Additional Address": " ", "city": "Bronx", "state": "NY", "Zip Code": 10474, "Zip4": " ", "County": "BRONX", "latitude": 40.81464, "longitude": -73.88644, "Authorization Date": "1/9/2009", "End Date": "9/29/2011" }, "geometry": { "type": "Point", "coordinates": [ -73.88644, 40.81464 ] } },
{ "type": "Feature", "properties": { "Record ID": 1569278, "store_name": "Hero City Dark Knight Corporation  ", "Store Type": "Small Grocery Store", "Street Number": "1202", "Street Name": "Spofford Ave", "Additional Address": null, "city": "Bronx", "state": "NY", "Zip Code": 10474, "Zip4": "5847", "County": "BRONX", "latitude": 40.8137, "longitude": -73.89085, "Authorization Date": "11/15/2023", "End Date": " " }, "geometry": { "type": "Point", "coordinates": [ -73.89085, 40.8137 ] } },
{ "type": "Feature", "properties": { "Record ID": 1400126, "store_name": "Hip Hop Candy Grocery Corp.  ", "Store Type": "Convenience Store", "Street Number": "1300", "Street Name": "Lafayette Ave", "Additional Address": null, "city": "Bronx", "state": "NY", "Zip Code": 10474, "Zip4": "7202", "County": "BRONX", "latitude": 40.81667, "longitude": -73.8869, "Authorization Date": "4/27/2020", "End Date": "11/16/2021" }, "geometry": { "type": "Point", "coordinates": [ -73.8869, 40.81667 ] } },
{ "type": "Feature", "properties": { "Record ID": 774755, "store_name": "Hoe Ave. Deli Grocery Corp.  ", "Store Type": "Medium Grocery Store", "Street Number": "914", "Street Name": "Hoe Ave", "Additional Address": " ", "city": "Bronx", "state": "NY", "Zip Code": 10459, "Zip4": " ", "County": "BRONX", "latitude": 40.82137, "longitude": -73.89021, "Authorization Date": "12/23/2005", "End Date": "11/26/2006" }, "geometry": { "type": "Point", "coordinates": [ -73.89021, 40.82137 ] } },
{ "type": "Feature", "properties": { "Record ID": 774755, "store_name": "Hoe Ave. Deli Grocery Corp.  ", "Store Type": "Medium Grocery Store", "Street Number": "914", "Street Name": "Hoe Ave", "Additional Address": " ", "city": "Bronx", "state": "NY", "Zip Code": 10459, "Zip4": " ", "County": "BRONX", "latitude": 40.82137, "longitude": -73.89021, "Authorization Date": "7/12/2007", "End Date": "10/27/2008" }, "geometry": { "type": "Point", "coordinates": [ -73.89021, 40.82137 ] } },
{ "type": "Feature", "properties": { "Record ID": 1497827, "store_name": "Hunts Point Deli Corp.  ", "Store Type": "Small Grocery Store", "Street Number": "1331", "Street Name": "Seneca Ave", "Additional Address": null, "city": "Bronx", "state": "NY", "Zip Code": 10474, "Zip4": "4611", "County": "BRONX", "latitude": 40.81917, "longitude": -73.88641, "Authorization Date": "7/25/2022", "End Date": " " }, "geometry": { "type": "Point", "coordinates": [ -73.88641, 40.81917 ] } },
{ "type": "Feature", "properties": { "Record ID": 897405, "store_name": "Hunts Point Farmers' Market  ", "Store Type": "Farmers' Market", "Street Number": null, "Street Name": "Hunts Point Subway Station", "Additional Address": "Southrn Blvd, Brucknr Blvd & E. 163rd St", "city": "Bronx", "state": "NY", "Zip Code": 10459, "Zip4": " ", "County": "BRONX", "latitude": 40.82018, "longitude": -73.89066, "Authorization Date": "6/19/2009", "End Date": "9/20/2019" }, "geometry": { "type": "Point", "coordinates": [ -73.89066, 40.82018 ] } },
{ "type": "Feature", "properties": { "Record ID": 1376023, "store_name": "Hunts Point Finest Deli Corp  ", "Store Type": "Convenience Store", "Street Number": "1101", "Street Name": "Garrison Ave", "Additional Address": " ", "city": "Bronx", "state": "NY", "Zip Code": 10474, "Zip4": "4633", "County": "BRONX", "latitude": 40.8196, "longitude": -73.88953, "Authorization Date": "9/27/2019", "End Date": "6/23/2021" }, "geometry": { "type": "Point", "coordinates": [ -73.88953, 40.8196 ] } },
{ "type": "Feature", "properties": { "Record ID": 1376023, "store_name": "Hunts Point Finest Deli Corp  ", "Store Type": "Convenience Store", "Street Number": "1101", "Street Name": "Garrison Ave", "Additional Address": " ", "city": "Bronx", "state": "NY", "Zip Code": 10474, "Zip4": "4633", "County": "BRONX", "latitude": 40.8196, "longitude": -73.88953, "Authorization Date": "4/14/2022", "End Date": "1/31/2023" }, "geometry": { "type": "Point", "coordinates": [ -73.88953, 40.8196 ] } },
{ "type": "Feature", "properties": { "Record ID": 1117735, "store_name": "Hunts Point Fruit & Vegatable  ", "Store Type": "Small Grocery Store", "Street Number": "887", "Street Name": "Hunts Point Ave", "Additional Address": " ", "city": "Bronx", "state": "NY", "Zip Code": 10474, "Zip4": " ", "County": "BRONX", "latitude": 40.8189, "longitude": -73.8894, "Authorization Date": "11/18/2013", "End Date": "2/17/2015" }, "geometry": { "type": "Point", "coordinates": [ -73.8894, 40.8189 ] } },
{ "type": "Feature", "properties": { "Record ID": 984919, "store_name": "Hunts Point Gourmet Inc  ", "Store Type": "Small Grocery Store", "Street Number": "770", "Street Name": "Hunts Point Ave", "Additional Address": " ", "city": "Bronx", "state": "NY", "Zip Code": 10474, "Zip4": "5920", "County": "BRONX", "latitude": 40.81597, "longitude": -73.88724, "Authorization Date": "1/26/2011", "End Date": "12/16/2020" }, "geometry": { "type": "Point", "coordinates": [ -73.88724, 40.81597 ] } },
{ "type": "Feature", "properties": { "Record ID": 759342, "store_name": "Hunts Point Grocery Corp  ", "Store Type": "Small Grocery Store", "Street Number": "741", "Street Name": "Hunts Point Ave", "Additional Address": " ", "city": "Bronx", "state": "NY", "Zip Code": 10474, "Zip4": " ", "County": "BRONX", "latitude": 40.81564, "longitude": -73.88703, "Authorization Date": "8/8/2005", "End Date": "6/1/2008" }, "geometry": { "type": "Point", "coordinates": [ -73.88703, 40.81564 ] } },
{ "type": "Feature", "properties": { "Record ID": 1124777, "store_name": "Hunts Point New Deli Grocery  ", "Store Type": "Small Grocery Store", "Street Number": "741", "Street Name": "Hunts Point Ave", "Additional Address": " ", "city": "Bronx", "state": "NY", "Zip Code": 10474, "Zip4": " ", "County": "BRONX", "latitude": 40.81564, "longitude": -73.88703, "Authorization Date": "12/13/2013", "End Date": "5/5/2015" }, "geometry": { "type": "Point", "coordinates": [ -73.88703, 40.81564 ] } },
{ "type": "Feature", "properties": { "Record ID": 1313185, "store_name": "Intervale Deli Corp  ", "Store Type": "Convenience Store", "Street Number": "1103", "Street Name": "Intervale Ave", "Additional Address": null, "city": "Bronx", "state": "NY", "Zip Code": 10459, "Zip4": "2301", "County": "BRONX", "latitude": 40.82627, "longitude": -73.89721, "Authorization Date": "4/28/2018", "End Date": " " }, "geometry": { "type": "Point", "coordinates": [ -73.89721, 40.82627 ] } },
{ "type": "Feature", "properties": { "Record ID": 1364697, "store_name": "Intervale Deli Food Corp  ", "Store Type": "Small Grocery Store", "Street Number": "1006", "Street Name": "Intervale Ave", "Additional Address": " ", "city": "Bronx", "state": "NY", "Zip Code": 10459, "Zip4": "3146", "County": "BRONX", "latitude": 40.82338, "longitude": -73.89684, "Authorization Date": "10/1/2019", "End Date": "9/23/2025" }, "geometry": { "type": "Point", "coordinates": [ -73.89684, 40.82338 ] } },
{ "type": "Feature", "properties": { "Record ID": 1094768, "store_name": "Intervale Deli Grocery Corp  ", "Store Type": "Convenience Store", "Street Number": "1006", "Street Name": "Intervale Avenue", "Additional Address": " ", "city": "Bronx", "state": "NY", "Zip Code": 10459, "Zip4": "3146", "County": "BRONX", "latitude": 40.8234, "longitude": -73.89684, "Authorization Date": "5/28/2013", "End Date": "11/14/2018" }, "geometry": { "type": "Point", "coordinates": [ -73.89684, 40.8234 ] } },
{ "type": "Feature", "properties": { "Record ID": 864686, "store_name": "Intervale Meat Market & Grocery Inc  ", "Store Type": "Convenience Store", "Street Number": "941", "Street Name": "Intervale Ave", "Additional Address": " ", "city": "Bronx", "state": "NY", "Zip Code": 10459, "Zip4": "3135", "County": "BRONX", "latitude": 40.82132, "longitude": -73.89693, "Authorization Date": "9/12/2008", "End Date": "4/13/2016" }, "geometry": { "type": "Point", "coordinates": [ -73.89693, 40.82132 ] } },
{ "type": "Feature", "properties": { "Record ID": 818391, "store_name": "Intervale Meat Market Lp  ", "Store Type": "Meat/Poultry Specialty", "Street Number": "952", "Street Name": "Intervale Ave", "Additional Address": " ", "city": "Bronx", "state": "NY", "Zip Code": 10459, "Zip4": "3117", "County": "BRONX", "latitude": 40.82157, "longitude": -73.89684, "Authorization Date": "5/1/2007", "End Date": "9/15/2008" }, "geometry": { "type": "Point", "coordinates": [ -73.89684, 40.82157 ] } },
{ "type": "Feature", "properties": { "Record ID": 798331, "store_name": "INTERVALE SUPERIOR DELI GROCERY CORP  ", "Store Type": "Small Grocery Store", "Street Number": "974", "Street Name": "Intervale Ave", "Additional Address": " ", "city": "Bronx", "state": "NY", "Zip Code": 10459, "Zip4": "3103", "County": "BRONX", "latitude": 40.8223, "longitude": -73.8968, "Authorization Date": "2/13/2007", "End Date": "8/1/2007" }, "geometry": { "type": "Point", "coordinates": [ -73.8968, 40.8223 ] } },
{ "type": "Feature", "properties": { "Record ID": 1493937, "store_name": "Iron Grill Corp  ", "Store Type": "Convenience Store", "Street Number": "596", "Street Name": "Southern Blvd", "Additional Address": null, "city": "Bronx", "state": "NY", "Zip Code": 10455, "Zip4": "3715", "County": "BRONX", "latitude": 40.81271, "longitude": -73.90159, "Authorization Date": "6/13/2022", "End Date": " " }, "geometry": { "type": "Point", "coordinates": [ -73.90159, 40.81271 ] } },
{ "type": "Feature", "properties": { "Record ID": 1563280, "store_name": "Island Deli Grill 2, Inc.  ", "Store Type": "Convenience Store", "Street Number": "860", "Street Name": "Southern Blvd", "Additional Address": null, "city": "Bronx", "state": "NY", "Zip Code": 10459, "Zip4": "5257", "County": "BRONX", "latitude": 40.81786, "longitude": -73.89439, "Authorization Date": "11/24/2023", "End Date": "5/26/2025" }, "geometry": { "type": "Point", "coordinates": [ -73.89439, 40.81786 ] } },
{ "type": "Feature", "properties": { "Record ID": 1638251, "store_name": "Island Deli Grill 2, Inc.  ", "Store Type": "Convenience Store", "Street Number": "860", "Street Name": "Southern Blvd", "Additional Address": " ", "city": "Bronx", "state": "NY", "Zip Code": 10459, "Zip4": "5257", "County": "BRONX", "latitude": 40.81786, "longitude": -73.89439, "Authorization Date": "2/20/2025", "End Date": " " }, "geometry": { "type": "Point", "coordinates": [ -73.89439, 40.81786 ] } },
{ "type": "Feature", "properties": { "Record ID": 987966, "store_name": "J & E Discount LLC  ", "Store Type": "Convenience Store", "Street Number": "982C", "Street Name": "Westchester Ave", "Additional Address": " ", "city": "Bronx", "state": "NY", "Zip Code": 10459, "Zip4": "3308", "County": "BRONX", "latitude": 40.82317, "longitude": -73.89469, "Authorization Date": "2/4/2011", "End Date": "4/5/2012" }, "geometry": { "type": "Point", "coordinates": [ -73.89469, 40.82317 ] } },
{ "type": "Feature", "properties": { "Record ID": 1611031, "store_name": "J & J Deli Grocery Store Corp.  ", "Store Type": "Convenience Store", "Street Number": "699", "Street Name": "Beck St", "Additional Address": null, "city": "Bronx", "state": "NY", "Zip Code": 10455, "Zip4": "3421", "County": "BRONX", "latitude": 40.81513, "longitude": -73.90035, "Authorization Date": "9/26/2024", "End Date": "4/29/2025" }, "geometry": { "type": "Point", "coordinates": [ -73.90035, 40.81513 ] } },
{ "type": "Feature", "properties": { "Record ID": 1645086, "store_name": "J & J Deli Grocery Store Corp.  ", "Store Type": "Convenience Store", "Street Number": "699", "Street Name": "Beck St", "Additional Address": " ", "city": "Bronx", "state": "NY", "Zip Code": 10455, "Zip4": "3421", "County": "BRONX", "latitude": 40.81513, "longitude": -73.90035, "Authorization Date": "3/26/2025", "End Date": " " }, "geometry": { "type": "Point", "coordinates": [ -73.90035, 40.81513 ] } },
{ "type": "Feature", "properties": { "Record ID": 1172356, "store_name": "J & Leo's Deli Grocery Corp 1", "Store Type": "Small Grocery Store", "Street Number": "663", "Street Name": "Dawson St,", "Additional Address": " ", "city": "Bronx", "state": "NY", "Zip Code": 10455, "Zip4": " ", "County": "BRONX", "latitude": 40.81639, "longitude": -73.90257, "Authorization Date": "11/24/2014", "End Date": "10/5/2015" }, "geometry": { "type": "Point", "coordinates": [ -73.90257, 40.81639 ] } },
{ "type": "Feature", "properties": { "Record ID": 973674, "store_name": "J & W Food Center Corp  ", "Store Type": "Small Grocery Store", "Street Number": "990", "Street Name": "Leggett Ave", "Additional Address": " ", "city": "Bronx", "state": "NY", "Zip Code": 10455, "Zip4": "5128", "County": "BRONX", "latitude": 40.81445, "longitude": -73.89983, "Authorization Date": "10/6/2010", "End Date": " " }, "geometry": { "type": "Point", "coordinates": [ -73.89983, 40.81445 ] } },
{ "type": "Feature", "properties": { "Record ID": 1104251, "store_name": "J M C Grocery Corp  ", "Store Type": "Convenience Store", "Street Number": "865", "Street Name": "E 165th St", "Additional Address": " ", "city": "Bronx", "state": "NY", "Zip Code": 10459, "Zip4": "3011", "County": "BRONX", "latitude": 40.82396, "longitude": -73.89908, "Authorization Date": "10/21/2013", "End Date": "11/25/2014" }, "geometry": { "type": "Point", "coordinates": [ -73.89908, 40.82396 ] } },
{ "type": "Feature", "properties": { "Record ID": 1353745, "store_name": "Jaivery Deli Grocery Corp  ", "Store Type": "Small Grocery Store", "Street Number": "907", "Street Name": "Southern Blvd", "Additional Address": null, "city": "Bronx", "state": "NY", "Zip Code": 10459, "Zip4": "4511", "County": "BRONX", "latitude": 40.81982, "longitude": -73.89305, "Authorization Date": "6/28/2019", "End Date": "10/22/2020" }, "geometry": { "type": "Point", "coordinates": [ -73.89305, 40.81982 ] } },
{ "type": "Feature", "properties": { "Record ID": 1353745, "store_name": "Jaivery Deli Grocery Corp  ", "Store Type": "Small Grocery Store", "Street Number": "907", "Street Name": "Southern Blvd", "Additional Address": null, "city": "Bronx", "state": "NY", "Zip Code": 10459, "Zip4": "4511", "County": "BRONX", "latitude": 40.81982, "longitude": -73.89305, "Authorization Date": "9/29/2021", "End Date": "5/3/2023" }, "geometry": { "type": "Point", "coordinates": [ -73.89305, 40.81982 ] } },
{ "type": "Feature", "properties": { "Record ID": 1364182, "store_name": "Jandinga Deli Grocery Store Corp  ", "Store Type": "Convenience Store", "Street Number": "900", "Street Name": "Hoe Ave", "Additional Address": " ", "city": "Bronx", "state": "NY", "Zip Code": 10459, "Zip4": "3657", "County": "BRONX", "latitude": 40.82108, "longitude": -73.8902, "Authorization Date": "10/17/2019", "End Date": "9/21/2021" }, "geometry": { "type": "Point", "coordinates": [ -73.8902, 40.82108 ] } },
{ "type": "Feature", "properties": { "Record ID": 1364182, "store_name": "Jandinga Deli Grocery Store Corp  ", "Store Type": "Convenience Store", "Street Number": "900", "Street Name": "Hoe Ave", "Additional Address": " ", "city": "Bronx", "state": "NY", "Zip Code": 10459, "Zip4": "3657", "County": "BRONX", "latitude": 40.82108, "longitude": -73.8902, "Authorization Date": "9/24/2021", "End Date": "2/7/2023" }, "geometry": { "type": "Point", "coordinates": [ -73.8902, 40.82108 ] } },
{ "type": "Feature", "properties": { "Record ID": 441360, "store_name": "JBWE MEATS INC  ", "Store Type": "Meat/Poultry Specialty", "Street Number": "1027", "Street Name": "Westchester Ave", "Additional Address": " ", "city": "Bronx", "state": "NY", "Zip Code": 10459, "Zip4": "3311", "County": "BRONX", "latitude": 40.82418, "longitude": -73.89301, "Authorization Date": "12/31/1997", "End Date": "5/6/2007" }, "geometry": { "type": "Point", "coordinates": [ -73.89301, 40.82418 ] } },
{ "type": "Feature", "properties": { "Record ID": 734874, "store_name": "JC STORE  ", "Store Type": "Small Grocery Store", "Street Number": "701", "Street Name": "Coster St", "Additional Address": " ", "city": "Bronx", "state": "NY", "Zip Code": 10474, "Zip4": "6401", "County": "BRONX", "latitude": 40.81442, "longitude": -73.8875, "Authorization Date": "12/13/2004", "End Date": "6/9/2009" }, "geometry": { "type": "Point", "coordinates": [ -73.8875, 40.81442 ] } },
{ "type": "Feature", "properties": { "Record ID": 1387433, "store_name": "Jimenez Fruits & Vegetables  ", "Store Type": "Small Grocery Store", "Street Number": "901", "Street Name": "Southern Blvd", "Additional Address": "Unit B", "city": "Bronx", "state": "NY", "Zip Code": 10459, "Zip4": "4560", "County": "BRONX", "latitude": 40.81966, "longitude": -73.89302, "Authorization Date": "3/13/2020", "End Date": "11/29/2024" }, "geometry": { "type": "Point", "coordinates": [ -73.89302, 40.81966 ] } },
{ "type": "Feature", "properties": { "Record ID": 1387433, "store_name": "Jimenez Fruits & Vegetables  ", "Store Type": "Small Grocery Store", "Street Number": "901", "Street Name": "Southern Blvd", "Additional Address": "Unit B", "city": "Bronx", "state": "NY", "Zip Code": 10459, "Zip4": "4560", "County": "BRONX", "latitude": 40.81966, "longitude": -73.89302, "Authorization Date": "8/21/2025", "End Date": " " }, "geometry": { "type": "Point", "coordinates": [ -73.89302, 40.81966 ] } },
{ "type": "Feature", "properties": { "Record ID": 590944, "store_name": "JJ FRUIT & VEGETABLE MARKET  ", "Store Type": "Small Grocery Store", "Street Number": "600", "Street Name": "Southern Blvd", "Additional Address": " ", "city": "Bronx", "state": "NY", "Zip Code": 10455, "Zip4": "3732", "County": "BRONX", "latitude": 40.8126, "longitude": -73.90231, "Authorization Date": "2/13/2003", "End Date": "6/24/2007" }, "geometry": { "type": "Point", "coordinates": [ -73.90231, 40.8126 ] } },
{ "type": "Feature", "properties": { "Record ID": 329317, "store_name": "JKS PRODUCE CORP.  ", "Store Type": "Medium Grocery Store", "Street Number": "1054", "Street Name": "Southern Blvd", "Additional Address": " ", "city": "Bronx", "state": "NY", "Zip Code": 10459, "Zip4": "3426", "County": "BRONX", "latitude": 40.82441, "longitude": -73.89188, "Authorization Date": "5/18/1999", "End Date": "4/20/2005" }, "geometry": { "type": "Point", "coordinates": [ -73.89188, 40.82441 ] } },
{ "type": "Feature", "properties": { "Record ID": 632583, "store_name": "JM GROCERY STORE  ", "Store Type": "Small Grocery Store", "Street Number": "1090", "Street Name": "Longfellow Ave", "Additional Address": " ", "city": "Bronx", "state": "NY", "Zip Code": 10459, "Zip4": "2606", "County": "BRONX", "latitude": 40.82597, "longitude": -73.88776, "Authorization Date": "12/18/2003", "End Date": "9/26/2016" }, "geometry": { "type": "Point", "coordinates": [ -73.88776, 40.82597 ] } },
{ "type": "Feature", "properties": { "Record ID": 1636025, "store_name": "Jmc Fresh Foods Corp  ", "Store Type": "Supermarket", "Street Number": "1000", "Street Name": "Westchester Ave", "Additional Address": null, "city": "Bronx", "state": "NY", "Zip Code": 10459, "Zip4": "3309", "County": "BRONX", "latitude": 40.82352, "longitude": -73.89367, "Authorization Date": "4/14/2025", "End Date": " " }, "geometry": { "type": "Point", "coordinates": [ -73.89367, 40.82352 ] } },
{ "type": "Feature", "properties": { "Record ID": 313247, "store_name": "JOEL'S DELI & GROCERY  ", "Store Type": "Small Grocery Store", "Street Number": "947", "Street Name": "Aldus St", "Additional Address": " ", "city": "Bronx", "state": "NY", "Zip Code": 10459, "Zip4": "3512", "County": "BRONX", "latitude": 40.82318, "longitude": -73.89085, "Authorization Date": "6/13/2002", "End Date": "7/5/2006" }, "geometry": { "type": "Point", "coordinates": [ -73.89085, 40.82318 ] } },
{ "type": "Feature", "properties": { "Record ID": 535103, "store_name": "JOSE A SALGADO SALGADOS SUPERETTE  ", "Store Type": "Convenience Store", "Street Number": "1131", "Street Name": "W Farms Rd", "Additional Address": null, "city": "Bronx", "state": "NY", "Zip Code": 10459, "Zip4": "2432", "County": "BRONX", "latitude": 40.82661, "longitude": -73.89023, "Authorization Date": "12/12/1975", "End Date": "9/21/2016" }, "geometry": { "type": "Point", "coordinates": [ -73.89023, 40.82661 ] } },
{ "type": "Feature", "properties": { "Record ID": 535103, "store_name": "JOSE A SALGADO SALGADOS SUPERETTE  ", "Store Type": "Convenience Store", "Street Number": "1131", "Street Name": "W Farms Rd", "Additional Address": null, "city": "Bronx", "state": "NY", "Zip Code": 10459, "Zip4": "2432", "County": "BRONX", "latitude": 40.82661, "longitude": -73.89023, "Authorization Date": "2/7/2020", "End Date": "12/6/2021" }, "geometry": { "type": "Point", "coordinates": [ -73.89023, 40.82661 ] } },
{ "type": "Feature", "properties": { "Record ID": 535103, "store_name": "JOSE A SALGADO SALGADOS SUPERETTE  ", "Store Type": "Convenience Store", "Street Number": "1131", "Street Name": "W Farms Rd", "Additional Address": null, "city": "Bronx", "state": "NY", "Zip Code": 10459, "Zip4": "2432", "County": "BRONX", "latitude": 40.82661, "longitude": -73.89023, "Authorization Date": "12/17/2021", "End Date": "11/27/2022" }, "geometry": { "type": "Point", "coordinates": [ -73.89023, 40.82661 ] } },
{ "type": "Feature", "properties": { "Record ID": 535103, "store_name": "JOSE A SALGADO SALGADOS SUPERETTE  ", "Store Type": "Convenience Store", "Street Number": "1131", "Street Name": "W Farms Rd", "Additional Address": null, "city": "Bronx", "state": "NY", "Zip Code": 10459, "Zip4": "2432", "County": "BRONX", "latitude": 40.82661, "longitude": -73.89023, "Authorization Date": "1/3/2023", "End Date": "8/29/2023" }, "geometry": { "type": "Point", "coordinates": [ -73.89023, 40.82661 ] } },
{ "type": "Feature", "properties": { "Record ID": 987123, "store_name": "JQ Deli Grocery Corp  ", "Store Type": "Small Grocery Store", "Street Number": "1218", "Street Name": "Westchester Ave", "Additional Address": " ", "city": "Bronx", "state": "NY", "Zip Code": 10459, "Zip4": "2506", "County": "BRONX", "latitude": 40.82606, "longitude": -73.88909, "Authorization Date": "2/10/2011", "End Date": "12/19/2011" }, "geometry": { "type": "Point", "coordinates": [ -73.88909, 40.82606 ] } },
{ "type": "Feature", "properties": { "Record ID": 1036917, "store_name": "JQ Deli Grocery Corp  ", "Store Type": "Small Grocery Store", "Street Number": "1218", "Street Name": "Westchester Ave", "Additional Address": " ", "city": "Bronx", "state": "NY", "Zip Code": 10459, "Zip4": "2506", "County": "BRONX", "latitude": 40.82606, "longitude": -73.88909, "Authorization Date": "1/5/2012", "End Date": "9/11/2012" }, "geometry": { "type": "Point", "coordinates": [ -73.88909, 40.82606 ] } },
{ "type": "Feature", "properties": { "Record ID": 1019531, "store_name": "Juan S Ramos-dba- Quetzal Deli & Grocery  ", "Store Type": "Small Grocery Store", "Street Number": "1023A", "Street Name": "Longwood Ave", "Additional Address": " ", "city": "Bronx", "state": "NY", "Zip Code": 10459, "Zip4": "5105", "County": "BRONX", "latitude": 40.81651, "longitude": -73.89643, "Authorization Date": "10/18/2011", "End Date": "8/23/2015" }, "geometry": { "type": "Point", "coordinates": [ -73.89643, 40.81651 ] } },
{ "type": "Feature", "properties": { "Record ID": 1541386, "store_name": "Juicy World 2 Corporation  ", "Store Type": "Convenience Store", "Street Number": "701", "Street Name": "Hunts Point Ave", "Additional Address": null, "city": "Bronx", "state": "NY", "Zip Code": 10474, "Zip4": "5903", "County": "BRONX", "latitude": 40.81482, "longitude": -73.88638, "Authorization Date": "5/30/2023", "End Date": "6/1/2025" }, "geometry": { "type": "Point", "coordinates": [ -73.88638, 40.81482 ] } },
{ "type": "Feature", "properties": { "Record ID": 988706, "store_name": "JYJ Deli Grocery Corp  ", "Store Type": "Medium Grocery Store", "Street Number": "968", "Street Name": "E 165th St", "Additional Address": " ", "city": "Bronx", "state": "NY", "Zip Code": 10459, "Zip4": "3313", "County": "BRONX", "latitude": 40.82387, "longitude": -73.89444, "Authorization Date": "3/31/2011", "End Date": " " }, "geometry": { "type": "Point", "coordinates": [ -73.89444, 40.82387 ] } },
{ "type": "Feature", "properties": { "Record ID": 1491789, "store_name": "Kareem Deli & Grocery Corporation  ", "Store Type": "Convenience Store", "Street Number": "1126", "Street Name": "Westchester Ave", "Additional Address": null, "city": "Bronx", "state": "NY", "Zip Code": 10459, "Zip4": "2505", "County": "BRONX", "latitude": 40.82557, "longitude": -73.88982, "Authorization Date": "4/21/2022", "End Date": "7/11/2023" }, "geometry": { "type": "Point", "coordinates": [ -73.88982, 40.82557 ] } },
{ "type": "Feature", "properties": { "Record ID": 794307, "store_name": "KELLY GROCERY DELI #2  ", "Store Type": "Medium Grocery Store", "Street Number": "1086", "Street Name": "KELLY ST", "Additional Address": " ", "city": "BRONX", "state": "NY", "Zip Code": 10459, "Zip4": " ", "County": "BRONX", "latitude": 40.82577, "longitude": -73.89577, "Authorization Date": "7/24/2006", "End Date": "1/27/2015" }, "geometry": { "type": "Point", "coordinates": [ -73.89577, 40.82577 ] } },
{ "type": "Feature", "properties": { "Record ID": 735257, "store_name": "Kelly St Deli Grocery Corp  ", "Store Type": "Medium Grocery Store", "Street Number": "945", "Street Name": "E 163rd St", "Additional Address": " ", "city": "Bronx", "state": "NY", "Zip Code": 10459, "Zip4": "4219", "County": "BRONX", "latitude": 40.82102, "longitude": -73.89617, "Authorization Date": "12/30/2004", "End Date": "4/29/2008" }, "geometry": { "type": "Point", "coordinates": [ -73.89617, 40.82102 ] } },
{ "type": "Feature", "properties": { "Record ID": 1552039, "store_name": "Kelly Street Deli Corp  ", "Store Type": "Convenience Store", "Street Number": "947", "Street Name": "E 163rd St", "Additional Address": null, "city": "Bronx", "state": "NY", "Zip Code": 10459, "Zip4": "4211", "County": "BRONX", "latitude": 40.82105, "longitude": -73.89606, "Authorization Date": "8/15/2023", "End Date": " " }, "geometry": { "type": "Point", "coordinates": [ -73.89606, 40.82105 ] } },
{ "type": "Feature", "properties": { "Record ID": 958970, "store_name": "Kenneth Mini Market Corp  ", "Store Type": "Medium Grocery Store", "Street Number": "1000", "Street Name": "Hoe Ave", "Additional Address": " ", "city": "Bronx", "state": "NY", "Zip Code": 10459, "Zip4": "3686", "County": "BRONX", "latitude": 40.82333, "longitude": -73.8904, "Authorization Date": "8/2/2010", "End Date": "9/25/2014" }, "geometry": { "type": "Point", "coordinates": [ -73.8904, 40.82333 ] } },
{ "type": "Feature", "properties": { "Record ID": 765307, "store_name": "Ketsie Grocery Inc  ", "Store Type": "Convenience Store", "Street Number": "865", "Street Name": "E 149th St", "Additional Address": null, "city": "Bronx", "state": "NY", "Zip Code": 10455, "Zip4": "4610", "County": "BRONX", "latitude": 40.81166, "longitude": -73.90354, "Authorization Date": "9/27/2005", "End Date": "11/26/2006" }, "geometry": { "type": "Point", "coordinates": [ -73.90354, 40.81166 ] } },
{ "type": "Feature", "properties": { "Record ID": 765307, "store_name": "Ketsie Grocery Inc  ", "Store Type": "Convenience Store", "Street Number": "865", "Street Name": "E 149th St", "Additional Address": null, "city": "Bronx", "state": "NY", "Zip Code": 10455, "Zip4": "4610", "County": "BRONX", "latitude": 40.81166, "longitude": -73.90354, "Authorization Date": "10/7/2008", "End Date": "1/15/2020" }, "geometry": { "type": "Point", "coordinates": [ -73.90354, 40.81166 ] } },
{ "type": "Feature", "properties": { "Record ID": 982847, "store_name": "Kings Grill & Deli Inc  ", "Store Type": "Large Grocery Store", "Street Number": "585", "Street Name": "Southern Blvd", "Additional Address": " ", "city": "Bronx", "state": "NY", "Zip Code": 10455, "Zip4": "3762", "County": "BRONX", "latitude": 40.81259, "longitude": -73.90274, "Authorization Date": "12/15/2010", "End Date": "4/23/2013" }, "geometry": { "type": "Point", "coordinates": [ -73.90274, 40.81259 ] } },
{ "type": "Feature", "properties": { "Record ID": 982847, "store_name": "Kings Grill & Deli Inc  ", "Store Type": "Large Grocery Store", "Street Number": "585", "Street Name": "Southern Blvd", "Additional Address": " ", "city": "Bronx", "state": "NY", "Zip Code": 10455, "Zip4": "3762", "County": "BRONX", "latitude": 40.81259, "longitude": -73.90274, "Authorization Date": "1/6/2014", "End Date": "7/16/2014" }, "geometry": { "type": "Point", "coordinates": [ -73.90274, 40.81259 ] } },
{ "type": "Feature", "properties": { "Record ID": 1158627, "store_name": "Kings Grill & Grocery Corp  ", "Store Type": "Convenience Store", "Street Number": "585", "Street Name": "Southern Blvd", "Additional Address": " ", "city": "Bronx", "state": "NY", "Zip Code": 10455, "Zip4": "3762", "County": "BRONX", "latitude": 40.81256, "longitude": -73.90273, "Authorization Date": "7/25/2014", "End Date": "9/5/2018" }, "geometry": { "type": "Point", "coordinates": [ -73.90273, 40.81256 ] } },
{ "type": "Feature", "properties": { "Record ID": 813724, "store_name": "L.A. Deli Grocery LLC  ", "Store Type": "Small Grocery Store", "Street Number": "926", "Street Name": "Intervale Ave", "Additional Address": " ", "city": "Bronx", "state": "NY", "Zip Code": 10459, "Zip4": "4226", "County": "BRONX", "latitude": 40.82, "longitude": -73.89663, "Authorization Date": "2/16/2007", "End Date": "8/5/2008" }, "geometry": { "type": "Point", "coordinates": [ -73.89663, 40.82 ] } },
{ "type": "Feature", "properties": { "Record ID": 739269, "store_name": "L.G.S. Foods Corp  ", "Store Type": "Convenience Store", "Street Number": "679", "Street Name": "Fox St", "Additional Address": " ", "city": "Bronx", "state": "NY", "Zip Code": 10455, "Zip4": "3504", "County": "BRONX", "latitude": 40.81421, "longitude": -73.90021, "Authorization Date": "1/31/2005", "End Date": "4/16/2007" }, "geometry": { "type": "Point", "coordinates": [ -73.90021, 40.81421 ] } },
{ "type": "Feature", "properties": { "Record ID": 972900, "store_name": "La Centrale  ", "Store Type": "Combination Grocery/Other", "Street Number": "930A", "Street Name": "Southern Blvd", "Additional Address": " ", "city": "Bronx", "state": "NY", "Zip Code": 10459, "Zip4": "4506", "County": "BRONX", "latitude": 40.82064, "longitude": -73.89176, "Authorization Date": "3/1/2011", "End Date": "3/18/2013" }, "geometry": { "type": "Point", "coordinates": [ -73.89176, 40.82064 ] } },
{ "type": "Feature", "properties": { "Record ID": 1027129, "store_name": "La Juquilita 547 Grocery Corp  ", "Store Type": "Small Grocery Store", "Street Number": "547", "Street Name": "Southern Blvd", "Additional Address": " ", "city": "Bronx", "state": "NY", "Zip Code": 10455, "Zip4": "3705", "County": "BRONX", "latitude": 40.8123, "longitude": -73.90363, "Authorization Date": "10/26/2011", "End Date": "9/3/2018" }, "geometry": { "type": "Point", "coordinates": [ -73.90363, 40.8123 ] } },
{ "type": "Feature", "properties": { "Record ID": 937018, "store_name": "La Mexicana 547 Grocery Corp  ", "Store Type": "Small Grocery Store", "Street Number": "547", "Street Name": "Southern Blvd", "Additional Address": " ", "city": "Bronx", "state": "NY", "Zip Code": 10455, "Zip4": "3705", "County": "BRONX", "latitude": 40.81229, "longitude": -73.90367, "Authorization Date": "3/18/2010", "End Date": "10/25/2011" }, "geometry": { "type": "Point", "coordinates": [ -73.90367, 40.81229 ] } },
{ "type": "Feature", "properties": { "Record ID": 1168743, "store_name": "La Mina Mini Market Corp  ", "Store Type": "Small Grocery Store", "Street Number": "1000", "Street Name": "Hoe Ave", "Additional Address": null, "city": "Bronx", "state": "NY", "Zip Code": 10459, "Zip4": "3686", "County": "BRONX", "latitude": 40.82335, "longitude": -73.89041, "Authorization Date": "12/15/2014", "End Date": "8/15/2022" }, "geometry": { "type": "Point", "coordinates": [ -73.89041, 40.82335 ] } },
{ "type": "Feature", "properties": { "Record ID": 1168743, "store_name": "La Mina Mini Market Corp  ", "Store Type": "Small Grocery Store", "Street Number": "1000", "Street Name": "Hoe Ave", "Additional Address": null, "city": "Bronx", "state": "NY", "Zip Code": 10459, "Zip4": "3686", "County": "BRONX", "latitude": 40.82335, "longitude": -73.89041, "Authorization Date": "9/2/2022", "End Date": " " }, "geometry": { "type": "Point", "coordinates": [ -73.89041, 40.82335 ] } },
{ "type": "Feature", "properties": { "Record ID": 734674, "store_name": "LA NUEVA ESTRELLA GROCERY STORE  ", "Store Type": "Convenience Store", "Street Number": "703", "Street Name": "Southern Blvd", "Additional Address": " ", "city": "Bronx", "state": "NY", "Zip Code": 10455, "Zip4": "2105", "County": "BRONX", "latitude": 40.81362, "longitude": -73.89912, "Authorization Date": "12/20/2004", "End Date": "8/1/2007" }, "geometry": { "type": "Point", "coordinates": [ -73.89912, 40.81362 ] } },
{ "type": "Feature", "properties": { "Record ID": 692989, "store_name": "LA NUEVA GIRALDA BAKERY INC  ", "Store Type": "Convenience Store", "Street Number": "1045", "Street Name": "Westchester Ave", "Additional Address": null, "city": "Bronx", "state": "NY", "Zip Code": 10459, "Zip4": "2416", "County": "BRONX", "latitude": 40.82447, "longitude": -73.89265, "Authorization Date": "6/26/2002", "End Date": "3/11/2019" }, "geometry": { "type": "Point", "coordinates": [ -73.89265, 40.82447 ] } },
{ "type": "Feature", "properties": { "Record ID": 1477505, "store_name": "La Nueva Giralda Bakery Inc NO", "Store Type": "Bakery Specialty", "Street Number": "1045 1/2", "Street Name": "Westchester Ave", "Additional Address": null, "city": "Bronx", "state": "NY", "Zip Code": 10459, "Zip4": "2416", "County": "BRONX", "latitude": 40.82447, "longitude": -73.8925, "Authorization Date": "1/25/2022", "End Date": " " }, "geometry": { "type": "Point", "coordinates": [ -73.8925, 40.82447 ] } },
{ "type": "Feature", "properties": { "Record ID": 484940, "store_name": "LA PLACITA GROCERY  ", "Store Type": "Small Grocery Store", "Street Number": "956", "Street Name": "INTERVALE AVE", "Additional Address": " ", "city": "BRONX", "state": "NY", "Zip Code": 10459, "Zip4": " ", "County": "BRONX", "latitude": 40.8217, "longitude": -73.89684, "Authorization Date": "6/3/2004", "End Date": "2/8/2009" }, "geometry": { "type": "Point", "coordinates": [ -73.89684, 40.8217 ] } },
{ "type": "Feature", "properties": { "Record ID": 1225458, "store_name": "La Reyna De Westchester Deli Grocery Corp.  ", "Store Type": "Convenience Store", "Street Number": "1218", "Street Name": "Westchester Ave", "Additional Address": " ", "city": "Bronx", "state": "NY", "Zip Code": 10459, "Zip4": "2506", "County": "BRONX", "latitude": 40.82607, "longitude": -73.88913, "Authorization Date": "3/10/2016", "End Date": "6/10/2021" }, "geometry": { "type": "Point", "coordinates": [ -73.88913, 40.82607 ] } },
{ "type": "Feature", "properties": { "Record ID": 1035169, "store_name": "La Salle Fruits and Vegetables DBA Alcenio Perez  ", "Store Type": "Small Grocery Store", "Street Number": "1014A", "Street Name": "Longwood Ave", "Additional Address": " ", "city": "Bronx", "state": "NY", "Zip Code": 10459, "Zip4": "5106", "County": "BRONX", "latitude": 40.81656, "longitude": -73.89674, "Authorization Date": "12/20/2011", "End Date": "3/12/2014" }, "geometry": { "type": "Point", "coordinates": [ -73.89674, 40.81656 ] } },
{ "type": "Feature", "properties": { "Record ID": 1096387, "store_name": "La Suegra Deli Grocery Corp  ", "Store Type": "Small Grocery Store", "Street Number": "1218", "Street Name": "Westchester Ave", "Additional Address": " ", "city": "Bronx", "state": "NY", "Zip Code": 10459, "Zip4": "2506", "County": "BRONX", "latitude": 40.82606, "longitude": -73.88909, "Authorization Date": "4/24/2013", "End Date": "5/18/2015" }, "geometry": { "type": "Point", "coordinates": [ -73.88909, 40.82606 ] } },
{ "type": "Feature", "properties": { "Record ID": 759439, "store_name": "La Union Meat Market Inc  ", "Store Type": "Small Grocery Store", "Street Number": "1025", "Street Name": "Westchester Ave", "Additional Address": " ", "city": "Bronx", "state": "NY", "Zip Code": 10459, "Zip4": "3311", "County": "BRONX", "latitude": 40.82417, "longitude": -73.89302, "Authorization Date": "7/21/2005", "End Date": "4/18/2006" }, "geometry": { "type": "Point", "coordinates": [ -73.89302, 40.82417 ] } },
{ "type": "Feature", "properties": { "Record ID": 566899, "store_name": "LA UNION SUPERMARKET INC  ", "Store Type": "Medium Grocery Store", "Street Number": "1025", "Street Name": "Westchester Ave", "Additional Address": " ", "city": "Bronx", "state": "NY", "Zip Code": 10459, "Zip4": "3311", "County": "BRONX", "latitude": 40.82417, "longitude": -73.89302, "Authorization Date": "11/13/2003", "End Date": "7/20/2005" }, "geometry": { "type": "Point", "coordinates": [ -73.89302, 40.82417 ] } },
{ "type": "Feature", "properties": { "Record ID": 476204, "store_name": "LA VENCIDAD GROCERY STORE  ", "Store Type": "Small Grocery Store", "Street Number": "811", "Street Name": "Hunts Point Ave", "Additional Address": " ", "city": "Bronx", "state": "NY", "Zip Code": 10474, "Zip4": "5401", "County": "BRONX", "latitude": 40.81696, "longitude": -73.88827, "Authorization Date": "8/24/2004", "End Date": "4/20/2005" }, "geometry": { "type": "Point", "coordinates": [ -73.88827, 40.81696 ] } },
{ "type": "Feature", "properties": { "Record ID": 788597, "store_name": "LATIN GROCERY LLC  ", "Store Type": "Small Grocery Store", "Street Number": "961", "Street Name": "E 165th St", "Additional Address": " ", "city": "Bronx", "state": "NY", "Zip Code": 10459, "Zip4": "3314", "County": "BRONX", "latitude": 40.82405, "longitude": -73.89468, "Authorization Date": "6/29/2006", "End Date": " " }, "geometry": { "type": "Point", "coordinates": [ -73.89468, 40.82405 ] } },
{ "type": "Feature", "properties": { "Record ID": 1480656, "store_name": "Lee Grocery Corporation  ", "Store Type": "Convenience Store", "Street Number": "911", "Street Name": "Avenue Saint John", "Additional Address": null, "city": "Bronx", "state": "NY", "Zip Code": 10455, "Zip4": "2416", "County": "BRONX", "latitude": 40.81593, "longitude": -73.90273, "Authorization Date": "3/3/2022", "End Date": "5/19/2025" }, "geometry": { "type": "Point", "coordinates": [ -73.90273, 40.81593 ] } },
{ "type": "Feature", "properties": { "Record ID": 1464206, "store_name": "Lili's Deli Grocery Corp  ", "Store Type": "Small Grocery Store", "Street Number": "995", "Street Name": "Kelly St", "Additional Address": null, "city": "Bronx", "state": "NY", "Zip Code": 10459, "Zip4": "3202", "County": "BRONX", "latitude": 40.82285, "longitude": -73.89594, "Authorization Date": "12/23/2021", "End Date": "8/20/2025" }, "geometry": { "type": "Point", "coordinates": [ -73.89594, 40.82285 ] } },
{ "type": "Feature", "properties": { "Record ID": 1647273, "store_name": "Lilis Grocery Convenience Corporation  ", "Store Type": "Convenience Store", "Street Number": "971", "Street Name": "Westchester Ave", "Additional Address": null, "city": "Bronx", "state": "NY", "Zip Code": 10459, "Zip4": "3237", "County": "BRONX", "latitude": 40.82306, "longitude": -73.89542, "Authorization Date": "8/4/2025", "End Date": " " }, "geometry": { "type": "Point", "coordinates": [ -73.89542, 40.82306 ] } },
{ "type": "Feature", "properties": { "Record ID": 973311, "store_name": "Lo Maximo Deli Grocery  ", "Store Type": "Small Grocery Store", "Street Number": "710", "Street Name": "Beck St", "Additional Address": " ", "city": "Bronx", "state": "NY", "Zip Code": 10455, "Zip4": "5104", "County": "BRONX", "latitude": 40.81505, "longitude": -73.90005, "Authorization Date": "10/27/2010", "End Date": "6/23/2016" }, "geometry": { "type": "Point", "coordinates": [ -73.90005, 40.81505 ] } },
{ "type": "Feature", "properties": { "Record ID": 1247299, "store_name": "Lo Maximo Deli Grocery Llc  ", "Store Type": "Small Grocery Store", "Street Number": "710", "Street Name": "Beck St", "Additional Address": " ", "city": "Bronx", "state": "NY", "Zip Code": 10455, "Zip4": "5104", "County": "BRONX", "latitude": 40.81511, "longitude": -73.89999, "Authorization Date": "7/25/2016", "End Date": "9/24/2018" }, "geometry": { "type": "Point", "coordinates": [ -73.89999, 40.81511 ] } },
{ "type": "Feature", "properties": { "Record ID": 1247299, "store_name": "Lo Maximo Deli Grocery Llc  ", "Store Type": "Small Grocery Store", "Street Number": "710", "Street Name": "Beck St", "Additional Address": " ", "city": "Bronx", "state": "NY", "Zip Code": 10455, "Zip4": "5104", "County": "BRONX", "latitude": 40.81511, "longitude": -73.89999, "Authorization Date": "10/9/2018", "End Date": "5/22/2019" }, "geometry": { "type": "Point", "coordinates": [ -73.89999, 40.81511 ] } },
{ "type": "Feature", "properties": { "Record ID": 1247299, "store_name": "Lo Maximo Deli Grocery Llc  ", "Store Type": "Small Grocery Store", "Street Number": "710", "Street Name": "Beck St", "Additional Address": " ", "city": "Bronx", "state": "NY", "Zip Code": 10455, "Zip4": "5104", "County": "BRONX", "latitude": 40.81511, "longitude": -73.89999, "Authorization Date": "5/31/2019", "End Date": " " }, "geometry": { "type": "Point", "coordinates": [ -73.89999, 40.81511 ] } },
{ "type": "Feature", "properties": { "Record ID": 747064, "store_name": "Longwood Deli & Grocery  ", "Store Type": "Medium Grocery Store", "Street Number": "978", "Street Name": "Longwood Ave", "Additional Address": " ", "city": "Bronx", "state": "NY", "Zip Code": 10459, "Zip4": "5108", "County": "BRONX", "latitude": 40.81718, "longitude": -73.89781, "Authorization Date": "7/7/2005", "End Date": "7/4/2006" }, "geometry": { "type": "Point", "coordinates": [ -73.89781, 40.81718 ] } },
{ "type": "Feature", "properties": { "Record ID": 784780, "store_name": "LONGWOOD DELI & GROCERY INC  ", "Store Type": "Small Grocery Store", "Street Number": "978", "Street Name": "Longwood Ave", "Additional Address": " ", "city": "Bronx", "state": "NY", "Zip Code": 10459, "Zip4": "5108", "County": "BRONX", "latitude": 40.81718, "longitude": -73.89781, "Authorization Date": "7/27/2006", "End Date": "2/24/2009" }, "geometry": { "type": "Point", "coordinates": [ -73.89781, 40.81718 ] } },
{ "type": "Feature", "properties": { "Record ID": 340306, "store_name": "LOPEZ GROCERY & DELI  ", "Store Type": "Small Grocery Store", "Street Number": "869", "Street Name": "Bryant Ave", "Additional Address": " ", "city": "Bronx", "state": "NY", "Zip Code": 10474, "Zip4": "5501", "County": "BRONX", "latitude": 40.81892, "longitude": -73.88675, "Authorization Date": "6/12/2001", "End Date": "1/2/2006" }, "geometry": { "type": "Point", "coordinates": [ -73.88675, 40.81892 ] } },
{ "type": "Feature", "properties": { "Record ID": 1399217, "store_name": "Los 2 Hermanitos II Deli Grocery Corp.  ", "Store Type": "Convenience Store", "Street Number": "865", "Street Name": "E 165th St", "Additional Address": null, "city": "Bronx", "state": "NY", "Zip Code": 10459, "Zip4": "3011", "County": "BRONX", "latitude": 40.82392, "longitude": -73.89908, "Authorization Date": "6/22/2020", "End Date": "8/5/2021" }, "geometry": { "type": "Point", "coordinates": [ -73.89908, 40.82392 ] } },
{ "type": "Feature", "properties": { "Record ID": 1399217, "store_name": "Los 2 Hermanitos II Deli Grocery Corp.  ", "Store Type": "Convenience Store", "Street Number": "865", "Street Name": "E 165th St", "Additional Address": null, "city": "Bronx", "state": "NY", "Zip Code": 10459, "Zip4": "3011", "County": "BRONX", "latitude": 40.82392, "longitude": -73.89908, "Authorization Date": "8/23/2021", "End Date": "5/15/2022" }, "geometry": { "type": "Point", "coordinates": [ -73.89908, 40.82392 ] } },
{ "type": "Feature", "properties": { "Record ID": 860036, "store_name": "Los Amigos & Bro Grocery Deli Plus Corp  ", "Store Type": "Convenience Store", "Street Number": "907", "Street Name": "Southern Blvd", "Additional Address": " ", "city": "Bronx", "state": "NY", "Zip Code": 10459, "Zip4": " ", "County": "BRONX", "latitude": 40.81965, "longitude": -73.89283, "Authorization Date": "10/7/2008", "End Date": "1/8/2013" }, "geometry": { "type": "Point", "coordinates": [ -73.89283, 40.81965 ] } },
{ "type": "Feature", "properties": { "Record ID": 808045, "store_name": "Los Amigos Deli Food  ", "Store Type": "Convenience Store", "Street Number": "907", "Street Name": "Southern Blvd", "Additional Address": " ", "city": "Bronx", "state": "NY", "Zip Code": 10459, "Zip4": "4511", "County": "BRONX", "latitude": 40.81965, "longitude": -73.89283, "Authorization Date": "12/26/2006", "End Date": "12/11/2008" }, "geometry": { "type": "Point", "coordinates": [ -73.89283, 40.81965 ] } },
{ "type": "Feature", "properties": { "Record ID": 1386521, "store_name": "Los Bancos Grocery Inc  ", "Store Type": "Small Grocery Store", "Street Number": "831", "Street Name": "Dawson St", "Additional Address": null, "city": "Bronx", "state": "NY", "Zip Code": 10459, "Zip4": "4112", "County": "BRONX", "latitude": 40.81878, "longitude": -73.89867, "Authorization Date": "5/12/2020", "End Date": "12/14/2023" }, "geometry": { "type": "Point", "coordinates": [ -73.89867, 40.81878 ] } },
{ "type": "Feature", "properties": { "Record ID": 1484982, "store_name": "Los Hermanos Poultry Corp  ", "Store Type": "Meat/Poultry Specialty", "Street Number": "966", "Street Name": "Westchester Ave", "Additional Address": null, "city": "Bronx", "state": "NY", "Zip Code": 10459, "Zip4": "3215", "County": "BRONX", "latitude": 40.82265, "longitude": -73.89548, "Authorization Date": "5/11/2022", "End Date": " " }, "geometry": { "type": "Point", "coordinates": [ -73.89548, 40.82265 ] } },
{ "type": "Feature", "properties": { "Record ID": 840060, "store_name": "Los Hijos de Chorro Deli Grocery Corp.  ", "Store Type": "Small Grocery Store", "Street Number": "701", "Street Name": "Faile St", "Additional Address": null, "city": "Bronx", "state": "NY", "Zip Code": 10474, "Zip4": "5901", "County": "BRONX", "latitude": 40.81475, "longitude": -73.88668, "Authorization Date": "12/19/2007", "End Date": "7/17/2013" }, "geometry": { "type": "Point", "coordinates": [ -73.88668, 40.81475 ] } },
{ "type": "Feature", "properties": { "Record ID": 840060, "store_name": "Los Hijos de Chorro Deli Grocery Corp.  ", "Store Type": "Small Grocery Store", "Street Number": "701", "Street Name": "Faile St", "Additional Address": null, "city": "Bronx", "state": "NY", "Zip Code": 10474, "Zip4": "5901", "County": "BRONX", "latitude": 40.81475, "longitude": -73.88668, "Authorization Date": "9/18/2013", "End Date": "10/22/2024" }, "geometry": { "type": "Point", "coordinates": [ -73.88668, 40.81475 ] } },
{ "type": "Feature", "properties": { "Record ID": 1614891, "store_name": "Los Hijos de Chorro Deli Grocery Corp.  ", "Store Type": "Medium Grocery Store", "Street Number": "701", "Street Name": "Faile St", "Additional Address": " ", "city": "Bronx", "state": "NY", "Zip Code": 10474, "Zip4": "5901", "County": "BRONX", "latitude": 40.81475, "longitude": -73.88668, "Authorization Date": "8/29/2024", "End Date": "8/3/2025" }, "geometry": { "type": "Point", "coordinates": [ -73.88668, 40.81475 ] } },
{ "type": "Feature", "properties": { "Record ID": 1660925, "store_name": "Los Hijos de Chorro Deli Grocery Corp.  ", "Store Type": "Medium Grocery Store", "Street Number": "701", "Street Name": "Faile St", "Additional Address": " ", "city": "Bronx", "state": "NY", "Zip Code": 10474, "Zip4": "5901", "County": "BRONX", "latitude": 40.81475, "longitude": -73.88668, "Authorization Date": "6/26/2025", "End Date": " " }, "geometry": { "type": "Point", "coordinates": [ -73.88668, 40.81475 ] } },
{ "type": "Feature", "properties": { "Record ID": 1533781, "store_name": "Loyal 2 Life Llc  ", "Store Type": "Convenience Store", "Street Number": "729", "Street Name": "Tiffany St", "Additional Address": null, "city": "Bronx", "state": "NY", "Zip Code": 10474, "Zip4": "5701", "County": "BRONX", "latitude": 40.81464, "longitude": -73.89142, "Authorization Date": "2/15/2023", "End Date": "6/1/2025" }, "geometry": { "type": "Point", "coordinates": [ -73.89142, 40.81464 ] } },
{ "type": "Feature", "properties": { "Record ID": 1359613, "store_name": "Lucky 2 Gourmet Deli Inc  ", "Store Type": "Convenience Store", "Street Number": "1007", "Street Name": "E 163rd St", "Additional Address": " ", "city": "Bronx", "state": "NY", "Zip Code": 10459, "Zip4": "4336", "County": "BRONX", "latitude": 40.821, "longitude": -73.89305, "Authorization Date": "5/2/2019", "End Date": "4/28/2022" }, "geometry": { "type": "Point", "coordinates": [ -73.89305, 40.821 ] } },
{ "type": "Feature", "properties": { "Record ID": 1154488, "store_name": "Lucky Brothers Deli & Grocery  ", "Store Type": "Small Grocery Store", "Street Number": "706", "Street Name": "Faile St", "Additional Address": " ", "city": "Bronx", "state": "NY", "Zip Code": 10474, "Zip4": " ", "County": "BRONX", "latitude": 40.81469, "longitude": -73.88649, "Authorization Date": "9/23/2014", "End Date": "10/3/2018" }, "geometry": { "type": "Point", "coordinates": [ -73.88649, 40.81469 ] } },
{ "type": "Feature", "properties": { "Record ID": 883749, "store_name": "Lucky Corner Deli Grocery Inc  ", "Store Type": "Convenience Store", "Street Number": "978", "Street Name": "Longwood Ave", "Additional Address": " ", "city": "Bronx", "state": "NY", "Zip Code": 10459, "Zip4": "5108", "County": "BRONX", "latitude": 40.81717, "longitude": -73.89771, "Authorization Date": "2/25/2009", "End Date": "7/24/2011" }, "geometry": { "type": "Point", "coordinates": [ -73.89771, 40.81717 ] } },
{ "type": "Feature", "properties": { "Record ID": 1102746, "store_name": "Lucky One Snak Corp  ", "Store Type": "Convenience Store", "Street Number": "1011", "Street Name": "E 163rd St", "Additional Address": " ", "city": "Bronx", "state": "NY", "Zip Code": 10459, "Zip4": "4308", "County": "BRONX", "latitude": 40.82103, "longitude": -73.89269, "Authorization Date": "10/21/2013", "End Date": "6/1/2015" }, "geometry": { "type": "Point", "coordinates": [ -73.89269, 40.82103 ] } },
{ "type": "Feature", "properties": { "Record ID": 756371, "store_name": "Luis Angie Deli Grocery Inc  ", "Store Type": "Small Grocery Store", "Street Number": "976", "Street Name": "Prospect Ave", "Additional Address": " ", "city": "Bronx", "state": "NY", "Zip Code": 10459, "Zip4": "2904", "County": "BRONX", "latitude": 40.82335, "longitude": -73.90006, "Authorization Date": "7/19/2005", "End Date": "8/27/2007" }, "geometry": { "type": "Point", "coordinates": [ -73.90006, 40.82335 ] } },
{ "type": "Feature", "properties": { "Record ID": 830811, "store_name": "Luis Angie Deli Grocery Inc.  ", "Store Type": "Medium Grocery Store", "Street Number": "976", "Street Name": "Prospect Ave", "Additional Address": " ", "city": "Bronx", "state": "NY", "Zip Code": 10459, "Zip4": "2904", "County": "BRONX", "latitude": 40.82335, "longitude": -73.90006, "Authorization Date": "9/17/2007", "End Date": "12/14/2015" }, "geometry": { "type": "Point", "coordinates": [ -73.90006, 40.82335 ] } },
{ "type": "Feature", "properties": { "Record ID": 618166, "store_name": "M & F GROCERY CORP  ", "Store Type": "Small Grocery Store", "Street Number": "1202", "Street Name": "SPOFFORD AVE", "Additional Address": " ", "city": "BRONX", "state": "NY", "Zip Code": 10474, "Zip4": " ", "County": "BRONX", "latitude": 40.81382, "longitude": -73.89078, "Authorization Date": "6/18/2002", "End Date": "9/21/2005" }, "geometry": { "type": "Point", "coordinates": [ -73.89078, 40.81382 ] } },
{ "type": "Feature", "properties": { "Record ID": 1182069, "store_name": "M & Z Gourmet Deli Corp  ", "Store Type": "Convenience Store", "Street Number": "987", "Street Name": "Westchester Ave", "Additional Address": " ", "city": "Bronx", "state": "NY", "Zip Code": 10459, "Zip4": " ", "County": "BRONX", "latitude": 40.82335, "longitude": -73.89454, "Authorization Date": "4/7/2015", "End Date": "9/10/2020" }, "geometry": { "type": "Point", "coordinates": [ -73.89454, 40.82335 ] } },
{ "type": "Feature", "properties": { "Record ID": 1302849, "store_name": "Malema African Market  ", "Store Type": "Large Grocery Store", "Street Number": "946", "Street Name": "Prospect Ave", "Additional Address": " ", "city": "Bronx", "state": "NY", "Zip Code": 10459, "Zip4": "2904", "County": "BRONX", "latitude": 40.82251, "longitude": -73.90038, "Authorization Date": "11/29/2017", "End Date": "5/22/2019" }, "geometry": { "type": "Point", "coordinates": [ -73.90038, 40.82251 ] } },
{ "type": "Feature", "properties": { "Record ID": 1022266, "store_name": "Mama Maria Deli Grocery Corp  ", "Store Type": "Convenience Store", "Street Number": "706", "Street Name": "Faile St", "Additional Address": " ", "city": "Bronx", "state": "NY", "Zip Code": 10474, "Zip4": "5904", "County": "BRONX", "latitude": 40.81464, "longitude": -73.88644, "Authorization Date": "9/30/2011", "End Date": "5/17/2012" }, "geometry": { "type": "Point", "coordinates": [ -73.88644, 40.81464 ] } },
{ "type": "Feature", "properties": { "Record ID": 1050945, "store_name": "Mama Maria Deli Grocery Corp  ", "Store Type": "Medium Grocery Store", "Street Number": "706", "Street Name": "Faile St", "Additional Address": " ", "city": "Bronx", "state": "NY", "Zip Code": 10474, "Zip4": "5904", "County": "BRONX", "latitude": 40.81464, "longitude": -73.88644, "Authorization Date": "5/18/2012", "End Date": "12/17/2013" }, "geometry": { "type": "Point", "coordinates": [ -73.88644, 40.81464 ] } },
{ "type": "Feature", "properties": { "Record ID": 1013695, "store_name": "Mami's Fish Market Corp  ", "Store Type": "Seafood Specialty", "Street Number": "854D", "Street Name": "E 163rd St", "Additional Address": " ", "city": "Bronx", "state": "NY", "Zip Code": 10459, "Zip4": "3018", "County": "BRONX", "latitude": 40.82192, "longitude": -73.90005, "Authorization Date": "8/3/2011", "End Date": "3/18/2013" }, "geometry": { "type": "Point", "coordinates": [ -73.90005, 40.82192 ] } },
{ "type": "Feature", "properties": { "Record ID": 527997, "store_name": "MANIDA FOOD CENTER INC  ", "Store Type": "Convenience Store", "Street Number": "622", "Street Name": "Manida St", "Additional Address": " ", "city": "Bronx", "state": "NY", "Zip Code": 10474, "Zip4": "6403", "County": "BRONX", "latitude": 40.8125, "longitude": -73.8878, "Authorization Date": "5/20/2003", "End Date": "7/6/2020" }, "geometry": { "type": "Point", "coordinates": [ -73.8878, 40.8125 ] } },
{ "type": "Feature", "properties": { "Record ID": 973635, "store_name": "Manuel Loja GC  ", "Store Type": "Fruits/Veg Specialty", "Street Number": "1024", "Street Name": "Westchester Ave", "Additional Address": " ", "city": "Bronx", "state": "NY", "Zip Code": 10459, "Zip4": "2489", "County": "BRONX", "latitude": 40.82421, "longitude": -73.89267, "Authorization Date": "12/22/2010", "End Date": "12/9/2014" }, "geometry": { "type": "Point", "coordinates": [ -73.89267, 40.82421 ] } },
{ "type": "Feature", "properties": { "Record ID": 861543, "store_name": "Margarita's Grocery Store  ", "Store Type": "Convenience Store", "Street Number": "926", "Street Name": "Intervale Ave", "Additional Address": null, "city": "Bronx", "state": "NY", "Zip Code": 10459, "Zip4": "4226", "County": "BRONX", "latitude": 40.81996, "longitude": -73.89648, "Authorization Date": "8/19/2008", "End Date": "8/3/2021" }, "geometry": { "type": "Point", "coordinates": [ -73.89648, 40.81996 ] } },
{ "type": "Feature", "properties": { "Record ID": 861543, "store_name": "Margarita's Grocery Store  ", "Store Type": "Convenience Store", "Street Number": "926", "Street Name": "Intervale Ave", "Additional Address": null, "city": "Bronx", "state": "NY", "Zip Code": 10459, "Zip4": "4226", "County": "BRONX", "latitude": 40.81996, "longitude": -73.89648, "Authorization Date": "4/28/2025", "End Date": " " }, "geometry": { "type": "Point", "coordinates": [ -73.89648, 40.81996 ] } },
{ "type": "Feature", "properties": { "Record ID": 1241647, "store_name": "Maria Food Market Corp.  ", "Store Type": "Medium Grocery Store", "Street Number": "920", "Street Name": "Prospect Ave", "Additional Address": " ", "city": "Bronx", "state": "NY", "Zip Code": 10459, "Zip4": "3958", "County": "BRONX", "latitude": 40.82175, "longitude": -73.90072, "Authorization Date": "7/7/2016", "End Date": " " }, "geometry": { "type": "Point", "coordinates": [ -73.90072, 40.82175 ] } },
{ "type": "Feature", "properties": { "Record ID": 581286, "store_name": "MARIBEL GROCERY CORP  ", "Store Type": "Small Grocery Store", "Street Number": "941", "Street Name": "INTERVALE AVE", "Additional Address": " ", "city": "BRONX", "state": "NY", "Zip Code": 10459, "Zip4": " ", "County": "BRONX", "latitude": 40.82132, "longitude": -73.89693, "Authorization Date": "7/27/2004", "End Date": "9/19/2005" }, "geometry": { "type": "Point", "coordinates": [ -73.89693, 40.82132 ] } },
{ "type": "Feature", "properties": { "Record ID": 754450, "store_name": "MARKET MERCADO-FM  ", "Store Type": "Farmers' Market", "Street Number": " ", "Street Name": "HUNTS POINT AVE SUBWAY PLZ", "Additional Address": " ", "city": "BRONX", "state": "NY", "Zip Code": 10474, "Zip4": " ", "County": "BRONX", "latitude": 40.81435, "longitude": -73.88566, "Authorization Date": "5/20/2005", "End Date": "4/8/2008" }, "geometry": { "type": "Point", "coordinates": [ -73.88566, 40.81435 ] } },
{ "type": "Feature", "properties": { "Record ID": 379461, "store_name": "MARY'S GROCERY STORE  ", "Store Type": "Small Grocery Store", "Street Number": "874", "Street Name": "Bryant Ave", "Additional Address": " ", "city": "Bronx", "state": "NY", "Zip Code": 10474, "Zip4": "4702", "County": "BRONX", "latitude": 40.81918, "longitude": -73.88667, "Authorization Date": "9/16/1997", "End Date": "8/14/2005" }, "geometry": { "type": "Point", "coordinates": [ -73.88667, 40.81918 ] } },
{ "type": "Feature", "properties": { "Record ID": 814864, "store_name": "Mata E Cana Deli & Grocery  ", "Store Type": "Small Grocery Store", "Street Number": "911", "Street Name": "E 156th St", "Additional Address": " ", "city": "Bronx", "state": "NY", "Zip Code": 10455, "Zip4": "1832", "County": "BRONX", "latitude": 40.81718, "longitude": -73.90134, "Authorization Date": "3/23/2007", "End Date": "7/19/2009" }, "geometry": { "type": "Point", "coordinates": [ -73.90134, 40.81718 ] } },
{ "type": "Feature", "properties": { "Record ID": 960130, "store_name": "Mata E Cana Deli Grocery  ", "Store Type": "Convenience Store", "Street Number": "911", "Street Name": "E 156th St", "Additional Address": null, "city": "Bronx", "state": "NY", "Zip Code": 10455, "Zip4": "1832", "County": "BRONX", "latitude": 40.81702, "longitude": -73.90092, "Authorization Date": "10/18/2010", "End Date": "1/5/2024" }, "geometry": { "type": "Point", "coordinates": [ -73.90092, 40.81702 ] } },
{ "type": "Feature", "properties": { "Record ID": 960130, "store_name": "Mata E Cana Deli Grocery  ", "Store Type": "Convenience Store", "Street Number": "911", "Street Name": "E 156th St", "Additional Address": null, "city": "Bronx", "state": "NY", "Zip Code": 10455, "Zip4": "1832", "County": "BRONX", "latitude": 40.81702, "longitude": -73.90092, "Authorization Date": "12/11/2024", "End Date": " " }, "geometry": { "type": "Point", "coordinates": [ -73.90092, 40.81702 ] } },
{ "type": "Feature", "properties": { "Record ID": 1315458, "store_name": "Mavelyn Deli Grocery Corp  ", "Store Type": "Small Grocery Store", "Street Number": "1034", "Street Name": "Avenue Saint John", "Additional Address": " ", "city": "Bronx", "state": "NY", "Zip Code": 10455, "Zip4": "3810", "County": "BRONX", "latitude": 40.81258, "longitude": -73.90133, "Authorization Date": "6/5/2018", "End Date": "2/17/2020" }, "geometry": { "type": "Point", "coordinates": [ -73.90133, 40.81258 ] } },
{ "type": "Feature", "properties": { "Record ID": 474483, "store_name": "MAY DELI GROCERY  ", "Store Type": "Small Grocery Store", "Street Number": "1000", "Street Name": "HOE AVE", "Additional Address": " ", "city": "BRONX", "state": "NY", "Zip Code": 10459, "Zip4": " ", "County": "BRONX", "latitude": 40.82333, "longitude": -73.8904, "Authorization Date": "7/17/2003", "End Date": "5/23/2007" }, "geometry": { "type": "Point", "coordinates": [ -73.8904, 40.82333 ] } },
{ "type": "Feature", "properties": { "Record ID": 1080073, "store_name": "Mealtime Inc  ", "Store Type": "Small Grocery Store", "Street Number": "1294", "Street Name": "Westchester Avenue", "Additional Address": " ", "city": "Bronx", "state": "NY", "Zip Code": 10459, "Zip4": " ", "County": "BRONX", "latitude": 40.8274, "longitude": -73.88646, "Authorization Date": "12/27/2012", "End Date": "5/16/2013" }, "geometry": { "type": "Point", "coordinates": [ -73.88646, 40.8274 ] } },
{ "type": "Feature", "properties": { "Record ID": 1113274, "store_name": "Medec African Market Inc  ", "Store Type": "Small Grocery Store", "Street Number": "1086", "Street Name": "Southern Blvd", "Additional Address": " ", "city": "Bronx", "state": "NY", "Zip Code": 10459, "Zip4": "2471", "County": "BRONX", "latitude": 40.82582, "longitude": -73.89188, "Authorization Date": "9/23/2013", "End Date": "5/5/2015" }, "geometry": { "type": "Point", "coordinates": [ -73.89188, 40.82582 ] } },
{ "type": "Feature", "properties": { "Record ID": 784852, "store_name": "Mejia Mini Market Corp  ", "Store Type": "Small Grocery Store", "Street Number": "1010", "Street Name": "Longwood Ave", "Additional Address": null, "city": "Bronx", "state": "NY", "Zip Code": 10459, "Zip4": "5106", "County": "BRONX", "latitude": 40.81657, "longitude": -73.89696, "Authorization Date": "7/14/2006", "End Date": " " }, "geometry": { "type": "Point", "coordinates": [ -73.89696, 40.81657 ] } },
{ "type": "Feature", "properties": { "Record ID": 1027001, "store_name": "Metro Deli & Pizza Inc  ", "Store Type": "Convenience Store", "Street Number": "976", "Street Name": "Longwood Ave", "Additional Address": " ", "city": "Bronx", "state": "NY", "Zip Code": 10459, "Zip4": "5008", "County": "BRONX", "latitude": 40.81721, "longitude": -73.89786, "Authorization Date": "4/26/2012", "End Date": "1/1/2014" }, "geometry": { "type": "Point", "coordinates": [ -73.89786, 40.81721 ] } },
{ "type": "Feature", "properties": { "Record ID": 1027001, "store_name": "Metro Deli & Pizza Inc  ", "Store Type": "Convenience Store", "Street Number": "976", "Street Name": "Longwood Ave", "Additional Address": " ", "city": "Bronx", "state": "NY", "Zip Code": 10459, "Zip4": "5008", "County": "BRONX", "latitude": 40.81721, "longitude": -73.89786, "Authorization Date": "1/15/2014", "End Date": "4/1/2014" }, "geometry": { "type": "Point", "coordinates": [ -73.89786, 40.81721 ] } },
{ "type": "Feature", "properties": { "Record ID": 1512465, "store_name": "Mhany Food Box  ", "Store Type": "Food Buying Co-op", "Street Number": "739", "Street Name": "Coster St", "Additional Address": null, "city": "Bronx", "state": "NY", "Zip Code": 10474, "Zip4": "6445", "County": "BRONX", "latitude": 40.8152, "longitude": -73.88776, "Authorization Date": "8/12/2022", "End Date": " " }, "geometry": { "type": "Point", "coordinates": [ -73.88776, 40.8152 ] } },
{ "type": "Feature", "properties": { "Record ID": 1208938, "store_name": "Mi Gente Grocery & Fruits Corp  ", "Store Type": "Medium Grocery Store", "Street Number": "908", "Street Name": "E 163rd St", "Additional Address": " ", "city": "Bronx", "state": "NY", "Zip Code": 10459, "Zip4": "4154", "County": "BRONX", "latitude": 40.82098, "longitude": -73.89799, "Authorization Date": "10/2/2015", "End Date": "11/17/2016" }, "geometry": { "type": "Point", "coordinates": [ -73.89799, 40.82098 ] } },
{ "type": "Feature", "properties": { "Record ID": 335657, "store_name": "MI JESUS TIENDA DE FRUTAS Y VEG  ", "Store Type": "Combination Grocery/Other", "Street Number": "1014", "Street Name": "Longwood Ave", "Additional Address": " ", "city": "Bronx", "state": "NY", "Zip Code": 10459, "Zip4": "5106", "County": "BRONX", "latitude": 40.81659, "longitude": -73.89678, "Authorization Date": "12/17/1996", "End Date": "8/31/2011" }, "geometry": { "type": "Point", "coordinates": [ -73.89678, 40.81659 ] } },
{ "type": "Feature", "properties": { "Record ID": 981201, "store_name": "Michelle Produce Fruits Vegetables Grocery  ", "Store Type": "Convenience Store", "Street Number": "928", "Street Name": "Southern Blvd", "Additional Address": " ", "city": "Bronx", "state": "NY", "Zip Code": 10459, "Zip4": "4506", "County": "BRONX", "latitude": 40.82047, "longitude": -73.89188, "Authorization Date": "2/3/2011", "End Date": "6/12/2013" }, "geometry": { "type": "Point", "coordinates": [ -73.89188, 40.82047 ] } },
{ "type": "Feature", "properties": { "Record ID": 1502735, "store_name": "Mike & J Candy Grocery, Corp  ", "Store Type": "Convenience Store", "Street Number": "872", "Street Name": "Hunts Point Ave", "Additional Address": null, "city": "Bronx", "state": "NY", "Zip Code": 10474, "Zip4": "5614", "County": "BRONX", "latitude": 40.81887, "longitude": -73.8891, "Authorization Date": "6/13/2022", "End Date": "6/1/2025" }, "geometry": { "type": "Point", "coordinates": [ -73.8891, 40.81887 ] } },
{ "type": "Feature", "properties": { "Record ID": 1650805, "store_name": "Mike & J Candy Grocery, Corp  ", "Store Type": "Convenience Store", "Street Number": "872", "Street Name": "Hunts Point Ave", "Additional Address": " ", "city": "Bronx", "state": "NY", "Zip Code": 10474, "Zip4": "5614", "County": "BRONX", "latitude": 40.81887, "longitude": -73.8891, "Authorization Date": "5/7/2025", "End Date": "9/17/2025" }, "geometry": { "type": "Point", "coordinates": [ -73.8891, 40.81887 ] } },
{ "type": "Feature", "properties": { "Record ID": 1668438, "store_name": "Mike & J Candy Grocery, Corp  ", "Store Type": "Convenience Store", "Street Number": "872", "Street Name": "Hunts Point Ave", "Additional Address": " ", "city": "Bronx", "state": "NY", "Zip Code": 10474, "Zip4": "5614", "County": "BRONX", "latitude": 40.81887, "longitude": -73.8891, "Authorization Date": "8/26/2025", "End Date": " " }, "geometry": { "type": "Point", "coordinates": [ -73.8891, 40.81887 ] } },
{ "type": "Feature", "properties": { "Record ID": 967764, "store_name": "Minerva Products & Vegetables  ", "Store Type": "Small Grocery Store", "Street Number": "571", "Street Name": "Southern Blvd", "Additional Address": " ", "city": "Bronx", "state": "NY", "Zip Code": 10455, "Zip4": "3704", "County": "BRONX", "latitude": 40.81257, "longitude": -73.90269, "Authorization Date": "9/21/2010", "End Date": "12/9/2014" }, "geometry": { "type": "Point", "coordinates": [ -73.90269, 40.81257 ] } },
{ "type": "Feature", "properties": { "Record ID": 824096, "store_name": "Mis Amigos Grocery  ", "Store Type": "Small Grocery Store", "Street Number": "600", "Street Name": "Southern Blvd", "Additional Address": " ", "city": "Bronx", "state": "NY", "Zip Code": 10455, "Zip4": "3732", "County": "BRONX", "latitude": 40.8126, "longitude": -73.90231, "Authorization Date": "6/27/2007", "End Date": "6/10/2009" }, "geometry": { "type": "Point", "coordinates": [ -73.90231, 40.8126 ] } },
{ "type": "Feature", "properties": { "Record ID": 1442429, "store_name": "Modina Fruits And Vegetables Corp  ", "Store Type": "Small Grocery Store", "Street Number": "966A", "Street Name": "Westchester Ave", "Additional Address": null, "city": "Bronx", "state": "NY", "Zip Code": 10459, "Zip4": "3205", "County": "BRONX", "latitude": 40.82279, "longitude": -73.89545, "Authorization Date": "4/21/2021", "End Date": "11/3/2022" }, "geometry": { "type": "Point", "coordinates": [ -73.89545, 40.82279 ] } },
{ "type": "Feature", "properties": { "Record ID": 456015, "store_name": "MODINA LIVE POULTRY INC  ", "Store Type": "Meat/Poultry Specialty", "Street Number": "966", "Street Name": "Westchester Ave", "Additional Address": " ", "city": "Bronx", "state": "NY", "Zip Code": 10459, "Zip4": "3205", "County": "BRONX", "latitude": 40.82278, "longitude": -73.89551, "Authorization Date": "6/3/1996", "End Date": "2/19/2021" }, "geometry": { "type": "Point", "coordinates": [ -73.89551, 40.82278 ] } },
{ "type": "Feature", "properties": { "Record ID": 456015, "store_name": "MODINA LIVE POULTRY INC  ", "Store Type": "Meat/Poultry Specialty", "Street Number": "966", "Street Name": "Westchester Ave", "Additional Address": " ", "city": "Bronx", "state": "NY", "Zip Code": 10459, "Zip4": "3205", "County": "BRONX", "latitude": 40.82278, "longitude": -73.89551, "Authorization Date": "7/15/2021", "End Date": "12/19/2022" }, "geometry": { "type": "Point", "coordinates": [ -73.89551, 40.82278 ] } },
{ "type": "Feature", "properties": { "Record ID": 1287335, "store_name": "Moe Prospect Deli And Grocery Inc.  ", "Store Type": "Convenience Store", "Street Number": "716", "Street Name": "Prospect Ave", "Additional Address": " ", "city": "Bronx", "state": "NY", "Zip Code": 10455, "Zip4": "2405", "County": "BRONX", "latitude": 40.81649, "longitude": -73.90291, "Authorization Date": "7/27/2017", "End Date": "2/25/2018" }, "geometry": { "type": "Point", "coordinates": [ -73.90291, 40.81649 ] } },
{ "type": "Feature", "properties": { "Record ID": 1250725, "store_name": "Moe's Gourmet Deli Plus Inc  ", "Store Type": "Convenience Store", "Street Number": "1007", "Street Name": "E 163rd St", "Additional Address": null, "city": "Bronx", "state": "NY", "Zip Code": 10459, "Zip4": "4336", "County": "BRONX", "latitude": 40.82114, "longitude": -73.89304, "Authorization Date": "9/27/2016", "End Date": "12/2/2018" }, "geometry": { "type": "Point", "coordinates": [ -73.89304, 40.82114 ] } },
{ "type": "Feature", "properties": { "Record ID": 1250725, "store_name": "Moe's Gourmet Deli Plus Inc  ", "Store Type": "Convenience Store", "Street Number": "1007", "Street Name": "E 163rd St", "Additional Address": null, "city": "Bronx", "state": "NY", "Zip Code": 10459, "Zip4": "4336", "County": "BRONX", "latitude": 40.82114, "longitude": -73.89304, "Authorization Date": "9/29/2025", "End Date": " " }, "geometry": { "type": "Point", "coordinates": [ -73.89304, 40.82114 ] } },
{ "type": "Feature", "properties": { "Record ID": 1251375, "store_name": "Momita Grocery Inc  ", "Store Type": "Convenience Store", "Street Number": "911", "Street Name": "Avenue Saint John", "Additional Address": " ", "city": "Bronx", "state": "NY", "Zip Code": 10455, "Zip4": "2416", "County": "BRONX", "latitude": 40.81586, "longitude": -73.90286, "Authorization Date": "10/7/2016", "End Date": "3/24/2019" }, "geometry": { "type": "Point", "coordinates": [ -73.90286, 40.81586 ] } },
{ "type": "Feature", "properties": { "Record ID": 510565, "store_name": "MONTELLANO FOOD CENTER, CORP  ", "Store Type": "Small Grocery Store", "Street Number": "716", "Street Name": "Prospect Ave", "Additional Address": " ", "city": "Bronx", "state": "NY", "Zip Code": 10455, "Zip4": "2405", "County": "BRONX", "latitude": 40.81671, "longitude": -73.90278, "Authorization Date": "11/4/1999", "End Date": "9/7/2011" }, "geometry": { "type": "Point", "coordinates": [ -73.90278, 40.81671 ] } },
{ "type": "Feature", "properties": { "Record ID": 1376334, "store_name": "Monther Food Mart And Deli Corp  ", "Store Type": "Convenience Store", "Street Number": "1078", "Street Name": "E 165th St", "Additional Address": null, "city": "Bronx", "state": "NY", "Zip Code": 10459, "Zip4": "2589", "County": "BRONX", "latitude": 40.825, "longitude": -73.89072, "Authorization Date": "10/8/2019", "End Date": "9/23/2025" }, "geometry": { "type": "Point", "coordinates": [ -73.89072, 40.825 ] } },
{ "type": "Feature", "properties": { "Record ID": 678511, "store_name": "MORELBA GROCERY STORE INC.,  ", "Store Type": "Small Grocery Store", "Street Number": "954", "Street Name": "PROSPECT AVENUE", "Additional Address": " ", "city": "BRONX", "state": "NY", "Zip Code": 10459, "Zip4": " ", "County": "BRONX", "latitude": 40.82255, "longitude": -73.90039, "Authorization Date": "6/22/1999", "End Date": "1/4/2010" }, "geometry": { "type": "Point", "coordinates": [ -73.90039, 40.82255 ] } },
{ "type": "Feature", "properties": { "Record ID": 982684, "store_name": "Mrd Gourmet Deli Corp  ", "Store Type": "Convenience Store", "Street Number": "1093A", "Street Name": "Southern Blvd", "Additional Address": " ", "city": "Bronx", "state": "NY", "Zip Code": 10459, "Zip4": "2417", "County": "BRONX", "latitude": 40.82595, "longitude": -73.89199, "Authorization Date": "12/8/2010", "End Date": "9/10/2012" }, "geometry": { "type": "Point", "coordinates": [ -73.89199, 40.82595 ] } },
{ "type": "Feature", "properties": { "Record ID": 1338652, "store_name": "Ms Grocery Food Corp  ", "Store Type": "Convenience Store", "Street Number": "1331", "Street Name": "Seneca Ave", "Additional Address": " ", "city": "Bronx", "state": "NY", "Zip Code": 10474, "Zip4": "4611", "County": "BRONX", "latitude": 40.81907, "longitude": -73.88638, "Authorization Date": "11/29/2018", "End Date": "11/16/2021" }, "geometry": { "type": "Point", "coordinates": [ -73.88638, 40.81907 ] } },
{ "type": "Feature", "properties": { "Record ID": 562013, "store_name": "NANDOS STORE  ", "Store Type": "Convenience Store", "Street Number": "1263", "Street Name": "Spofford Ave", "Additional Address": " ", "city": "Bronx", "state": "NY", "Zip Code": 10474, "Zip4": "5806", "County": "BRONX", "latitude": 40.81437, "longitude": -73.88763, "Authorization Date": "2/6/2001", "End Date": "9/21/2005" }, "geometry": { "type": "Point", "coordinates": [ -73.88763, 40.81437 ] } },
{ "type": "Feature", "properties": { "Record ID": 841403, "store_name": "NAS Famous Deli Inc  ", "Store Type": "Small Grocery Store", "Street Number": "901", "Street Name": "Southern Blvd", "Additional Address": "Store #1", "city": "Bronx", "state": "NY", "Zip Code": 10459, "Zip4": "4507", "County": "BRONX", "latitude": 40.81951, "longitude": -73.89297, "Authorization Date": "2/20/2008", "End Date": "10/25/2009" }, "geometry": { "type": "Point", "coordinates": [ -73.89297, 40.81951 ] } },
{ "type": "Feature", "properties": { "Record ID": 774363, "store_name": "National NR Corp  ", "Store Type": "Combination Grocery/Other", "Street Number": "944", "Street Name": "Intervale Ave", "Additional Address": "Store #7", "city": "Bronx", "state": "NY", "Zip Code": 10459, "Zip4": " ", "County": "BRONX", "latitude": 40.82119, "longitude": -73.89681, "Authorization Date": "12/21/2005", "End Date": "5/21/2019" }, "geometry": { "type": "Point", "coordinates": [ -73.89681, 40.82119 ] } },
{ "type": "Feature", "properties": { "Record ID": 1255700, "store_name": "Nelly's Deli Grocery Corp.  ", "Store Type": "Small Grocery Store", "Street Number": "1240", "Street Name": "Spofford Ave", "Additional Address": " ", "city": "Bronx", "state": "NY", "Zip Code": 10474, "Zip4": "5800", "County": "BRONX", "latitude": 40.81405, "longitude": -73.88936, "Authorization Date": "9/1/2016", "End Date": " " }, "geometry": { "type": "Point", "coordinates": [ -73.88936, 40.81405 ] } },
{ "type": "Feature", "properties": { "Record ID": 882956, "store_name": "New Begining Restaurant Corp  ", "Store Type": "Small Grocery Store", "Street Number": "1294", "Street Name": "Westchester Ave", "Additional Address": " ", "city": "Bronx", "state": "NY", "Zip Code": 10459, "Zip4": "2611", "County": "BRONX", "latitude": 40.8274, "longitude": -73.88646, "Authorization Date": "3/12/2009", "End Date": "4/6/2011" }, "geometry": { "type": "Point", "coordinates": [ -73.88646, 40.8274 ] } },
{ "type": "Feature", "properties": { "Record ID": 1569215, "store_name": "New Hope Grocery, Inc.  ", "Store Type": "Convenience Store", "Street Number": "944", "Street Name": "Aldus St", "Additional Address": null, "city": "Bronx", "state": "NY", "Zip Code": 10459, "Zip4": "3513", "County": "BRONX", "latitude": 40.82302, "longitude": -73.89144, "Authorization Date": "1/4/2024", "End Date": "9/2/2024" }, "geometry": { "type": "Point", "coordinates": [ -73.89144, 40.82302 ] } },
{ "type": "Feature", "properties": { "Record ID": 1604435, "store_name": "Novax Deli Corporation  ", "Store Type": "Convenience Store", "Street Number": "831", "Street Name": "Dawson St", "Additional Address": null, "city": "Bronx", "state": "NY", "Zip Code": 10459, "Zip4": "4112", "County": "BRONX", "latitude": 40.81887, "longitude": -73.89876, "Authorization Date": "8/27/2024", "End Date": " " }, "geometry": { "type": "Point", "coordinates": [ -73.89876, 40.81887 ] } },
{ "type": "Feature", "properties": { "Record ID": 1208735, "store_name": "Nu Deli Corp  ", "Store Type": "Convenience Store", "Street Number": "1081", "Street Name": "Southern Blvd", "Additional Address": " ", "city": "Bronx", "state": "NY", "Zip Code": 10459, "Zip4": "2417", "County": "BRONX", "latitude": 40.82554, "longitude": -73.89196, "Authorization Date": "10/23/2015", "End Date": "9/20/2020" }, "geometry": { "type": "Point", "coordinates": [ -73.89196, 40.82554 ] } },
{ "type": "Feature", "properties": { "Record ID": 413483, "store_name": "OCEAN FISH MARKET  ", "Store Type": "Seafood Specialty", "Street Number": "859", "Street Name": "E 149th St", "Additional Address": " ", "city": "Bronx", "state": "NY", "Zip Code": 10455, "Zip4": "4610", "County": "BRONX", "latitude": 40.81186, "longitude": -73.90382, "Authorization Date": "7/16/2003", "End Date": "6/12/2013" }, "geometry": { "type": "Point", "coordinates": [ -73.90382, 40.81186 ] } },
{ "type": "Feature", "properties": { "Record ID": 544323, "store_name": "OCOA #2 FOOD MARKET  ", "Store Type": "Small Grocery Store", "Street Number": "860", "Street Name": "SOUTHERN BLVD", "Additional Address": " ", "city": "BRONX", "state": "NY", "Zip Code": 10459, "Zip4": " ", "County": "BRONX", "latitude": 40.81801, "longitude": -73.89438, "Authorization Date": "9/18/1986", "End Date": "1/4/2017" }, "geometry": { "type": "Point", "coordinates": [ -73.89438, 40.81801 ] } },
{ "type": "Feature", "properties": { "Record ID": 925503, "store_name": "Ocoena Deli Grocery Corp  ", "Store Type": "Small Grocery Store", "Street Number": "1331", "Street Name": "Seneca Ave", "Additional Address": " ", "city": "Bronx", "state": "NY", "Zip Code": 10474, "Zip4": "4611", "County": "BRONX", "latitude": 40.81912, "longitude": -73.88621, "Authorization Date": "12/14/2009", "End Date": "4/26/2017" }, "geometry": { "type": "Point", "coordinates": [ -73.88621, 40.81912 ] } },
{ "type": "Feature", "properties": { "Record ID": 659370, "store_name": "OH & SON PRODUCE CORP  ", "Store Type": "Medium Grocery Store", "Street Number": "1054", "Street Name": "Southern Blvd", "Additional Address": " ", "city": "Bronx", "state": "NY", "Zip Code": 10459, "Zip4": "3426", "County": "BRONX", "latitude": 40.82441, "longitude": -73.89188, "Authorization Date": "6/22/1995", "End Date": "8/24/2008" }, "geometry": { "type": "Point", "coordinates": [ -73.89188, 40.82441 ] } },
{ "type": "Feature", "properties": { "Record ID": 747500, "store_name": "Ohio Grocery Store Inc  ", "Store Type": "Convenience Store", "Street Number": "1048", "Street Name": "Westchester Ave", "Additional Address": " ", "city": "Bronx", "state": "NY", "Zip Code": 10459, "Zip4": "2410", "County": "BRONX", "latitude": 40.82466, "longitude": -73.89182, "Authorization Date": "6/17/2005", "End Date": "4/1/2007" }, "geometry": { "type": "Point", "coordinates": [ -73.89182, 40.82466 ] } },
{ "type": "Feature", "properties": { "Record ID": 278725, "store_name": "OLIMPIA FOOD CENTER INC  ", "Store Type": "Small Grocery Store", "Street Number": "798", "Street Name": "Hunts Point Ave", "Additional Address": " ", "city": "Bronx", "state": "NY", "Zip Code": 10474, "Zip4": "5920", "County": "BRONX", "latitude": 40.81663, "longitude": -73.88794, "Authorization Date": "3/27/2001", "End Date": "9/12/2010" }, "geometry": { "type": "Point", "coordinates": [ -73.88794, 40.81663 ] } },
{ "type": "Feature", "properties": { "Record ID": 1444523, "store_name": "Organic Southern Family Deli Corp  ", "Store Type": "Convenience Store", "Street Number": "860", "Street Name": "Southern Blvd", "Additional Address": null, "city": "Bronx", "state": "NY", "Zip Code": 10459, "Zip4": "5257", "County": "BRONX", "latitude": 40.81785, "longitude": -73.89438, "Authorization Date": "6/2/2021", "End Date": "11/23/2023" }, "geometry": { "type": "Point", "coordinates": [ -73.89438, 40.81785 ] } },
{ "type": "Feature", "properties": { "Record ID": 535488, "store_name": "ORLANDO GROCERY L.L.C.  ", "Store Type": "Small Grocery Store", "Street Number": "710", "Street Name": "Beck St", "Additional Address": " ", "city": "Bronx", "state": "NY", "Zip Code": 10455, "Zip4": "5104", "County": "BRONX", "latitude": 40.81505, "longitude": -73.90005, "Authorization Date": "3/14/2000", "End Date": "10/26/2010" }, "geometry": { "type": "Point", "coordinates": [ -73.90005, 40.81505 ] } },
{ "type": "Feature", "properties": { "Record ID": 855177, "store_name": "Orlando Market & Deli Inc.  ", "Store Type": "Small Grocery Store", "Street Number": "990", "Street Name": "Leggett Ave", "Additional Address": "AKA 679 Fox St", "city": "Bronx", "state": "NY", "Zip Code": 10455, "Zip4": " ", "County": "BRONX", "latitude": 40.81445, "longitude": -73.89983, "Authorization Date": "6/23/2008", "End Date": "10/5/2010" }, "geometry": { "type": "Point", "coordinates": [ -73.89983, 40.81445 ] } },
{ "type": "Feature", "properties": { "Record ID": 335552, "store_name": "P A B GROCERY CORP  ", "Store Type": "Small Grocery Store", "Street Number": "1142", "Street Name": "E 165TH ST", "Additional Address": " ", "city": "BRONX", "state": "NY", "Zip Code": 10459, "Zip4": " ", "County": "BRONX", "latitude": 40.8252, "longitude": -73.88745, "Authorization Date": "10/18/2001", "End Date": "9/29/2005" }, "geometry": { "type": "Point", "coordinates": [ -73.88745, 40.8252 ] } },
{ "type": "Feature", "properties": { "Record ID": 826287, "store_name": "Paloma Deli Grocery  ", "Store Type": "Convenience Store", "Street Number": "1240", "Street Name": "Spofford Ave", "Additional Address": " ", "city": "Bronx", "state": "NY", "Zip Code": 10474, "Zip4": "5800", "County": "BRONX", "latitude": 40.81403, "longitude": -73.88926, "Authorization Date": "8/1/2007", "End Date": "8/10/2016" }, "geometry": { "type": "Point", "coordinates": [ -73.88926, 40.81403 ] } },
{ "type": "Feature", "properties": { "Record ID": 967770, "store_name": "Paulino Deli Grocery Corp  ", "Store Type": "Small Grocery Store", "Street Number": "798", "Street Name": "Hunts Point Ave", "Additional Address": null, "city": "Bronx", "state": "NY", "Zip Code": 10474, "Zip4": "5920", "County": "BRONX", "latitude": 40.81654, "longitude": -73.88766, "Authorization Date": "9/13/2010", "End Date": "2/9/2021" }, "geometry": { "type": "Point", "coordinates": [ -73.88766, 40.81654 ] } },
{ "type": "Feature", "properties": { "Record ID": 967770, "store_name": "Paulino Deli Grocery Corp  ", "Store Type": "Small Grocery Store", "Street Number": "798", "Street Name": "Hunts Point Ave", "Additional Address": null, "city": "Bronx", "state": "NY", "Zip Code": 10474, "Zip4": "5920", "County": "BRONX", "latitude": 40.81654, "longitude": -73.88766, "Authorization Date": "9/23/2021", "End Date": " " }, "geometry": { "type": "Point", "coordinates": [ -73.88766, 40.81654 ] } },
{ "type": "Feature", "properties": { "Record ID": 1399600, "store_name": "Peace And Love Deli Market Corp  ", "Store Type": "Small Grocery Store", "Street Number": "950", "Street Name": "Longwood Ave", "Additional Address": null, "city": "Bronx", "state": "NY", "Zip Code": 10459, "Zip4": "5008", "County": "BRONX", "latitude": 40.8175, "longitude": -73.89854, "Authorization Date": "2/19/2021", "End Date": " " }, "geometry": { "type": "Point", "coordinates": [ -73.89854, 40.8175 ] } },
{ "type": "Feature", "properties": { "Record ID": 446866, "store_name": "PERIQUITO GROCERY  ", "Store Type": "Small Grocery Store", "Street Number": "926", "Street Name": "Intervale Ave", "Additional Address": " ", "city": "Bronx", "state": "NY", "Zip Code": 10459, "Zip4": "4226", "County": "BRONX", "latitude": 40.82, "longitude": -73.89663, "Authorization Date": "3/20/2003", "End Date": "2/8/2007" }, "geometry": { "type": "Point", "coordinates": [ -73.89663, 40.82 ] } },
{ "type": "Feature", "properties": { "Record ID": 1517760, "store_name": "Perla Grocery Corp  ", "Store Type": "Convenience Store", "Street Number": "1142", "Street Name": "E 165th St", "Additional Address": null, "city": "Bronx", "state": "NY", "Zip Code": 10459, "Zip4": "2630", "County": "BRONX", "latitude": 40.82515, "longitude": -73.88747, "Authorization Date": "10/11/2022", "End Date": "11/14/2025" }, "geometry": { "type": "Point", "coordinates": [ -73.88747, 40.82515 ] } },
{ "type": "Feature", "properties": { "Record ID": 824389, "store_name": "Peteray Deli Grocery Corp  ", "Store Type": "Small Grocery Store", "Street Number": "1182", "Street Name": "West Farm Rd", "Additional Address": " ", "city": "Bronx", "state": "NY", "Zip Code": 10459, "Zip4": " ", "County": "BRONX", "latitude": 40.82612, "longitude": -73.89322, "Authorization Date": "7/3/2007", "End Date": "11/2/2010" }, "geometry": { "type": "Point", "coordinates": [ -73.89322, 40.82612 ] } },
{ "type": "Feature", "properties": { "Record ID": 1618824, "store_name": "Ponce Distributors  ", "Store Type": "Meat/Poultry Specialty", "Street Number": "355", "Street Name": "Food Center Drive", "Additional Address": " ", "city": "Bronx", "state": "NY", "Zip Code": 10474, "Zip4": " ", "County": "BRONX", "latitude": 40.80673, "longitude": -73.87168, "Authorization Date": "11/18/2024", "End Date": "8/27/2025" }, "geometry": { "type": "Point", "coordinates": [ -73.87168, 40.80673 ] } },
{ "type": "Feature", "properties": { "Record ID": 1502583, "store_name": "Primagro Llc  ", "Store Type": "Small Grocery Store", "Street Number": "902", "Street Name": "Hunts Point Ave", "Additional Address": null, "city": "Bronx", "state": "NY", "Zip Code": 10474, "Zip4": "5403", "County": "BRONX", "latitude": 40.81968, "longitude": -73.88973, "Authorization Date": "7/19/2022", "End Date": "12/14/2023" }, "geometry": { "type": "Point", "coordinates": [ -73.88973, 40.81968 ] } },
{ "type": "Feature", "properties": { "Record ID": 704993, "store_name": "PROSPECT DELI & GROCERY INC  ", "Store Type": "Small Grocery Store", "Street Number": "870", "Street Name": "Prospect Ave", "Additional Address": " ", "city": "Bronx", "state": "NY", "Zip Code": 10459, "Zip4": "3926", "County": "BRONX", "latitude": 40.82028, "longitude": -73.90129, "Authorization Date": "7/15/2004", "End Date": "4/30/2006" }, "geometry": { "type": "Point", "coordinates": [ -73.90129, 40.82028 ] } },
{ "type": "Feature", "properties": { "Record ID": 764454, "store_name": "Pupi's Deli Grocery Inc  ", "Store Type": "Convenience Store", "Street Number": "1095", "Street Name": "Southern Blvd", "Additional Address": " ", "city": "Bronx", "state": "NY", "Zip Code": 10459, "Zip4": "2417", "County": "BRONX", "latitude": 40.82618, "longitude": -73.89196, "Authorization Date": "2/7/2006", "End Date": "12/28/2008" }, "geometry": { "type": "Point", "coordinates": [ -73.89196, 40.82618 ] } },
{ "type": "Feature", "properties": { "Record ID": 1086081, "store_name": "Pura Vida Deli Grocery Corp  ", "Store Type": "Small Grocery Store", "Street Number": "907A", "Street Name": "Southern Blvd", "Additional Address": " ", "city": "Bronx", "state": "NY", "Zip Code": 10459, "Zip4": "4507", "County": "BRONX", "latitude": 40.8197, "longitude": -73.89283, "Authorization Date": "2/27/2013", "End Date": "9/28/2014" }, "geometry": { "type": "Point", "coordinates": [ -73.89283, 40.8197 ] } },
{ "type": "Feature", "properties": { "Record ID": 370343, "store_name": "QUETZAL DELI & GROCERY  ", "Store Type": "Small Grocery Store", "Street Number": "1023", "Street Name": "Longwood Ave", "Additional Address": " ", "city": "Bronx", "state": "NY", "Zip Code": 10459, "Zip4": "5113", "County": "BRONX", "latitude": 40.81652, "longitude": -73.89651, "Authorization Date": "1/16/2003", "End Date": "8/1/2005" }, "geometry": { "type": "Point", "coordinates": [ -73.89651, 40.81652 ] } },
{ "type": "Feature", "properties": { "Record ID": 370343, "store_name": "QUETZAL DELI & GROCERY  ", "Store Type": "Small Grocery Store", "Street Number": "1023", "Street Name": "Longwood Ave", "Additional Address": " ", "city": "Bronx", "state": "NY", "Zip Code": 10459, "Zip4": "5113", "County": "BRONX", "latitude": 40.81652, "longitude": -73.89651, "Authorization Date": "7/11/2006", "End Date": "4/28/2008" }, "geometry": { "type": "Point", "coordinates": [ -73.89651, 40.81652 ] } },
{ "type": "Feature", "properties": { "Record ID": 324409, "store_name": "R & E CORP/C-TOWN  ", "Store Type": "Supermarket", "Street Number": "809", "Street Name": "Southern Blvd", "Additional Address": " ", "city": "Bronx", "state": "NY", "Zip Code": 10459, "Zip4": "5202", "County": "BRONX", "latitude": 40.81696, "longitude": -73.89581, "Authorization Date": "2/28/1984", "End Date": " " }, "geometry": { "type": "Point", "coordinates": [ -73.89581, 40.81696 ] } },
{ "type": "Feature", "properties": { "Record ID": 786966, "store_name": "R.P. Deli Grocery  ", "Store Type": "Convenience Store", "Street Number": "945", "Street Name": "Aldus St", "Additional Address": "Frnt 2", "city": "Bronx", "state": "NY", "Zip Code": 10459, "Zip4": "3512", "County": "BRONX", "latitude": 40.82313, "longitude": -73.8914, "Authorization Date": "5/17/2006", "End Date": "10/9/2019" }, "geometry": { "type": "Point", "coordinates": [ -73.8914, 40.82313 ] } },
{ "type": "Feature", "properties": { "Record ID": 467917, "store_name": "RAED DELI GROCERY CORP  ", "Store Type": "Small Grocery Store", "Street Number": "1126", "Street Name": "Westchester Ave", "Additional Address": " ", "city": "Bronx", "state": "NY", "Zip Code": 10459, "Zip4": "2505", "County": "BRONX", "latitude": 40.82568, "longitude": -73.8899, "Authorization Date": "5/6/2004", "End Date": "5/31/2005" }, "geometry": { "type": "Point", "coordinates": [ -73.8899, 40.82568 ] } },
{ "type": "Feature", "properties": { "Record ID": 1204213, "store_name": "Rafis Paninis House Deli & Grocery Corp  ", "Store Type": "Combination Grocery/Other", "Street Number": "998", "Street Name": "Tiffany St", "Additional Address": " ", "city": "Bronx", "state": "NY", "Zip Code": 10459, "Zip4": "3355", "County": "BRONX", "latitude": 40.82306, "longitude": -73.89484, "Authorization Date": "9/15/2015", "End Date": "1/11/2017" }, "geometry": { "type": "Point", "coordinates": [ -73.89484, 40.82306 ] } },
{ "type": "Feature", "properties": { "Record ID": 1614568, "store_name": "Rama  African Organic Food Corp.  ", "Store Type": "Medium Grocery Store", "Street Number": "984", "Street Name": "Intervale Ave", "Additional Address": "Ste B", "city": "Bronx", "state": "NY", "Zip Code": 10459, "Zip4": "3103", "County": "BRONX", "latitude": 40.82286, "longitude": -73.89668, "Authorization Date": "11/4/2024", "End Date": "11/24/2025" }, "geometry": { "type": "Point", "coordinates": [ -73.89668, 40.82286 ] } },
{ "type": "Feature", "properties": { "Record ID": 1670007, "store_name": "Rama African Organic Food Corp.  ", "Store Type": "Small Grocery Store", "Street Number": "984", "Street Name": "Intervale Ave", "Additional Address": "Ste B", "city": "Bronx", "state": "NY", "Zip Code": 10459, "Zip4": "3103", "County": "BRONX", "latitude": 40.82286, "longitude": -73.89668, "Authorization Date": "9/9/2025", "End Date": " " }, "geometry": { "type": "Point", "coordinates": [ -73.89668, 40.82286 ] } },
{ "type": "Feature", "properties": { "Record ID": 996338, "store_name": "Real Deal Deli & Grocery Corp  ", "Store Type": "Convenience Store", "Street Number": "987", "Street Name": "Westchester Ave", "Additional Address": "Frnt 3", "city": "Bronx", "state": "NY", "Zip Code": 10459, "Zip4": "3399", "County": "BRONX", "latitude": 40.82336, "longitude": -73.89458, "Authorization Date": "3/31/2011", "End Date": "7/28/2013" }, "geometry": { "type": "Point", "coordinates": [ -73.89458, 40.82336 ] } },
{ "type": "Feature", "properties": { "Record ID": 1596008, "store_name": "Red Light And Tobacco  ", "Store Type": "Convenience Store", "Street Number": "980", "Street Name": "Westchester Ave", "Additional Address": null, "city": "Bronx", "state": "NY", "Zip Code": 10459, "Zip4": "4446", "County": "BRONX", "latitude": 40.82306, "longitude": -73.89469, "Authorization Date": "5/21/2024", "End Date": "8/18/2025" }, "geometry": { "type": "Point", "coordinates": [ -73.89469, 40.82306 ] } },
{ "type": "Feature", "properties": { "Record ID": 994365, "store_name": "Reyes Mexican Deli  ", "Store Type": "Small Grocery Store", "Street Number": "998", "Street Name": "Longwood Ave Num6", "Additional Address": " ", "city": "Bronx", "state": "NY", "Zip Code": 10459, "Zip4": "5127", "County": "BRONX", "latitude": 40.81694, "longitude": -73.89732, "Authorization Date": "3/24/2011", "End Date": "8/13/2020" }, "geometry": { "type": "Point", "coordinates": [ -73.89732, 40.81694 ] } },
{ "type": "Feature", "properties": { "Record ID": 1406984, "store_name": "Reyes Mexican Deli Inc  ", "Store Type": "Convenience Store", "Street Number": "998", "Street Name": "Longwood Ave", "Additional Address": "#6", "city": "Bronx", "state": "NY", "Zip Code": 10459, "Zip4": " ", "County": "BRONX", "latitude": 40.81687, "longitude": -73.89747, "Authorization Date": "8/14/2020", "End Date": "2/26/2024" }, "geometry": { "type": "Point", "coordinates": [ -73.89747, 40.81687 ] } },
{ "type": "Feature", "properties": { "Record ID": 334757, "store_name": "RICK'S CHICKS LIVE POUL MKT&MORE  ", "Store Type": "Medium Grocery Store", "Street Number": "1024", "Street Name": "Leggett Ave", "Additional Address": " ", "city": "Bronx", "state": "NY", "Zip Code": 10455, "Zip4": "2052", "County": "BRONX", "latitude": 40.81371, "longitude": -73.89952, "Authorization Date": "6/30/1994", "End Date": "3/18/2008" }, "geometry": { "type": "Point", "coordinates": [ -73.89952, 40.81371 ] } },
{ "type": "Feature", "properties": { "Record ID": 849132, "store_name": "Ricks Chicks Live Poultry Market & More Inc  ", "Store Type": "Meat/Poultry Specialty", "Street Number": "1024", "Street Name": "Leggett Ave", "Additional Address": " ", "city": "Bronx", "state": "NY", "Zip Code": 10455, "Zip4": "2052", "County": "BRONX", "latitude": 40.81371, "longitude": -73.89952, "Authorization Date": "5/7/2008", "End Date": "10/15/2008" }, "geometry": { "type": "Point", "coordinates": [ -73.89952, 40.81371 ] } },
{ "type": "Feature", "properties": { "Record ID": 269871, "store_name": "Rite Aid 3844", "Store Type": "Combination Grocery/Other", "Street Number": "950", "Street Name": "Southern Blvd", "Additional Address": " ", "city": "Bronx", "state": "NY", "Zip Code": 10459, "Zip4": "3402", "County": "BRONX", "latitude": 40.82201, "longitude": -73.8915, "Authorization Date": "7/30/1996", "End Date": "11/11/2025" }, "geometry": { "type": "Point", "coordinates": [ -73.8915, 40.82201 ] } },
{ "type": "Feature", "properties": { "Record ID": 920856, "store_name": "Rite Aid 7906", "Store Type": "Combination Grocery/Other", "Street Number": "840", "Street Name": "Westchester Ave", "Additional Address": " ", "city": "Bronx", "state": "NY", "Zip Code": 10459, "Zip4": "4001", "County": "BRONX", "latitude": 40.81974, "longitude": -73.90136, "Authorization Date": "10/16/2009", "End Date": "1/2/2023" }, "geometry": { "type": "Point", "coordinates": [ -73.90136, 40.81974 ] } },
{ "type": "Feature", "properties": { "Record ID": 1164780, "store_name": "Rite Care Pharmacy  ", "Store Type": "Convenience Store", "Street Number": "898", "Street Name": "E 163rd St", "Additional Address": " ", "city": "Bronx", "state": "NY", "Zip Code": 10459, "Zip4": "4108", "County": "BRONX", "latitude": 40.82098, "longitude": -73.89828, "Authorization Date": "2/18/2015", "End Date": "9/23/2019" }, "geometry": { "type": "Point", "coordinates": [ -73.89828, 40.82098 ] } },
{ "type": "Feature", "properties": { "Record ID": 1519466, "store_name": "Rite Care Pharmacy no", "Store Type": "Convenience Store", "Street Number": "898", "Street Name": "E 163rd St", "Additional Address": null, "city": "Bronx", "state": "NY", "Zip Code": 10459, "Zip4": "4108", "County": "BRONX", "latitude": 40.82086, "longitude": -73.8983, "Authorization Date": "10/17/2022", "End Date": "2/27/2023" }, "geometry": { "type": "Point", "coordinates": [ -73.8983, 40.82086 ] } },
{ "type": "Feature", "properties": { "Record ID": 1343261, "store_name": "Robinson Deli & Grocery, Corp.  ", "Store Type": "Convenience Store", "Street Number": "950", "Street Name": "Longwood Ave", "Additional Address": " ", "city": "Bronx", "state": "NY", "Zip Code": 10459, "Zip4": "5008", "County": "BRONX", "latitude": 40.81752, "longitude": -73.89832, "Authorization Date": "11/16/2018", "End Date": "2/15/2021" }, "geometry": { "type": "Point", "coordinates": [ -73.89832, 40.81752 ] } },
{ "type": "Feature", "properties": { "Record ID": 463379, "store_name": "RODRIGUEZ GROCERY  ", "Store Type": "Convenience Store", "Street Number": "753", "Street Name": "FOX ST", "Additional Address": " ", "city": "BRONX", "state": "NY", "Zip Code": 10455, "Zip4": " ", "County": "BRONX", "latitude": 40.81573, "longitude": -73.89832, "Authorization Date": "9/14/1995", "End Date": " " }, "geometry": { "type": "Point", "coordinates": [ -73.89832, 40.81573 ] } },
{ "type": "Feature", "properties": { "Record ID": 510040, "store_name": "RODRIGUEZ GROCERY STORE  ", "Store Type": "Convenience Store", "Street Number": "1006", "Street Name": "INTERVALE AVE", "Additional Address": " ", "city": "BRONX", "state": "NY", "Zip Code": 10459, "Zip4": " ", "County": "BRONX", "latitude": 40.8234, "longitude": -73.89684, "Authorization Date": "4/14/1998", "End Date": "4/5/2009" }, "geometry": { "type": "Point", "coordinates": [ -73.89684, 40.8234 ] } },
{ "type": "Feature", "properties": { "Record ID": 548957, "store_name": "ROQUITO DELI GROCERY  ", "Store Type": "Small Grocery Store", "Street Number": "1035", "Street Name": "Westchester Ave", "Additional Address": " ", "city": "Bronx", "state": "NY", "Zip Code": 10459, "Zip4": "2416", "County": "BRONX", "latitude": 40.82424, "longitude": -73.89288, "Authorization Date": "9/2/2003", "End Date": "6/15/2009" }, "geometry": { "type": "Point", "coordinates": [ -73.89288, 40.82424 ] } },
{ "type": "Feature", "properties": { "Record ID": 1082495, "store_name": "Rosa Perez GC  ", "Store Type": "Fruits/Veg Specialty", "Street Number": "1045", "Street Name": "E 163rd St", "Additional Address": " ", "city": "Bronx", "state": "NY", "Zip Code": 10459, "Zip4": "4510", "County": "BRONX", "latitude": 40.82105, "longitude": -73.8913, "Authorization Date": "12/6/2012", "End Date": "12/9/2014" }, "geometry": { "type": "Point", "coordinates": [ -73.8913, 40.82105 ] } },
{ "type": "Feature", "properties": { "Record ID": 1351810, "store_name": "Roselyn Deli Grocery Corp  ", "Store Type": "Small Grocery Store", "Street Number": "698", "Street Name": "Beck St", "Additional Address": " ", "city": "Bronx", "state": "NY", "Zip Code": 10455, "Zip4": "3451", "County": "BRONX", "latitude": 40.81497, "longitude": -73.90041, "Authorization Date": "3/19/2019", "End Date": "7/13/2025" }, "geometry": { "type": "Point", "coordinates": [ -73.90041, 40.81497 ] } },
{ "type": "Feature", "properties": { "Record ID": 1656698, "store_name": "Roselyn Deli Grocery Corp  ", "Store Type": "Small Grocery Store", "Street Number": "698", "Street Name": "Beck St", "Additional Address": null, "city": "Bronx", "state": "NY", "Zip Code": 10455, "Zip4": "3451", "County": "BRONX", "latitude": 40.81492, "longitude": -73.90038, "Authorization Date": "6/4/2025", "End Date": " " }, "geometry": { "type": "Point", "coordinates": [ -73.90038, 40.81492 ] } },
{ "type": "Feature", "properties": { "Record ID": 1049118, "store_name": "Roxy Grocery & Convenience Corp  ", "Store Type": "Convenience Store", "Street Number": "935", "Street Name": "E 163rd St", "Additional Address": "Frnt 1", "city": "Bronx", "state": "NY", "Zip Code": 10459, "Zip4": "4204", "County": "BRONX", "latitude": 40.82103, "longitude": -73.89655, "Authorization Date": "7/6/2012", "End Date": "7/5/2015" }, "geometry": { "type": "Point", "coordinates": [ -73.89655, 40.82103 ] } },
{ "type": "Feature", "properties": { "Record ID": 1278691, "store_name": "Royal Deli Inc NO", "Store Type": "Convenience Store", "Street Number": "980", "Street Name": "Intervale Ave", "Additional Address": null, "city": "Bronx", "state": "NY", "Zip Code": 10459, "Zip4": "3173", "County": "BRONX", "latitude": 40.82269, "longitude": -73.89668, "Authorization Date": "7/31/2017", "End Date": "3/29/2022" }, "geometry": { "type": "Point", "coordinates": [ -73.89668, 40.82269 ] } },
{ "type": "Feature", "properties": { "Record ID": 1278691, "store_name": "Royal Deli Inc NO", "Store Type": "Convenience Store", "Street Number": "980", "Street Name": "Intervale Ave", "Additional Address": null, "city": "Bronx", "state": "NY", "Zip Code": 10459, "Zip4": "3173", "County": "BRONX", "latitude": 40.82269, "longitude": -73.89668, "Authorization Date": "9/8/2022", "End Date": "5/5/2025" }, "geometry": { "type": "Point", "coordinates": [ -73.89668, 40.82269 ] } },
{ "type": "Feature", "properties": { "Record ID": 1647554, "store_name": "Royal Deli Inc  ", "Store Type": "Convenience Store", "Street Number": "980", "Street Name": "Intervale Ave", "Additional Address": " ", "city": "Bronx", "state": "NY", "Zip Code": 10459, "Zip4": "3173", "County": "BRONX", "latitude": 40.82269, "longitude": -73.89668, "Authorization Date": "4/14/2025", "End Date": " " }, "geometry": { "type": "Point", "coordinates": [ -73.89668, 40.82269 ] } },
{ "type": "Feature", "properties": { "Record ID": 1068749, "store_name": "Royal Food Market Corp  ", "Store Type": "Medium Grocery Store", "Street Number": "953", "Street Name": "Westchester Ave", "Additional Address": " ", "city": "Bronx", "state": "NY", "Zip Code": 10459, "Zip4": "3106", "County": "BRONX", "latitude": 40.8225, "longitude": -73.89625, "Authorization Date": "10/26/2012", "End Date": "1/11/2016" }, "geometry": { "type": "Point", "coordinates": [ -73.89625, 40.8225 ] } },
{ "type": "Feature", "properties": { "Record ID": 620952, "store_name": "RUIZ BROTHERS GROCERY CORP  ", "Store Type": "Small Grocery Store", "Street Number": "935", "Street Name": "E 163RD ST", "Additional Address": " ", "city": "BRONX", "state": "NY", "Zip Code": 10459, "Zip4": " ", "County": "BRONX", "latitude": 40.82103, "longitude": -73.89655, "Authorization Date": "7/13/2004", "End Date": "2/26/2006" }, "geometry": { "type": "Point", "coordinates": [ -73.89655, 40.82103 ] } },
{ "type": "Feature", "properties": { "Record ID": 1115324, "store_name": "S & A Grocery Corp  ", "Store Type": "Convenience Store", "Street Number": "1103", "Street Name": "Intervale Ave", "Additional Address": " ", "city": "Bronx", "state": "NY", "Zip Code": 10459, "Zip4": "2301", "County": "BRONX", "latitude": 40.82616, "longitude": -73.89718, "Authorization Date": "11/6/2013", "End Date": "11/24/2015" }, "geometry": { "type": "Point", "coordinates": [ -73.89718, 40.82616 ] } },
{ "type": "Feature", "properties": { "Record ID": 882413, "store_name": "S & S Express Deli Inc  ", "Store Type": "Small Grocery Store", "Street Number": "948", "Street Name": "E 163rd St", "Additional Address": " ", "city": "Bronx", "state": "NY", "Zip Code": 10459, "Zip4": "4209", "County": "BRONX", "latitude": 40.82096, "longitude": -73.896, "Authorization Date": "2/12/2009", "End Date": "11/3/2009" }, "geometry": { "type": "Point", "coordinates": [ -73.896, 40.82096 ] } },
{ "type": "Feature", "properties": { "Record ID": 857602, "store_name": "S Won Provision Inc  ", "Store Type": "Large Grocery Store", "Street Number": "1054", "Street Name": "Southern Blvd", "Additional Address": " ", "city": "Bronx", "state": "NY", "Zip Code": 10459, "Zip4": "3426", "County": "BRONX", "latitude": 40.82438, "longitude": -73.89188, "Authorization Date": "8/25/2008", "End Date": "3/16/2018" }, "geometry": { "type": "Point", "coordinates": [ -73.89188, 40.82438 ] } },
{ "type": "Feature", "properties": { "Record ID": 857602, "store_name": "S Won Provision Inc  ", "Store Type": "Large Grocery Store", "Street Number": "1054", "Street Name": "Southern Blvd", "Additional Address": " ", "city": "Bronx", "state": "NY", "Zip Code": 10459, "Zip4": "3426", "County": "BRONX", "latitude": 40.82438, "longitude": -73.89188, "Authorization Date": "3/29/2018", "End Date": "12/20/2021" }, "geometry": { "type": "Point", "coordinates": [ -73.89188, 40.82438 ] } },
{ "type": "Feature", "properties": { "Record ID": 731457, "store_name": "S. M. DELI GROCERY STORE  ", "Store Type": "Small Grocery Store", "Street Number": "1095", "Street Name": "Southern Blvd", "Additional Address": " ", "city": "Bronx", "state": "NY", "Zip Code": 10459, "Zip4": "2417", "County": "BRONX", "latitude": 40.82618, "longitude": -73.89196, "Authorization Date": "1/5/2005", "End Date": "1/8/2006" }, "geometry": { "type": "Point", "coordinates": [ -73.89196, 40.82618 ] } },
{ "type": "Feature", "properties": { "Record ID": 1450103, "store_name": "S. Won Provision Inc/Southern Farm  ", "Store Type": "Supermarket", "Street Number": "1046", "Street Name": "Southern Blvd", "Additional Address": null, "city": "Bronx", "state": "NY", "Zip Code": 10459, "Zip4": "3484", "County": "BRONX", "latitude": 40.82415, "longitude": -73.89169, "Authorization Date": "6/4/2021", "End Date": " " }, "geometry": { "type": "Point", "coordinates": [ -73.89169, 40.82415 ] } },
{ "type": "Feature", "properties": { "Record ID": 1275426, "store_name": "Sabor Latino Deli Supermarket Corp  ", "Store Type": "Convenience Store", "Street Number": "1000", "Street Name": "Longwood Ave", "Additional Address": " ", "city": "Bronx", "state": "NY", "Zip Code": 10459, "Zip4": "5169", "County": "BRONX", "latitude": 40.81687, "longitude": -73.89719, "Authorization Date": "5/9/2017", "End Date": "10/14/2020" }, "geometry": { "type": "Point", "coordinates": [ -73.89719, 40.81687 ] } },
{ "type": "Feature", "properties": { "Record ID": 1392435, "store_name": "Sabor Latino Deli Supermarket Corp  ", "Store Type": "Medium Grocery Store", "Street Number": "1000", "Street Name": "Longwood Ave", "Additional Address": " ", "city": "Bronx", "state": "NY", "Zip Code": 10459, "Zip4": "5169", "County": "BRONX", "latitude": 40.81676, "longitude": -73.8973, "Authorization Date": "3/18/2020", "End Date": "12/31/2024" }, "geometry": { "type": "Point", "coordinates": [ -73.8973, 40.81676 ] } },
{ "type": "Feature", "properties": { "Record ID": 1623590, "store_name": "Sabor Latino Deli Supermarket Corp  ", "Store Type": "Medium Grocery Store", "Street Number": "1000", "Street Name": "Longwood Ave", "Additional Address": " ", "city": "Bronx", "state": "NY", "Zip Code": 10459, "Zip4": "5169", "County": "BRONX", "latitude": 40.81678, "longitude": -73.8973, "Authorization Date": "11/7/2024", "End Date": "6/9/2025" }, "geometry": { "type": "Point", "coordinates": [ -73.8973, 40.81678 ] } },
{ "type": "Feature", "properties": { "Record ID": 1653429, "store_name": "Sabor Latino Deli Supermarket Corp  ", "Store Type": "Medium Grocery Store", "Street Number": "1000", "Street Name": "Longwood Ave", "Additional Address": " ", "city": "Bronx", "state": "NY", "Zip Code": 10459, "Zip4": "5169", "County": "BRONX", "latitude": 40.81678, "longitude": -73.8973, "Authorization Date": "5/19/2025", "End Date": " " }, "geometry": { "type": "Point", "coordinates": [ -73.8973, 40.81678 ] } },
{ "type": "Feature", "properties": { "Record ID": 1135815, "store_name": "Sada Deli & Convenience Corp  ", "Store Type": "Small Grocery Store", "Street Number": "1106", "Street Name": "Westchester Ave", "Additional Address": " ", "city": "Bronx", "state": "NY", "Zip Code": 10459, "Zip4": "2505", "County": "BRONX", "latitude": 40.82539, "longitude": -73.89044, "Authorization Date": "10/10/2014", "End Date": "8/24/2015" }, "geometry": { "type": "Point", "coordinates": [ -73.89044, 40.82539 ] } },
{ "type": "Feature", "properties": { "Record ID": 1236304, "store_name": "Sal Quick Stop Deli Grocery Inc  ", "Store Type": "Small Grocery Store", "Street Number": "1030", "Street Name": "Southern Blvd", "Additional Address": " ", "city": "Bronx", "state": "NY", "Zip Code": 10459, "Zip4": "3426", "County": "BRONX", "latitude": 40.8239, "longitude": -73.89182, "Authorization Date": "3/15/2016", "End Date": "3/20/2017" }, "geometry": { "type": "Point", "coordinates": [ -73.89182, 40.8239 ] } },
{ "type": "Feature", "properties": { "Record ID": 935350, "store_name": "Salcedo Grocery & Deli Corp  ", "Store Type": "Convenience Store", "Street Number": "1318", "Street Name": "Lafayette Ave", "Additional Address": " ", "city": "Bronx", "state": "NY", "Zip Code": 10474, "Zip4": "7202", "County": "BRONX", "latitude": 40.81687, "longitude": -73.88617, "Authorization Date": "2/4/2010", "End Date": "8/29/2018" }, "geometry": { "type": "Point", "coordinates": [ -73.88617, 40.81687 ] } },
{ "type": "Feature", "properties": { "Record ID": 865307, "store_name": "Salcedo Grocery Store Deli  ", "Store Type": "Convenience Store", "Street Number": "1260", "Street Name": "Westchester Ave", "Additional Address": " ", "city": "Bronx", "state": "NY", "Zip Code": 10459, "Zip4": "2611", "County": "BRONX", "latitude": 40.827, "longitude": -73.88737, "Authorization Date": "9/15/2008", "End Date": "6/16/2021" }, "geometry": { "type": "Point", "coordinates": [ -73.88737, 40.827 ] } },
{ "type": "Feature", "properties": { "Record ID": 1329116, "store_name": "Salcedo Supermarket Corp  ", "Store Type": "Medium Grocery Store", "Street Number": "1318", "Street Name": "Lafayette Ave", "Additional Address": " ", "city": "Bronx", "state": "NY", "Zip Code": 10474, "Zip4": "7202", "County": "BRONX", "latitude": 40.81686, "longitude": -73.88643, "Authorization Date": "9/10/2018", "End Date": "4/20/2025" }, "geometry": { "type": "Point", "coordinates": [ -73.88643, 40.81686 ] } },
{ "type": "Feature", "properties": { "Record ID": 1640361, "store_name": "Salcedo Supermarket Corp  ", "Store Type": "Medium Grocery Store", "Street Number": "1318", "Street Name": "Lafayette Ave", "Additional Address": " ", "city": "Bronx", "state": "NY", "Zip Code": 10474, "Zip4": "7202", "County": "BRONX", "latitude": 40.81677, "longitude": -73.88625, "Authorization Date": "2/26/2025", "End Date": " " }, "geometry": { "type": "Point", "coordinates": [ -73.88625, 40.81677 ] } },
{ "type": "Feature", "properties": { "Record ID": 880383, "store_name": "Sam Stop Express Inc  ", "Store Type": "Convenience Store", "Street Number": "870", "Street Name": "Hunts Point Ave", "Additional Address": " ", "city": "Bronx", "state": "NY", "Zip Code": 10474, "Zip4": "5402", "County": "BRONX", "latitude": 40.81877, "longitude": -73.88924, "Authorization Date": "2/17/2009", "End Date": "10/20/2010" }, "geometry": { "type": "Point", "coordinates": [ -73.88924, 40.81877 ] } },
{ "type": "Feature", "properties": { "Record ID": 867461, "store_name": "Sam X Deli Grocery Inc  ", "Store Type": "Convenience Store", "Street Number": "948", "Street Name": "E 163rd St", "Additional Address": " ", "city": "Bronx", "state": "NY", "Zip Code": 10459, "Zip4": "4209", "County": "BRONX", "latitude": 40.82094, "longitude": -73.8959, "Authorization Date": "10/1/2008", "End Date": "2/11/2009" }, "geometry": { "type": "Point", "coordinates": [ -73.8959, 40.82094 ] } },
{ "type": "Feature", "properties": { "Record ID": 1604154, "store_name": "Sammay's Deli & Grocery Inc  ", "Store Type": "Convenience Store", "Street Number": "1131", "Street Name": "W Farms Rd", "Additional Address": null, "city": "Bronx", "state": "NY", "Zip Code": 10459, "Zip4": "2432", "County": "BRONX", "latitude": 40.82667, "longitude": -73.8903, "Authorization Date": "7/18/2024", "End Date": " " }, "geometry": { "type": "Point", "coordinates": [ -73.8903, 40.82667 ] } },
{ "type": "Feature", "properties": { "Record ID": 1635462, "store_name": "Sammy Fish & Deli  ", "Store Type": "Combination Grocery/Other", "Street Number": "844", "Street Name": "Hunts Point Ave", "Additional Address": null, "city": "Bronx", "state": "NY", "Zip Code": 10474, "Zip4": "5406", "County": "BRONX", "latitude": 40.81763, "longitude": -73.88835, "Authorization Date": "4/2/2025", "End Date": "8/27/2025" }, "geometry": { "type": "Point", "coordinates": [ -73.88835, 40.81763 ] } },
{ "type": "Feature", "properties": { "Record ID": 1121210, "store_name": "Sammy's Deli & Grill Corp.  ", "Store Type": "Small Grocery Store", "Street Number": "1126", "Street Name": "Westchester Ave", "Additional Address": " ", "city": "Bronx", "state": "NY", "Zip Code": 10459, "Zip4": "2505", "County": "BRONX", "latitude": 40.82568, "longitude": -73.8899, "Authorization Date": "2/6/2014", "End Date": "7/8/2018" }, "geometry": { "type": "Point", "coordinates": [ -73.8899, 40.82568 ] } },
{ "type": "Feature", "properties": { "Record ID": 1267598, "store_name": "Samy Fish & Deli Inc.  ", "Store Type": "Convenience Store", "Street Number": "844", "Street Name": "Hunts Point Ave", "Additional Address": " ", "city": "Bronx", "state": "NY", "Zip Code": 10474, "Zip4": "5406", "County": "BRONX", "latitude": 40.8176, "longitude": -73.8885, "Authorization Date": "12/14/2016", "End Date": "9/3/2018" }, "geometry": { "type": "Point", "coordinates": [ -73.8885, 40.8176 ] } },
{ "type": "Feature", "properties": { "Record ID": 780523, "store_name": "SENECA GROCERY & DELI  ", "Store Type": "Medium Grocery Store", "Street Number": "1331", "Street Name": "Seneca Ave", "Additional Address": " ", "city": "Bronx", "state": "NY", "Zip Code": 10474, "Zip4": "4611", "County": "BRONX", "latitude": 40.81912, "longitude": -73.88621, "Authorization Date": "4/4/2006", "End Date": "7/15/2009" }, "geometry": { "type": "Point", "coordinates": [ -73.88621, 40.81912 ] } },
{ "type": "Feature", "properties": { "Record ID": 1001299, "store_name": "Sensacion Deli Grocery Corp  ", "Store Type": "Medium Grocery Store", "Street Number": "986", "Street Name": "Rogers Place", "Additional Address": " ", "city": "Bronx", "state": "NY", "Zip Code": 10459, "Zip4": " ", "County": "BRONX", "latitude": 40.82371, "longitude": -73.89759, "Authorization Date": "6/2/2011", "End Date": "11/6/2014" }, "geometry": { "type": "Point", "coordinates": [ -73.89759, 40.82371 ] } },
{ "type": "Feature", "properties": { "Record ID": 1008630, "store_name": "Serie 55 Supermarket Corp  ", "Store Type": "Convenience Store", "Street Number": "1000", "Street Name": "Longwood Ave", "Additional Address": " ", "city": "Bronx", "state": "NY", "Zip Code": 10459, "Zip4": "5169", "County": "BRONX", "latitude": 40.81684, "longitude": -73.89721, "Authorization Date": "6/8/2011", "End Date": "7/7/2016" }, "geometry": { "type": "Point", "coordinates": [ -73.89721, 40.81684 ] } },
{ "type": "Feature", "properties": { "Record ID": 822284, "store_name": "Seven Brothers Mini Market Corp  ", "Store Type": "Medium Grocery Store", "Street Number": "1000", "Street Name": "Hoe Ave", "Additional Address": " ", "city": "Bronx", "state": "NY", "Zip Code": 10459, "Zip4": " ", "County": "BRONX", "latitude": 40.82333, "longitude": -73.8904, "Authorization Date": "6/8/2007", "End Date": "8/1/2010" }, "geometry": { "type": "Point", "coordinates": [ -73.8904, 40.82333 ] } },
{ "type": "Feature", "properties": { "Record ID": 640005, "store_name": "SEVEN DAYS DELI AND GROCERY  ", "Store Type": "Small Grocery Store", "Street Number": "1083", "Street Name": "Southern Blvd", "Additional Address": " ", "city": "Bronx", "state": "NY", "Zip Code": 10459, "Zip4": "2417", "County": "BRONX", "latitude": 40.82559, "longitude": -73.89199, "Authorization Date": "9/30/2004", "End Date": "8/16/2005" }, "geometry": { "type": "Point", "coordinates": [ -73.89199, 40.82559 ] } },
{ "type": "Feature", "properties": { "Record ID": 945176, "store_name": "Simpson Deli and Grocery Inc  ", "Store Type": "Small Grocery Store", "Street Number": "1011", "Street Name": "E 163rd St", "Additional Address": " ", "city": "Bronx", "state": "NY", "Zip Code": 10459, "Zip4": "4308", "County": "BRONX", "latitude": 40.82103, "longitude": -73.89269, "Authorization Date": "4/19/2010", "End Date": "9/26/2013" }, "geometry": { "type": "Point", "coordinates": [ -73.89269, 40.82103 ] } },
{ "type": "Feature", "properties": { "Record ID": 779475, "store_name": "Simreen Packing Enterprises Inc  ", "Store Type": "Meat/Poultry Specialty", "Street Number": "1260", "Street Name": "Westchester Ave", "Additional Address": " ", "city": "Bronx", "state": "NY", "Zip Code": 10459, "Zip4": "2611", "County": "BRONX", "latitude": 40.827, "longitude": -73.88737, "Authorization Date": "2/20/2006", "End Date": "9/14/2008" }, "geometry": { "type": "Point", "coordinates": [ -73.88737, 40.827 ] } },
{ "type": "Feature", "properties": { "Record ID": 779475, "store_name": "Simreen Packing Enterprises Inc  ", "Store Type": "Meat/Poultry Specialty", "Street Number": "1260", "Street Name": "Westchester Ave", "Additional Address": " ", "city": "Bronx", "state": "NY", "Zip Code": 10459, "Zip4": "2611", "County": "BRONX", "latitude": 40.827, "longitude": -73.88737, "Authorization Date": "9/16/2008", "End Date": " " }, "geometry": { "type": "Point", "coordinates": [ -73.88737, 40.827 ] } },
{ "type": "Feature", "properties": { "Record ID": 569084, "store_name": "SK Fruit Market Corp  ", "Store Type": "Medium Grocery Store", "Street Number": "1057", "Street Name": "Southern Blvd", "Additional Address": null, "city": "Bronx", "state": "NY", "Zip Code": 10459, "Zip4": "2417", "County": "BRONX", "latitude": 40.82483, "longitude": -73.89213, "Authorization Date": "5/22/1990", "End Date": " " }, "geometry": { "type": "Point", "coordinates": [ -73.89213, 40.82483 ] } },
{ "type": "Feature", "properties": { "Record ID": 1386212, "store_name": "Skyline 1 Deli & Grocery Corp  ", "Store Type": "Convenience Store", "Street Number": "870", "Street Name": "Prospect Ave", "Additional Address": null, "city": "Bronx", "state": "NY", "Zip Code": 10459, "Zip4": "3926", "County": "BRONX", "latitude": 40.82028, "longitude": -73.90134, "Authorization Date": "2/10/2020", "End Date": "11/29/2024" }, "geometry": { "type": "Point", "coordinates": [ -73.90134, 40.82028 ] } },
{ "type": "Feature", "properties": { "Record ID": 1386212, "store_name": "Skyline 1 Deli & Grocery Corp  ", "Store Type": "Convenience Store", "Street Number": "870", "Street Name": "Prospect Ave", "Additional Address": null, "city": "Bronx", "state": "NY", "Zip Code": 10459, "Zip4": "3926", "County": "BRONX", "latitude": 40.82028, "longitude": -73.90134, "Authorization Date": "12/12/2024", "End Date": " " }, "geometry": { "type": "Point", "coordinates": [ -73.90134, 40.82028 ] } },
{ "type": "Feature", "properties": { "Record ID": 1527986, "store_name": "Son Sonateca Grocery Store Corp.  ", "Store Type": "Convenience Store", "Street Number": "945", "Street Name": "Aldus St", "Additional Address": null, "city": "Bronx", "state": "NY", "Zip Code": 10459, "Zip4": "3512", "County": "BRONX", "latitude": 40.8232, "longitude": -73.89144, "Authorization Date": "1/19/2023", "End Date": " " }, "geometry": { "type": "Point", "coordinates": [ -73.89144, 40.8232 ] } },
{ "type": "Feature", "properties": { "Record ID": 978987, "store_name": "South Bronx Mini Market  ", "Store Type": "Large Grocery Store", "Street Number": "945", "Street Name": "East 163rd Street", "Additional Address": " ", "city": "Bronx", "state": "NY", "Zip Code": 10459, "Zip4": "4219", "County": "BRONX", "latitude": 40.82102, "longitude": -73.89617, "Authorization Date": "3/29/2011", "End Date": "12/8/2013" }, "geometry": { "type": "Point", "coordinates": [ -73.89617, 40.82102 ] } },
{ "type": "Feature", "properties": { "Record ID": 738579, "store_name": "Southern Blvd Deli  ", "Store Type": "Small Grocery Store", "Street Number": "901", "Street Name": "Southern Blvd", "Additional Address": " ", "city": "Bronx", "state": "NY", "Zip Code": 10459, "Zip4": "4507", "County": "BRONX", "latitude": 40.81951, "longitude": -73.89297, "Authorization Date": "12/30/2004", "End Date": "11/15/2006" }, "geometry": { "type": "Point", "coordinates": [ -73.89297, 40.81951 ] } },
{ "type": "Feature", "properties": { "Record ID": 1242591, "store_name": "Southern Blvd Meat Market Corp./Sagal Food  ", "Store Type": "Large Grocery Store", "Street Number": "1087", "Street Name": "Southern Blvd", "Additional Address": " ", "city": "Bronx", "state": "NY", "Zip Code": 10459, "Zip4": "2417", "County": "BRONX", "latitude": 40.82586, "longitude": -73.89198, "Authorization Date": "3/31/2016", "End Date": " " }, "geometry": { "type": "Point", "coordinates": [ -73.89198, 40.82586 ] } },
{ "type": "Feature", "properties": { "Record ID": 1507206, "store_name": "Southern Boulevard Gourmet Deli And Smoke Shop Cor  ", "Store Type": "Convenience Store", "Street Number": "1007", "Street Name": "Southern Blvd", "Additional Address": null, "city": "Bronx", "state": "NY", "Zip Code": 10459, "Zip4": "3429", "County": "BRONX", "latitude": 40.82304, "longitude": -73.89198, "Authorization Date": "9/13/2022", "End Date": "11/18/2024" }, "geometry": { "type": "Point", "coordinates": [ -73.89198, 40.82304 ] } },
{ "type": "Feature", "properties": { "Record ID": 882683, "store_name": "Southern Deli Grocery  ", "Store Type": "Medium Grocery Store", "Street Number": "596", "Street Name": "Southern Blvd", "Additional Address": " ", "city": "Bronx", "state": "NY", "Zip Code": 10455, "Zip4": "3715", "County": "BRONX", "latitude": 40.81258, "longitude": -73.90244, "Authorization Date": "3/16/2009", "End Date": "4/14/2015" }, "geometry": { "type": "Point", "coordinates": [ -73.90244, 40.81258 ] } },
{ "type": "Feature", "properties": { "Record ID": 287226, "store_name": "SOUTHERN DELI-GROCERY  ", "Store Type": "Convenience Store", "Street Number": "543", "Street Name": "Southern Blvd", "Additional Address": " ", "city": "Bronx", "state": "NY", "Zip Code": 10455, "Zip4": "3762", "County": "BRONX", "latitude": 40.81226, "longitude": -73.90388, "Authorization Date": "5/20/1999", "End Date": "1/7/2007" }, "geometry": { "type": "Point", "coordinates": [ -73.90388, 40.81226 ] } },
{ "type": "Feature", "properties": { "Record ID": 1331112, "store_name": "Southern Familygourmet Deli Corp  ", "Store Type": "Convenience Store", "Street Number": "860", "Street Name": "Southern Blvd", "Additional Address": " ", "city": "Bronx", "state": "NY", "Zip Code": 10459, "Zip4": "5257", "County": "BRONX", "latitude": 40.81792, "longitude": -73.89451, "Authorization Date": "10/1/2018", "End Date": "5/24/2021" }, "geometry": { "type": "Point", "coordinates": [ -73.89451, 40.81792 ] } },
{ "type": "Feature", "properties": { "Record ID": 1126278, "store_name": "Southern Fish Market  ", "Store Type": "Combination Grocery/Other", "Street Number": "1037", "Street Name": "E 163rd St", "Additional Address": " ", "city": "Bronx", "state": "NY", "Zip Code": 10459, "Zip4": "4510", "County": "BRONX", "latitude": 40.82103, "longitude": -73.8914, "Authorization Date": "2/6/2014", "End Date": "8/27/2025" }, "geometry": { "type": "Point", "coordinates": [ -73.8914, 40.82103 ] } },
{ "type": "Feature", "properties": { "Record ID": 586323, "store_name": "SOUTHERN FISH MARKET INC  ", "Store Type": "Combination Grocery/Other", "Street Number": "1037", "Street Name": "E 163rd St", "Additional Address": " ", "city": "Bronx", "state": "NY", "Zip Code": 10459, "Zip4": "4510", "County": "BRONX", "latitude": 40.82105, "longitude": -73.89146, "Authorization Date": "8/13/1992", "End Date": "1/7/2014" }, "geometry": { "type": "Point", "coordinates": [ -73.89146, 40.82105 ] } },
{ "type": "Feature", "properties": { "Record ID": 1297830, "store_name": "Spofford Ave Deli Grocery Corp.  ", "Store Type": "Convenience Store", "Street Number": "706", "Street Name": "Faile St", "Additional Address": " ", "city": "Bronx", "state": "NY", "Zip Code": 10474, "Zip4": "5904", "County": "BRONX", "latitude": 40.81478, "longitude": -73.88652, "Authorization Date": "9/13/2017", "End Date": "9/16/2020" }, "geometry": { "type": "Point", "coordinates": [ -73.88652, 40.81478 ] } },
{ "type": "Feature", "properties": { "Record ID": 1430654, "store_name": "St. John Market Inc.  ", "Store Type": "Convenience Store", "Street Number": "639", "Street Name": "Southern Blvd", "Additional Address": null, "city": "Bronx", "state": "NY", "Zip Code": 10455, "Zip4": "3602", "County": "BRONX", "latitude": 40.81314, "longitude": -73.90113, "Authorization Date": "3/22/2021", "End Date": "12/13/2023" }, "geometry": { "type": "Point", "coordinates": [ -73.90113, 40.81314 ] } },
{ "type": "Feature", "properties": { "Record ID": 309504, "store_name": "STEPHANIE GROCERY STORE  ", "Store Type": "Small Grocery Store", "Street Number": "699", "Street Name": "BECK ST", "Additional Address": " ", "city": "BRONX", "state": "NY", "Zip Code": 10455, "Zip4": " ", "County": "BRONX", "latitude": 40.81502, "longitude": -73.90044, "Authorization Date": "4/2/1996", "End Date": "8/2/2006" }, "geometry": { "type": "Point", "coordinates": [ -73.90044, 40.81502 ] } },
{ "type": "Feature", "properties": { "Record ID": 269449, "store_name": "SUPERIOR MARKET  ", "Store Type": "Convenience Store", "Street Number": "1000", "Street Name": "Longwood Ave", "Additional Address": " ", "city": "Bronx", "state": "NY", "Zip Code": 10459, "Zip4": "5169", "County": "BRONX", "latitude": 40.81684, "longitude": -73.89721, "Authorization Date": "5/5/1998", "End Date": "6/7/2011" }, "geometry": { "type": "Point", "coordinates": [ -73.89721, 40.81684 ] } },
{ "type": "Feature", "properties": { "Record ID": 885145, "store_name": "Sweet Deli & Grocery  ", "Store Type": "Convenience Store", "Street Number": "956", "Street Name": "Intervale Ave", "Additional Address": " ", "city": "Bronx", "state": "NY", "Zip Code": 10459, "Zip4": " ", "County": "BRONX", "latitude": 40.8217, "longitude": -73.89684, "Authorization Date": "3/3/2009", "End Date": "9/29/2014" }, "geometry": { "type": "Point", "coordinates": [ -73.89684, 40.8217 ] } },
{ "type": "Feature", "properties": { "Record ID": 885145, "store_name": "Sweet Deli & Grocery  ", "Store Type": "Convenience Store", "Street Number": "956", "Street Name": "Intervale Ave", "Additional Address": " ", "city": "Bronx", "state": "NY", "Zip Code": 10459, "Zip4": " ", "County": "BRONX", "latitude": 40.8217, "longitude": -73.89684, "Authorization Date": "3/18/2015", "End Date": "11/22/2019" }, "geometry": { "type": "Point", "coordinates": [ -73.89684, 40.8217 ] } },
{ "type": "Feature", "properties": { "Record ID": 1497635, "store_name": "Sweet Grocery & Candy Corp  ", "Store Type": "Small Grocery Store", "Street Number": "956", "Street Name": "Intervale Ave", "Additional Address": null, "city": "Bronx", "state": "NY", "Zip Code": 10459, "Zip4": "3116", "County": "BRONX", "latitude": 40.82167, "longitude": -73.8967, "Authorization Date": "6/15/2022", "End Date": " " }, "geometry": { "type": "Point", "coordinates": [ -73.8967, 40.82167 ] } },
{ "type": "Feature", "properties": { "Record ID": 600202, "store_name": "TALNYS GROCERY & DELI  ", "Store Type": "Small Grocery Store", "Street Number": "976", "Street Name": "Longwood Ave", "Additional Address": " ", "city": "Bronx", "state": "NY", "Zip Code": 10459, "Zip4": "5008", "County": "BRONX", "latitude": 40.81721, "longitude": -73.89786, "Authorization Date": "9/24/1998", "End Date": "9/19/2005" }, "geometry": { "type": "Point", "coordinates": [ -73.89786, 40.81721 ] } },
{ "type": "Feature", "properties": { "Record ID": 415625, "store_name": "TENARES DELI GROCERY  ", "Store Type": "Small Grocery Store", "Street Number": "869", "Street Name": "Longwood Ave", "Additional Address": " ", "city": "Bronx", "state": "NY", "Zip Code": 10459, "Zip4": "4000", "County": "BRONX", "latitude": 40.81887, "longitude": -73.90038, "Authorization Date": "3/30/2004", "End Date": "9/28/2005" }, "geometry": { "type": "Point", "coordinates": [ -73.90038, 40.81887 ] } },
{ "type": "Feature", "properties": { "Record ID": 1096722, "store_name": "Timoteo Ballinas Green Cart  ", "Store Type": "Fruits/Veg Specialty", "Street Number": "992", "Street Name": "Southern Blvd", "Additional Address": " ", "city": "Bronx", "state": "NY", "Zip Code": 10459, "Zip4": " ", "County": "BRONX", "latitude": 40.82277, "longitude": -73.89172, "Authorization Date": "5/21/2013", "End Date": "5/5/2015" }, "geometry": { "type": "Point", "coordinates": [ -73.89172, 40.82277 ] } },
{ "type": "Feature", "properties": { "Record ID": 1585731, "store_name": "Tims Gourmet Corp  ", "Store Type": "Convenience Store", "Street Number": "901", "Street Name": "Southern Blvd", "Additional Address": null, "city": "Bronx", "state": "NY", "Zip Code": 10459, "Zip4": "4560", "County": "BRONX", "latitude": 40.81966, "longitude": -73.89302, "Authorization Date": "5/10/2024", "End Date": "5/20/2025" }, "geometry": { "type": "Point", "coordinates": [ -73.89302, 40.81966 ] } },
{ "type": "Feature", "properties": { "Record ID": 1121711, "store_name": "Today Express Deli Inc  ", "Store Type": "Convenience Store", "Street Number": "1951", "Street Name": "Southern Blvd", "Additional Address": " ", "city": "Bronx", "state": "NY", "Zip Code": 10459, "Zip4": " ", "County": "BRONX", "latitude": 40.82382, "longitude": -73.89185, "Authorization Date": "1/6/2014", "End Date": "5/5/2015" }, "geometry": { "type": "Point", "coordinates": [ -73.89185, 40.82382 ] } },
{ "type": "Feature", "properties": { "Record ID": 745808, "store_name": "Toledo Grocery Store Inc  ", "Store Type": "Convenience Store", "Street Number": "670", "Street Name": "Barretto St", "Additional Address": " ", "city": "Bronx", "state": "NY", "Zip Code": 10474, "Zip4": " ", "County": "BRONX", "latitude": 40.81381, "longitude": -73.88914, "Authorization Date": "3/17/2005", "End Date": "2/25/2020" }, "geometry": { "type": "Point", "coordinates": [ -73.88914, 40.81381 ] } },
{ "type": "Feature", "properties": { "Record ID": 1486958, "store_name": "Top Fruits And Vegetables Corp  ", "Store Type": "Convenience Store", "Street Number": "1057A", "Street Name": "Southern Blvd", "Additional Address": null, "city": "Bronx", "state": "NY", "Zip Code": 10459, "Zip4": "2417", "County": "BRONX", "latitude": 40.82471, "longitude": -73.89201, "Authorization Date": "3/10/2022", "End Date": "12/8/2023" }, "geometry": { "type": "Point", "coordinates": [ -73.89201, 40.82471 ] } },
{ "type": "Feature", "properties": { "Record ID": 1057810, "store_name": "Top Quality Deli Grocery Inc  ", "Store Type": "Convenience Store", "Street Number": "1019", "Street Name": "Simpson St", "Additional Address": " ", "city": "Bronx", "state": "NY", "Zip Code": 10459, "Zip4": "3353", "County": "BRONX", "latitude": 40.82226, "longitude": -73.89296, "Authorization Date": "5/29/2012", "End Date": "7/16/2015" }, "geometry": { "type": "Point", "coordinates": [ -73.89296, 40.82226 ] } },
{ "type": "Feature", "properties": { "Record ID": 328442, "store_name": "TOPLINE DELI GROCERY INC  ", "Store Type": "Small Grocery Store", "Street Number": "1011", "Street Name": "E 163rd St", "Additional Address": " ", "city": "Bronx", "state": "NY", "Zip Code": 10459, "Zip4": "4308", "County": "BRONX", "latitude": 40.82103, "longitude": -73.89269, "Authorization Date": "1/10/2002", "End Date": "9/7/2011" }, "geometry": { "type": "Point", "coordinates": [ -73.89269, 40.82103 ] } },
{ "type": "Feature", "properties": { "Record ID": 883637, "store_name": "Torres Food Market Inc  ", "Store Type": "Convenience Store", "Street Number": "831", "Street Name": "Dawson St", "Additional Address": " ", "city": "Bronx", "state": "NY", "Zip Code": 10459, "Zip4": "4112", "County": "BRONX", "latitude": 40.81867, "longitude": -73.89883, "Authorization Date": "3/13/2009", "End Date": "12/12/2013" }, "geometry": { "type": "Point", "coordinates": [ -73.89883, 40.81867 ] } },
{ "type": "Feature", "properties": { "Record ID": 307824, "store_name": "TORRES FRUIT'S VEGETABLES STAND  ", "Store Type": "Fruits/Veg Specialty", "Street Number": "916", "Street Name": "Hunts Point Ave", "Additional Address": " ", "city": "Bronx", "state": "NY", "Zip Code": 10474, "Zip4": "5403", "County": "BRONX", "latitude": 40.81952, "longitude": -73.88972, "Authorization Date": "3/20/1996", "End Date": "12/17/2007" }, "geometry": { "type": "Point", "coordinates": [ -73.88972, 40.81952 ] } },
{ "type": "Feature", "properties": { "Record ID": 650571, "store_name": "TORRES MEAT & GROCERY, INC  ", "Store Type": "Medium Grocery Store", "Street Number": "950", "Street Name": "Longwood Ave", "Additional Address": " ", "city": "Bronx", "state": "NY", "Zip Code": 10459, "Zip4": "5008", "County": "BRONX", "latitude": 40.81764, "longitude": -73.89854, "Authorization Date": "10/17/2000", "End Date": "7/26/2015" }, "geometry": { "type": "Point", "coordinates": [ -73.89854, 40.81764 ] } },
{ "type": "Feature", "properties": { "Record ID": 447371, "store_name": "TRI-CORNERS GROCER STOE CORP  ", "Store Type": "Medium Grocery Store", "Street Number": "908", "Street Name": "E 163rd St", "Additional Address": " ", "city": "Bronx", "state": "NY", "Zip Code": 10459, "Zip4": "4154", "County": "BRONX", "latitude": 40.82095, "longitude": -73.8979, "Authorization Date": "4/1/2003", "End Date": "1/12/2011" }, "geometry": { "type": "Point", "coordinates": [ -73.8979, 40.82095 ] } },
{ "type": "Feature", "properties": { "Record ID": 910323, "store_name": "Troncoso Deli Grocery Corp  ", "Store Type": "Small Grocery Store", "Street Number": "590", "Street Name": "Southern Blvd", "Additional Address": "Frnt 1", "city": "Bronx", "state": "NY", "Zip Code": 10455, "Zip4": "3735", "County": "BRONX", "latitude": 40.81277, "longitude": -73.90179, "Authorization Date": "9/14/2009", "End Date": "12/27/2016" }, "geometry": { "type": "Point", "coordinates": [ -73.90179, 40.81277 ] } },
{ "type": "Feature", "properties": { "Record ID": 851450, "store_name": "Turca Grocery Corp. N/A", "Store Type": "Convenience Store", "Street Number": "1142", "Street Name": "E 165th St", "Additional Address": null, "city": "Bronx", "state": "NY", "Zip Code": 10459, "Zip4": "2630", "County": "BRONX", "latitude": 40.82514, "longitude": -73.88747, "Authorization Date": "5/12/2008", "End Date": "12/29/2019" }, "geometry": { "type": "Point", "coordinates": [ -73.88747, 40.82514 ] } },
{ "type": "Feature", "properties": { "Record ID": 851450, "store_name": "Turca Grocery Corp. N/A", "Store Type": "Convenience Store", "Street Number": "1142", "Street Name": "E 165th St", "Additional Address": null, "city": "Bronx", "state": "NY", "Zip Code": 10459, "Zip4": "2630", "County": "BRONX", "latitude": 40.82514, "longitude": -73.88747, "Authorization Date": "4/22/2021", "End Date": "8/28/2022" }, "geometry": { "type": "Point", "coordinates": [ -73.88747, 40.82514 ] } },
{ "type": "Feature", "properties": { "Record ID": 236945, "store_name": "TWIN DELI II INC  ", "Store Type": "Medium Grocery Store", "Street Number": "1007", "Street Name": "E 163rd St", "Additional Address": " ", "city": "Bronx", "state": "NY", "Zip Code": 10459, "Zip4": "4336", "County": "BRONX", "latitude": 40.82103, "longitude": -73.89288, "Authorization Date": "3/6/1998", "End Date": "9/13/2016" }, "geometry": { "type": "Point", "coordinates": [ -73.89288, 40.82103 ] } },
{ "type": "Feature", "properties": { "Record ID": 1093302, "store_name": "Ubaldo Guerrero Dba Mexicano Deli  ", "Store Type": "Convenience Store", "Street Number": "1302", "Street Name": "Lafayette Ave", "Additional Address": " ", "city": "Bronx", "state": "NY", "Zip Code": 10474, "Zip4": "7202", "County": "BRONX", "latitude": 40.81676, "longitude": -73.88694, "Authorization Date": "3/13/2013", "End Date": "3/16/2018" }, "geometry": { "type": "Point", "coordinates": [ -73.88694, 40.81676 ] } },
{ "type": "Feature", "properties": { "Record ID": 1608073, "store_name": "Ulises's Butcher Shop  ", "Store Type": "Medium Grocery Store", "Street Number": "956", "Street Name": "Longwood Ave", "Additional Address": null, "city": "Bronx", "state": "NY", "Zip Code": 10459, "Zip4": "5008", "County": "BRONX", "latitude": 40.81744, "longitude": -73.89841, "Authorization Date": "8/21/2024", "End Date": " " }, "geometry": { "type": "Point", "coordinates": [ -73.89841, 40.81744 ] } },
{ "type": "Feature", "properties": { "Record ID": 1081722, "store_name": "V & V Deli Corp  ", "Store Type": "Medium Grocery Store", "Street Number": "699", "Street Name": "Beck St", "Additional Address": " ", "city": "Bronx", "state": "NY", "Zip Code": 10455, "Zip4": "3421", "County": "BRONX", "latitude": 40.81502, "longitude": -73.90044, "Authorization Date": "5/9/2013", "End Date": "5/16/2016" }, "geometry": { "type": "Point", "coordinates": [ -73.90044, 40.81502 ] } },
{ "type": "Feature", "properties": { "Record ID": 1246090, "store_name": "V & V Deli Corp  ", "Store Type": "Small Grocery Store", "Street Number": "699", "Street Name": "Beck St", "Additional Address": " ", "city": "Bronx", "state": "NY", "Zip Code": 10455, "Zip4": "3421", "County": "BRONX", "latitude": 40.81502, "longitude": -73.90044, "Authorization Date": "8/16/2016", "End Date": "9/19/2018" }, "geometry": { "type": "Point", "coordinates": [ -73.90044, 40.81502 ] } },
{ "type": "Feature", "properties": { "Record ID": 945714, "store_name": "Valencia Bakery  ", "Store Type": "Bakery Specialty", "Street Number": "801", "Street Name": "Edgewater Rd", "Additional Address": " ", "city": "Bronx", "state": "NY", "Zip Code": 10474, "Zip4": "4995", "County": "BRONX", "latitude": 40.81737, "longitude": -73.88345, "Authorization Date": "5/28/2010", "End Date": "4/27/2020" }, "geometry": { "type": "Point", "coordinates": [ -73.88345, 40.81737 ] } },
{ "type": "Feature", "properties": { "Record ID": 1473109, "store_name": "Valencia Bakery 1", "Store Type": "Convenience Store", "Street Number": "801", "Street Name": "Edgewater Rd", "Additional Address": null, "city": "Bronx", "state": "NY", "Zip Code": 10474, "Zip4": "4995", "County": "BRONX", "latitude": 40.81753, "longitude": -73.88358, "Authorization Date": "11/18/2021", "End Date": "9/23/2024" }, "geometry": { "type": "Point", "coordinates": [ -73.88358, 40.81753 ] } },
{ "type": "Feature", "properties": { "Record ID": 1473109, "store_name": "Valencia Bakery 1", "Store Type": "Convenience Store", "Street Number": "801", "Street Name": "Edgewater Rd", "Additional Address": null, "city": "Bronx", "state": "NY", "Zip Code": 10474, "Zip4": "4995", "County": "BRONX", "latitude": 40.81753, "longitude": -73.88358, "Authorization Date": "10/7/2024", "End Date": " " }, "geometry": { "type": "Point", "coordinates": [ -73.88358, 40.81753 ] } },
{ "type": "Feature", "properties": { "Record ID": 1154750, "store_name": "Vegetable Fruit & Fish Market Inc  ", "Store Type": "Medium Grocery Store", "Street Number": "1264", "Street Name": "Westchester Ave", "Additional Address": " ", "city": "Bronx", "state": "NY", "Zip Code": 10459, "Zip4": "2611", "County": "BRONX", "latitude": 40.82701, "longitude": -73.88737, "Authorization Date": "11/6/2014", "End Date": " " }, "geometry": { "type": "Point", "coordinates": [ -73.88737, 40.82701 ] } },
{ "type": "Feature", "properties": { "Record ID": 1127739, "store_name": "Victor Mini Market Inc.  ", "Store Type": "Small Grocery Store", "Street Number": "945", "Street Name": "E 163rd St", "Additional Address": "Frnt 4", "city": "Bronx", "state": "NY", "Zip Code": 10459, "Zip4": "4219", "County": "BRONX", "latitude": 40.82102, "longitude": -73.89617, "Authorization Date": "2/5/2014", "End Date": "8/24/2015" }, "geometry": { "type": "Point", "coordinates": [ -73.89617, 40.82102 ] } },
{ "type": "Feature", "properties": { "Record ID": 1068924, "store_name": "Villa Tapia Deli Grocery Corp  ", "Store Type": "Small Grocery Store", "Street Number": "663", "Street Name": "Dawson Ave", "Additional Address": "aka 665 Dawson Ave", "city": "Bronx", "state": "NY", "Zip Code": 10455, "Zip4": "2414", "County": "BRONX", "latitude": 40.81638, "longitude": -73.90264, "Authorization Date": "9/25/2012", "End Date": "11/9/2014" }, "geometry": { "type": "Point", "coordinates": [ -73.90264, 40.81638 ] } },
{ "type": "Feature", "properties": { "Record ID": 1119730, "store_name": "VR Vegetable N Grocery  ", "Store Type": "Small Grocery Store", "Street Number": "928", "Street Name": "Southern Blvd", "Additional Address": " ", "city": "Bronx", "state": "NY", "Zip Code": 10459, "Zip4": "4506", "County": "BRONX", "latitude": 40.82015, "longitude": -73.89225, "Authorization Date": "1/28/2014", "End Date": "9/26/2016" }, "geometry": { "type": "Point", "coordinates": [ -73.89225, 40.82015 ] } },
{ "type": "Feature", "properties": { "Record ID": 248582, "store_name": "W E GROCERY INC  ", "Store Type": "Small Grocery Store", "Street Number": "1017", "Street Name": "Leggett Ave", "Additional Address": " ", "city": "Bronx", "state": "NY", "Zip Code": 10455, "Zip4": "2012", "County": "BRONX", "latitude": 40.81403, "longitude": -73.89951, "Authorization Date": "6/13/2002", "End Date": "8/27/2012" }, "geometry": { "type": "Point", "coordinates": [ -73.89951, 40.81403 ] } },
{ "type": "Feature", "properties": { "Record ID": 248582, "store_name": "W E GROCERY INC  ", "Store Type": "Small Grocery Store", "Street Number": "1017", "Street Name": "Leggett Ave", "Additional Address": " ", "city": "Bronx", "state": "NY", "Zip Code": 10455, "Zip4": "2012", "County": "BRONX", "latitude": 40.81403, "longitude": -73.89951, "Authorization Date": "8/29/2012", "End Date": "1/27/2014" }, "geometry": { "type": "Point", "coordinates": [ -73.89951, 40.81403 ] } },
{ "type": "Feature", "properties": { "Record ID": 1057430, "store_name": "Walgreens 10911", "Store Type": "Combination Grocery/Other", "Street Number": "1041", "Street Name": "Westchester Ave", "Additional Address": " ", "city": "Bronx", "state": "NY", "Zip Code": 10459, "Zip4": "2416", "County": "BRONX", "latitude": 40.82429, "longitude": -73.89278, "Authorization Date": "5/2/2012", "End Date": "8/26/2020" }, "geometry": { "type": "Point", "coordinates": [ -73.89278, 40.82429 ] } },
{ "type": "Feature", "properties": { "Record ID": 650358, "store_name": "WASEEM GROCERY STORE  ", "Store Type": "Small Grocery Store", "Street Number": "1103", "Street Name": "Intervale Ave", "Additional Address": " ", "city": "Bronx", "state": "NY", "Zip Code": 10459, "Zip4": "2301", "County": "BRONX", "latitude": 40.82616, "longitude": -73.89718, "Authorization Date": "1/16/2003", "End Date": "11/25/2012" }, "geometry": { "type": "Point", "coordinates": [ -73.89718, 40.82616 ] } },
{ "type": "Feature", "properties": { "Record ID": 901135, "store_name": "Westchester Ave Grocery Corp  ", "Store Type": "Small Grocery Store", "Street Number": "957", "Street Name": "Westchester Ave", "Additional Address": " ", "city": "Bronx", "state": "NY", "Zip Code": 10459, "Zip4": "3106", "County": "BRONX", "latitude": 40.82261, "longitude": -73.89603, "Authorization Date": "6/24/2009", "End Date": "3/3/2010" }, "geometry": { "type": "Point", "coordinates": [ -73.89603, 40.82261 ] } },
{ "type": "Feature", "properties": { "Record ID": 875030, "store_name": "WESTCHESTER AVENUE DELI GROCERY CORP.  ", "Store Type": "Small Grocery Store", "Street Number": "1126", "Street Name": "Westchester Ave", "Additional Address": " ", "city": "Bronx", "state": "NY", "Zip Code": 10459, "Zip4": "2505", "County": "BRONX", "latitude": 40.82568, "longitude": -73.8899, "Authorization Date": "12/22/2008", "End Date": "1/23/2011" }, "geometry": { "type": "Point", "coordinates": [ -73.8899, 40.82568 ] } },
{ "type": "Feature", "properties": { "Record ID": 864045, "store_name": "Westchester Gourmet Deli Corp  ", "Store Type": "Convenience Store", "Street Number": "1106", "Street Name": "Westchester Ave", "Additional Address": " ", "city": "Bronx", "state": "NY", "Zip Code": 10459, "Zip4": "2505", "County": "BRONX", "latitude": 40.8253, "longitude": -73.89054, "Authorization Date": "9/3/2008", "End Date": "10/21/2009" }, "geometry": { "type": "Point", "coordinates": [ -73.89054, 40.8253 ] } },
{ "type": "Feature", "properties": { "Record ID": 1469642, "store_name": "Westchester Grocery Corp  ", "Store Type": "Convenience Store", "Street Number": "987", "Street Name": "Westchester Ave", "Additional Address": null, "city": "Bronx", "state": "NY", "Zip Code": 10459, "Zip4": "3399", "County": "BRONX", "latitude": 40.82359, "longitude": -73.89437, "Authorization Date": "12/21/2021", "End Date": "5/15/2023" }, "geometry": { "type": "Point", "coordinates": [ -73.89437, 40.82359 ] } },
{ "type": "Feature", "properties": { "Record ID": 1469642, "store_name": "Westchester Grocery Corp  ", "Store Type": "Convenience Store", "Street Number": "987", "Street Name": "Westchester Ave", "Additional Address": null, "city": "Bronx", "state": "NY", "Zip Code": 10459, "Zip4": "3399", "County": "BRONX", "latitude": 40.82359, "longitude": -73.89437, "Authorization Date": "5/18/2023", "End Date": " " }, "geometry": { "type": "Point", "coordinates": [ -73.89437, 40.82359 ] } },
{ "type": "Feature", "properties": { "Record ID": 1379685, "store_name": "Willys Grocery Store Inc  ", "Store Type": "Convenience Store", "Street Number": "699", "Street Name": "Beck St", "Additional Address": " ", "city": "Bronx", "state": "NY", "Zip Code": 10455, "Zip4": "3421", "County": "BRONX", "latitude": 40.81505, "longitude": -73.90033, "Authorization Date": "1/2/2020", "End Date": "9/10/2024" }, "geometry": { "type": "Point", "coordinates": [ -73.90033, 40.81505 ] } },
{ "type": "Feature", "properties": { "Record ID": 1604701, "store_name": "Willys Grocery Store Inc  ", "Store Type": "Convenience Store", "Street Number": "699", "Street Name": "Beck St", "Additional Address": " ", "city": "Bronx", "state": "NY", "Zip Code": 10455, "Zip4": "3421", "County": "BRONX", "latitude": 40.81513, "longitude": -73.90035, "Authorization Date": "6/20/2024", "End Date": "11/18/2024" }, "geometry": { "type": "Point", "coordinates": [ -73.90035, 40.81513 ] } },
{ "type": "Feature", "properties": { "Record ID": 1640862, "store_name": "Yadiel Grocery Store Corp  ", "Store Type": "Small Grocery Store", "Street Number": "670", "Street Name": "Barretto St", "Additional Address": null, "city": "Bronx", "state": "NY", "Zip Code": 10474, "Zip4": "6343", "County": "BRONX", "latitude": 40.81393, "longitude": -73.88908, "Authorization Date": "5/21/2025", "End Date": " " }, "geometry": { "type": "Point", "coordinates": [ -73.88908, 40.81393 ] } },
{ "type": "Feature", "properties": { "Record ID": 826152, "store_name": "Yaritsa Deli Grocery  ", "Store Type": "Small Grocery Store", "Street Number": "871", "Street Name": "Longwood Ave", "Additional Address": " ", "city": "Bronx", "state": "NY", "Zip Code": 10459, "Zip4": " ", "County": "BRONX", "latitude": 40.81902, "longitude": -73.90069, "Authorization Date": "8/21/2007", "End Date": "3/17/2010" }, "geometry": { "type": "Point", "coordinates": [ -73.90069, 40.81902 ] } },
{ "type": "Feature", "properties": { "Record ID": 1602487, "store_name": "Yedelin Deli & Grocery 3 Corp  ", "Store Type": "Convenience Store", "Street Number": "900", "Street Name": "Hoe Ave", "Additional Address": null, "city": "Bronx", "state": "NY", "Zip Code": 10459, "Zip4": "3657", "County": "BRONX", "latitude": 40.82156, "longitude": -73.89015, "Authorization Date": "9/16/2024", "End Date": " " }, "geometry": { "type": "Point", "coordinates": [ -73.89015, 40.82156 ] } },
{ "type": "Feature", "properties": { "Record ID": 989031, "store_name": "Zaiad Deli &Grocery Inc  ", "Store Type": "Small Grocery Store", "Street Number": "1126", "Street Name": "Westchester Ave", "Additional Address": " ", "city": "Bronx", "state": "NY", "Zip Code": 10459, "Zip4": "2505", "County": "BRONX", "latitude": 40.82568, "longitude": -73.8899, "Authorization Date": "2/11/2011", "End Date": "3/16/2014" }, "geometry": { "type": "Point", "coordinates": [ -73.8899, 40.82568 ] } },
{ "type": "Feature", "properties": { "Record ID": 1223726, "store_name": "Ze Food Inc  ", "Store Type": "Convenience Store", "Street Number": "551", "Street Name": "Southern Blvd", "Additional Address": " ", "city": "Bronx", "state": "NY", "Zip Code": 10455, "Zip4": "3733", "County": "BRONX", "latitude": 40.81233, "longitude": -73.90354, "Authorization Date": "2/25/2016", "End Date": "9/26/2018" }, "geometry": { "type": "Point", "coordinates": [ -73.90354, 40.81233 ] } },
{ "type": "Feature", "properties": { "Record ID": 1111341, "store_name": "Westcher Avenue Grocery & Deli  ", "Store Type": "Medium Grocery Store", "Street Number": "1294", "Street Name": "Westchester Avenue", "Additional Address": " ", "city": "Bronx", "state": "NY", "Zip Code": 10804, "Zip4": " ", "County": "WESTCHESTER", "latitude": 40.82734, "longitude": -73.88667, "Authorization Date": "9/13/2013", "End Date": "12/9/2014" }, "geometry": { "type": "Point", "coordinates": [ -73.88667, 40.82734 ] } }
]
}
