lever,store,theta,lever_fraction,cost,dcs_total,dcs_low,dcs_mid,dcs_high,low_income_share,dp_per_basket,dcs_total_observed_Q,entry_gain_not_identified,cost_spec,rent_plus_tax,affordability_payment,kappa_j,predicted_sales,R_j,share_of_cd2_spending
FRESH tax break,Key Food,0.25,0.0,0,0,0,0,0,,0.0,0.0,,,,,,,,
Rent subsidy,Key Food,0.25,0.0,0,0,0,0,0,,0.0,0.0,,,,,,,,
FRESH tax break,Key Food,0.25,0.05,4495,1124,360,227,537,0.32,0.0035,839.1183,,,,,,,,
Rent subsidy,Key Food,0.25,0.05,11804,2952,946,596,1410,0.32,0.0091,2203.9494,,,,,,,,
FRESH tax break,Key Food,0.25,0.1,8990,2248,720,454,1074,0.32,0.007,1678.4076,,,,,,,,
Rent subsidy,Key Food,0.25,0.1,23609,5906,1893,1193,2820,0.321,0.0183,4409.0782,,,,,,,,
FRESH tax break,Key Food,0.25,0.15,13485,3373,1081,681,1611,0.32,0.0104,2517.8678,,,,,,,,
Rent subsidy,Key Food,0.25,0.15,35413,8863,2841,1790,4231,0.321,0.0274,6615.387,,,,,,,,
FRESH tax break,Key Food,0.25,0.2,17980,4498,1441,908,2148,0.32,0.0139,3357.4991,,,,,,,,
Rent subsidy,Key Food,0.25,0.2,47218,11821,3791,2387,5643,0.321,0.0365,8822.8767,,,,,,,,
FRESH tax break,Key Food,0.25,0.25,22475,5623,1802,1136,2685,0.32,0.0174,4197.3014,,,,,,,,
Rent subsidy,Key Food,0.25,0.25,59022,14782,4742,2985,7055,0.321,0.0456,11031.5482,,,,,,,,
FRESH tax break,Key Food,0.25,0.3,26970,6748,2163,1363,3222,0.321,0.0209,5037.2749,,,,,,,,
Rent subsidy,Key Food,0.25,0.3,70826,17745,5695,3583,8467,0.321,0.0548,13241.4021,,,,,,,,
FRESH tax break,Key Food,0.25,0.35,31466,7874,2524,1590,3759,0.321,0.0243,5877.4195,,,,,,,,
Rent subsidy,Key Food,0.25,0.35,82631,20710,6648,4181,9880,0.321,0.0639,15452.4393,,,,,,,,
FRESH tax break,Key Food,0.25,0.4,35961,9000,2885,1818,4297,0.321,0.0278,6717.7353,,,,,,,,
Rent subsidy,Key Food,0.25,0.4,94435,23677,7603,4780,11294,0.321,0.073,17664.6606,,,,,,,,
FRESH tax break,Key Food,0.25,0.45,40456,10126,3247,2045,4834,0.321,0.0313,7558.2223,,,,,,,,
Rent subsidy,Key Food,0.25,0.45,106240,26646,8559,5379,12708,0.321,0.0822,19878.0668,,,,,,,,
FRESH tax break,Key Food,0.25,0.5,44951,11253,3609,2273,5372,0.321,0.0348,8398.8806,,,,,,,,
Rent subsidy,Key Food,0.25,0.5,118044,29617,9517,5978,14122,0.321,0.0913,22092.6586,,,,,,,,
FRESH tax break,Key Food,0.25,0.55,49446,12380,3971,2500,5909,0.321,0.0382,9239.7103,,,,,,,,
Rent subsidy,Key Food,0.25,0.55,129848,32590,10476,6577,15537,0.321,0.1004,24308.4369,,,,,,,,
FRESH tax break,Key Food,0.25,0.6,53941,13507,4333,2728,6447,0.321,0.0417,10080.7113,,,,,,,,
Rent subsidy,Key Food,0.25,0.6,141653,35566,11436,7177,16953,0.322,0.1096,26525.4024,,,,,,,,
FRESH tax break,Key Food,0.25,0.65,58436,14635,4695,2955,6985,0.321,0.0452,10921.8838,,,,,,,,
Rent subsidy,Key Food,0.25,0.65,153457,38544,12398,7777,18369,0.322,0.1187,28743.556,,,,,,,,
FRESH tax break,Key Food,0.25,0.7,62931,15763,5058,3183,7522,0.321,0.0487,11763.2277,,,,,,,,
Rent subsidy,Key Food,0.25,0.7,165262,41523,13360,8378,19785,0.322,0.1278,30962.8985,,,,,,,,
FRESH tax break,Key Food,0.25,0.75,67426,16891,5420,3411,8060,0.321,0.0522,12604.7431,,,,,,,,
Rent subsidy,Key Food,0.25,0.75,177066,44505,14324,8979,21202,0.322,0.1369,33183.4306,,,,,,,,
FRESH tax break,Key Food,0.25,0.8,71921,18020,5783,3638,8598,0.321,0.0556,13446.4301,,,,,,,,
Rent subsidy,Key Food,0.25,0.8,188870,47490,15290,9580,22620,0.322,0.1461,35405.1531,,,,,,,,
FRESH tax break,Key Food,0.25,0.85,76416,19148,6146,3866,9136,0.321,0.0591,14288.2887,,,,,,,,
Rent subsidy,Key Food,0.25,0.85,200675,50476,16257,10181,24038,0.322,0.1552,37628.0669,,,,,,,,
FRESH tax break,Key Food,0.25,0.9,80911,20278,6509,4094,9674,0.321,0.0626,15130.3189,,,,,,,,
Rent subsidy,Key Food,0.25,0.9,212479,53464,17225,10783,25456,0.322,0.1643,39852.1727,,,,,,,,
FRESH tax break,Key Food,0.25,0.95,85407,21407,6873,4322,10213,0.321,0.0661,15972.5208,,,,,,,,
Rent subsidy,Key Food,0.25,0.95,224284,56455,18194,11385,26876,0.322,0.1735,42077.4714,,,,,,,,
FRESH tax break,Key Food,0.25,1.0,89902,22537,7236,4550,10751,0.321,0.0695,16814.8944,,,,,,,,
Rent subsidy,Key Food,0.25,1.0,236088,59447,19165,11988,28295,0.322,0.1826,44303.9638,,,,,,,,
FRESH tax break,Key Food,0.5,0.0,0,0,0,0,0,,0.0,0.0,,,,,,,,
Rent subsidy,Key Food,0.5,0.0,0,0,0,0,0,,0.0,0.0,,,,,,,,
FRESH tax break,Key Food,0.5,0.05,4495,2248,720,454,1074,0.32,0.007,1678.4076,,,,,,,,
Rent subsidy,Key Food,0.5,0.05,11804,5906,1893,1193,2820,0.321,0.0183,4409.0782,,,,,,,,
FRESH tax break,Key Food,0.5,0.1,8990,4498,1441,908,2148,0.32,0.0139,3357.4991,,,,,,,,
Rent subsidy,Key Food,0.5,0.1,23609,11821,3791,2387,5643,0.321,0.0365,8822.8767,,,,,,,,
FRESH tax break,Key Food,0.5,0.15,13485,6748,2163,1363,3222,0.321,0.0209,5037.2749,,,,,,,,
Rent subsidy,Key Food,0.5,0.15,35413,17745,5695,3583,8467,0.321,0.0548,13241.4021,,,,,,,,
FRESH tax break,Key Food,0.5,0.2,17980,9000,2885,1818,4297,0.321,0.0278,6717.7353,,,,,,,,
Rent subsidy,Key Food,0.5,0.2,47218,23677,7603,4780,11294,0.321,0.073,17664.6606,,,,,,,,
FRESH tax break,Key Food,0.5,0.25,22475,11253,3609,2273,5372,0.321,0.0348,8398.8806,,,,,,,,
Rent subsidy,Key Food,0.5,0.25,59022,29617,9517,5978,14122,0.321,0.0913,22092.6586,,,,,,,,
FRESH tax break,Key Food,0.5,0.3,26970,13507,4333,2728,6447,0.321,0.0417,10080.7113,,,,,,,,
Rent subsidy,Key Food,0.5,0.3,70826,35566,11436,7177,16953,0.322,0.1096,26525.4024,,,,,,,,
FRESH tax break,Key Food,0.5,0.35,31466,15763,5058,3183,7522,0.321,0.0487,11763.2277,,,,,,,,
Rent subsidy,Key Food,0.5,0.35,82631,41523,13360,8378,19785,0.322,0.1278,30962.8985,,,,,,,,
FRESH tax break,Key Food,0.5,0.4,35961,18020,5783,3638,8598,0.321,0.0556,13446.4301,,,,,,,,
Rent subsidy,Key Food,0.5,0.4,94435,47490,15290,9580,22620,0.322,0.1461,35405.1531,,,,,,,,
FRESH tax break,Key Food,0.5,0.45,40456,20278,6509,4094,9674,0.321,0.0626,15130.3189,,,,,,,,
Rent subsidy,Key Food,0.5,0.45,106240,53464,17225,10783,25456,0.322,0.1643,39852.1727,,,,,,,,
FRESH tax break,Key Food,0.5,0.5,44951,22537,7236,4550,10751,0.321,0.0695,16814.8944,,,,,,,,
Rent subsidy,Key Food,0.5,0.5,118044,59447,19165,11988,28295,0.322,0.1826,44303.9638,,,,,,,,
FRESH tax break,Key Food,0.5,0.55,49446,24797,7964,5006,11827,0.321,0.0765,18500.157,,,,,,,,
Rent subsidy,Key Food,0.5,0.55,129848,65439,21110,13193,31136,0.323,0.2009,48760.5326,,,,,,,,
FRESH tax break,Key Food,0.5,0.6,53941,27059,8693,5462,12904,0.321,0.0834,20186.107,,,,,,,,
Rent subsidy,Key Food,0.5,0.6,141653,71440,23061,14400,33978,0.323,0.2191,53221.8855,,,,,,,,
FRESH tax break,Key Food,0.5,0.65,58436,29322,9422,5918,13982,0.321,0.0904,21872.7448,,,,,,,,
Rent subsidy,Key Food,0.5,0.65,153457,77449,25017,15609,36823,0.323,0.2374,57688.0292,,,,,,,,
FRESH tax break,Key Food,0.5,0.7,62931,31586,10152,6375,15059,0.321,0.0973,23560.0707,,,,,,,,
Rent subsidy,Key Food,0.5,0.7,165262,83467,26978,16818,39670,0.323,0.2556,62158.9698,,,,,,,,
FRESH tax break,Key Food,0.5,0.75,67426,33852,10883,6832,16137,0.321,0.1043,25248.0851,,,,,,,,
Rent subsidy,Key Food,0.5,0.75,177066,89493,28945,18029,42519,0.323,0.2739,66634.7139,,,,,,,,
FRESH tax break,Key Food,0.5,0.8,71921,36118,11614,7289,17215,0.322,0.1113,26936.7884,,,,,,,,
Rent subsidy,Key Food,0.5,0.8,188870,95528,30917,19242,45370,0.324,0.2922,71115.268,,,,,,,,
FRESH tax break,Key Food,0.5,0.85,76416,38386,12347,7746,18294,0.322,0.1182,28626.1808,,,,,,,,
Rent subsidy,Key Food,0.5,0.85,200675,101572,32894,20455,48223,0.324,0.3104,75600.6384,,,,,,,,
FRESH tax break,Key Food,0.5,0.9,80911,40655,13080,8203,19373,0.322,0.1252,30316.2628,,,,,,,,
Rent subsidy,Key Food,0.5,0.9,212479,107624,34877,21670,51078,0.324,0.3287,80090.8316,,,,,,,,
FRESH tax break,Key Food,0.5,0.95,85407,42926,13814,8660,20452,0.322,0.1321,32007.0346,,,,,,,,
Rent subsidy,Key Food,0.5,0.95,224284,113686,36865,22886,53935,0.324,0.3469,84585.8541,,,,,,,,
FRESH tax break,Key Food,0.5,1.0,89902,45197,14548,9118,21531,0.322,0.1391,33698.4967,,,,,,,,
Rent subsidy,Key Food,0.5,1.0,236088,119756,38859,24104,56794,0.324,0.3652,89085.7123,,,,,,,,
FRESH tax break,Key Food,0.75,0.0,0,0,0,0,0,,0.0,0.0,,,,,,,,
Rent subsidy,Key Food,0.75,0.0,0,0,0,0,0,,0.0,0.0,,,,,,,,
FRESH tax break,Key Food,0.75,0.05,4495,3373,1081,681,1611,0.32,0.0104,2517.8678,,,,,,,,
Rent subsidy,Key Food,0.75,0.05,11804,8863,2841,1790,4231,0.321,0.0274,6615.387,,,,,,,,
FRESH tax break,Key Food,0.75,0.1,8990,6748,2163,1363,3222,0.321,0.0209,5037.2749,,,,,,,,
Rent subsidy,Key Food,0.75,0.1,23609,17745,5695,3583,8467,0.321,0.0548,13241.4021,,,,,,,,
FRESH tax break,Key Food,0.75,0.15,13485,10126,3247,2045,4834,0.321,0.0313,7558.2223,,,,,,,,
Rent subsidy,Key Food,0.75,0.15,35413,26646,8559,5379,12708,0.321,0.0822,19878.0668,,,,,,,,
FRESH tax break,Key Food,0.75,0.2,17980,13507,4333,2728,6447,0.321,0.0417,10080.7113,,,,,,,,
Rent subsidy,Key Food,0.75,0.2,47218,35566,11436,7177,16953,0.322,0.1096,26525.4024,,,,,,,,
FRESH tax break,Key Food,0.75,0.25,22475,16891,5420,3411,8060,0.321,0.0522,12604.7431,,,,,,,,
Rent subsidy,Key Food,0.75,0.25,59022,44505,14324,8979,21202,0.322,0.1369,33183.4306,,,,,,,,
FRESH tax break,Key Food,0.75,0.3,26970,20278,6509,4094,9674,0.321,0.0626,15130.3189,,,,,,,,
Rent subsidy,Key Food,0.75,0.3,70826,53464,17225,10783,25456,0.322,0.1643,39852.1727,,,,,,,,
FRESH tax break,Key Food,0.75,0.35,31466,23667,7600,4778,11289,0.321,0.073,17657.4398,,,,,,,,
Rent subsidy,Key Food,0.75,0.35,82631,62442,20137,12590,29715,0.322,0.1917,46531.6505,,,,,,,,
FRESH tax break,Key Food,0.75,0.4,35961,27059,8693,5462,12904,0.321,0.0834,20186.107,,,,,,,,
Rent subsidy,Key Food,0.75,0.4,94435,71440,23061,14400,33978,0.323,0.2191,53221.8855,,,,,,,,
FRESH tax break,Key Food,0.75,0.45,40456,30454,9787,6147,14520,0.321,0.0939,22716.3217,,,,,,,,
Rent subsidy,Key Food,0.75,0.45,106240,80457,25997,16213,38246,0.323,0.2465,59922.8994,,,,,,,,
FRESH tax break,Key Food,0.75,0.5,44951,33852,10883,6832,16137,0.321,0.1043,25248.0851,,,,,,,,
Rent subsidy,Key Food,0.75,0.5,118044,89493,28945,18029,42519,0.323,0.2739,66634.7139,,,,,,,,
FRESH tax break,Key Food,0.75,0.55,49446,37252,11980,7517,17755,0.322,0.1147,27781.3984,,,,,,,,
Rent subsidy,Key Food,0.75,0.55,129848,98549,31905,19848,46796,0.324,0.3013,73357.3507,,,,,,,,
FRESH tax break,Key Food,0.75,0.6,53941,40655,13080,8203,19373,0.322,0.1252,30316.2628,,,,,,,,
Rent subsidy,Key Food,0.75,0.6,141653,107624,34877,21670,51078,0.324,0.3287,80090.8316,,,,,,,,
FRESH tax break,Key Food,0.75,0.65,58436,44061,14181,8889,20991,0.322,0.1356,32852.6794,,,,,,,,
Rent subsidy,Key Food,0.75,0.65,153457,116720,37861,23495,55364,0.324,0.3561,86835.1783,,,,,,,,
FRESH tax break,Key Food,0.75,0.7,62931,47470,15284,9576,22611,0.322,0.146,35390.6494,,,,,,,,
Rent subsidy,Key Food,0.75,0.7,165262,125835,40858,25322,59655,0.325,0.3835,93590.4128,,,,,,,,
FRESH tax break,Key Food,0.75,0.75,67426,50882,16388,10263,24231,0.322,0.1565,37930.1741,,,,,,,,
Rent subsidy,Key Food,0.75,0.75,177066,134969,43866,27153,63950,0.325,0.4108,100356.5569,,,,,,,,
FRESH tax break,Key Food,0.75,0.8,71921,54296,17494,10951,25851,0.322,0.1669,40471.2547,,,,,,,,
Rent subsidy,Key Food,0.75,0.8,188870,144124,46887,28986,68250,0.325,0.4382,107133.6326,,,,,,,,
FRESH tax break,Key Food,0.75,0.85,76416,57713,18602,11639,27473,0.322,0.1773,43013.8922,,,,,,,,
Rent subsidy,Key Food,0.75,0.85,200675,153298,49920,30822,72555,0.326,0.4656,113921.6617,,,,,,,,
FRESH tax break,Key Food,0.75,0.9,80911,61133,19712,12327,29095,0.322,0.1877,45558.088,,,,,,,,
Rent subsidy,Key Food,0.75,0.9,212479,162492,52966,32662,76864,0.326,0.493,120720.6664,,,,,,,,
FRESH tax break,Key Food,0.75,0.95,85407,64556,20823,13016,30717,0.323,0.1982,48103.8432,,,,,,,,
Rent subsidy,Key Food,0.75,0.95,224284,171706,56024,34504,81178,0.326,0.5204,127530.6687,,,,,,,,
FRESH tax break,Key Food,0.75,1.0,89902,67982,21936,13705,32341,0.323,0.2086,50651.1589,,,,,,,,
Rent subsidy,Key Food,0.75,1.0,236088,180941,59095,36349,85497,0.327,0.5478,134351.6906,,,,,,,,
30% contract at existing store,Key Food,1.0,0.0,325990,0,0,0,0,,,,0.0,325989.6,325989.6,0.0,0.6151,8972918.8308,12018000.0,0.0794
30% contract at existing store,Key Food,1.0,0.05,325990,83645,27461,17036,39149,0.328,,,0.0,325989.6,325989.6,0.0,0.6152,9156970.0475,12018000.0,0.0811
30% contract at existing store,Key Food,1.0,0.1,325990,169024,56006,34331,78687,0.331,,,0.0,325989.6,325989.6,0.0,0.6153,9345793.8593,12018000.0,0.0827
30% contract at existing store,Key Food,1.0,0.15,325990,256182,85675,51888,118618,0.334,,,0.0,332826.301,325989.6,0.0,0.6154,9539498.1573,12018000.0,0.0844
30% contract at existing store,Key Food,1.0,0.2,359642,345164,116506,69712,158946,0.338,,,0.0,443837.7241,325989.6,33652.2859,0.6155,9738190.2206,12018000.0,0.0862
30% contract at existing store,Key Food,1.0,0.25,459032,436018,148539,87806,199673,0.341,,,0.0,554883.7647,325989.6,133041.961,0.6156,9941976.4135,12018000.0,0.088
30% contract at existing store,Key Food,1.0,0.3,562504,528793,181814,106174,240805,0.344,,,0.0,665964.3368,325989.6,236514.8586,0.6157,10150961.8619,12018000.0,0.0899
30% contract at existing store,Key Food,1.0,0.35,670213,623536,216373,124819,282344,0.347,,,0.0,777079.3143,325989.6,344223.5343,0.6158,10365250.11,12018000.0,0.0917
30% contract at existing store,Key Food,1.0,0.4,782314,720299,252260,143746,324293,0.35,,,0.0,888228.5304,325989.6,456324.275,0.6159,10584942.7568,12018000.0,0.0937
30% contract at existing store,Key Food,1.0,0.45,898967,819132,289517,162957,366658,0.353,,,0.0,999411.7774,325989.6,572976.9755,0.616,10810139.0727,12018000.0,0.0957
30% contract at existing store,Key Food,1.0,0.5,1020335,920087,328189,182457,409441,0.357,,,0.0,1110628.8067,325989.6,694344.9919,0.6161,11040935.5965,12018000.0,0.0977
30% contract at existing store,Key Food,1.0,0.55,1146585,1023217,368321,202250,452645,0.36,,,0.0,1221879.3284,325989.6,820594.9697,0.6162,11277425.7142,12018000.0,0.0998
30% contract at existing store,Key Food,1.0,0.6,1277886,1128575,409959,222340,496276,0.363,,,0.0,1333163.0124,325989.6,951896.6467,0.6163,11519699.2189,12018000.0,0.102
30% contract at existing store,Key Food,1.0,0.65,1414412,1236216,453150,242730,540336,0.367,,,0.0,1444479.4878,325989.6,1088422.6295,0.6164,11767841.8547,12018000.0,0.1042
30% contract at existing store,Key Food,1.0,0.7,1556338,1346195,497941,263424,584830,0.37,,,0.0,1555828.3438,325989.6,1230348.1416,0.6165,12021934.8449,12018000.0,0.1064
30% contract at existing store,Key Food,1.0,0.75,1703840,1458569,544380,284428,629761,0.373,,,0.0,1667209.1303,325989.6,1377850.7431,0.6166,12282054.4053,12018000.0,0.1087
30% contract at existing store,Key Food,1.0,0.8,1857100,1573393,592516,305744,675133,0.377,,,0.0,1778621.3586,325989.6,1531110.0216,0.6167,12548271.2463,12018000.0,0.1111
30% contract at existing store,Key Food,1.0,0.85,2016297,1690725,642398,327377,720950,0.38,,,0.0,1890064.5022,325989.6,1690307.2531,0.6167,12820650.0641,12018000.0,0.1135
30% contract at existing store,Key Food,1.0,0.9,2181615,1810624,694077,349331,767216,0.383,,,0.0,2001537.9978,325989.6,1855625.0334,0.6168,13099249.0245,12018000.0,0.1159
30% contract at existing store,Key Food,1.0,0.95,2353236,1933147,747602,371610,813935,0.387,,,0.0,2113041.2465,325989.6,2027246.879,0.6169,13384119.2412,12018000.0,0.1185
30% contract at existing store,Key Food,1.0,1.0,2531346,2058353,803024,394218,861110,0.39,,,0.0,2224573.6152,325989.6,2205356.7986,0.617,13675304.2519,12018000.0,0.121
FRESH tax break,Food Fair,0.25,0.0,0,0,0,0,0,,0.0,0.0,,,,,,,,
Rent subsidy,Food Fair,0.25,0.0,0,0,0,0,0,,0.0,0.0,,,,,,,,
FRESH tax break,Food Fair,0.25,0.05,2920,730,226,151,354,0.309,0.0022,642.8169,,,,,,,,
Rent subsidy,Food Fair,0.25,0.05,10505,2627,813,542,1272,0.309,0.008,2312.7723,,,,,,,,
FRESH tax break,Food Fair,0.25,0.1,5841,1460,452,301,707,0.309,0.0044,1285.7314,,,,,,,,
Rent subsidy,Food Fair,0.25,0.1,21010,5256,1627,1084,2545,0.31,0.016,4626.8072,,,,,,,,
FRESH tax break,Food Fair,0.25,0.15,8761,2191,678,452,1061,0.309,0.0067,1928.7433,,,,,,,,
Rent subsidy,Food Fair,0.25,0.15,31515,7886,2442,1627,3817,0.31,0.024,6942.1057,,,,,,,,
FRESH tax break,Food Fair,0.25,0.2,11682,2921,904,603,1415,0.309,0.0089,2571.8529,,,,,,,,
Rent subsidy,Food Fair,0.25,0.2,42020,10518,3258,2169,5091,0.31,0.032,9258.6687,,,,,,,,
FRESH tax break,Food Fair,0.25,0.25,14602,3652,1130,753,1768,0.31,0.0111,3215.0601,,,,,,,,
Rent subsidy,Food Fair,0.25,0.25,52526,13152,4075,2712,6364,0.31,0.04,11576.4969,,,,,,,,
FRESH tax break,Food Fair,0.25,0.3,17522,4383,1357,904,2122,0.31,0.0133,3858.3648,,,,,,,,
Rent subsidy,Food Fair,0.25,0.3,63031,15787,4893,3256,7638,0.31,0.048,13895.5914,,,,,,,,
FRESH tax break,Food Fair,0.25,0.35,20443,5114,1583,1055,2476,0.31,0.0156,4501.7672,,,,,,,,
Rent subsidy,Food Fair,0.25,0.35,73536,18424,5712,3799,8913,0.31,0.056,16215.9529,,,,,,,,
FRESH tax break,Food Fair,0.25,0.4,23363,5845,1809,1206,2830,0.31,0.0178,5145.2673,,,,,,,,
Rent subsidy,Food Fair,0.25,0.4,84041,21062,6532,4343,10188,0.31,0.064,18537.5823,,,,,,,,
FRESH tax break,Food Fair,0.25,0.45,26283,6576,2036,1357,3183,0.31,0.02,5788.865,,,,,,,,
Rent subsidy,Food Fair,0.25,0.45,94546,23703,7352,4887,11463,0.31,0.072,20860.4805,,,,,,,,
FRESH tax break,Food Fair,0.25,0.5,29204,7307,2263,1507,3537,0.31,0.0222,6432.5604,,,,,,,,
Rent subsidy,Food Fair,0.25,0.5,105051,26344,8174,5431,12739,0.31,0.08,23184.6485,,,,,,,,
FRESH tax break,Food Fair,0.25,0.55,32124,8039,2489,1658,3891,0.31,0.0245,7076.3535,,,,,,,,
Rent subsidy,Food Fair,0.25,0.55,115556,28988,8997,5976,14015,0.31,0.088,25510.0869,,,,,,,,
FRESH tax break,Food Fair,0.25,0.6,35045,8770,2716,1809,4245,0.31,0.0267,7720.2443,,,,,,,,
Rent subsidy,Food Fair,0.25,0.6,126061,31633,9821,6521,15291,0.31,0.096,27836.7968,,,,,,,,
FRESH tax break,Food Fair,0.25,0.65,37965,9502,2943,1960,4599,0.31,0.0289,8364.2329,,,,,,,,
Rent subsidy,Food Fair,0.25,0.65,136566,34280,10646,7066,16568,0.311,0.104,30164.7791,,,,,,,,
FRESH tax break,Food Fair,0.25,0.7,40885,10234,3170,2111,4953,0.31,0.0311,9008.3192,,,,,,,,
Rent subsidy,Food Fair,0.25,0.7,147071,36928,11472,7611,17845,0.311,0.112,32494.0345,,,,,,,,
FRESH tax break,Food Fair,0.25,0.75,43806,10966,3397,2262,5307,0.31,0.0334,9652.5033,,,,,,,,
Rent subsidy,Food Fair,0.25,0.75,157576,39578,12298,8156,19123,0.311,0.12,34824.564,,,,,,,,
FRESH tax break,Food Fair,0.25,0.8,46726,11698,3624,2413,5661,0.31,0.0356,10296.7852,,,,,,,,
Rent subsidy,Food Fair,0.25,0.8,168082,42230,13126,8702,20401,0.311,0.128,37156.3684,,,,,,,,
FRESH tax break,Food Fair,0.25,0.85,49647,12430,3851,2564,6015,0.31,0.0378,10941.1649,,,,,,,,
Rent subsidy,Food Fair,0.25,0.85,178587,44883,13955,9248,21680,0.311,0.136,39489.4487,,,,,,,,
FRESH tax break,Food Fair,0.25,0.9,52567,13162,4078,2715,6369,0.31,0.04,11585.6425,,,,,,,,
Rent subsidy,Food Fair,0.25,0.9,189092,47538,14785,9795,22959,0.311,0.144,41823.8057,,,,,,,,
FRESH tax break,Food Fair,0.25,0.95,55487,13895,4305,2866,6724,0.31,0.0423,12230.2179,,,,,,,,
Rent subsidy,Food Fair,0.25,0.95,199597,50195,15616,10341,24238,0.311,0.1521,44159.4402,,,,,,,,
FRESH tax break,Food Fair,0.25,1.0,58408,14627,4533,3017,7078,0.31,0.0445,12874.8912,,,,,,,,
Rent subsidy,Food Fair,0.25,1.0,210102,52853,16447,10888,25518,0.311,0.1601,46496.3533,,,,,,,,
FRESH tax break,Food Fair,0.5,0.0,0,0,0,0,0,,0.0,0.0,,,,,,,,
Rent subsidy,Food Fair,0.5,0.0,0,0,0,0,0,,0.0,0.0,,,,,,,,
FRESH tax break,Food Fair,0.5,0.05,2920,1460,452,301,707,0.309,0.0044,1285.7314,,,,,,,,
Rent subsidy,Food Fair,0.5,0.05,10505,5256,1627,1084,2545,0.31,0.016,4626.8072,,,,,,,,
FRESH tax break,Food Fair,0.5,0.1,5841,2921,904,603,1415,0.309,0.0089,2571.8529,,,,,,,,
Rent subsidy,Food Fair,0.5,0.1,21010,10518,3258,2169,5091,0.31,0.032,9258.6687,,,,,,,,
FRESH tax break,Food Fair,0.5,0.15,8761,4383,1357,904,2122,0.31,0.0133,3858.3648,,,,,,,,
Rent subsidy,Food Fair,0.5,0.15,31515,15787,4893,3256,7638,0.31,0.048,13895.5914,,,,,,,,
FRESH tax break,Food Fair,0.5,0.2,11682,5845,1809,1206,2830,0.31,0.0178,5145.2673,,,,,,,,
Rent subsidy,Food Fair,0.5,0.2,42020,21062,6532,4343,10188,0.31,0.064,18537.5823,,,,,,,,
FRESH tax break,Food Fair,0.5,0.25,14602,7307,2263,1507,3537,0.31,0.0222,6432.5604,,,,,,,,
Rent subsidy,Food Fair,0.5,0.25,52526,26344,8174,5431,12739,0.31,0.08,23184.6485,,,,,,,,
FRESH tax break,Food Fair,0.5,0.3,17522,8770,2716,1809,4245,0.31,0.0267,7720.2443,,,,,,,,
Rent subsidy,Food Fair,0.5,0.3,63031,31633,9821,6521,15291,0.31,0.096,27836.7968,,,,,,,,
FRESH tax break,Food Fair,0.5,0.35,20443,10234,3170,2111,4953,0.31,0.0311,9008.3192,,,,,,,,
Rent subsidy,Food Fair,0.5,0.35,73536,36928,11472,7611,17845,0.311,0.112,32494.0345,,,,,,,,
FRESH tax break,Food Fair,0.5,0.4,23363,11698,3624,2413,5661,0.31,0.0356,10296.7852,,,,,,,,
Rent subsidy,Food Fair,0.5,0.4,84041,42230,13126,8702,20401,0.311,0.128,37156.3684,,,,,,,,
FRESH tax break,Food Fair,0.5,0.45,26283,13162,4078,2715,6369,0.31,0.04,11585.6425,,,,,,,,
Rent subsidy,Food Fair,0.5,0.45,94546,47538,14785,9795,22959,0.311,0.144,41823.8057,,,,,,,,
FRESH tax break,Food Fair,0.5,0.5,29204,14627,4533,3017,7078,0.31,0.0445,12874.8912,,,,,,,,
Rent subsidy,Food Fair,0.5,0.5,105051,52853,16447,10888,25518,0.311,0.1601,46496.3533,,,,,,,,
FRESH tax break,Food Fair,0.5,0.55,32124,16093,4988,3319,7786,0.31,0.0489,14164.5314,,,,,,,,
Rent subsidy,Food Fair,0.5,0.55,115556,58174,18114,11982,28078,0.311,0.1761,51174.0183,,,,,,,,
FRESH tax break,Food Fair,0.5,0.6,35045,17559,5443,3621,8495,0.31,0.0534,15454.5634,,,,,,,,
Rent subsidy,Food Fair,0.5,0.6,126061,63502,19784,13078,30640,0.312,0.1921,55856.8079,,,,,,,,
FRESH tax break,Food Fair,0.5,0.65,37965,19025,5899,3923,9203,0.31,0.0578,16744.9872,,,,,,,,
Rent subsidy,Food Fair,0.5,0.65,136566,68837,21459,14174,33204,0.312,0.2081,60544.7289,,,,,,,,
FRESH tax break,Food Fair,0.5,0.7,40885,20492,6354,4225,9912,0.31,0.0623,18035.803,,,,,,,,
Rent subsidy,Food Fair,0.5,0.7,147071,74179,23138,15272,35770,0.312,0.2241,65237.7886,,,,,,,,
FRESH tax break,Food Fair,0.5,0.75,43806,21960,6811,4528,10621,0.31,0.0667,19327.0111,,,,,,,,
Rent subsidy,Food Fair,0.5,0.75,157576,79527,24820,16370,38337,0.312,0.2401,69935.9941,,,,,,,,
FRESH tax break,Food Fair,0.5,0.8,46726,23428,7267,4830,11330,0.31,0.0712,20618.6114,,,,,,,,
Rent subsidy,Food Fair,0.5,0.8,168082,84881,26507,17469,40905,0.312,0.2561,74639.3523,,,,,,,,
FRESH tax break,Food Fair,0.5,0.85,49647,24896,7724,5133,12040,0.31,0.0756,21910.6042,,,,,,,,
Rent subsidy,Food Fair,0.5,0.85,178587,90243,28197,18570,43475,0.312,0.2721,79347.8705,,,,,,,,
FRESH tax break,Food Fair,0.5,0.9,52567,26365,8181,5436,12749,0.31,0.0801,23202.9896,,,,,,,,
Rent subsidy,Food Fair,0.5,0.9,189092,95611,29892,19672,46047,0.313,0.2881,84061.5558,,,,,,,,
FRESH tax break,Food Fair,0.5,0.95,55487,27835,8638,5738,13458,0.31,0.0845,24495.7678,,,,,,,,
Rent subsidy,Food Fair,0.5,0.95,199597,100986,31591,20774,48621,0.313,0.3041,88780.4152,,,,,,,,
FRESH tax break,Food Fair,0.5,1.0,58408,29305,9096,6041,14168,0.31,0.089,25788.9389,,,,,,,,
Rent subsidy,Food Fair,0.5,1.0,210102,106367,33294,21878,51196,0.313,0.3201,93504.456,,,,,,,,
FRESH tax break,Food Fair,0.75,0.0,0,0,0,0,0,,0.0,0.0,,,,,,,,
Rent subsidy,Food Fair,0.75,0.0,0,0,0,0,0,,0.0,0.0,,,,,,,,
FRESH tax break,Food Fair,0.75,0.05,2920,2191,678,452,1061,0.309,0.0067,1928.7433,,,,,,,,
Rent subsidy,Food Fair,0.75,0.05,10505,7886,2442,1627,3817,0.31,0.024,6942.1057,,,,,,,,
FRESH tax break,Food Fair,0.75,0.1,5841,4383,1357,904,2122,0.31,0.0133,3858.3648,,,,,,,,
Rent subsidy,Food Fair,0.75,0.1,21010,15787,4893,3256,7638,0.31,0.048,13895.5914,,,,,,,,
FRESH tax break,Food Fair,0.75,0.15,8761,6576,2036,1357,3183,0.31,0.02,5788.865,,,,,,,,
Rent subsidy,Food Fair,0.75,0.15,31515,23703,7352,4887,11463,0.31,0.072,20860.4805,,,,,,,,
FRESH tax break,Food Fair,0.75,0.2,11682,8770,2716,1809,4245,0.31,0.0267,7720.2443,,,,,,,,
Rent subsidy,Food Fair,0.75,0.2,42020,31633,9821,6521,15291,0.31,0.096,27836.7968,,,,,,,,
FRESH tax break,Food Fair,0.75,0.25,14602,10966,3397,2262,5307,0.31,0.0334,9652.5033,,,,,,,,
Rent subsidy,Food Fair,0.75,0.25,52526,39578,12298,8156,19123,0.311,0.12,34824.564,,,,,,,,
FRESH tax break,Food Fair,0.75,0.3,17522,13162,4078,2715,6369,0.31,0.04,11585.6425,,,,,,,,
Rent subsidy,Food Fair,0.75,0.3,63031,47538,14785,9795,22959,0.311,0.144,41823.8057,,,,,,,,
FRESH tax break,Food Fair,0.75,0.35,20443,15360,4760,3168,7432,0.31,0.0467,13519.6623,,,,,,,,
Rent subsidy,Food Fair,0.75,0.35,73536,55513,17280,11435,26798,0.311,0.1681,48834.5457,,,,,,,,
FRESH tax break,Food Fair,0.75,0.4,23363,17559,5443,3621,8495,0.31,0.0534,15454.5634,,,,,,,,
Rent subsidy,Food Fair,0.75,0.4,84041,63502,19784,13078,30640,0.312,0.1921,55856.8079,,,,,,,,
FRESH tax break,Food Fair,0.75,0.45,26283,19759,6126,4074,9558,0.31,0.0601,17390.3461,,,,,,,,
Rent subsidy,Food Fair,0.75,0.45,94546,71507,22298,14723,34487,0.312,0.2161,62890.616,,,,,,,,
FRESH tax break,Food Fair,0.75,0.5,29204,21960,6811,4528,10621,0.31,0.0667,19327.0111,,,,,,,,
Rent subsidy,Food Fair,0.75,0.5,105051,79527,24820,16370,38337,0.312,0.2401,69935.9941,,,,,,,,
FRESH tax break,Food Fair,0.75,0.55,32124,24162,7495,4982,11685,0.31,0.0734,21264.5587,,,,,,,,
Rent subsidy,Food Fair,0.75,0.55,115556,87561,27352,18020,42190,0.312,0.2641,76992.966,,,,,,,,
FRESH tax break,Food Fair,0.75,0.6,35045,26365,8181,5436,12749,0.31,0.0801,23202.9896,,,,,,,,
Rent subsidy,Food Fair,0.75,0.6,126061,95611,29892,19672,46047,0.313,0.2881,84061.5558,,,,,,,,
FRESH tax break,Food Fair,0.75,0.65,37965,28570,8867,5890,13813,0.31,0.0868,25142.3042,,,,,,,,
Rent subsidy,Food Fair,0.75,0.65,136566,103676,32442,21326,49908,0.313,0.3121,91141.7875,,,,,,,,
FRESH tax break,Food Fair,0.75,0.7,40885,30775,9554,6344,14878,0.31,0.0934,27082.503,,,,,,,,
Rent subsidy,Food Fair,0.75,0.7,147071,111755,35001,22982,53772,0.313,0.3361,98233.6851,,,,,,,,
FRESH tax break,Food Fair,0.75,0.75,43806,32982,10241,6798,15942,0.311,0.1001,29023.5866,,,,,,,,
Rent subsidy,Food Fair,0.75,0.75,157576,119850,37569,24641,57640,0.313,0.3601,105337.2729,,,,,,,,
FRESH tax break,Food Fair,0.75,0.8,46726,35190,10930,7253,17007,0.311,0.1068,30965.5555,,,,,,,,
Rent subsidy,Food Fair,0.75,0.8,168082,127960,40146,26302,61512,0.314,0.3841,112452.575,,,,,,,,
FRESH tax break,Food Fair,0.75,0.85,49647,37399,11619,7708,18073,0.311,0.1135,32908.4101,,,,,,,,
Rent subsidy,Food Fair,0.75,0.85,178587,136086,42732,27966,65388,0.314,0.4081,119579.6155,,,,,,,,
FRESH tax break,Food Fair,0.75,0.9,52567,39609,12308,8163,19138,0.311,0.1201,34852.151,,,,,,,,
Rent subsidy,Food Fair,0.75,0.9,189092,144226,45328,29632,69267,0.314,0.4321,126718.4189,,,,,,,,
FRESH tax break,Food Fair,0.75,0.95,55487,41821,12999,8618,20204,0.311,0.1268,36796.7787,,,,,,,,
Rent subsidy,Food Fair,0.75,0.95,199597,152382,47933,31300,73149,0.315,0.4562,133869.0093,,,,,,,,
FRESH tax break,Food Fair,0.75,1.0,58408,44033,13690,9073,21270,0.311,0.1335,38742.2937,,,,,,,,
Rent subsidy,Food Fair,0.75,1.0,210102,160553,50547,32970,77035,0.315,0.4802,141031.4111,,,,,,,,
30% contract at existing store,Food Fair,1.0,0.0,268510,0,0,0,0,,,,0.0,268509.71,268509.71,0.0,0.615,9169241.8639,10415000.0,0.0812
30% contract at existing store,Food Fair,1.0,0.05,268510,85451,27111,17780,40560,0.317,,,0.0,268509.71,268509.71,0.0,0.6151,9356075.9381,10415000.0,0.0828
30% contract at existing store,Food Fair,1.0,0.1,268510,172661,55305,35831,81525,0.32,,,0.0,268509.71,268509.71,0.0,0.6152,9547764.7136,10415000.0,0.0845
30% contract at existing store,Food Fair,1.0,0.15,269801,261676,84619,54158,122900,0.323,,,0.0,288368.2411,268509.71,1291.6723,0.6153,9744420.4897,10415000.0,0.0863
30% contract at existing store,Food Fair,1.0,0.2,367240,352544,115092,72764,164688,0.326,,,0.0,384550.9098,268509.71,98730.1367,0.6154,9946155.1277,10415000.0,0.088
30% contract at existing store,Food Fair,1.0,0.25,468673,445312,146767,91653,206893,0.33,,,0.0,480763.5562,268509.71,200163.4272,0.6155,10153079.7437,10415000.0,0.0899
30% contract at existing store,Food Fair,1.0,0.3,574253,540030,179683,110829,249518,0.333,,,0.0,577006.1393,268509.71,305743.2197,0.6156,10365304.3803,10415000.0,0.0917
30% contract at existing store,Food Fair,1.0,0.35,684135,636747,213883,130296,292568,0.336,,,0.0,673278.5824,268509.71,415625.2168,0.6157,10582937.6563,10415000.0,0.0937
30% contract at existing store,Food Fair,1.0,0.4,798479,735514,249411,150058,336046,0.339,,,0.0,769580.7737,268509.71,529969.0541,0.6158,10806086.3943,10415000.0,0.0956
30% contract at existing store,Food Fair,1.0,0.45,917448,836384,286310,170118,379956,0.342,,,0.0,865912.5652,268509.71,648938.1821,0.6159,11034855.2274,10415000.0,0.0977
30% contract at existing store,Food Fair,1.0,0.5,1041209,939409,324626,190482,424302,0.346,,,0.0,962273.7728,268509.71,772699.7253,0.616,11269346.1835,10415000.0,0.0998
30% contract at existing store,Food Fair,1.0,0.55,1169934,1044644,364404,211152,469087,0.349,,,0.0,1058664.1762,268509.71,901424.3149,0.616,11509658.2494,10415000.0,0.1019
30% contract at existing store,Food Fair,1.0,0.6,1303796,1152143,405692,232134,514317,0.352,,,0.0,1155083.5188,268509.71,1035285.8948,0.6161,11755886.9146,10415000.0,0.1041
30% contract at existing store,Food Fair,1.0,0.65,1442971,1261962,448537,253430,559994,0.355,,,0.0,1251531.508,268509.71,1174461.5005,0.6162,12008123.696,10415000.0,0.1063
30% contract at existing store,Food Fair,1.0,0.7,1587641,1374158,492988,275047,606123,0.359,,,0.0,1348007.8152,268509.71,1319131.0076,0.6163,12266455.6445,10415000.0,0.1086
30% contract at existing store,Food Fair,1.0,0.75,1737987,1488787,539093,296986,652708,0.362,,,0.0,1444512.0764,268509.71,1469476.8511,0.6164,12530964.8352,10415000.0,0.1109
30% contract at existing store,Food Fair,1.0,0.8,1894193,1605909,586903,319254,699752,0.365,,,0.0,1541043.8928,268509.71,1625683.7139,0.6165,12801727.8428,10415000.0,0.1133
30% contract at existing store,Food Fair,1.0,0.85,2056448,1725581,636467,341854,747260,0.369,,,0.0,1637602.8311,268509.71,1787938.1831,0.6166,13078815.2046,10415000.0,0.1158
30% contract at existing store,Food Fair,1.0,0.9,2224938,1847864,687837,364790,795236,0.372,,,0.0,1734188.4246,268509.71,1956428.3752,0.6167,13362290.8729,10415000.0,0.1183
30% contract at existing store,Food Fair,1.0,0.95,2399853,1972816,741064,388068,843684,0.376,,,0.0,1830800.1738,268509.71,2131343.5286,0.6168,13652211.6601,10415000.0,0.1208
30% contract at existing store,Food Fair,1.0,1.0,2581383,2100500,796201,411691,892608,0.379,,,0.0,1927437.5477,268509.71,2312873.564,0.6169,13948626.6787,10415000.0,0.1235
FRESH tax break,Fine Fare,0.25,0.0,0,0,0,0,0,,0.0,0.0,,,,,,,,
Rent subsidy,Fine Fare,0.25,0.0,0,0,0,0,0,,0.0,0.0,,,,,,,,
FRESH tax break,Fine Fare,0.25,0.05,407,102,26,22,54,0.26,0.0004,103.1746,,,,,,,,
Rent subsidy,Fine Fare,0.25,0.05,9215,2304,600,488,1217,0.26,0.0086,2336.8025,,,,,,,,
FRESH tax break,Fine Fare,0.25,0.1,814,203,53,43,107,0.26,0.0008,206.3521,,,,,,,,
Rent subsidy,Fine Fare,0.25,0.1,18430,4610,1200,976,2434,0.26,0.0172,4675.1067,,,,,,,,
FRESH tax break,Fine Fare,0.25,0.15,1221,305,79,65,161,0.26,0.0011,309.5326,,,,,,,,
Rent subsidy,Fine Fare,0.25,0.15,27645,6918,1801,1465,3652,0.26,0.0258,7014.9141,,,,,,,,
FRESH tax break,Fine Fare,0.25,0.2,1628,407,106,86,215,0.26,0.0015,412.716,,,,,,,,
Rent subsidy,Fine Fare,0.25,0.2,36860,9227,2403,1953,4870,0.26,0.0344,9356.2259,,,,,,,,
FRESH tax break,Fine Fare,0.25,0.25,2035,509,132,108,269,0.26,0.0019,515.9023,,,,,,,,
Rent subsidy,Fine Fare,0.25,0.25,46075,11537,3006,2442,6089,0.261,0.043,11699.0433,,,,,,,,
FRESH tax break,Fine Fare,0.25,0.3,2442,611,159,129,322,0.26,0.0023,619.0915,,,,,,,,
Rent subsidy,Fine Fare,0.25,0.3,55290,13849,3609,2932,7308,0.261,0.0516,14043.3677,,,,,,,,
FRESH tax break,Fine Fare,0.25,0.35,2849,712,185,151,376,0.26,0.0027,722.2837,,,,,,,,
Rent subsidy,Fine Fare,0.25,0.35,64505,16162,4214,3421,8527,0.261,0.0602,16389.2004,,,,,,,,
FRESH tax break,Fine Fare,0.25,0.4,3256,814,212,172,430,0.26,0.003,825.4788,,,,,,,,
Rent subsidy,Fine Fare,0.25,0.4,73720,18477,4819,3911,9747,0.261,0.0688,18736.5427,,,,,,,,
FRESH tax break,Fine Fare,0.25,0.45,3663,916,238,194,484,0.26,0.0034,928.6768,,,,,,,,
Rent subsidy,Fine Fare,0.25,0.45,82935,20793,5425,4401,10967,0.261,0.0774,21085.3958,,,,,,,,
FRESH tax break,Fine Fare,0.25,0.5,4070,1018,265,215,537,0.26,0.0038,1031.8777,,,,,,,,
Rent subsidy,Fine Fare,0.25,0.5,92150,23111,6032,4891,12188,0.261,0.086,23435.7611,,,,,,,,
FRESH tax break,Fine Fare,0.25,0.55,4477,1119,291,237,591,0.26,0.0042,1135.0816,,,,,,,,
Rent subsidy,Fine Fare,0.25,0.55,101365,25430,6639,5381,13409,0.261,0.0946,25787.6398,,,,,,,,
FRESH tax break,Fine Fare,0.25,0.6,4884,1221,318,259,645,0.26,0.0046,1238.2884,,,,,,,,
Rent subsidy,Fine Fare,0.25,0.6,110580,27750,7248,5872,14630,0.261,0.1032,28141.0333,,,,,,,,
FRESH tax break,Fine Fare,0.25,0.65,5291,1323,344,280,699,0.26,0.0049,1341.4981,,,,,,,,
Rent subsidy,Fine Fare,0.25,0.65,119795,30073,7857,6363,15852,0.261,0.1118,30495.9429,,,,,,,,
FRESH tax break,Fine Fare,0.25,0.7,5698,1425,371,302,752,0.26,0.0053,1444.7108,,,,,,,,
Rent subsidy,Fine Fare,0.25,0.7,129010,32396,8467,6854,17075,0.261,0.1204,32852.3699,,,,,,,,
FRESH tax break,Fine Fare,0.25,0.75,6105,1527,397,323,806,0.26,0.0057,1547.9264,,,,,,,,
Rent subsidy,Fine Fare,0.25,0.75,138225,34721,9078,7346,18297,0.261,0.129,35210.3155,,,,,,,,
FRESH tax break,Fine Fare,0.25,0.8,6512,1628,424,345,860,0.26,0.0061,1651.1449,,,,,,,,
Rent subsidy,Fine Fare,0.25,0.8,147440,37048,9689,7838,19521,0.262,0.1376,37569.7811,,,,,,,,
FRESH tax break,Fine Fare,0.25,0.85,6919,1730,450,366,914,0.26,0.0065,1754.3664,,,,,,,,
Rent subsidy,Fine Fare,0.25,0.85,156655,39376,10302,8330,20744,0.262,0.1462,39930.7681,,,,,,,,
FRESH tax break,Fine Fare,0.25,0.9,7326,1832,477,388,967,0.26,0.0068,1857.5907,,,,,,,,
Rent subsidy,Fine Fare,0.25,0.9,165870,41705,10915,8822,21968,0.262,0.1548,42293.2776,,,,,,,,
FRESH tax break,Fine Fare,0.25,0.95,7733,1934,503,409,1021,0.26,0.0072,1960.818,,,,,,,,
Rent subsidy,Fine Fare,0.25,0.95,175085,44036,11529,9314,23193,0.262,0.1634,44657.311,,,,,,,,
FRESH tax break,Fine Fare,0.25,1.0,8140,2035,530,431,1075,0.26,0.0076,2064.0483,,,,,,,,
Rent subsidy,Fine Fare,0.25,1.0,184300,46369,12144,9807,24417,0.262,0.172,47022.8696,,,,,,,,
FRESH tax break,Fine Fare,0.5,0.0,0,0,0,0,0,,0.0,0.0,,,,,,,,
Rent subsidy,Fine Fare,0.5,0.0,0,0,0,0,0,,0.0,0.0,,,,,,,,
FRESH tax break,Fine Fare,0.5,0.05,407,203,53,43,107,0.26,0.0008,206.3521,,,,,,,,
Rent subsidy,Fine Fare,0.5,0.05,9215,4610,1200,976,2434,0.26,0.0172,4675.1067,,,,,,,,
FRESH tax break,Fine Fare,0.5,0.1,814,407,106,86,215,0.26,0.0015,412.716,,,,,,,,
Rent subsidy,Fine Fare,0.5,0.1,18430,9227,2403,1953,4870,0.26,0.0344,9356.2259,,,,,,,,
FRESH tax break,Fine Fare,0.5,0.15,1221,611,159,129,322,0.26,0.0023,619.0915,,,,,,,,
Rent subsidy,Fine Fare,0.5,0.15,27645,13849,3609,2932,7308,0.261,0.0516,14043.3677,,,,,,,,
FRESH tax break,Fine Fare,0.5,0.2,1628,814,212,172,430,0.26,0.003,825.4788,,,,,,,,
Rent subsidy,Fine Fare,0.5,0.2,36860,18477,4819,3911,9747,0.261,0.0688,18736.5427,,,,,,,,
FRESH tax break,Fine Fare,0.5,0.25,2035,1018,265,215,537,0.26,0.0038,1031.8777,,,,,,,,
Rent subsidy,Fine Fare,0.5,0.25,46075,23111,6032,4891,12188,0.261,0.086,23435.7611,,,,,,,,
FRESH tax break,Fine Fare,0.5,0.3,2442,1221,318,259,645,0.26,0.0046,1238.2884,,,,,,,,
Rent subsidy,Fine Fare,0.5,0.3,55290,27750,7248,5872,14630,0.261,0.1032,28141.0333,,,,,,,,
FRESH tax break,Fine Fare,0.5,0.35,2849,1425,371,302,752,0.26,0.0053,1444.7108,,,,,,,,
Rent subsidy,Fine Fare,0.5,0.35,64505,32396,8467,6854,17075,0.261,0.1204,32852.3699,,,,,,,,
FRESH tax break,Fine Fare,0.5,0.4,3256,1628,424,345,860,0.26,0.0061,1651.1449,,,,,,,,
Rent subsidy,Fine Fare,0.5,0.4,73720,37048,9689,7838,19521,0.262,0.1376,37569.7811,,,,,,,,
FRESH tax break,Fine Fare,0.5,0.45,3663,1832,477,388,967,0.26,0.0068,1857.5907,,,,,,,,
Rent subsidy,Fine Fare,0.5,0.45,82935,41705,10915,8822,21968,0.262,0.1548,42293.2776,,,,,,,,
FRESH tax break,Fine Fare,0.5,0.5,4070,2035,530,431,1075,0.26,0.0076,2064.0483,,,,,,,,
Rent subsidy,Fine Fare,0.5,0.5,92150,46369,12144,9807,24417,0.262,0.172,47022.8696,,,,,,,,
FRESH tax break,Fine Fare,0.5,0.55,4477,2239,583,474,1182,0.26,0.0084,2270.5175,,,,,,,,
Rent subsidy,Fine Fare,0.5,0.55,101365,51038,13376,10793,26868,0.262,0.1891,51758.5678,,,,,,,,
FRESH tax break,Fine Fare,0.5,0.6,4884,2443,636,517,1290,0.26,0.0091,2476.9985,,,,,,,,
Rent subsidy,Fine Fare,0.5,0.6,110580,55713,14612,11780,29321,0.262,0.2063,56500.3826,,,,,,,,
FRESH tax break,Fine Fare,0.5,0.65,5291,2646,689,560,1397,0.26,0.0099,2683.4912,,,,,,,,
Rent subsidy,Fine Fare,0.5,0.65,119795,60394,15851,12768,31775,0.262,0.2235,61248.3246,,,,,,,,
FRESH tax break,Fine Fare,0.5,0.7,5698,2850,742,603,1505,0.26,0.0106,2889.9956,,,,,,,,
Rent subsidy,Fine Fare,0.5,0.7,129010,65082,17093,13758,34231,0.263,0.2407,66002.4043,,,,,,,,
FRESH tax break,Fine Fare,0.5,0.75,6105,3054,795,647,1612,0.26,0.0114,3096.5117,,,,,,,,
Rent subsidy,Fine Fare,0.5,0.75,138225,69775,18338,14748,36689,0.263,0.2579,70762.6323,,,,,,,,
FRESH tax break,Fine Fare,0.5,0.8,6512,3257,848,690,1720,0.26,0.0122,3303.0396,,,,,,,,
Rent subsidy,Fine Fare,0.5,0.8,147440,74474,19587,15739,39148,0.263,0.2751,75529.0192,,,,,,,,
FRESH tax break,Fine Fare,0.5,0.85,6919,3461,901,733,1828,0.26,0.0129,3509.5791,,,,,,,,
Rent subsidy,Fine Fare,0.5,0.85,156655,79179,20839,16731,41609,0.263,0.2923,80301.5755,,,,,,,,
FRESH tax break,Fine Fare,0.5,0.9,7326,3665,954,776,1935,0.26,0.0137,3716.1304,,,,,,,,
Rent subsidy,Fine Fare,0.5,0.9,165870,83890,22095,17724,44071,0.263,0.3095,85080.312,,,,,,,,
FRESH tax break,Fine Fare,0.5,0.95,7733,3868,1007,819,2043,0.26,0.0144,3922.6934,,,,,,,,
Rent subsidy,Fine Fare,0.5,0.95,175085,88608,23353,18719,46536,0.264,0.3267,89865.2392,,,,,,,,
FRESH tax break,Fine Fare,0.5,1.0,8140,4072,1060,862,2150,0.26,0.0152,4129.2682,,,,,,,,
Rent subsidy,Fine Fare,0.5,1.0,184300,93331,24615,19714,49002,0.264,0.3439,94656.3678,,,,,,,,
FRESH tax break,Fine Fare,0.75,0.0,0,0,0,0,0,,0.0,0.0,,,,,,,,
Rent subsidy,Fine Fare,0.75,0.0,0,0,0,0,0,,0.0,0.0,,,,,,,,
FRESH tax break,Fine Fare,0.75,0.05,407,305,79,65,161,0.26,0.0011,309.5326,,,,,,,,
Rent subsidy,Fine Fare,0.75,0.05,9215,6918,1801,1465,3652,0.26,0.0258,7014.9141,,,,,,,,
FRESH tax break,Fine Fare,0.75,0.1,814,611,159,129,322,0.26,0.0023,619.0915,,,,,,,,
Rent subsidy,Fine Fare,0.75,0.1,18430,13849,3609,2932,7308,0.261,0.0516,14043.3677,,,,,,,,
FRESH tax break,Fine Fare,0.75,0.15,1221,916,238,194,484,0.26,0.0034,928.6768,,,,,,,,
Rent subsidy,Fine Fare,0.75,0.15,27645,20793,5425,4401,10967,0.261,0.0774,21085.3958,,,,,,,,
FRESH tax break,Fine Fare,0.75,0.2,1628,1221,318,259,645,0.26,0.0046,1238.2884,,,,,,,,
Rent subsidy,Fine Fare,0.75,0.2,36860,27750,7248,5872,14630,0.261,0.1032,28141.0333,,,,,,,,
FRESH tax break,Fine Fare,0.75,0.25,2035,1527,397,323,806,0.26,0.0057,1547.9264,,,,,,,,
Rent subsidy,Fine Fare,0.75,0.25,46075,34721,9078,7346,18297,0.261,0.129,35210.3155,,,,,,,,
FRESH tax break,Fine Fare,0.75,0.3,2442,1832,477,388,967,0.26,0.0068,1857.5907,,,,,,,,
Rent subsidy,Fine Fare,0.75,0.3,55290,41705,10915,8822,21968,0.262,0.1548,42293.2776,,,,,,,,
FRESH tax break,Fine Fare,0.75,0.35,2849,2137,556,453,1129,0.26,0.008,2167.2814,,,,,,,,
Rent subsidy,Fine Fare,0.75,0.35,64505,48702,12760,10300,25643,0.262,0.1805,49389.9548,,,,,,,,
FRESH tax break,Fine Fare,0.75,0.4,3256,2443,636,517,1290,0.26,0.0091,2476.9985,,,,,,,,
Rent subsidy,Fine Fare,0.75,0.4,73720,55713,14612,11780,29321,0.262,0.2063,56500.3826,,,,,,,,
FRESH tax break,Fine Fare,0.75,0.45,3663,2748,715,582,1451,0.26,0.0103,2786.7419,,,,,,,,
Rent subsidy,Fine Fare,0.75,0.45,82935,62737,16472,13263,33003,0.263,0.2321,63624.5966,,,,,,,,
FRESH tax break,Fine Fare,0.75,0.5,4070,3054,795,647,1612,0.26,0.0114,3096.5117,,,,,,,,
Rent subsidy,Fine Fare,0.75,0.5,92150,69775,18338,14748,36689,0.263,0.2579,70762.6323,,,,,,,,
FRESH tax break,Fine Fare,0.75,0.55,4477,3359,874,711,1774,0.26,0.0125,3406.3079,,,,,,,,
Rent subsidy,Fine Fare,0.75,0.55,101365,76826,20213,16235,40378,0.263,0.2837,77914.5255,,,,,,,,
FRESH tax break,Fine Fare,0.75,0.6,4884,3665,954,776,1935,0.26,0.0137,3716.1304,,,,,,,,
Rent subsidy,Fine Fare,0.75,0.6,110580,83890,22095,17724,44071,0.263,0.3095,85080.312,,,,,,,,
FRESH tax break,Fine Fare,0.75,0.65,5291,3970,1033,841,2096,0.26,0.0148,4025.9793,,,,,,,,
Rent subsidy,Fine Fare,0.75,0.65,119795,90968,23984,19216,47768,0.264,0.3353,92260.0276,,,,,,,,
FRESH tax break,Fine Fare,0.75,0.7,5698,4276,1113,905,2258,0.26,0.0159,4335.8547,,,,,,,,
Rent subsidy,Fine Fare,0.75,0.7,129010,98060,25881,20710,51469,0.264,0.3611,99453.7085,,,,,,,,
FRESH tax break,Fine Fare,0.75,0.75,6105,4581,1192,970,2419,0.26,0.0171,4645.7563,,,,,,,,
Rent subsidy,Fine Fare,0.75,0.75,138225,105165,27785,22206,55174,0.264,0.3869,106661.3906,,,,,,,,
FRESH tax break,Fine Fare,0.75,0.8,6512,4887,1272,1035,2580,0.26,0.0182,4955.6844,,,,,,,,
Rent subsidy,Fine Fare,0.75,0.8,147440,112284,29697,23705,58882,0.264,0.4127,113883.1103,,,,,,,,
FRESH tax break,Fine Fare,0.75,0.85,6919,5193,1352,1100,2742,0.26,0.0194,5265.6389,,,,,,,,
Rent subsidy,Fine Fare,0.75,0.85,156655,119417,31617,25206,62594,0.265,0.4385,121118.9038,,,,,,,,
FRESH tax break,Fine Fare,0.75,0.9,7326,5498,1431,1164,2903,0.26,0.0205,5575.6197,,,,,,,,
Rent subsidy,Fine Fare,0.75,0.9,165870,126563,33544,26709,66310,0.265,0.4643,128368.8075,,,,,,,,
FRESH tax break,Fine Fare,0.75,0.95,7733,5804,1511,1229,3064,0.26,0.0216,5885.627,,,,,,,,
Rent subsidy,Fine Fare,0.75,0.95,175085,133723,35479,28214,70030,0.265,0.4901,135632.858,,,,,,,,
FRESH tax break,Fine Fare,0.75,1.0,8140,6110,1591,1294,3226,0.26,0.0228,6195.6606,,,,,,,,
Rent subsidy,Fine Fare,0.75,1.0,184300,140897,37421,29722,73753,0.266,0.5159,142911.0917,,,,,,,,
30% contract at existing store,Fine Fare,1.0,0.0,192440,0,0,0,0,,,,0.0,192439.72,192439.72,0.0,0.6142,8124340.1221,8012000.0,0.0719
30% contract at existing store,Fine Fare,1.0,0.05,192440,75634,20241,16182,39211,0.268,,,0.0,192439.72,192439.72,0.0,0.6143,8295205.2482,8012000.0,0.0734
30% contract at existing store,Fine Fare,1.0,0.1,192440,152877,41390,32636,78851,0.271,,,0.0,192439.72,192439.72,0.0,0.6144,8470940.3696,8012000.0,0.075
30% contract at existing store,Fine Fare,1.0,0.15,239225,231775,63482,49366,118926,0.274,,,0.0,221537.3719,192439.72,46785.5553,0.6145,8651691.0874,8012000.0,0.0766
30% contract at existing store,Fine Fare,1.0,0.2,325875,312376,86559,66378,159440,0.277,,,0.0,295432.3411,192439.72,133435.7654,0.6146,8837605.1842,8012000.0,0.0782
30% contract at existing store,Fine Fare,1.0,0.25,416228,394729,110659,83675,200396,0.28,,,0.0,369352.2181,192439.72,223788.3474,0.6147,9028832.4061,8012000.0,0.0799
30% contract at existing store,Fine Fare,1.0,0.3,510440,478885,135823,101262,241800,0.284,,,0.0,443297.1525,192439.72,318000.6963,0.6148,9225524.2162,8012000.0,0.0817
30% contract at existing store,Fine Fare,1.0,0.35,608676,564894,162096,119142,283655,0.287,,,0.0,517267.2648,192439.72,416235.9736,0.6149,9427833.5186,8012000.0,0.0835
30% contract at existing store,Fine Fare,1.0,0.4,711103,652810,189521,137322,325967,0.29,,,0.0,591262.645,192439.72,518663.1515,0.615,9635914.3512,8012000.0,0.0853
30% contract at existing store,Fine Fare,1.0,0.45,817897,742688,218144,155804,368740,0.294,,,0.0,665283.3514,192439.72,625457.037,0.6151,9849921.5463,8012000.0,0.0872
30% contract at existing store,Fine Fare,1.0,0.5,929238,834584,248012,174594,411978,0.297,,,0.0,739329.41,192439.72,736798.2749,0.6152,10070010.3568,8012000.0,0.0891
30% contract at existing store,Fine Fare,1.0,0.55,1045313,928555,279172,193697,455686,0.301,,,0.0,813400.8132,192439.72,852873.3247,0.6153,10296336.0478,8012000.0,0.0911
30% contract at existing store,Fine Fare,1.0,0.6,1166314,1024661,311675,213116,499869,0.304,,,0.0,887497.5194,192439.72,973874.4113,0.6154,10529053.4517,8012000.0,0.0932
30% contract at existing store,Fine Fare,1.0,0.65,1292439,1122961,345572,232858,544531,0.308,,,0.0,961619.4522,192439.72,1099999.4464,0.6155,10768316.4862,8012000.0,0.0953
30% contract at existing store,Fine Fare,1.0,0.7,1423892,1223518,380914,252926,589678,0.311,,,0.0,1035766.4998,192439.72,1231451.9168,0.6156,11014277.6352,8012000.0,0.0975
30% contract at existing store,Fine Fare,1.0,0.75,1560880,1326395,417756,273326,635313,0.315,,,0.0,1109938.5145,192439.72,1368440.7395,0.6157,11267087.3907,8012000.0,0.0997
30% contract at existing store,Fine Fare,1.0,0.8,1703620,1431657,456153,294062,681443,0.319,,,0.0,1184135.3128,192439.72,1511180.0785,0.6158,11526893.6568,8012000.0,0.102
30% contract at existing store,Fine Fare,1.0,0.85,1852329,1539370,496160,315140,728070,0.322,,,0.0,1258356.6748,192439.72,1659889.123,0.6159,11793841.116,8012000.0,0.1044
30% contract at existing store,Fine Fare,1.0,0.9,2007232,1649601,537836,336564,775201,0.326,,,0.0,1332602.3447,192439.72,1814791.8228,0.616,12068070.5575,8012000.0,0.1068
30% contract at existing store,Fine Fare,1.0,0.95,2168556,1762419,581238,358340,822841,0.33,,,0.0,1406872.0303,192439.72,1976116.5799,0.6161,12349718.1694,8012000.0,0.1093
30% contract at existing store,Fine Fare,1.0,1.0,2336536,1877894,626428,380472,870994,0.334,,,0.0,1481165.4041,192439.72,2144095.8941,0.6162,12638914.7952,8012000.0,0.1119
FRESH tax break,Food Universe,0.25,0.0,0,0,0,0,0,,0.0,0.0,,,,,,,,
Rent subsidy,Food Universe,0.25,0.0,0,0,0,0,0,,0.0,0.0,,,,,,,,
FRESH tax break,Food Universe,0.25,0.05,3048,762,209,163,390,0.275,0.0029,892.438,,,,,,,,
Rent subsidy,Food Universe,0.25,0.05,9384,2347,645,501,1202,0.275,0.009,2748.069,,,,,,,,
FRESH tax break,Food Universe,0.25,0.1,6096,1524,419,325,781,0.275,0.0059,1785.1074,,,,,,,,
Rent subsidy,Food Universe,0.25,0.1,18767,4695,1290,1002,2404,0.275,0.0181,5498.3335,,,,,,,,
FRESH tax break,Food Universe,0.25,0.15,9144,2287,628,488,1171,0.275,0.0088,2678.0085,,,,,,,,
Rent subsidy,Food Universe,0.25,0.15,28151,7045,1936,1503,3606,0.275,0.0271,8250.796,,,,,,,,
FRESH tax break,Food Universe,0.25,0.2,12192,3049,838,651,1561,0.275,0.0118,3571.1412,,,,,,,,
Rent subsidy,Food Universe,0.25,0.2,37534,9396,2583,2004,4809,0.275,0.0362,11005.4587,,,,,,,,
FRESH tax break,Food Universe,0.25,0.25,15241,3812,1047,813,1952,0.275,0.0147,4464.5057,,,,,,,,
Rent subsidy,Food Universe,0.25,0.25,46918,11749,3232,2506,6012,0.275,0.0452,13762.3239,,,,,,,,
FRESH tax break,Food Universe,0.25,0.3,18289,4575,1257,976,2342,0.275,0.0176,5358.102,,,,,,,,
Rent subsidy,Food Universe,0.25,0.3,56301,14104,3881,3008,7216,0.275,0.0543,16521.3941,,,,,,,,
FRESH tax break,Food Universe,0.25,0.35,21337,5338,1467,1139,2733,0.275,0.0206,6251.9303,,,,,,,,
Rent subsidy,Food Universe,0.25,0.35,65684,16460,4530,3510,8420,0.275,0.0633,19282.6715,,,,,,,,
FRESH tax break,Food Universe,0.25,0.4,24385,6102,1677,1302,3123,0.275,0.0235,7145.9905,,,,,,,,
Rent subsidy,Food Universe,0.25,0.4,75068,18818,5181,4013,9624,0.275,0.0724,22046.1584,,,,,,,,
FRESH tax break,Food Universe,0.25,0.45,27433,6865,1887,1464,3514,0.275,0.0265,8040.2828,,,,,,,,
Rent subsidy,Food Universe,0.25,0.45,84452,21178,5833,4515,10829,0.275,0.0814,24811.8572,,,,,,,,
FRESH tax break,Food Universe,0.25,0.5,30481,7629,2097,1627,3905,0.275,0.0294,8934.8072,,,,,,,,
Rent subsidy,Food Universe,0.25,0.5,93835,23539,6486,5018,12035,0.276,0.0905,27579.7704,,,,,,,,
FRESH tax break,Food Universe,0.25,0.55,33529,8393,2307,1790,4295,0.275,0.0323,9829.5639,,,,,,,,
Rent subsidy,Food Universe,0.25,0.55,103219,25902,7139,5522,13241,0.276,0.0995,30349.9001,,,,,,,,
FRESH tax break,Food Universe,0.25,0.6,36577,9157,2517,1953,4686,0.275,0.0353,10724.5529,,,,,,,,
Rent subsidy,Food Universe,0.25,0.6,112602,28266,7794,6025,14447,0.276,0.1086,33122.2487,,,,,,,,
FRESH tax break,Food Universe,0.25,0.65,39626,9921,2728,2116,5077,0.275,0.0382,11619.7742,,,,,,,,
Rent subsidy,Food Universe,0.25,0.65,121986,30632,8449,6529,15654,0.276,0.1176,35896.8186,,,,,,,,
FRESH tax break,Food Universe,0.25,0.7,42674,10685,2938,2279,5468,0.275,0.0412,12515.2281,,,,,,,,
Rent subsidy,Food Universe,0.25,0.7,131369,33000,9105,7033,16861,0.276,0.1267,38673.6122,,,,,,,,
FRESH tax break,Food Universe,0.25,0.75,45722,11449,3149,2442,5859,0.275,0.0441,13410.9145,,,,,,,,
Rent subsidy,Food Universe,0.25,0.75,140752,35369,9763,7538,18069,0.276,0.1357,41452.6318,,,,,,,,
FRESH tax break,Food Universe,0.25,0.8,48770,12214,3360,2605,6250,0.275,0.047,14306.8335,,,,,,,,
Rent subsidy,Food Universe,0.25,0.8,150136,37740,10421,8042,19277,0.276,0.1448,44233.8798,,,,,,,,
FRESH tax break,Food Universe,0.25,0.85,51818,12979,3570,2768,6641,0.275,0.05,15202.9852,,,,,,,,
Rent subsidy,Food Universe,0.25,0.85,159520,40112,11080,8547,20485,0.276,0.1538,47017.3585,,,,,,,,
FRESH tax break,Food Universe,0.25,0.9,54866,13744,3781,2931,7032,0.275,0.0529,16099.3697,,,,,,,,
Rent subsidy,Food Universe,0.25,0.9,168903,42486,11740,9052,21694,0.276,0.1629,49803.0703,,,,,,,,
FRESH tax break,Food Universe,0.25,0.95,57914,14509,3992,3094,7423,0.275,0.0559,16995.9871,,,,,,,,
Rent subsidy,Food Universe,0.25,0.95,178286,44862,12401,9558,22903,0.276,0.1719,52591.0175,,,,,,,,
FRESH tax break,Food Universe,0.25,1.0,60962,15274,4203,3257,7814,0.275,0.0588,17892.8374,,,,,,,,
Rent subsidy,Food Universe,0.25,1.0,187670,47239,13063,10064,24113,0.277,0.181,55381.2026,,,,,,,,
FRESH tax break,Food Universe,0.5,0.0,0,0,0,0,0,,0.0,0.0,,,,,,,,
Rent subsidy,Food Universe,0.5,0.0,0,0,0,0,0,,0.0,0.0,,,,,,,,
FRESH tax break,Food Universe,0.5,0.05,3048,1524,419,325,781,0.275,0.0059,1785.1074,,,,,,,,
Rent subsidy,Food Universe,0.5,0.05,9384,4695,1290,1002,2404,0.275,0.0181,5498.3335,,,,,,,,
FRESH tax break,Food Universe,0.5,0.1,6096,3049,838,651,1561,0.275,0.0118,3571.1412,,,,,,,,
Rent subsidy,Food Universe,0.5,0.1,18767,9396,2583,2004,4809,0.275,0.0362,11005.4587,,,,,,,,
FRESH tax break,Food Universe,0.5,0.15,9144,4575,1257,976,2342,0.275,0.0176,5358.102,,,,,,,,
Rent subsidy,Food Universe,0.5,0.15,28151,14104,3881,3008,7216,0.275,0.0543,16521.3941,,,,,,,,
FRESH tax break,Food Universe,0.5,0.2,12192,6102,1677,1302,3123,0.275,0.0235,7145.9905,,,,,,,,
Rent subsidy,Food Universe,0.5,0.2,37534,18818,5181,4013,9624,0.275,0.0724,22046.1584,,,,,,,,
FRESH tax break,Food Universe,0.5,0.25,15241,7629,2097,1627,3905,0.275,0.0294,8934.8072,,,,,,,,
Rent subsidy,Food Universe,0.5,0.25,46918,23539,6486,5018,12035,0.276,0.0905,27579.7704,,,,,,,,
FRESH tax break,Food Universe,0.5,0.3,18289,9157,2517,1953,4686,0.275,0.0353,10724.5529,,,,,,,,
Rent subsidy,Food Universe,0.5,0.3,56301,28266,7794,6025,14447,0.276,0.1086,33122.2487,,,,,,,,
FRESH tax break,Food Universe,0.5,0.35,21337,10685,2938,2279,5468,0.275,0.0412,12515.2281,,,,,,,,
Rent subsidy,Food Universe,0.5,0.35,65684,33000,9105,7033,16861,0.276,0.1267,38673.6122,,,,,,,,
FRESH tax break,Food Universe,0.5,0.4,24385,12214,3360,2605,6250,0.275,0.047,14306.8335,,,,,,,,
Rent subsidy,Food Universe,0.5,0.4,75068,37740,10421,8042,19277,0.276,0.1448,44233.8798,,,,,,,,
FRESH tax break,Food Universe,0.5,0.45,27433,13744,3781,2931,7032,0.275,0.0529,16099.3697,,,,,,,,
Rent subsidy,Food Universe,0.5,0.45,84452,42486,11740,9052,21694,0.276,0.1629,49803.0703,,,,,,,,
FRESH tax break,Food Universe,0.5,0.5,30481,15274,4203,3257,7814,0.275,0.0588,17892.8374,,,,,,,,
Rent subsidy,Food Universe,0.5,0.5,93835,47239,13063,10064,24113,0.277,0.181,55381.2026,,,,,,,,
FRESH tax break,Food Universe,0.5,0.55,33529,16806,4626,3584,8596,0.275,0.0647,19687.2372,,,,,,,,
Rent subsidy,Food Universe,0.5,0.55,103219,51999,14389,11076,26534,0.277,0.1991,60968.2957,,,,,,,,
FRESH tax break,Food Universe,0.5,0.6,36577,18337,5049,3910,9379,0.275,0.0705,21482.5698,,,,,,,,
Rent subsidy,Food Universe,0.5,0.6,112602,56765,15719,12089,28957,0.277,0.2172,66564.3685,,,,,,,,
FRESH tax break,Food Universe,0.5,0.65,39626,19870,5472,4237,10162,0.275,0.0764,23278.8358,,,,,,,,
Rent subsidy,Food Universe,0.5,0.65,121986,61538,17053,13104,31381,0.277,0.2353,72169.4403,,,,,,,,
FRESH tax break,Food Universe,0.5,0.7,42674,21403,5895,4563,10945,0.275,0.0823,25076.0359,,,,,,,,
Rent subsidy,Food Universe,0.5,0.7,131369,66317,18390,14119,33807,0.277,0.2534,77783.5299,,,,,,,,
FRESH tax break,Food Universe,0.5,0.75,45722,22937,6319,4890,11728,0.276,0.0882,26874.1706,,,,,,,,
Rent subsidy,Food Universe,0.5,0.75,140752,71103,19732,15136,36235,0.278,0.2715,83406.6567,,,,,,,,
FRESH tax break,Food Universe,0.5,0.8,48770,24472,6744,5217,12511,0.276,0.0941,28673.2406,,,,,,,,
Rent subsidy,Food Universe,0.5,0.8,150136,75895,21077,16154,38665,0.278,0.2896,89038.8396,,,,,,,,
FRESH tax break,Food Universe,0.5,0.85,51818,26007,7168,5544,13294,0.276,0.0999,30473.2467,,,,,,,,
Rent subsidy,Food Universe,0.5,0.85,159520,80694,22425,17172,41096,0.278,0.3077,94680.098,,,,,,,,
FRESH tax break,Food Universe,0.5,0.9,54866,27543,7594,5871,14078,0.276,0.1058,32274.1893,,,,,,,,
Rent subsidy,Food Universe,0.5,0.9,168903,85499,23778,18192,43529,0.278,0.3258,100330.4511,,,,,,,,
FRESH tax break,Food Universe,0.5,0.95,57914,29079,8019,6198,14862,0.276,0.1117,34076.0692,,,,,,,,
Rent subsidy,Food Universe,0.5,0.95,178286,90311,25134,19213,45964,0.278,0.3439,105989.9182,,,,,,,,
FRESH tax break,Food Universe,0.5,1.0,60962,30617,8445,6526,15646,0.276,0.1176,35878.887,,,,,,,,
Rent subsidy,Food Universe,0.5,1.0,187670,95130,26494,20235,48400,0.279,0.362,111658.5187,,,,,,,,
FRESH tax break,Food Universe,0.75,0.0,0,0,0,0,0,,0.0,0.0,,,,,,,,
Rent subsidy,Food Universe,0.75,0.0,0,0,0,0,0,,0.0,0.0,,,,,,,,
FRESH tax break,Food Universe,0.75,0.05,3048,2287,628,488,1171,0.275,0.0088,2678.0085,,,,,,,,
Rent subsidy,Food Universe,0.75,0.05,9384,7045,1936,1503,3606,0.275,0.0271,8250.796,,,,,,,,
FRESH tax break,Food Universe,0.75,0.1,6096,4575,1257,976,2342,0.275,0.0176,5358.102,,,,,,,,
Rent subsidy,Food Universe,0.75,0.1,18767,14104,3881,3008,7216,0.275,0.0543,16521.3941,,,,,,,,
FRESH tax break,Food Universe,0.75,0.15,9144,6865,1887,1464,3514,0.275,0.0265,8040.2828,,,,,,,,
Rent subsidy,Food Universe,0.75,0.15,28151,21178,5833,4515,10829,0.275,0.0814,24811.8572,,,,,,,,
FRESH tax break,Food Universe,0.75,0.2,12192,9157,2517,1953,4686,0.275,0.0353,10724.5529,,,,,,,,
Rent subsidy,Food Universe,0.75,0.2,37534,28266,7794,6025,14447,0.276,0.1086,33122.2487,,,,,,,,
FRESH tax break,Food Universe,0.75,0.25,15241,11449,3149,2442,5859,0.275,0.0441,13410.9145,,,,,,,,
Rent subsidy,Food Universe,0.75,0.25,46918,35369,9763,7538,18069,0.276,0.1357,41452.6318,,,,,,,,
FRESH tax break,Food Universe,0.75,0.3,18289,13744,3781,2931,7032,0.275,0.0529,16099.3697,,,,,,,,
Rent subsidy,Food Universe,0.75,0.3,56301,42486,11740,9052,21694,0.276,0.1629,49803.0703,,,,,,,,
FRESH tax break,Food Universe,0.75,0.35,21337,16040,4414,3420,8205,0.275,0.0617,18789.9208,,,,,,,,
Rent subsidy,Food Universe,0.75,0.35,65684,49618,13725,10570,25323,0.277,0.19,58173.6278,,,,,,,,
FRESH tax break,Food Universe,0.75,0.4,24385,18337,5049,3910,9379,0.275,0.0705,21482.5698,,,,,,,,
Rent subsidy,Food Universe,0.75,0.4,75068,56765,15719,12089,28957,0.277,0.2172,66564.3685,,,,,,,,
FRESH tax break,Food Universe,0.75,0.45,27433,20637,5684,4400,10553,0.275,0.0794,24177.3191,,,,,,,,
Rent subsidy,Food Universe,0.75,0.45,84452,63926,17721,13611,32594,0.277,0.2443,74975.3567,,,,,,,,
FRESH tax break,Food Universe,0.75,0.5,30481,22937,6319,4890,11728,0.276,0.0882,26874.1706,,,,,,,,
Rent subsidy,Food Universe,0.75,0.5,93835,71103,19732,15136,36235,0.278,0.2715,83406.6567,,,,,,,,
FRESH tax break,Food Universe,0.75,0.55,33529,25239,6956,5381,12903,0.276,0.097,29573.1266,,,,,,,,
Rent subsidy,Food Universe,0.75,0.55,103219,78294,21751,16663,39880,0.278,0.2986,91858.3332,,,,,,,,
FRESH tax break,Food Universe,0.75,0.6,36577,27543,7594,5871,14078,0.276,0.1058,32274.1893,,,,,,,,
Rent subsidy,Food Universe,0.75,0.6,112602,85499,23778,18192,43529,0.278,0.3258,100330.4511,,,,,,,,
FRESH tax break,Food Universe,0.75,0.65,39626,29848,8232,6362,15254,0.276,0.1146,34977.3608,,,,,,,,
Rent subsidy,Food Universe,0.75,0.65,121986,92720,25814,19724,47182,0.278,0.3529,108823.0756,,,,,,,,
FRESH tax break,Food Universe,0.75,0.7,42674,32155,8871,6853,16430,0.276,0.1235,37682.6434,,,,,,,,
Rent subsidy,Food Universe,0.75,0.7,131369,99956,27858,21259,50839,0.279,0.3801,117336.2719,,,,,,,,
FRESH tax break,Food Universe,0.75,0.75,45722,34463,9511,7345,17607,0.276,0.1323,40390.0391,,,,,,,,
Rent subsidy,Food Universe,0.75,0.75,140752,107206,29911,22795,54499,0.279,0.4072,125870.1056,,,,,,,,
FRESH tax break,Food Universe,0.75,0.8,48770,36773,10152,7836,18784,0.276,0.1411,43099.5502,,,,,,,,
Rent subsidy,Food Universe,0.75,0.8,150136,114472,31973,24335,58164,0.279,0.4344,134424.6423,,,,,,,,
FRESH tax break,Food Universe,0.75,0.85,51818,39084,10794,8328,19962,0.276,0.1499,45811.1789,,,,,,,,
Rent subsidy,Food Universe,0.75,0.85,159520,121752,34043,25877,61833,0.28,0.4615,142999.9481,,,,,,,,
FRESH tax break,Food Universe,0.75,0.9,54866,41397,11437,8821,21139,0.276,0.1587,48524.9274,,,,,,,,
Rent subsidy,Food Universe,0.75,0.9,168903,129048,36121,27421,65506,0.28,0.4887,151596.0891,,,,,,,,
FRESH tax break,Food Universe,0.75,0.95,57914,43711,12081,9313,22318,0.276,0.1676,51240.7977,,,,,,,,
Rent subsidy,Food Universe,0.75,0.95,178286,136359,38209,28967,69182,0.28,0.5158,160213.1317,,,,,,,,
FRESH tax break,Food Universe,0.75,1.0,60962,46027,12725,9806,23497,0.276,0.1764,53958.7922,,,,,,,,
Rent subsidy,Food Universe,0.75,1.0,187670,143684,40305,30517,72863,0.281,0.543,168851.1425,,,,,,,,
30% contract at existing store,Food Universe,1.0,0.0,248632,0,0,0,0,,,,0.0,248632.44,248632.44,0.0,0.6145,7504808.7762,6409000.0,0.0664
30% contract at existing store,Food Universe,1.0,0.05,248632,69883,19717,15054,35112,0.282,,,0.0,248632.44,248632.44,0.0,0.6146,7658925.2142,6409000.0,0.0678
30% contract at existing store,Food Universe,1.0,0.1,248632,141217,40274,30350,70594,0.285,,,0.0,248632.44,248632.44,0.0,0.6146,7817288.5506,6409000.0,0.0692
30% contract at existing store,Food Universe,1.0,0.15,248632,214043,61704,45891,106447,0.288,,,0.0,248632.44,248632.44,0.0,0.6147,7980019.2894,6409000.0,0.0706
30% contract at existing store,Food Universe,1.0,0.2,300558,288402,84042,61682,142677,0.291,,,0.0,248632.44,248632.44,51925.3858,0.6148,8147239.5424,6409000.0,0.0721
30% contract at existing store,Food Universe,1.0,0.25,383683,364336,107323,77726,179287,0.295,,,0.0,295588.7281,248632.44,135050.5315,0.6149,8319072.8553,6409000.0,0.0736
30% contract at existing store,Food Universe,1.0,0.3,470268,441890,131583,94027,216280,0.298,,,0.0,354763.8618,248632.44,221635.5392,0.615,8495644.0141,6409000.0,0.0752
30% contract at existing store,Food Universe,1.0,0.35,560454,521108,156860,110589,253659,0.301,,,0.0,413958.3181,248632.44,311821.4465,0.6151,8677078.8292,6409000.0,0.0768
30% contract at existing store,Food Universe,1.0,0.4,654387,602035,183191,127414,291430,0.304,,,0.0,473172.1377,248632.44,405754.0614,0.6152,8863503.8986,6409000.0,0.0785
30% contract at existing store,Food Universe,1.0,0.45,752216,684720,210617,144508,329595,0.308,,,0.0,532405.3386,248632.44,503583.977,0.6153,9055046.3468,6409000.0,0.0802
30% contract at existing store,Food Universe,1.0,0.5,854099,769211,239178,161874,368158,0.311,,,0.0,591657.916,248632.44,605466.5694,0.6154,9251833.54,6409000.0,0.0819
30% contract at existing store,Food Universe,1.0,0.55,960194,855557,268917,179516,407124,0.314,,,0.0,650929.8416,248632.44,711561.9773,0.6155,9453992.777,6409000.0,0.0837
30% contract at existing store,Food Universe,1.0,0.6,1070668,943809,299875,197438,446495,0.318,,,0.0,710221.0633,248632.44,822035.0611,0.6156,9661650.9542,6409000.0,0.0855
30% contract at existing store,Food Universe,1.0,0.65,1185688,1034019,332098,215644,486277,0.321,,,0.0,769531.505,248632.44,937055.3397,0.6157,9874934.2045,6409000.0,0.0874
30% contract at existing store,Food Universe,1.0,0.7,1305429,1126240,365630,234139,526471,0.325,,,0.0,828861.0659,248632.44,1056796.9047,0.6158,10093967.5106,6409000.0,0.0893
30% contract at existing store,Food Universe,1.0,0.75,1430071,1220527,400518,252925,567084,0.328,,,0.0,888209.621,248632.44,1181438.3079,0.6159,10318874.2911,6409000.0,0.0913
30% contract at existing store,Food Universe,1.0,0.8,1559795,1316935,436809,272008,608118,0.332,,,0.0,947577.0202,248632.44,1311162.4217,0.616,10549775.9605,6409000.0,0.0934
30% contract at existing store,Food Universe,1.0,0.85,1694789,1415520,474551,291392,649578,0.335,,,0.0,1006963.0891,248632.44,1446156.2715,0.6161,10786791.4621,6409000.0,0.0955
30% contract at existing store,Food Universe,1.0,0.9,1835243,1516341,513794,311080,691467,0.339,,,0.0,1066367.6286,248632.44,1586610.8366,0.6162,11030036.7759,6409000.0,0.0976
30% contract at existing store,Food Universe,1.0,0.95,1981353,1619456,554588,331078,733790,0.342,,,0.0,1125790.4151,248632.44,1732720.8188,0.6163,11279624.4002,6409000.0,0.0998
30% contract at existing store,Food Universe,1.0,1.0,2133317,1724925,596985,351389,776551,0.346,,,0.0,1185231.201,248632.44,1884684.3779,0.6164,11535662.8095,6409000.0,0.1021
FRESH tax break,C-Town (564),0.25,0.0,0,0,0,0,0,,0.0,0.0,,,,,,,,
Rent subsidy,C-Town (564),0.25,0.0,0,0,0,0,0,,0.0,0.0,,,,,,,,
FRESH tax break,C-Town (564),0.25,0.05,1543,386,108,79,198,0.28,0.0016,424.3634,,,,,,,,
Rent subsidy,C-Town (564),0.25,0.05,9215,2305,645,474,1185,0.28,0.0094,2534.8719,,,,,,,,
FRESH tax break,C-Town (564),0.25,0.1,3086,772,216,159,397,0.28,0.0032,848.7826,,,,,,,,
Rent subsidy,C-Town (564),0.25,0.1,18430,4611,1291,949,2371,0.28,0.0188,5071.7383,,,,,,,,
FRESH tax break,C-Town (564),0.25,0.15,4630,1158,324,238,595,0.28,0.0047,1273.2578,,,,,,,,
Rent subsidy,C-Town (564),0.25,0.15,27645,6919,1937,1424,3557,0.28,0.0283,7610.6014,,,,,,,,
FRESH tax break,C-Town (564),0.25,0.2,6173,1544,432,318,794,0.28,0.0063,1697.7889,,,,,,,,
Rent subsidy,C-Town (564),0.25,0.2,36860,9228,2585,1899,4744,0.28,0.0377,10151.4631,,,,,,,,
FRESH tax break,C-Town (564),0.25,0.25,7716,1930,540,397,992,0.28,0.0079,2122.3758,,,,,,,,
Rent subsidy,C-Town (564),0.25,0.25,46075,11539,3233,2375,5931,0.28,0.0471,12694.3257,,,,,,,,
FRESH tax break,C-Town (564),0.25,0.3,9259,2316,648,477,1191,0.28,0.0095,2547.0188,,,,,,,,
Rent subsidy,C-Town (564),0.25,0.3,55290,13852,3883,2851,7119,0.28,0.0565,15239.1911,,,,,,,,
FRESH tax break,C-Town (564),0.25,0.35,10802,2702,756,556,1390,0.28,0.011,2971.7176,,,,,,,,
Rent subsidy,C-Town (564),0.25,0.35,64505,16167,4533,3327,8307,0.28,0.0659,17786.0616,,,,,,,,
FRESH tax break,C-Town (564),0.25,0.4,12346,3088,864,636,1588,0.28,0.0126,3396.4724,,,,,,,,
Rent subsidy,C-Town (564),0.25,0.4,73720,18483,5185,3803,9495,0.281,0.0753,20334.9391,,,,,,,,
FRESH tax break,C-Town (564),0.25,0.45,13889,3474,972,715,1787,0.28,0.0142,3821.2831,,,,,,,,
Rent subsidy,C-Town (564),0.25,0.45,82935,20801,5837,4280,10684,0.281,0.0848,22885.8258,,,,,,,,
FRESH tax break,C-Town (564),0.25,0.5,15432,3860,1080,795,1985,0.28,0.0158,4246.1499,,,,,,,,
Rent subsidy,C-Town (564),0.25,0.5,92150,23120,6491,4756,11873,0.281,0.0942,25438.7237,,,,,,,,
FRESH tax break,C-Town (564),0.25,0.55,16975,4247,1189,874,2184,0.28,0.0174,4671.0725,,,,,,,,
Rent subsidy,C-Town (564),0.25,0.55,101365,25441,7145,5233,13063,0.281,0.1036,27993.6351,,,,,,,,
FRESH tax break,C-Town (564),0.25,0.6,18518,4633,1297,954,2382,0.28,0.0189,5096.0512,,,,,,,,
Rent subsidy,C-Town (564),0.25,0.6,110580,27764,7800,5711,14253,0.281,0.113,30550.5619,,,,,,,,
FRESH tax break,C-Town (564),0.25,0.65,20061,5019,1405,1033,2581,0.28,0.0205,5521.0859,,,,,,,,
Rent subsidy,C-Town (564),0.25,0.65,119795,30088,8456,6188,15444,0.281,0.1224,33109.5063,,,,,,,,
FRESH tax break,C-Town (564),0.25,0.7,21605,5406,1513,1113,2780,0.28,0.0221,5946.1766,,,,,,,,
Rent subsidy,C-Town (564),0.25,0.7,129010,32415,9113,6666,16635,0.281,0.1319,35670.4704,,,,,,,,
FRESH tax break,C-Town (564),0.25,0.75,23148,5792,1622,1192,2978,0.28,0.0237,6371.3232,,,,,,,,
Rent subsidy,C-Town (564),0.25,0.75,138225,34742,9771,7145,17827,0.281,0.1413,38233.4563,,,,,,,,
FRESH tax break,C-Town (564),0.25,0.8,24691,6179,1730,1272,3177,0.28,0.0252,6796.526,,,,,,,,
Rent subsidy,C-Town (564),0.25,0.8,147440,37072,10430,7623,19019,0.281,0.1507,40798.4661,,,,,,,,
FRESH tax break,C-Town (564),0.25,0.85,26234,6565,1838,1351,3376,0.28,0.0268,7221.7847,,,,,,,,
Rent subsidy,C-Town (564),0.25,0.85,156655,39403,11090,8102,20211,0.281,0.1601,43365.502,,,,,,,,
FRESH tax break,C-Town (564),0.25,0.9,27777,6952,1947,1431,3574,0.28,0.0284,7647.0995,,,,,,,,
Rent subsidy,C-Town (564),0.25,0.9,165870,41736,11751,8581,21404,0.282,0.1695,45934.566,,,,,,,,
FRESH tax break,C-Town (564),0.25,0.95,29321,7338,2055,1511,3773,0.28,0.03,8072.4703,,,,,,,,
Rent subsidy,C-Town (564),0.25,0.95,175085,44070,12413,9060,22597,0.282,0.179,48505.6603,,,,,,,,
FRESH tax break,C-Town (564),0.25,1.0,30864,7725,2163,1590,3972,0.28,0.0315,8497.8973,,,,,,,,
Rent subsidy,C-Town (564),0.25,1.0,184300,46406,13076,9539,23791,0.282,0.1884,51078.7869,,,,,,,,
FRESH tax break,C-Town (564),0.5,0.0,0,0,0,0,0,,0.0,0.0,,,,,,,,
Rent subsidy,C-Town (564),0.5,0.0,0,0,0,0,0,,0.0,0.0,,,,,,,,
FRESH tax break,C-Town (564),0.5,0.05,1543,772,216,159,397,0.28,0.0032,848.7826,,,,,,,,
Rent subsidy,C-Town (564),0.5,0.05,9215,4611,1291,949,2371,0.28,0.0188,5071.7383,,,,,,,,
FRESH tax break,C-Town (564),0.5,0.1,3086,1544,432,318,794,0.28,0.0063,1697.7889,,,,,,,,
Rent subsidy,C-Town (564),0.5,0.1,18430,9228,2585,1899,4744,0.28,0.0377,10151.4631,,,,,,,,
FRESH tax break,C-Town (564),0.5,0.15,4630,2316,648,477,1191,0.28,0.0095,2547.0188,,,,,,,,
Rent subsidy,C-Town (564),0.5,0.15,27645,13852,3883,2851,7119,0.28,0.0565,15239.1911,,,,,,,,
FRESH tax break,C-Town (564),0.5,0.2,6173,3088,864,636,1588,0.28,0.0126,3396.4724,,,,,,,,
Rent subsidy,C-Town (564),0.5,0.2,36860,18483,5185,3803,9495,0.281,0.0753,20334.9391,,,,,,,,
FRESH tax break,C-Town (564),0.5,0.25,7716,3860,1080,795,1985,0.28,0.0158,4246.1499,,,,,,,,
Rent subsidy,C-Town (564),0.5,0.25,46075,23120,6491,4756,11873,0.281,0.0942,25438.7237,,,,,,,,
FRESH tax break,C-Town (564),0.5,0.3,9259,4633,1297,954,2382,0.28,0.0189,5096.0512,,,,,,,,
Rent subsidy,C-Town (564),0.5,0.3,55290,27764,7800,5711,14253,0.281,0.113,30550.5619,,,,,,,,
FRESH tax break,C-Town (564),0.5,0.35,10802,5406,1513,1113,2780,0.28,0.0221,5946.1766,,,,,,,,
Rent subsidy,C-Town (564),0.5,0.35,64505,32415,9113,6666,16635,0.281,0.1319,35670.4704,,,,,,,,
FRESH tax break,C-Town (564),0.5,0.4,12346,6179,1730,1272,3177,0.28,0.0252,6796.526,,,,,,,,
Rent subsidy,C-Town (564),0.5,0.4,73720,37072,10430,7623,19019,0.281,0.1507,40798.4661,,,,,,,,
FRESH tax break,C-Town (564),0.5,0.45,13889,6952,1947,1431,3574,0.28,0.0284,7647.0995,,,,,,,,
Rent subsidy,C-Town (564),0.5,0.45,82935,41736,11751,8581,21404,0.282,0.1695,45934.566,,,,,,,,
FRESH tax break,C-Town (564),0.5,0.5,15432,7725,2163,1590,3972,0.28,0.0315,8497.8973,,,,,,,,
Rent subsidy,C-Town (564),0.5,0.5,92150,46406,13076,9539,23791,0.282,0.1884,51078.7869,,,,,,,,
FRESH tax break,C-Town (564),0.5,0.55,16975,8499,2380,1749,4369,0.28,0.0347,9348.9193,,,,,,,,
Rent subsidy,C-Town (564),0.5,0.55,101365,51084,14405,10499,26180,0.282,0.2072,56231.146,,,,,,,,
FRESH tax break,C-Town (564),0.5,0.6,18518,9272,2597,1908,4767,0.28,0.0379,10200.1657,,,,,,,,
Rent subsidy,C-Town (564),0.5,0.6,110580,55768,15737,11460,28571,0.282,0.226,61391.6601,,,,,,,,
FRESH tax break,C-Town (564),0.5,0.65,20061,10046,2814,2068,5164,0.28,0.041,11051.6366,,,,,,,,
Rent subsidy,C-Town (564),0.5,0.65,119795,60459,17074,12422,30963,0.282,0.2449,66560.3464,,,,,,,,
FRESH tax break,C-Town (564),0.5,0.7,21605,10820,3032,2227,5562,0.28,0.0442,11903.332,,,,,,,,
Rent subsidy,C-Town (564),0.5,0.7,129010,65156,18414,13385,33357,0.283,0.2637,71737.2219,,,,,,,,
FRESH tax break,C-Town (564),0.5,0.75,23148,11595,3249,2386,5959,0.28,0.0473,12755.252,,,,,,,,
Rent subsidy,C-Town (564),0.5,0.75,138225,69861,19758,14349,35754,0.283,0.2826,76922.3039,,,,,,,,
FRESH tax break,C-Town (564),0.5,0.8,24691,12369,3466,2546,6357,0.28,0.0505,13607.3967,,,,,,,,
Rent subsidy,C-Town (564),0.5,0.8,147440,74572,21106,15315,38151,0.283,0.3014,82115.6094,,,,,,,,
FRESH tax break,C-Town (564),0.5,0.85,26234,13144,3684,2705,6755,0.28,0.0536,14459.7661,,,,,,,,
Rent subsidy,C-Town (564),0.5,0.85,156655,79290,22458,16281,40551,0.283,0.3202,87317.1557,,,,,,,,
FRESH tax break,C-Town (564),0.5,0.9,27777,13919,3902,2864,7153,0.28,0.0568,15312.3604,,,,,,,,
Rent subsidy,C-Town (564),0.5,0.9,165870,84015,23814,17248,42953,0.283,0.3391,92526.96,,,,,,,,
FRESH tax break,C-Town (564),0.5,0.95,29321,14694,4119,3024,7551,0.28,0.0599,16165.1797,,,,,,,,
Rent subsidy,C-Town (564),0.5,0.95,175085,88746,25174,18217,45356,0.284,0.3579,97745.0396,,,,,,,,
FRESH tax break,C-Town (564),0.5,1.0,30864,15469,4337,3183,7948,0.28,0.0631,17018.2239,,,,,,,,
Rent subsidy,C-Town (564),0.5,1.0,184300,93484,26537,19186,47761,0.284,0.3767,102971.4119,,,,,,,,
FRESH tax break,C-Town (564),0.75,0.0,0,0,0,0,0,,0.0,0.0,,,,,,,,
Rent subsidy,C-Town (564),0.75,0.0,0,0,0,0,0,,0.0,0.0,,,,,,,,
FRESH tax break,C-Town (564),0.75,0.05,1543,1158,324,238,595,0.28,0.0047,1273.2578,,,,,,,,
Rent subsidy,C-Town (564),0.75,0.05,9215,6919,1937,1424,3557,0.28,0.0283,7610.6014,,,,,,,,
FRESH tax break,C-Town (564),0.75,0.1,3086,2316,648,477,1191,0.28,0.0095,2547.0188,,,,,,,,
Rent subsidy,C-Town (564),0.75,0.1,18430,13852,3883,2851,7119,0.28,0.0565,15239.1911,,,,,,,,
FRESH tax break,C-Town (564),0.75,0.15,4630,3474,972,715,1787,0.28,0.0142,3821.2831,,,,,,,,
Rent subsidy,C-Town (564),0.75,0.15,27645,20801,5837,4280,10684,0.281,0.0848,22885.8258,,,,,,,,
FRESH tax break,C-Town (564),0.75,0.2,6173,4633,1297,954,2382,0.28,0.0189,5096.0512,,,,,,,,
Rent subsidy,C-Town (564),0.75,0.2,36860,27764,7800,5711,14253,0.281,0.113,30550.5619,,,,,,,,
FRESH tax break,C-Town (564),0.75,0.25,7716,5792,1622,1192,2978,0.28,0.0237,6371.3232,,,,,,,,
Rent subsidy,C-Town (564),0.75,0.25,46075,34742,9771,7145,17827,0.281,0.1413,38233.4563,,,,,,,,
FRESH tax break,C-Town (564),0.75,0.3,9259,6952,1947,1431,3574,0.28,0.0284,7647.0995,,,,,,,,
Rent subsidy,C-Town (564),0.75,0.3,55290,41736,11751,8581,21404,0.282,0.1695,45934.566,,,,,,,,
FRESH tax break,C-Town (564),0.75,0.35,10802,8112,2272,1670,4170,0.28,0.0331,8923.3802,,,,,,,,
Rent subsidy,C-Town (564),0.75,0.35,64505,48744,13740,10019,24985,0.282,0.1978,53653.9481,,,,,,,,
FRESH tax break,C-Town (564),0.75,0.4,12346,9272,2597,1908,4767,0.28,0.0379,10200.1657,,,,,,,,
Rent subsidy,C-Town (564),0.75,0.4,73720,55768,15737,11460,28571,0.282,0.226,61391.6601,,,,,,,,
FRESH tax break,C-Town (564),0.75,0.45,13889,10433,2923,2147,5363,0.28,0.0426,11477.4562,,,,,,,,
Rent subsidy,C-Town (564),0.75,0.45,82935,62807,17743,12904,32160,0.283,0.2543,69147.7594,,,,,,,,
FRESH tax break,C-Town (564),0.75,0.5,15432,11595,3249,2386,5959,0.28,0.0473,12755.252,,,,,,,,
Rent subsidy,C-Town (564),0.75,0.5,92150,69861,19758,14349,35754,0.283,0.2826,76922.3039,,,,,,,,
FRESH tax break,C-Town (564),0.75,0.55,16975,12757,3575,2625,6556,0.28,0.0521,14033.5533,,,,,,,,
Rent subsidy,C-Town (564),0.75,0.55,101365,76930,21781,15798,39351,0.283,0.3108,84715.3513,,,,,,,,
FRESH tax break,C-Town (564),0.75,0.6,18518,13919,3902,2864,7153,0.28,0.0568,15312.3604,,,,,,,,
Rent subsidy,C-Town (564),0.75,0.6,110580,84015,23814,17248,42953,0.283,0.3391,92526.96,,,,,,,,
FRESH tax break,C-Town (564),0.75,0.65,20061,15081,4228,3103,7750,0.28,0.0615,16591.6736,,,,,,,,
Rent subsidy,C-Town (564),0.75,0.65,119795,91114,25855,18701,46558,0.284,0.3673,100357.1881,,,,,,,,
FRESH tax break,C-Town (564),0.75,0.7,21605,16244,4555,3343,8346,0.28,0.0662,17871.4932,,,,,,,,
Rent subsidy,C-Town (564),0.75,0.7,129010,98230,27905,20157,50168,0.284,0.3956,108206.0941,,,,,,,,
FRESH tax break,C-Town (564),0.75,0.75,23148,17408,4882,3582,8943,0.28,0.071,19151.8193,,,,,,,,
Rent subsidy,C-Town (564),0.75,0.75,138225,105360,29964,21615,53782,0.284,0.4238,116073.7368,,,,,,,,
FRESH tax break,C-Town (564),0.75,0.8,24691,18572,5210,3821,9541,0.281,0.0757,20432.6524,,,,,,,,
Rent subsidy,C-Town (564),0.75,0.8,147440,112506,32032,23075,57399,0.285,0.4521,123960.175,,,,,,,,
FRESH tax break,C-Town (564),0.75,0.85,26234,19736,5537,4061,10138,0.281,0.0804,21713.9925,,,,,,,,
Rent subsidy,C-Town (564),0.75,0.85,156655,119668,34109,24538,61021,0.285,0.4804,131865.4677,,,,,,,,
FRESH tax break,C-Town (564),0.75,0.9,27777,20901,5865,4300,10735,0.281,0.0852,22995.8401,,,,,,,,
Rent subsidy,C-Town (564),0.75,0.9,165870,126845,36195,26003,64647,0.285,0.5086,139789.6743,,,,,,,,
FRESH tax break,C-Town (564),0.75,0.95,29321,22066,6193,4540,11333,0.281,0.0899,24278.1953,,,,,,,,
Rent subsidy,C-Town (564),0.75,0.95,175085,134038,38290,27471,68277,0.286,0.5369,147732.8542,,,,,,,,
FRESH tax break,C-Town (564),0.75,1.0,30864,23231,6522,4779,11930,0.281,0.0946,25561.0585,,,,,,,,
Rent subsidy,C-Town (564),0.75,1.0,184300,141247,40394,28941,71911,0.286,0.5651,155695.0669,,,,,,,,
30% contract at existing store,C-Town (564),1.0,0.0,215164,0,0,0,0,,,,0.0,215163.8,215163.8,0.0,0.6144,7049205.3411,6409000.0,0.0624
30% contract at existing store,C-Town (564),1.0,0.05,215164,65640,18865,13645,33130,0.287,,,0.0,215163.8,215163.8,0.0,0.6145,7194394.4647,6409000.0,0.0637
30% contract at existing store,C-Town (564),1.0,0.1,215164,132648,38532,27510,66606,0.29,,,0.0,215163.8,215163.8,0.0,0.6146,7343602.6064,6409000.0,0.065
30% contract at existing store,C-Town (564),1.0,0.15,215164,201061,59031,41597,100433,0.294,,,0.0,215163.8,215163.8,0.0,0.6147,7496944.5665,6409000.0,0.0664
30% contract at existing store,C-Town (564),1.0,0.2,282374,270919,80395,55911,134613,0.297,,,0.0,236426.3651,215163.8,67210.097,0.6148,7654536.7728,6409000.0,0.0678
30% contract at existing store,C-Town (564),1.0,0.25,360495,342261,102657,70454,169150,0.3,,,0.0,295581.2178,215163.8,145330.7764,0.6149,7816497.1288,6409000.0,0.0692
30% contract at existing store,C-Town (564),1.0,0.3,441878,415130,125853,85230,204048,0.303,,,0.0,354755.5675,215163.8,226713.892,0.615,7982944.8433,6409000.0,0.0707
30% contract at existing store,C-Town (564),1.0,0.35,526657,489568,150016,100242,239310,0.306,,,0.0,413949.4738,215163.8,311493.1058,0.6151,8154000.2409,6409000.0,0.0722
30% contract at existing store,C-Town (564),1.0,0.4,614970,565619,175186,115494,274939,0.31,,,0.0,473162.9749,215163.8,399806.6539,0.6152,8329784.5528,6409000.0,0.0737
30% contract at existing store,C-Town (564),1.0,0.45,706961,643326,201398,130990,310938,0.313,,,0.0,532396.0862,215163.8,491797.3691,0.6153,8510419.6863,6409000.0,0.0753
30% contract at existing store,C-Town (564),1.0,0.5,802776,722737,228692,146732,347313,0.316,,,0.0,591648.8004,215163.8,587612.6892,0.6154,8696027.9735,6409000.0,0.077
30% contract at existing store,C-Town (564),1.0,0.55,902568,803897,257107,162725,384065,0.32,,,0.0,650921.0869,215163.8,687404.6483,0.6155,8886731.8969,6409000.0,0.0787
30% contract at existing store,C-Town (564),1.0,0.6,1006494,886856,286685,178972,421199,0.323,,,0.0,710212.891,215163.8,791329.8509,0.6156,9082653.793,6409000.0,0.0804
30% contract at existing store,C-Town (564),1.0,0.65,1114713,971663,317467,195477,458719,0.327,,,0.0,769524.1345,215163.8,899549.4258,0.6157,9283915.5317,6409000.0,0.0822
30% contract at existing store,C-Town (564),1.0,0.7,1227393,1058368,349497,212243,496627,0.33,,,0.0,828854.7146,215163.8,1012228.9591,0.6158,9490638.172,6409000.0,0.084
30% contract at existing store,C-Town (564),1.0,0.75,1344702,1147022,382819,229275,534928,0.334,,,0.0,888204.5042,215163.8,1129538.4044,0.6159,9702941.5947,6409000.0,0.0859
30% contract at existing store,C-Town (564),1.0,0.8,1466816,1237679,417478,246576,573626,0.337,,,0.0,947573.3518,215163.8,1251651.9689,0.616,9920944.1091,6409000.0,0.0878
30% contract at existing store,C-Town (564),1.0,0.85,1593912,1330392,453519,264150,612723,0.341,,,0.0,1006961.0817,215163.8,1378747.9732,0.6161,10144762.0373,6409000.0,0.0898
30% contract at existing store,C-Town (564),1.0,0.9,1726172,1425216,490992,282001,652224,0.345,,,0.0,1066367.4936,215163.8,1511008.6842,0.6162,10374509.2732,6409000.0,0.0918
30% contract at existing store,C-Town (564),1.0,0.95,1863784,1522208,529942,300132,692133,0.348,,,0.0,1125792.3635,215163.8,1648620.1186,0.6163,10610296.8194,6409000.0,0.0939
30% contract at existing store,C-Town (564),1.0,1.0,2006936,1621423,570420,318549,732454,0.352,,,0.0,1185235.4436,215163.8,1791771.8162,0.6164,10852232.3003,6409000.0,0.0961
FRESH tax break,C-Town (809),0.25,0.0,0,0,0,0,0,,0.0,0.0,,,,,,,,
Rent subsidy,C-Town (809),0.25,0.0,0,0,0,0,0,,0.0,0.0,,,,,,,,
FRESH tax break,C-Town (809),0.25,0.05,2900,725,207,152,366,0.285,0.0025,1019.6753,,,,,,,,
Rent subsidy,C-Town (809),0.25,0.05,7967,1992,568,419,1005,0.285,0.0068,2802.4241,,,,,,,,
FRESH tax break,C-Town (809),0.25,0.1,5799,1450,414,305,731,0.285,0.0049,2039.6195,,,,,,,,
Rent subsidy,C-Town (809),0.25,0.1,15934,3986,1137,838,2010,0.285,0.0136,5606.8793,,,,,,,,
FRESH tax break,C-Town (809),0.25,0.15,8699,2175,620,458,1097,0.285,0.0074,3059.8326,,,,,,,,
Rent subsidy,C-Town (809),0.25,0.15,23902,5980,1707,1258,3016,0.285,0.0204,8413.3675,,,,,,,,
FRESH tax break,C-Town (809),0.25,0.2,11598,2901,827,610,1463,0.285,0.0099,4080.3147,,,,,,,,
Rent subsidy,C-Town (809),0.25,0.2,31869,7975,2277,1677,4022,0.285,0.0272,11221.8907,,,,,,,,
FRESH tax break,C-Town (809),0.25,0.25,14498,3626,1034,763,1829,0.285,0.0124,5101.066,,,,,,,,
Rent subsidy,C-Town (809),0.25,0.25,39836,9972,2847,2097,5028,0.286,0.034,14032.4507,,,,,,,,
FRESH tax break,C-Town (809),0.25,0.3,17397,4352,1242,915,2195,0.285,0.0148,6122.0866,,,,,,,,
Rent subsidy,C-Town (809),0.25,0.3,47803,11969,3418,2517,6034,0.286,0.0408,16845.0495,,,,,,,,
FRESH tax break,C-Town (809),0.25,0.35,20297,5078,1449,1068,2561,0.285,0.0173,7143.3764,,,,,,,,
Rent subsidy,C-Town (809),0.25,0.35,55770,13968,3990,2937,7041,0.286,0.0475,19659.689,,,,,,,,
FRESH tax break,C-Town (809),0.25,0.4,23197,5803,1656,1221,2927,0.285,0.0198,8164.9357,,,,,,,,
Rent subsidy,C-Town (809),0.25,0.4,63738,15967,4563,3357,8048,0.286,0.0543,22476.3712,,,,,,,,
FRESH tax break,C-Town (809),0.25,0.45,26096,6530,1863,1373,3293,0.285,0.0222,9186.7644,,,,,,,,
Rent subsidy,C-Town (809),0.25,0.45,71705,17968,5136,3778,9055,0.286,0.0611,25295.0979,,,,,,,,
FRESH tax break,C-Town (809),0.25,0.5,28996,7256,2071,1526,3659,0.285,0.0247,10208.8628,,,,,,,,
Rent subsidy,C-Town (809),0.25,0.5,79672,19969,5709,4198,10062,0.286,0.0679,28115.8711,,,,,,,,
FRESH tax break,C-Town (809),0.25,0.55,31895,7982,2278,1679,4025,0.285,0.0272,11231.2309,,,,,,,,
Rent subsidy,C-Town (809),0.25,0.55,87639,21972,6283,4619,11070,0.286,0.0747,30938.6928,,,,,,,,
FRESH tax break,C-Town (809),0.25,0.6,34795,8709,2486,1831,4391,0.285,0.0297,12253.8687,,,,,,,,
Rent subsidy,C-Town (809),0.25,0.6,95606,23976,6858,5040,12078,0.286,0.0815,33763.5648,,,,,,,,
FRESH tax break,C-Town (809),0.25,0.65,37694,9435,2694,1984,4757,0.285,0.0321,13276.7764,,,,,,,,
Rent subsidy,C-Town (809),0.25,0.65,103574,25980,7433,5461,13086,0.286,0.0883,36590.4892,,,,,,,,
FRESH tax break,C-Town (809),0.25,0.7,40594,10162,2901,2137,5123,0.286,0.0346,14299.9541,,,,,,,,
Rent subsidy,C-Town (809),0.25,0.7,111541,27986,8009,5882,14094,0.286,0.0951,39419.4678,,,,,,,,
FRESH tax break,C-Town (809),0.25,0.75,43494,10889,3109,2290,5490,0.286,0.0371,15323.4019,,,,,,,,
Rent subsidy,C-Town (809),0.25,0.75,119508,29993,8586,6304,15103,0.286,0.1019,42250.5026,,,,,,,,
FRESH tax break,C-Town (809),0.25,0.8,46393,11616,3317,2443,5856,0.286,0.0396,16347.1198,,,,,,,,
Rent subsidy,C-Town (809),0.25,0.8,127475,32001,9163,6725,16112,0.286,0.1087,45083.5956,,,,,,,,
FRESH tax break,C-Town (809),0.25,0.85,49293,12343,3525,2595,6222,0.286,0.042,17371.108,,,,,,,,
Rent subsidy,C-Town (809),0.25,0.85,135442,34009,9741,7147,17122,0.286,0.1155,47918.7487,,,,,,,,
FRESH tax break,C-Town (809),0.25,0.9,52192,13070,3733,2748,6589,0.286,0.0445,18395.3665,,,,,,,,
Rent subsidy,C-Town (809),0.25,0.9,143410,36019,10319,7569,18131,0.286,0.1223,50755.9637,,,,,,,,
FRESH tax break,C-Town (809),0.25,0.95,55092,13798,3941,2901,6955,0.286,0.047,19419.8954,,,,,,,,
Rent subsidy,C-Town (809),0.25,0.95,151377,38030,10898,7991,19141,0.287,0.1291,53595.2428,,,,,,,,
FRESH tax break,C-Town (809),0.25,1.0,57991,14525,4150,3054,7321,0.286,0.0494,20444.6949,,,,,,,,
Rent subsidy,C-Town (809),0.25,1.0,159344,40042,11478,8413,20151,0.287,0.1358,56436.5879,,,,,,,,
FRESH tax break,C-Town (809),0.5,0.0,0,0,0,0,0,,0.0,0.0,,,,,,,,
Rent subsidy,C-Town (809),0.5,0.0,0,0,0,0,0,,0.0,0.0,,,,,,,,
FRESH tax break,C-Town (809),0.5,0.05,2900,1450,414,305,731,0.285,0.0049,2039.6195,,,,,,,,
Rent subsidy,C-Town (809),0.5,0.05,7967,3986,1137,838,2010,0.285,0.0136,5606.8793,,,,,,,,
FRESH tax break,C-Town (809),0.5,0.1,5799,2901,827,610,1463,0.285,0.0099,4080.3147,,,,,,,,
Rent subsidy,C-Town (809),0.5,0.1,15934,7975,2277,1677,4022,0.285,0.0272,11221.8907,,,,,,,,
FRESH tax break,C-Town (809),0.5,0.15,8699,4352,1242,915,2195,0.285,0.0148,6122.0866,,,,,,,,
Rent subsidy,C-Town (809),0.5,0.15,23902,11969,3418,2517,6034,0.286,0.0408,16845.0495,,,,,,,,
FRESH tax break,C-Town (809),0.5,0.2,11598,5803,1656,1221,2927,0.285,0.0198,8164.9357,,,,,,,,
Rent subsidy,C-Town (809),0.5,0.2,31869,15967,4563,3357,8048,0.286,0.0543,22476.3712,,,,,,,,
FRESH tax break,C-Town (809),0.5,0.25,14498,7256,2071,1526,3659,0.285,0.0247,10208.8628,,,,,,,,
Rent subsidy,C-Town (809),0.5,0.25,39836,19969,5709,4198,10062,0.286,0.0679,28115.8711,,,,,,,,
FRESH tax break,C-Town (809),0.5,0.3,17397,8709,2486,1831,4391,0.285,0.0297,12253.8687,,,,,,,,
Rent subsidy,C-Town (809),0.5,0.3,47803,23976,6858,5040,12078,0.286,0.0815,33763.5648,,,,,,,,
FRESH tax break,C-Town (809),0.5,0.35,20297,10162,2901,2137,5123,0.286,0.0346,14299.9541,,,,,,,,
Rent subsidy,C-Town (809),0.5,0.35,55770,27986,8009,5882,14094,0.286,0.0951,39419.4678,,,,,,,,
FRESH tax break,C-Town (809),0.5,0.4,23197,11616,3317,2443,5856,0.286,0.0396,16347.1198,,,,,,,,
Rent subsidy,C-Town (809),0.5,0.4,63738,32001,9163,6725,16112,0.286,0.1087,45083.5956,,,,,,,,
FRESH tax break,C-Town (809),0.5,0.45,26096,13070,3733,2748,6589,0.286,0.0445,18395.3665,,,,,,,,
Rent subsidy,C-Town (809),0.5,0.45,71705,36019,10319,7569,18131,0.286,0.1223,50755.9637,,,,,,,,
FRESH tax break,C-Town (809),0.5,0.5,28996,14525,4150,3054,7321,0.286,0.0494,20444.6949,,,,,,,,
Rent subsidy,C-Town (809),0.5,0.5,79672,40042,11478,8413,20151,0.287,0.1358,56436.5879,,,,,,,,
FRESH tax break,C-Town (809),0.5,0.55,31895,15981,4566,3360,8054,0.286,0.0544,22495.1058,,,,,,,,
Rent subsidy,C-Town (809),0.5,0.55,87639,44069,12639,9258,22172,0.287,0.1494,62125.4835,,,,,,,,
FRESH tax break,C-Town (809),0.5,0.6,34795,17437,4983,3666,8787,0.286,0.0593,24546.5999,,,,,,,,
Rent subsidy,C-Town (809),0.5,0.6,95606,48100,13802,10104,24194,0.287,0.163,67822.6664,,,,,,,,
FRESH tax break,C-Town (809),0.5,0.65,37694,18893,5401,3972,9520,0.286,0.0643,26599.178,,,,,,,,
Rent subsidy,C-Town (809),0.5,0.65,103574,52136,14968,10950,26218,0.287,0.1766,73528.1522,,,,,,,,
FRESH tax break,C-Town (809),0.5,0.7,40594,20350,5818,4278,10254,0.286,0.0692,28652.8409,,,,,,,,
Rent subsidy,C-Town (809),0.5,0.7,111541,56175,16136,11797,28242,0.287,0.1902,79241.9567,,,,,,,,
FRESH tax break,C-Town (809),0.5,0.75,43494,21808,6236,4585,10987,0.286,0.0742,30707.5892,,,,,,,,
Rent subsidy,C-Town (809),0.5,0.75,119508,60219,17306,12645,30267,0.287,0.2038,84964.0954,,,,,,,,
FRESH tax break,C-Town (809),0.5,0.8,46393,23266,6655,4891,11721,0.286,0.0791,32763.4237,,,,,,,,
Rent subsidy,C-Town (809),0.5,0.8,127475,64267,18479,13494,32294,0.288,0.2173,90694.5843,,,,,,,,
FRESH tax break,C-Town (809),0.5,0.85,49293,24725,7073,5197,12455,0.286,0.084,34820.3452,,,,,,,,
Rent subsidy,C-Town (809),0.5,0.85,135442,68319,19655,14343,34321,0.288,0.2309,96433.4391,,,,,,,,
FRESH tax break,C-Town (809),0.5,0.9,52192,26184,7492,5504,13189,0.286,0.089,36878.3544,,,,,,,,
Rent subsidy,C-Town (809),0.5,0.9,143410,72375,20833,15192,36350,0.288,0.2445,102180.6756,,,,,,,,
FRESH tax break,C-Town (809),0.5,0.95,55092,27644,7911,5810,13923,0.286,0.0939,38937.4521,,,,,,,,
Rent subsidy,C-Town (809),0.5,0.95,151377,76435,22013,16043,38380,0.288,0.2581,107936.3097,,,,,,,,
FRESH tax break,C-Town (809),0.5,1.0,57991,29105,8331,6117,14657,0.286,0.0989,40997.6389,,,,,,,,
Rent subsidy,C-Town (809),0.5,1.0,159344,80500,23196,16894,40411,0.288,0.2717,113700.3573,,,,,,,,
FRESH tax break,C-Town (809),0.75,0.0,0,0,0,0,0,,0.0,0.0,,,,,,,,
Rent subsidy,C-Town (809),0.75,0.0,0,0,0,0,0,,0.0,0.0,,,,,,,,
FRESH tax break,C-Town (809),0.75,0.05,2900,2175,620,458,1097,0.285,0.0074,3059.8326,,,,,,,,
Rent subsidy,C-Town (809),0.75,0.05,7967,5980,1707,1258,3016,0.285,0.0204,8413.3675,,,,,,,,
FRESH tax break,C-Town (809),0.75,0.1,5799,4352,1242,915,2195,0.285,0.0148,6122.0866,,,,,,,,
Rent subsidy,C-Town (809),0.75,0.1,15934,11969,3418,2517,6034,0.286,0.0408,16845.0495,,,,,,,,
FRESH tax break,C-Town (809),0.75,0.15,8699,6530,1863,1373,3293,0.285,0.0222,9186.7644,,,,,,,,
Rent subsidy,C-Town (809),0.75,0.15,23902,17968,5136,3778,9055,0.286,0.0611,25295.0979,,,,,,,,
FRESH tax break,C-Town (809),0.75,0.2,11598,8709,2486,1831,4391,0.285,0.0297,12253.8687,,,,,,,,
Rent subsidy,C-Town (809),0.75,0.2,31869,23976,6858,5040,12078,0.286,0.0815,33763.5648,,,,,,,,
FRESH tax break,C-Town (809),0.75,0.25,14498,10889,3109,2290,5490,0.286,0.0371,15323.4019,,,,,,,,
Rent subsidy,C-Town (809),0.75,0.25,39836,29993,8586,6304,15103,0.286,0.1019,42250.5026,,,,,,,,
FRESH tax break,C-Town (809),0.75,0.3,17397,13070,3733,2748,6589,0.286,0.0445,18395.3665,,,,,,,,
Rent subsidy,C-Town (809),0.75,0.3,47803,36019,10319,7569,18131,0.286,0.1223,50755.9637,,,,,,,,
FRESH tax break,C-Town (809),0.75,0.35,20297,15253,4358,3207,7688,0.286,0.0519,21469.765,,,,,,,,
Rent subsidy,C-Town (809),0.75,0.35,55770,42055,12058,8836,21162,0.287,0.1426,59280.0008,,,,,,,,
FRESH tax break,C-Town (809),0.75,0.4,23197,17437,4983,3666,8787,0.286,0.0593,24546.5999,,,,,,,,
Rent subsidy,C-Town (809),0.75,0.4,63738,48100,13802,10104,24194,0.287,0.163,67822.6664,,,,,,,,
FRESH tax break,C-Town (809),0.75,0.45,26096,19622,5609,4125,9887,0.286,0.0667,27625.8738,,,,,,,,
Rent subsidy,C-Town (809),0.75,0.45,71705,54155,15551,11374,27230,0.287,0.1834,76384.0136,,,,,,,,
FRESH tax break,C-Town (809),0.75,0.5,28996,21808,6236,4585,10987,0.286,0.0742,30707.5892,,,,,,,,
Rent subsidy,C-Town (809),0.75,0.5,79672,60219,17306,12645,30267,0.287,0.2038,84964.0954,,,,,,,,
FRESH tax break,C-Town (809),0.75,0.55,31895,23996,6864,5044,12088,0.286,0.0816,33791.7485,,,,,,,,
Rent subsidy,C-Town (809),0.75,0.55,87639,66292,19067,13918,33307,0.288,0.2241,93562.965,,,,,,,,
FRESH tax break,C-Town (809),0.75,0.6,34795,26184,7492,5504,13189,0.286,0.089,36878.3544,,,,,,,,
Rent subsidy,C-Town (809),0.75,0.6,95606,72375,20833,15192,36350,0.288,0.2445,102180.6756,,,,,,,,
FRESH tax break,C-Town (809),0.75,0.65,37694,28374,8121,5964,14290,0.286,0.0964,39967.4093,,,,,,,,
Rent subsidy,C-Town (809),0.75,0.65,103574,78467,22604,16468,39395,0.288,0.2649,110817.2809,,,,,,,,
FRESH tax break,C-Town (809),0.75,0.7,40594,30566,8751,6424,15391,0.286,0.1038,43058.9158,,,,,,,,
Rent subsidy,C-Town (809),0.75,0.7,111541,84569,24381,17746,42443,0.288,0.2853,119472.8343,,,,,,,,
FRESH tax break,C-Town (809),0.75,0.75,43494,32758,9381,6884,16493,0.286,0.1112,46152.8763,,,,,,,,
Rent subsidy,C-Town (809),0.75,0.75,119508,90680,26163,19025,45492,0.289,0.3056,128147.3898,,,,,,,,
FRESH tax break,C-Town (809),0.75,0.8,46393,34952,10012,7345,17595,0.286,0.1187,49249.2935,,,,,,,,
Rent subsidy,C-Town (809),0.75,0.8,127475,96801,27951,20305,48545,0.289,0.326,136841.0012,,,,,,,,
FRESH tax break,C-Town (809),0.75,0.85,49293,37147,10644,7806,18698,0.287,0.1261,52348.1699,,,,,,,,
Rent subsidy,C-Town (809),0.75,0.85,135442,102931,29744,21587,51600,0.289,0.3464,145553.7226,,,,,,,,
FRESH tax break,C-Town (809),0.75,0.9,52192,39343,11276,8267,19800,0.287,0.1335,55449.5079,,,,,,,,
Rent subsidy,C-Town (809),0.75,0.9,143410,109071,31543,22871,54657,0.289,0.3668,154285.6083,,,,,,,,
FRESH tax break,C-Town (809),0.75,0.95,55092,41541,11910,8728,20903,0.287,0.1409,58553.3102,,,,,,,,
Rent subsidy,C-Town (809),0.75,0.95,151377,115220,33348,24156,57717,0.289,0.3872,163036.7126,,,,,,,,
FRESH tax break,C-Town (809),0.75,1.0,57991,43739,12543,9189,22007,0.287,0.1483,61659.5793,,,,,,,,
Rent subsidy,C-Town (809),0.75,1.0,159344,121379,35158,25442,60779,0.29,0.4075,171807.0901,,,,,,,,
30% contract at existing store,C-Town (809),1.0,0.0,217335,0,0,0,0,,,,0.0,217335.43,217335.43,0.0,0.6146,8451485.068,6009000.0,0.0748
30% contract at existing store,C-Town (809),1.0,0.05,217335,78719,23054,16713,38952,0.293,,,0.0,217335.43,217335.43,0.0,0.6147,8625362.7,6009000.0,0.0763
30% contract at existing store,C-Town (809),1.0,0.1,217335,159076,47075,33692,78309,0.296,,,0.0,217335.43,217335.43,0.0,0.6148,8803958.3187,6009000.0,0.0779
30% contract at existing store,C-Town (809),1.0,0.15,248685,241115,72100,50941,118074,0.299,,,0.0,217335.43,217335.43,31349.9014,0.6149,8987397.2137,6009000.0,0.0796
30% contract at existing store,C-Town (809),1.0,0.2,338586,324881,98167,68463,158251,0.302,,,0.0,221731.1775,217335.43,121250.3862,0.615,9175805.5547,6009000.0,0.0812
30% contract at existing store,C-Town (809),1.0,0.25,432227,410423,125317,86262,198845,0.305,,,0.0,277208.4988,217335.43,214891.6292,0.6151,9369310.1406,6009000.0,0.0829
30% contract at existing store,C-Town (809),1.0,0.3,529759,497789,153587,104343,239858,0.309,,,0.0,332703.7434,217335.43,312423.6149,0.6152,9568038.1241,6009000.0,0.0847
30% contract at existing store,C-Town (809),1.0,0.35,631337,587026,183021,122709,281296,0.312,,,0.0,388216.9318,217335.43,414001.093,0.6153,9772116.7116,6009000.0,0.0865
30% contract at existing store,C-Town (809),1.0,0.4,737119,678187,213661,141364,323162,0.315,,,0.0,443748.0631,217335.43,519783.5563,0.6154,9981672.8382,6009000.0,0.0884
30% contract at existing store,C-Town (809),1.0,0.45,847271,771324,245550,160314,365460,0.318,,,0.0,499297.1149,217335.43,629935.1983,0.6155,10196832.8157,6009000.0,0.0903
30% contract at existing store,C-Town (809),1.0,0.5,961960,866488,278733,179561,408194,0.322,,,0.0,554864.0421,217335.43,744624.8485,0.6156,10417721.9552,6009000.0,0.0922
30% contract at existing store,C-Town (809),1.0,0.55,1081361,963734,313256,199110,451368,0.325,,,0.0,610448.7776,217335.43,864025.8839,0.6157,10644464.1616,6009000.0,0.0942
30% contract at existing store,C-Town (809),1.0,0.6,1205652,1063117,349166,218965,494987,0.328,,,0.0,666051.2312,217335.43,988316.1146,0.6158,10877181.5021,6009000.0,0.0963
30% contract at existing store,C-Town (809),1.0,0.65,1335013,1164695,386510,239131,539054,0.332,,,0.0,721671.2899,217335.43,1117677.6415,0.6159,11115993.7469,6009000.0,0.0984
30% contract at existing store,C-Town (809),1.0,0.7,1469632,1268523,425338,259612,583573,0.335,,,0.0,777308.8178,217335.43,1252296.6852,0.616,11361017.8836,6009000.0,0.1006
30% contract at existing store,C-Town (809),1.0,0.75,1609699,1374662,465700,280412,628550,0.339,,,0.0,832963.6556,217335.43,1392363.3836,0.6161,11612367.6054,6009000.0,0.1028
30% contract at existing store,C-Town (809),1.0,0.8,1755407,1483170,507646,301536,673988,0.342,,,0.0,888635.6214,217335.43,1538071.5572,0.6162,11870152.7733,6009000.0,0.1051
30% contract at existing store,C-Town (809),1.0,0.85,1906954,1594108,551229,322988,719891,0.346,,,0.0,944324.5102,217335.43,1689618.4394,0.6163,12134478.8548,6009000.0,0.1074
30% contract at existing store,C-Town (809),1.0,0.9,2064540,1707538,596502,344773,766263,0.349,,,0.0,1000030.0946,217335.43,1847204.3729,0.6164,12405446.3389,6009000.0,0.1098
30% contract at existing store,C-Town (809),1.0,0.95,2228368,1823522,643517,366896,813110,0.353,,,0.0,1055752.1247,217335.43,2011032.4679,0.6165,12683150.1306,6009000.0,0.1123
30% contract at existing store,C-Town (809),1.0,1.0,2398644,1942124,692329,389360,860435,0.356,,,0.0,1111490.3291,217335.43,2181308.2239,0.6166,12967678.9254,6009000.0,0.1148
FRESH tax break,Antillana,0.25,0.0,0,0,0,0,0,,0.0,0.0,,,,,,,,
Rent subsidy,Antillana,0.25,0.0,0,0,0,0,0,,0.0,0.0,,,,,,,,
FRESH tax break,Antillana,0.25,0.05,930,232,68,48,117,0.291,0.0035,188.4078,,,,,,,,
Rent subsidy,Antillana,0.25,0.05,5293,1324,386,274,664,0.292,0.0197,1073.0946,,,,,,,,
FRESH tax break,Antillana,0.25,0.1,1860,465,136,96,233,0.292,0.0069,376.8584,,,,,,,,
Rent subsidy,Antillana,0.25,0.1,10586,2651,774,549,1328,0.292,0.0393,2147.5802,,,,,,,,
FRESH tax break,Antillana,0.25,0.15,2790,698,203,145,350,0.292,0.0104,565.3519,,,,,,,,
Rent subsidy,Antillana,0.25,0.15,15879,3979,1163,824,1993,0.292,0.059,3223.4595,,,,,,,,
FRESH tax break,Antillana,0.25,0.2,3719,930,271,193,466,0.292,0.0138,753.8883,,,,,,,,
Rent subsidy,Antillana,0.25,0.2,21173,5310,1552,1099,2658,0.292,0.0787,4300.7348,,,,,,,,
FRESH tax break,Antillana,0.25,0.25,4649,1163,339,241,583,0.292,0.0173,942.4675,,,,,,,,
Rent subsidy,Antillana,0.25,0.25,26466,6643,1944,1375,3324,0.293,0.0983,5379.4088,,,,,,,,
FRESH tax break,Antillana,0.25,0.3,5579,1396,407,289,700,0.292,0.0207,1131.0898,,,,,,,,
Rent subsidy,Antillana,0.25,0.3,31759,7978,2336,1651,3991,0.293,0.118,6459.484,,,,,,,,
FRESH tax break,Antillana,0.25,0.35,6509,1629,475,337,816,0.292,0.0242,1319.7549,,,,,,,,
Rent subsidy,Antillana,0.25,0.35,37052,9315,2730,1927,4658,0.293,0.1376,7540.9628,,,,,,,,
FRESH tax break,Antillana,0.25,0.4,7439,1862,543,386,933,0.292,0.0276,1508.463,,,,,,,,
Rent subsidy,Antillana,0.25,0.4,42345,10654,3125,2204,5325,0.293,0.1573,8623.8479,,,,,,,,
FRESH tax break,Antillana,0.25,0.45,8369,2095,611,434,1050,0.292,0.0311,1697.214,,,,,,,,
Rent subsidy,Antillana,0.25,0.45,47638,11996,3521,2481,5994,0.294,0.177,9708.1417,,,,,,,,
FRESH tax break,Antillana,0.25,0.5,9298,2328,679,482,1166,0.292,0.0345,1886.008,,,,,,,,
Rent subsidy,Antillana,0.25,0.5,52932,13339,3919,2758,6662,0.294,0.1966,10793.8468,,,,,,,,
FRESH tax break,Antillana,0.25,0.55,10228,2561,748,530,1283,0.292,0.038,2074.845,,,,,,,,
Rent subsidy,Antillana,0.25,0.55,58225,14685,4317,3036,7332,0.294,0.2163,11880.9658,,,,,,,,
FRESH tax break,Antillana,0.25,0.6,11158,2794,816,579,1400,0.292,0.0415,2263.7251,,,,,,,,
Rent subsidy,Antillana,0.25,0.6,63518,16033,4717,3314,8001,0.294,0.236,12969.5012,,,,,,,,
FRESH tax break,Antillana,0.25,0.65,12088,3027,884,627,1517,0.292,0.0449,2452.6481,,,,,,,,
Rent subsidy,Antillana,0.25,0.65,68811,17383,5119,3593,8672,0.294,0.2556,14059.4557,,,,,,,,
FRESH tax break,Antillana,0.25,0.7,13018,3261,952,675,1633,0.292,0.0484,2641.6141,,,,,,,,
Rent subsidy,Antillana,0.25,0.7,74104,18735,5521,3871,9343,0.295,0.2753,15150.8316,,,,,,,,
FRESH tax break,Antillana,0.25,0.75,13948,3494,1020,724,1750,0.292,0.0518,2830.6232,,,,,,,,
Rent subsidy,Antillana,0.25,0.75,79397,20090,5925,4150,10014,0.295,0.295,16243.6318,,,,,,,,
FRESH tax break,Antillana,0.25,0.8,14877,3728,1089,772,1867,0.292,0.0553,3019.6753,,,,,,,,
Rent subsidy,Antillana,0.25,0.8,84690,21446,6330,4430,10686,0.295,0.3146,17337.8586,,,,,,,,
FRESH tax break,Antillana,0.25,0.85,15807,3961,1157,820,1984,0.292,0.0587,3208.7705,,,,,,,,
Rent subsidy,Antillana,0.25,0.85,89984,22805,6737,4710,11359,0.295,0.3343,18433.5148,,,,,,,,
FRESH tax break,Antillana,0.25,0.9,16737,4195,1226,869,2101,0.292,0.0622,3397.9088,,,,,,,,
Rent subsidy,Antillana,0.25,0.9,95277,24166,7145,4990,12032,0.296,0.3539,19530.6028,,,,,,,,
FRESH tax break,Antillana,0.25,0.95,17667,4429,1294,917,2218,0.292,0.0656,3587.0902,,,,,,,,
Rent subsidy,Antillana,0.25,0.95,100570,25530,7554,5270,12706,0.296,0.3736,20629.1253,,,,,,,,
FRESH tax break,Antillana,0.25,1.0,18597,4662,1363,965,2334,0.292,0.0691,3776.3147,,,,,,,,
Rent subsidy,Antillana,0.25,1.0,105863,26895,7964,5551,13380,0.296,0.3933,21729.085,,,,,,,,
FRESH tax break,Antillana,0.5,0.0,0,0,0,0,0,,0.0,0.0,,,,,,,,
Rent subsidy,Antillana,0.5,0.0,0,0,0,0,0,,0.0,0.0,,,,,,,,
FRESH tax break,Antillana,0.5,0.05,930,465,136,96,233,0.292,0.0069,376.8584,,,,,,,,
Rent subsidy,Antillana,0.5,0.05,5293,2651,774,549,1328,0.292,0.0393,2147.5802,,,,,,,,
FRESH tax break,Antillana,0.5,0.1,1860,930,271,193,466,0.292,0.0138,753.8883,,,,,,,,
Rent subsidy,Antillana,0.5,0.1,10586,5310,1552,1099,2658,0.292,0.0787,4300.7348,,,,,,,,
FRESH tax break,Antillana,0.5,0.15,2790,1396,407,289,700,0.292,0.0207,1131.0898,,,,,,,,
Rent subsidy,Antillana,0.5,0.15,15879,7978,2336,1651,3991,0.293,0.118,6459.484,,,,,,,,
FRESH tax break,Antillana,0.5,0.2,3719,1862,543,386,933,0.292,0.0276,1508.463,,,,,,,,
Rent subsidy,Antillana,0.5,0.2,21173,10654,3125,2204,5325,0.293,0.1573,8623.8479,,,,,,,,
FRESH tax break,Antillana,0.5,0.25,4649,2328,679,482,1166,0.292,0.0345,1886.008,,,,,,,,
Rent subsidy,Antillana,0.5,0.25,26466,13339,3919,2758,6662,0.294,0.1966,10793.8468,,,,,,,,
FRESH tax break,Antillana,0.5,0.3,5579,2794,816,579,1400,0.292,0.0415,2263.7251,,,,,,,,
Rent subsidy,Antillana,0.5,0.3,31759,16033,4717,3314,8001,0.294,0.236,12969.5012,,,,,,,,
FRESH tax break,Antillana,0.5,0.35,6509,3261,952,675,1633,0.292,0.0484,2641.6141,,,,,,,,
Rent subsidy,Antillana,0.5,0.35,37052,18735,5521,3871,9343,0.295,0.2753,15150.8316,,,,,,,,
FRESH tax break,Antillana,0.5,0.4,7439,3728,1089,772,1867,0.292,0.0553,3019.6753,,,,,,,,
Rent subsidy,Antillana,0.5,0.4,42345,21446,6330,4430,10686,0.295,0.3146,17337.8586,,,,,,,,
FRESH tax break,Antillana,0.5,0.45,8369,4195,1226,869,2101,0.292,0.0622,3397.9088,,,,,,,,
Rent subsidy,Antillana,0.5,0.45,47638,24166,7145,4990,12032,0.296,0.3539,19530.6028,,,,,,,,
FRESH tax break,Antillana,0.5,0.5,9298,4662,1363,965,2334,0.292,0.0691,3776.3147,,,,,,,,
Rent subsidy,Antillana,0.5,0.5,52932,26895,7964,5551,13380,0.296,0.3933,21729.085,,,,,,,,
FRESH tax break,Antillana,0.5,0.55,10228,5130,1500,1062,2568,0.292,0.076,4154.8931,,,,,,,,
Rent subsidy,Antillana,0.5,0.55,58225,29632,8789,6114,14730,0.297,0.4326,23933.326,,,,,,,,
FRESH tax break,Antillana,0.5,0.6,11158,5598,1637,1159,2802,0.292,0.0829,4533.6441,,,,,,,,
Rent subsidy,Antillana,0.5,0.6,63518,32379,9619,6678,16082,0.297,0.4719,26143.3468,,,,,,,,
FRESH tax break,Antillana,0.5,0.65,12088,6066,1774,1256,3036,0.292,0.0898,4912.5677,,,,,,,,
Rent subsidy,Antillana,0.5,0.65,68811,35134,10454,7243,17437,0.298,0.5113,28359.1684,,,,,,,,
FRESH tax break,Antillana,0.5,0.7,13018,6535,1912,1353,3270,0.293,0.0967,5291.6642,,,,,,,,
Rent subsidy,Antillana,0.5,0.7,74104,37898,11295,7810,18794,0.298,0.5506,30580.8119,,,,,,,,
FRESH tax break,Antillana,0.5,0.75,13948,7003,2050,1449,3504,0.293,0.1036,5670.9337,,,,,,,,
Rent subsidy,Antillana,0.5,0.75,79397,40672,12141,8378,20153,0.299,0.5899,32808.2986,,,,,,,,
FRESH tax break,Antillana,0.5,0.8,14877,7472,2187,1546,3738,0.293,0.1105,6050.3761,,,,,,,,
Rent subsidy,Antillana,0.5,0.8,84690,43454,12992,8948,21514,0.299,0.6292,35041.6497,,,,,,,,
FRESH tax break,Antillana,0.5,0.85,15807,7941,2325,1643,3973,0.293,0.1174,6429.9918,,,,,,,,
Rent subsidy,Antillana,0.5,0.85,89984,46245,13849,9519,22878,0.299,0.6686,37280.8867,,,,,,,,
FRESH tax break,Antillana,0.5,0.9,16737,8411,2464,1740,4207,0.293,0.1244,6809.7806,,,,,,,,
Rent subsidy,Antillana,0.5,0.9,95277,49046,14711,10091,24244,0.3,0.7079,39526.0309,,,,,,,,
FRESH tax break,Antillana,0.5,0.95,17667,8881,2602,1838,4441,0.293,0.1313,7189.7429,,,,,,,,
Rent subsidy,Antillana,0.5,0.95,100570,51856,15579,10665,25612,0.3,0.7472,41777.104,,,,,,,,
FRESH tax break,Antillana,0.5,1.0,18597,9351,2740,1935,4676,0.293,0.1382,7569.8786,,,,,,,,
Rent subsidy,Antillana,0.5,1.0,105863,54674,16452,11240,26982,0.301,0.7865,44034.1277,,,,,,,,
FRESH tax break,Antillana,0.75,0.0,0,0,0,0,0,,0.0,0.0,,,,,,,,
Rent subsidy,Antillana,0.75,0.0,0,0,0,0,0,,0.0,0.0,,,,,,,,
FRESH tax break,Antillana,0.75,0.05,930,698,203,145,350,0.292,0.0104,565.3519,,,,,,,,
Rent subsidy,Antillana,0.75,0.05,5293,3979,1163,824,1993,0.292,0.059,3223.4595,,,,,,,,
FRESH tax break,Antillana,0.75,0.1,1860,1396,407,289,700,0.292,0.0207,1131.0898,,,,,,,,
Rent subsidy,Antillana,0.75,0.1,10586,7978,2336,1651,3991,0.293,0.118,6459.484,,,,,,,,
FRESH tax break,Antillana,0.75,0.15,2790,2095,611,434,1050,0.292,0.0311,1697.214,,,,,,,,
Rent subsidy,Antillana,0.75,0.15,15879,11996,3521,2481,5994,0.294,0.177,9708.1417,,,,,,,,
FRESH tax break,Antillana,0.75,0.2,3719,2794,816,579,1400,0.292,0.0415,2263.7251,,,,,,,,
Rent subsidy,Antillana,0.75,0.2,21173,16033,4717,3314,8001,0.294,0.236,12969.5012,,,,,,,,
FRESH tax break,Antillana,0.75,0.25,4649,3494,1020,724,1750,0.292,0.0518,2830.6232,,,,,,,,
Rent subsidy,Antillana,0.75,0.25,26466,20090,5925,4150,10014,0.295,0.295,16243.6318,,,,,,,,
FRESH tax break,Antillana,0.75,0.3,5579,4195,1226,869,2101,0.292,0.0622,3397.9088,,,,,,,,
Rent subsidy,Antillana,0.75,0.3,31759,24166,7145,4990,12032,0.296,0.3539,19530.6028,,,,,,,,
FRESH tax break,Antillana,0.75,0.35,6509,4896,1431,1014,2451,0.292,0.0725,3965.5823,,,,,,,,
Rent subsidy,Antillana,0.75,0.35,37052,28263,8376,5832,14055,0.296,0.4129,22830.4843,,,,,,,,
FRESH tax break,Antillana,0.75,0.4,7439,5598,1637,1159,2802,0.292,0.0829,4533.6441,,,,,,,,
Rent subsidy,Antillana,0.75,0.4,42345,32379,9619,6678,16082,0.297,0.4719,26143.3468,,,,,,,,
FRESH tax break,Antillana,0.75,0.45,8369,6300,1843,1304,3153,0.293,0.0933,5102.0944,,,,,,,,
Rent subsidy,Antillana,0.75,0.45,47638,36515,10874,7526,18115,0.298,0.5309,29469.2611,,,,,,,,
FRESH tax break,Antillana,0.75,0.5,9298,7003,2050,1449,3504,0.293,0.1036,5670.9337,,,,,,,,
Rent subsidy,Antillana,0.75,0.5,52932,40672,12141,8378,20153,0.299,0.5899,32808.2986,,,,,,,,
FRESH tax break,Antillana,0.75,0.55,10228,7707,2256,1595,3855,0.293,0.114,6240.1623,,,,,,,,
Rent subsidy,Antillana,0.75,0.55,58225,44849,13420,9233,22196,0.299,0.6489,36160.5311,,,,,,,,
FRESH tax break,Antillana,0.75,0.6,11158,8411,2464,1740,4207,0.293,0.1244,6809.7806,,,,,,,,
Rent subsidy,Antillana,0.75,0.6,63518,49046,14711,10091,24244,0.3,0.7079,39526.0309,,,,,,,,
FRESH tax break,Antillana,0.75,0.65,12088,9116,2671,1886,4558,0.293,0.1347,7379.789,,,,,,,,
Rent subsidy,Antillana,0.75,0.65,68811,53264,16015,10952,26297,0.301,0.7669,42904.8707,,,,,,,,
FRESH tax break,Antillana,0.75,0.7,13018,9821,2879,2032,4910,0.293,0.1451,7950.1879,,,,,,,,
Rent subsidy,Antillana,0.75,0.7,74104,57503,17331,11817,28355,0.301,0.8259,46297.1238,,,,,,,,
FRESH tax break,Antillana,0.75,0.75,13948,10527,3087,2178,5262,0.293,0.1554,8520.9776,,,,,,,,
Rent subsidy,Antillana,0.75,0.75,79397,61762,18660,12684,30418,0.302,0.8849,49702.8637,,,,,,,,
FRESH tax break,Antillana,0.75,0.8,14877,11234,3296,2324,5614,0.293,0.1658,9092.1585,,,,,,,,
Rent subsidy,Antillana,0.75,0.8,84690,66043,20001,13555,32486,0.303,0.9439,53122.1648,,,,,,,,
FRESH tax break,Antillana,0.75,0.85,15807,11941,3505,2470,5966,0.294,0.1762,9663.7309,,,,,,,,
Rent subsidy,Antillana,0.75,0.85,89984,70345,21356,14429,34560,0.304,1.0028,56555.1015,,,,,,,,
FRESH tax break,Antillana,0.75,0.9,16737,12649,3714,2616,6319,0.294,0.1865,10235.6953,,,,,,,,
Rent subsidy,Antillana,0.75,0.9,95277,74668,22723,15306,36638,0.304,1.0618,60001.7491,,,,,,,,
FRESH tax break,Antillana,0.75,0.95,17667,13357,3924,2762,6671,0.294,0.1969,10808.052,,,,,,,,
Rent subsidy,Antillana,0.75,0.95,100570,79013,24104,16187,38722,0.305,1.1208,63462.1831,,,,,,,,
FRESH tax break,Antillana,0.75,1.0,18597,14066,4134,2908,7024,0.294,0.2073,11380.8014,,,,,,,,
Rent subsidy,Antillana,0.75,1.0,105863,83379,25498,17071,40811,0.306,1.1798,66936.4796,,,,,,,,
30% contract at existing store,Antillana,1.0,0.0,124460,0,0,0,0,,,,0.0,124459.74,124459.74,0.0,0.6147,1948215.5587,2404000.0,0.0172
30% contract at existing store,Antillana,1.0,0.05,124460,18163,5439,3797,8927,0.299,,,0.0,124459.74,124459.74,0.0,0.6148,1991454.6315,2404000.0,0.0176
30% contract at existing store,Antillana,1.0,0.1,124460,36733,11123,7658,17953,0.303,,,0.0,124459.74,124459.74,0.0,0.6149,2036051.5355,2404000.0,0.018
30% contract at existing store,Antillana,1.0,0.15,124460,55725,17061,11584,27079,0.306,,,0.0,124459.74,124459.74,0.0,0.615,2082056.861,2404000.0,0.0184
30% contract at existing store,Antillana,1.0,0.2,124460,75151,23266,15578,36307,0.31,,,0.0,124459.74,124459.74,0.0,0.6151,2129523.055,2404000.0,0.0188
30% contract at existing store,Antillana,1.0,0.25,124460,95026,29749,19640,45637,0.313,,,0.0,124459.74,124459.74,0.0,0.6152,2178504.4735,2404000.0,0.0193
30% contract at existing store,Antillana,1.0,0.3,124460,115363,36522,23770,55071,0.317,,,0.0,133129.8566,124459.74,0.0,0.6153,2229057.4336,2404000.0,0.0197
30% contract at existing store,Antillana,1.0,0.35,147413,136178,43599,27971,64609,0.32,,,0.0,155345.8363,124459.74,22953.3952,0.6154,2281240.2657,2404000.0,0.0202
30% contract at existing store,Antillana,1.0,0.4,172482,157486,50991,32243,74253,0.324,,,0.0,177569.8846,124459.74,48021.8784,0.6155,2335113.3646,2404000.0,0.0207
30% contract at existing store,Antillana,1.0,0.45,198700,179304,58713,36588,84003,0.327,,,0.0,199802.047,124459.74,74240.1742,0.6156,2390739.2394,2404000.0,0.0212
30% contract at existing store,Antillana,1.0,0.5,226123,201648,66780,41006,93862,0.331,,,0.0,222042.3614,124459.74,101663.4869,0.6158,2448182.5634,2404000.0,0.0217
30% contract at existing store,Antillana,1.0,0.55,254809,224535,75205,45499,103830,0.335,,,0.0,244290.8584,124459.74,130349.6711,0.6159,2507510.221,2404000.0,0.0222
30% contract at existing store,Antillana,1.0,0.6,284819,247983,84005,50069,113909,0.339,,,0.0,266547.5605,124459.74,160359.3402,0.616,2568791.3538,2404000.0,0.0227
30% contract at existing store,Antillana,1.0,0.65,316216,272011,93196,54716,124099,0.343,,,0.0,288812.4821,124459.74,191755.9773,0.6161,2632097.4043,2404000.0,0.0233
30% contract at existing store,Antillana,1.0,0.7,349066,296638,102794,59442,134402,0.347,,,0.0,311085.6295,124459.74,224606.0488,0.6162,2697502.1566,2404000.0,0.0239
30% contract at existing store,Antillana,1.0,0.75,383439,321884,112818,64247,144819,0.35,,,0.0,333367.0005,124459.74,258979.1191,0.6163,2765081.7745,2404000.0,0.0245
30% contract at existing store,Antillana,1.0,0.8,419408,347770,123284,69135,155351,0.354,,,0.0,355656.5846,124459.74,294947.9672,0.6164,2834914.8363,2404000.0,0.0251
30% contract at existing store,Antillana,1.0,0.85,457048,374317,134212,74105,166000,0.359,,,0.0,377954.3624,124459.74,332588.7048,0.6165,2907082.3643,2404000.0,0.0257
30% contract at existing store,Antillana,1.0,0.9,496441,401548,145622,79159,176767,0.363,,,0.0,400260.306,124459.74,371980.8951,0.6167,2981667.8517,2404000.0,0.0264
30% contract at existing store,Antillana,1.0,0.95,537667,429485,157534,84298,187653,0.367,,,0.0,422574.3788,124459.74,413207.672,0.6168,3058757.2827,2404000.0,0.0271
30% contract at existing store,Antillana,1.0,1.0,580816,458153,169969,89525,198659,0.371,,,0.0,444896.5353,124459.74,456355.8603,0.6169,3138439.1476,2404000.0,0.0278
FRESH tax break,Sagal,0.25,0.0,0,0,0,0,0,,0.0,0.0,,,,,,,,
Rent subsidy,Sagal,0.25,0.0,0,0,0,0,0,,0.0,0.0,,,,,,,,
FRESH tax break,Sagal,0.25,0.05,453,113,33,23,57,0.293,0.0018,104.3294,,,,,,,,
Rent subsidy,Sagal,0.25,0.05,3340,835,245,173,418,0.293,0.0131,768.9988,,,,,,,,
FRESH tax break,Sagal,0.25,0.1,907,227,66,47,113,0.293,0.0036,208.6727,,,,,,,,
Rent subsidy,Sagal,0.25,0.1,6680,1672,490,345,836,0.293,0.0262,1538.7545,,,,,,,,
FRESH tax break,Sagal,0.25,0.15,1360,340,100,70,170,0.293,0.0053,313.0299,,,,,,,,
Rent subsidy,Sagal,0.25,0.15,10020,2509,736,518,1255,0.293,0.0393,2309.2681,,,,,,,,
FRESH tax break,Sagal,0.25,0.2,1813,453,133,94,227,0.293,0.0071,417.4011,,,,,,,,
Rent subsidy,Sagal,0.25,0.2,13360,3347,983,691,1673,0.294,0.0524,3080.5407,,,,,,,,
FRESH tax break,Sagal,0.25,0.25,2267,567,166,117,284,0.293,0.0089,521.7862,,,,,,,,
Rent subsidy,Sagal,0.25,0.25,16700,4186,1230,864,2092,0.294,0.0656,3852.5733,,,,,,,,
FRESH tax break,Sagal,0.25,0.3,2720,680,199,141,340,0.293,0.0107,626.1853,,,,,,,,
Rent subsidy,Sagal,0.25,0.3,20040,5026,1477,1038,2511,0.294,0.0787,4625.3669,,,,,,,,
FRESH tax break,Sagal,0.25,0.35,3173,794,233,164,397,0.293,0.0125,730.5983,,,,,,,,
Rent subsidy,Sagal,0.25,0.35,23380,5867,1725,1211,2931,0.294,0.0918,5398.9226,,,,,,,,
FRESH tax break,Sagal,0.25,0.4,3627,907,266,187,454,0.293,0.0142,835.0252,,,,,,,,
Rent subsidy,Sagal,0.25,0.4,26720,6709,1974,1385,3350,0.294,0.1049,6173.2415,,,,,,,,
FRESH tax break,Sagal,0.25,0.45,4080,1021,299,211,511,0.293,0.016,939.4661,,,,,,,,
Rent subsidy,Sagal,0.25,0.45,30060,7551,2223,1559,3770,0.294,0.118,6948.3245,,,,,,,,
FRESH tax break,Sagal,0.25,0.5,4533,1134,332,234,567,0.293,0.0178,1043.9209,,,,,,,,
Rent subsidy,Sagal,0.25,0.5,33400,8395,2472,1732,4190,0.295,0.1311,7724.1728,,,,,,,,
FRESH tax break,Sagal,0.25,0.55,4987,1248,366,258,624,0.293,0.0196,1148.3897,,,,,,,,
Rent subsidy,Sagal,0.25,0.55,36740,9239,2722,1906,4610,0.295,0.1442,8500.7874,,,,,,,,
FRESH tax break,Sagal,0.25,0.6,5440,1361,399,281,681,0.293,0.0214,1252.8724,,,,,,,,
Rent subsidy,Sagal,0.25,0.6,40080,10085,2973,2081,5031,0.295,0.1573,9278.1693,,,,,,,,
FRESH tax break,Sagal,0.25,0.65,5893,1475,432,305,738,0.293,0.0231,1357.3691,,,,,,,,
Rent subsidy,Sagal,0.25,0.65,43420,10931,3224,2255,5452,0.295,0.1704,10056.3196,,,,,,,,
FRESH tax break,Sagal,0.25,0.7,6347,1588,466,328,794,0.293,0.0249,1461.8797,,,,,,,,
Rent subsidy,Sagal,0.25,0.7,46760,11778,3476,2429,5873,0.295,0.1836,10835.2394,,,,,,,,
FRESH tax break,Sagal,0.25,0.75,6800,1702,499,352,851,0.293,0.0267,1566.4043,,,,,,,,
Rent subsidy,Sagal,0.25,0.75,50100,12626,3728,2604,6294,0.295,0.1967,11614.9296,,,,,,,,
FRESH tax break,Sagal,0.25,0.8,7253,1815,532,375,908,0.293,0.0285,1670.9429,,,,,,,,
Rent subsidy,Sagal,0.25,0.8,53440,13475,3981,2779,6715,0.295,0.2098,12395.3914,,,,,,,,
FRESH tax break,Sagal,0.25,0.85,7707,1929,566,398,965,0.293,0.0303,1775.4954,,,,,,,,
Rent subsidy,Sagal,0.25,0.85,56780,14325,4234,2954,7137,0.296,0.2229,13176.6259,,,,,,,,
FRESH tax break,Sagal,0.25,0.9,8160,2043,599,422,1022,0.293,0.032,1880.0619,,,,,,,,
Rent subsidy,Sagal,0.25,0.9,60120,15176,4488,3129,7559,0.296,0.236,13958.634,,,,,,,,
FRESH tax break,Sagal,0.25,0.95,8613,2156,633,445,1078,0.293,0.0338,1984.6423,,,,,,,,
Rent subsidy,Sagal,0.25,0.95,63460,16028,4743,3304,7981,0.296,0.2491,14741.4169,,,,,,,,
FRESH tax break,Sagal,0.25,1.0,9067,2270,666,469,1135,0.293,0.0356,2089.2368,,,,,,,,
Rent subsidy,Sagal,0.25,1.0,66800,16880,4998,3479,8403,0.296,0.2622,15524.9757,,,,,,,,
FRESH tax break,Sagal,0.5,0.0,0,0,0,0,0,,0.0,0.0,,,,,,,,
Rent subsidy,Sagal,0.5,0.0,0,0,0,0,0,,0.0,0.0,,,,,,,,
FRESH tax break,Sagal,0.5,0.05,453,227,66,47,113,0.293,0.0036,208.6727,,,,,,,,
Rent subsidy,Sagal,0.5,0.05,3340,1672,490,345,836,0.293,0.0262,1538.7545,,,,,,,,
FRESH tax break,Sagal,0.5,0.1,907,453,133,94,227,0.293,0.0071,417.4011,,,,,,,,
Rent subsidy,Sagal,0.5,0.1,6680,3347,983,691,1673,0.294,0.0524,3080.5407,,,,,,,,
FRESH tax break,Sagal,0.5,0.15,1360,680,199,141,340,0.293,0.0107,626.1853,,,,,,,,
Rent subsidy,Sagal,0.5,0.15,10020,5026,1477,1038,2511,0.294,0.0787,4625.3669,,,,,,,,
FRESH tax break,Sagal,0.5,0.2,1813,907,266,187,454,0.293,0.0142,835.0252,,,,,,,,
Rent subsidy,Sagal,0.5,0.2,13360,6709,1974,1385,3350,0.294,0.1049,6173.2415,,,,,,,,
FRESH tax break,Sagal,0.5,0.25,2267,1134,332,234,567,0.293,0.0178,1043.9209,,,,,,,,
Rent subsidy,Sagal,0.5,0.25,16700,8395,2472,1732,4190,0.295,0.1311,7724.1728,,,,,,,,
FRESH tax break,Sagal,0.5,0.3,2720,1361,399,281,681,0.293,0.0214,1252.8724,,,,,,,,
Rent subsidy,Sagal,0.5,0.3,20040,10085,2973,2081,5031,0.295,0.1573,9278.1693,,,,,,,,
FRESH tax break,Sagal,0.5,0.35,3173,1588,466,328,794,0.293,0.0249,1461.8797,,,,,,,,
Rent subsidy,Sagal,0.5,0.35,23380,11778,3476,2429,5873,0.295,0.1836,10835.2394,,,,,,,,
FRESH tax break,Sagal,0.5,0.4,3627,1815,532,375,908,0.293,0.0285,1670.9429,,,,,,,,
Rent subsidy,Sagal,0.5,0.4,26720,13475,3981,2779,6715,0.295,0.2098,12395.3914,,,,,,,,
FRESH tax break,Sagal,0.5,0.45,4080,2043,599,422,1022,0.293,0.032,1880.0619,,,,,,,,
Rent subsidy,Sagal,0.5,0.45,30060,15176,4488,3129,7559,0.296,0.236,13958.634,,,,,,,,
FRESH tax break,Sagal,0.5,0.5,4533,2270,666,469,1135,0.293,0.0356,2089.2368,,,,,,,,
Rent subsidy,Sagal,0.5,0.5,33400,16880,4998,3479,8403,0.296,0.2622,15524.9757,,,,,,,,
FRESH tax break,Sagal,0.5,0.55,4987,2497,733,516,1249,0.293,0.0391,2298.4676,,,,,,,,
Rent subsidy,Sagal,0.5,0.55,36740,18588,5509,3830,9249,0.296,0.2884,17094.4249,,,,,,,,
FRESH tax break,Sagal,0.5,0.6,5440,2725,800,563,1362,0.293,0.0427,2507.7543,,,,,,,,
Rent subsidy,Sagal,0.5,0.6,40080,20300,6023,4182,10095,0.297,0.3147,18666.9902,,,,,,,,
FRESH tax break,Sagal,0.5,0.65,5893,2952,866,610,1476,0.293,0.0463,2717.097,,,,,,,,
Rent subsidy,Sagal,0.5,0.65,43420,22015,6539,4534,10943,0.297,0.3409,20242.6802,,,,,,,,
FRESH tax break,Sagal,0.5,0.7,6347,3180,933,657,1590,0.294,0.0498,2926.4956,,,,,,,,
Rent subsidy,Sagal,0.5,0.7,46760,23735,7057,4887,11791,0.297,0.3671,21821.5036,,,,,,,,
FRESH tax break,Sagal,0.5,0.75,6800,3407,1000,704,1703,0.294,0.0534,3135.9503,,,,,,,,
Rent subsidy,Sagal,0.5,0.75,50100,25457,7577,5240,12640,0.298,0.3933,23403.469,,,,,,,,
FRESH tax break,Sagal,0.5,0.8,7253,3635,1067,751,1817,0.294,0.0569,3345.4609,,,,,,,,
Rent subsidy,Sagal,0.5,0.8,53440,27184,8100,5594,13490,0.298,0.4195,24988.5851,,,,,,,,
FRESH tax break,Sagal,0.5,0.85,7707,3863,1134,798,1931,0.294,0.0605,3555.0276,,,,,,,,
Rent subsidy,Sagal,0.5,0.85,56780,28914,8625,5949,14341,0.298,0.4458,26576.8605,,,,,,,,
FRESH tax break,Sagal,0.5,0.9,8160,4091,1201,845,2044,0.294,0.0641,3764.6503,,,,,,,,
Rent subsidy,Sagal,0.5,0.9,60120,30649,9152,6304,15193,0.299,0.472,28168.3041,,,,,,,,
FRESH tax break,Sagal,0.5,0.95,8613,4319,1269,892,2158,0.294,0.0676,3974.3291,,,,,,,,
Rent subsidy,Sagal,0.5,0.95,63460,32386,9681,6659,16046,0.299,0.4982,29762.9245,,,,,,,,
FRESH tax break,Sagal,0.5,1.0,9067,4546,1336,939,2272,0.294,0.0712,4184.064,,,,,,,,
Rent subsidy,Sagal,0.5,1.0,66800,34128,10212,7016,16900,0.299,0.5244,31360.7306,,,,,,,,
FRESH tax break,Sagal,0.75,0.0,0,0,0,0,0,,0.0,0.0,,,,,,,,
Rent subsidy,Sagal,0.75,0.0,0,0,0,0,0,,0.0,0.0,,,,,,,,
FRESH tax break,Sagal,0.75,0.05,453,340,100,70,170,0.293,0.0053,313.0299,,,,,,,,
Rent subsidy,Sagal,0.75,0.05,3340,2509,736,518,1255,0.293,0.0393,2309.2681,,,,,,,,
FRESH tax break,Sagal,0.75,0.1,907,680,199,141,340,0.293,0.0107,626.1853,,,,,,,,
Rent subsidy,Sagal,0.75,0.1,6680,5026,1477,1038,2511,0.294,0.0787,4625.3669,,,,,,,,
FRESH tax break,Sagal,0.75,0.15,1360,1021,299,211,511,0.293,0.016,939.4661,,,,,,,,
Rent subsidy,Sagal,0.75,0.15,10020,7551,2223,1559,3770,0.294,0.118,6948.3245,,,,,,,,
FRESH tax break,Sagal,0.75,0.2,1813,1361,399,281,681,0.293,0.0214,1252.8724,,,,,,,,
Rent subsidy,Sagal,0.75,0.2,13360,10085,2973,2081,5031,0.295,0.1573,9278.1693,,,,,,,,
FRESH tax break,Sagal,0.75,0.25,2267,1702,499,352,851,0.293,0.0267,1566.4043,,,,,,,,
Rent subsidy,Sagal,0.75,0.25,16700,12626,3728,2604,6294,0.295,0.1967,11614.9296,,,,,,,,
FRESH tax break,Sagal,0.75,0.3,2720,2043,599,422,1022,0.293,0.032,1880.0619,,,,,,,,
Rent subsidy,Sagal,0.75,0.3,20040,15176,4488,3129,7559,0.296,0.236,13958.634,,,,,,,,
FRESH tax break,Sagal,0.75,0.35,3173,2384,699,492,1192,0.293,0.0374,2193.8452,,,,,,,,
Rent subsidy,Sagal,0.75,0.35,23380,17734,5253,3655,8826,0.296,0.2753,16309.3113,,,,,,,,
FRESH tax break,Sagal,0.75,0.4,3627,2725,800,563,1362,0.293,0.0427,2507.7543,,,,,,,,
Rent subsidy,Sagal,0.75,0.4,26720,20300,6023,4182,10095,0.297,0.3147,18666.9902,,,,,,,,
FRESH tax break,Sagal,0.75,0.45,4080,3066,900,633,1533,0.294,0.048,2821.7893,,,,,,,,
Rent subsidy,Sagal,0.75,0.45,30060,22875,6798,4710,11367,0.297,0.354,21031.6997,,,,,,,,
FRESH tax break,Sagal,0.75,0.5,4533,3407,1000,704,1703,0.294,0.0534,3135.9503,,,,,,,,
Rent subsidy,Sagal,0.75,0.5,33400,25457,7577,5240,12640,0.298,0.3933,23403.469,,,,,,,,
FRESH tax break,Sagal,0.75,0.55,4987,3749,1101,774,1874,0.294,0.0587,3450.2372,,,,,,,,
Rent subsidy,Sagal,0.75,0.55,36740,28049,8362,5771,13916,0.298,0.4327,25782.3273,,,,,,,,
FRESH tax break,Sagal,0.75,0.6,5440,4091,1201,845,2044,0.294,0.0641,3764.6503,,,,,,,,
Rent subsidy,Sagal,0.75,0.6,40080,30649,9152,6304,15193,0.299,0.472,28168.3041,,,,,,,,
FRESH tax break,Sagal,0.75,0.65,5893,4432,1302,915,2215,0.294,0.0694,4079.1895,,,,,,,,
Rent subsidy,Sagal,0.75,0.65,43420,33257,9946,6837,16473,0.299,0.5113,30561.4288,,,,,,,,
FRESH tax break,Sagal,0.75,0.7,6347,4774,1403,986,2386,0.294,0.0747,4393.855,,,,,,,,
Rent subsidy,Sagal,0.75,0.7,46760,35873,10746,7373,17755,0.3,0.5507,32961.7312,,,,,,,,
FRESH tax break,Sagal,0.75,0.75,6800,5117,1504,1056,2556,0.294,0.0801,4708.6467,,,,,,,,
Rent subsidy,Sagal,0.75,0.75,50100,38499,11551,7909,19039,0.3,0.59,35369.2412,,,,,,,,
FRESH tax break,Sagal,0.75,0.8,7253,5459,1605,1127,2727,0.294,0.0854,5023.5648,,,,,,,,
Rent subsidy,Sagal,0.75,0.8,53440,41133,12361,8447,20325,0.301,0.6293,37783.9886,,,,,,,,
FRESH tax break,Sagal,0.75,0.85,7707,5801,1706,1198,2898,0.294,0.0908,5338.6094,,,,,,,,
Rent subsidy,Sagal,0.75,0.85,56780,43775,13176,8986,21613,0.301,0.6686,40206.0037,,,,,,,,
FRESH tax break,Sagal,0.75,0.9,8160,6144,1807,1268,3069,0.294,0.0961,5653.7805,,,,,,,,
Rent subsidy,Sagal,0.75,0.9,60120,46426,13997,9526,22903,0.301,0.708,42635.3168,,,,,,,,
FRESH tax break,Sagal,0.75,0.95,8613,6487,1908,1339,3240,0.294,0.1014,5969.0781,,,,,,,,
Rent subsidy,Sagal,0.75,0.95,63460,49086,14823,10068,24196,0.302,0.7473,45071.9583,,,,,,,,
FRESH tax break,Sagal,0.75,1.0,9067,6830,2009,1410,3411,0.294,0.1068,6284.5024,,,,,,,,
Rent subsidy,Sagal,0.75,1.0,66800,51755,15654,10611,25490,0.302,0.7866,47515.9587,,,,,,,,
30% contract at existing store,Sagal,1.0,0.0,75867,0,0,0,0,,,,0.0,75866.55,75866.55,0.0,0.6147,1843769.1655,2003000.0,0.0163
30% contract at existing store,Sagal,1.0,0.05,75867,17190,5174,3583,8432,0.301,,,0.0,75866.55,75866.55,0.0,0.6148,1884809.3429,2003000.0,0.0167
30% contract at existing store,Sagal,1.0,0.1,75867,34767,10581,7228,16958,0.304,,,0.0,75866.55,75866.55,0.0,0.6149,1927142.4837,2003000.0,0.0171
30% contract at existing store,Sagal,1.0,0.15,75867,52744,16231,10934,25579,0.308,,,0.0,75866.55,75866.55,0.0,0.615,1970816.9579,2003000.0,0.0174
30% contract at existing store,Sagal,1.0,0.2,75867,71134,22134,14704,34296,0.311,,,0.0,75866.55,75866.55,0.0,0.6151,2015882.9251,2003000.0,0.0178
30% contract at existing store,Sagal,1.0,0.25,95163,89949,28303,18538,43109,0.315,,,0.0,92422.725,75866.55,19296.6674,0.6152,2062392.3867,2003000.0,0.0183
30% contract at existing store,Sagal,1.0,0.3,116875,109204,34747,22437,52020,0.318,,,0.0,110926.9798,75866.55,41008.2446,0.6153,2110399.2378,2003000.0,0.0187
30% contract at existing store,Sagal,1.0,0.35,139581,128912,41480,26402,61030,0.322,,,0.0,129437.9325,75866.55,63714.4128,0.6154,2159959.3188,2003000.0,0.0191
30% contract at existing store,Sagal,1.0,0.4,163330,149089,48514,30435,70140,0.325,,,0.0,147955.6269,75866.55,87463.0528,0.6156,2211130.4669,2003000.0,0.0196
30% contract at existing store,Sagal,1.0,0.45,188171,169750,55863,34536,79351,0.329,,,0.0,166480.1007,75866.55,112304.3841,0.6157,2263972.5669,2003000.0,0.02
30% contract at existing store,Sagal,1.0,0.5,214158,190910,63539,38707,88664,0.333,,,0.0,185011.3855,75866.55,138291.0655,0.6158,2318547.6004,2003000.0,0.0205
30% contract at existing store,Sagal,1.0,0.55,241345,212587,71557,42949,98081,0.337,,,0.0,203549.5062,75866.55,165478.2984,0.6159,2374919.6951,2003000.0,0.021
30% contract at existing store,Sagal,1.0,0.6,269790,234797,79932,47263,107602,0.34,,,0.0,222094.4817,75866.55,193923.9326,0.616,2433155.1713,2003000.0,0.0215
30% contract at existing store,Sagal,1.0,0.65,299555,257558,88680,51650,117229,0.344,,,0.0,240646.3235,75866.55,223688.5743,0.6161,2493322.5873,2003000.0,0.0221
30% contract at existing store,Sagal,1.0,0.7,330702,280889,97816,56111,126962,0.348,,,0.0,259205.0369,75866.55,254835.6972,0.6162,2555492.7827,2003000.0,0.0226
30% contract at existing store,Sagal,1.0,0.75,363298,304808,107357,60648,136803,0.352,,,0.0,277770.6198,75866.55,287431.7541,0.6163,2619738.9184,2003000.0,0.0232
30% contract at existing store,Sagal,1.0,0.8,397413,329335,117320,65262,146753,0.356,,,0.0,296343.0632,75866.55,321546.2921,0.6165,2686136.5145,2003000.0,0.0238
30% contract at existing store,Sagal,1.0,0.85,433119,354491,127723,69955,156813,0.36,,,0.0,314922.3508,75866.55,357252.0681,0.6166,2754763.484,2003000.0,0.0244
30% contract at existing store,Sagal,1.0,0.9,470492,380298,138586,74726,166985,0.364,,,0.0,333508.4592,75866.55,394625.1661,0.6167,2825700.1626,2003000.0,0.025
30% contract at existing store,Sagal,1.0,0.95,509612,406776,149927,79579,177270,0.369,,,0.0,352101.3577,75866.55,433745.1149,0.6168,2899029.3347,2003000.0,0.0257
30% contract at existing store,Sagal,1.0,1.0,550562,433949,161767,84514,187668,0.373,,,0.0,370701.0083,75866.55,474695.007,0.6169,2974836.253,2003000.0,0.0263
FRESH tax break,JJ Southern Farm,0.25,0.0,0,0,0,0,0,,0.0,0.0,,,,,,,,
Rent subsidy,JJ Southern Farm,0.25,0.0,0,0,0,0,0,,0.0,0.0,,,,,,,,
FRESH tax break,JJ Southern Farm,0.25,0.05,858,214,62,44,108,0.29,0.0033,317.3757,,,,,,,,
Rent subsidy,JJ Southern Farm,0.25,0.05,3450,863,251,179,434,0.29,0.0132,1277.4256,,,,,,,,
FRESH tax break,JJ Southern Farm,0.25,0.1,1716,429,125,89,216,0.29,0.0065,634.8762,,,,,,,,
Rent subsidy,JJ Southern Farm,0.25,0.1,6901,1727,502,358,867,0.291,0.0263,2556.8733,,,,,,,,
FRESH tax break,JJ Southern Farm,0.25,0.15,2573,644,187,133,323,0.29,0.0098,952.5015,,,,,,,,
Rent subsidy,JJ Southern Farm,0.25,0.15,10351,2592,753,537,1301,0.291,0.0395,3838.3475,,,,,,,,
FRESH tax break,JJ Southern Farm,0.25,0.2,3431,858,249,178,431,0.29,0.0131,1270.2517,,,,,,,,
Rent subsidy,JJ Southern Farm,0.25,0.2,13802,3458,1006,717,1736,0.291,0.0527,5121.8528,,,,,,,,
FRESH tax break,JJ Southern Farm,0.25,0.25,4289,1073,312,222,539,0.29,0.0164,1588.1268,,,,,,,,
Rent subsidy,JJ Southern Farm,0.25,0.25,17252,4325,1258,896,2170,0.291,0.0658,6407.3936,,,,,,,,
FRESH tax break,JJ Southern Farm,0.25,0.3,5147,1288,374,267,647,0.29,0.0196,1906.127,,,,,,,,
Rent subsidy,JJ Southern Farm,0.25,0.3,20702,5192,1512,1076,2605,0.291,0.079,7694.9743,,,,,,,,
FRESH tax break,JJ Southern Farm,0.25,0.35,6004,1502,436,311,755,0.29,0.0229,2224.2523,,,,,,,,
Rent subsidy,JJ Southern Farm,0.25,0.35,24153,6061,1766,1255,3040,0.291,0.0921,8984.5996,,,,,,,,
FRESH tax break,JJ Southern Farm,0.25,0.4,6862,1717,499,356,862,0.291,0.0262,2542.5028,,,,,,,,
Rent subsidy,JJ Southern Farm,0.25,0.4,27603,6930,2020,1435,3475,0.291,0.1053,10276.2739,,,,,,,,
FRESH tax break,JJ Southern Farm,0.25,0.45,7720,1932,561,400,970,0.291,0.0295,2860.8785,,,,,,,,
Rent subsidy,JJ Southern Farm,0.25,0.45,31054,7801,2275,1615,3911,0.292,0.1185,11570.0017,,,,,,,,
FRESH tax break,JJ Southern Farm,0.25,0.5,8578,2147,624,445,1078,0.291,0.0327,3179.3795,,,,,,,,
Rent subsidy,JJ Southern Farm,0.25,0.5,34504,8672,2530,1796,4346,0.292,0.1316,12865.7876,,,,,,,,
FRESH tax break,JJ Southern Farm,0.25,0.55,9435,2362,687,490,1186,0.291,0.036,3498.0059,,,,,,,,
Rent subsidy,JJ Southern Farm,0.25,0.55,37954,9545,2786,1976,4782,0.292,0.1448,14163.6362,,,,,,,,
FRESH tax break,JJ Southern Farm,0.25,0.6,10293,2577,749,534,1294,0.291,0.0393,3816.7577,,,,,,,,
Rent subsidy,JJ Southern Farm,0.25,0.6,41405,10418,3043,2157,5218,0.292,0.158,15463.552,,,,,,,,
FRESH tax break,JJ Southern Farm,0.25,0.65,11151,2793,812,579,1402,0.291,0.0425,4135.635,,,,,,,,
Rent subsidy,JJ Southern Farm,0.25,0.65,44855,11292,3300,2337,5655,0.292,0.1711,16765.5396,,,,,,,,
FRESH tax break,JJ Southern Farm,0.25,0.7,12009,3008,875,623,1510,0.291,0.0458,4454.6379,,,,,,,,
Rent subsidy,JJ Southern Farm,0.25,0.7,48306,12167,3558,2518,6092,0.292,0.1843,18069.6036,,,,,,,,
FRESH tax break,JJ Southern Farm,0.25,0.75,12866,3223,937,668,1618,0.291,0.0491,4773.7665,,,,,,,,
Rent subsidy,JJ Southern Farm,0.25,0.75,51756,13043,3816,2699,6528,0.293,0.1975,19375.7486,,,,,,,,
FRESH tax break,JJ Southern Farm,0.25,0.8,13724,3438,1000,712,1726,0.291,0.0524,5093.0208,,,,,,,,
Rent subsidy,JJ Southern Farm,0.25,0.8,55206,13920,4075,2880,6966,0.293,0.2106,20683.9792,,,,,,,,
FRESH tax break,JJ Southern Farm,0.25,0.85,14582,3654,1063,757,1834,0.291,0.0556,5412.4009,,,,,,,,
Rent subsidy,JJ Southern Farm,0.25,0.85,58657,14798,4334,3062,7403,0.293,0.2238,21994.3,,,,,,,,
FRESH tax break,JJ Southern Farm,0.25,0.9,15440,3869,1126,802,1942,0.291,0.0589,5731.9068,,,,,,,,
Rent subsidy,JJ Southern Farm,0.25,0.9,62107,15677,4594,3243,7841,0.293,0.237,23306.7157,,,,,,,,
FRESH tax break,JJ Southern Farm,0.25,0.95,16297,4085,1188,846,2050,0.291,0.0622,6051.5387,,,,,,,,
Rent subsidy,JJ Southern Farm,0.25,0.95,65558,16557,4854,3425,8279,0.293,0.2501,24621.2309,,,,,,,,
FRESH tax break,JJ Southern Farm,0.25,1.0,17155,4300,1251,891,2158,0.291,0.0655,6371.2966,,,,,,,,
Rent subsidy,JJ Southern Farm,0.25,1.0,69008,17438,5115,3606,8717,0.293,0.2633,25937.8503,,,,,,,,
FRESH tax break,JJ Southern Farm,0.5,0.0,0,0,0,0,0,,0.0,0.0,,,,,,,,
Rent subsidy,JJ Southern Farm,0.5,0.0,0,0,0,0,0,,0.0,0.0,,,,,,,,
FRESH tax break,JJ Southern Farm,0.5,0.05,858,429,125,89,216,0.29,0.0065,634.8762,,,,,,,,
Rent subsidy,JJ Southern Farm,0.5,0.05,3450,1727,502,358,867,0.291,0.0263,2556.8733,,,,,,,,
FRESH tax break,JJ Southern Farm,0.5,0.1,1716,858,249,178,431,0.29,0.0131,1270.2517,,,,,,,,
Rent subsidy,JJ Southern Farm,0.5,0.1,6901,3458,1006,717,1736,0.291,0.0527,5121.8528,,,,,,,,
FRESH tax break,JJ Southern Farm,0.5,0.15,2573,1288,374,267,647,0.29,0.0196,1906.127,,,,,,,,
Rent subsidy,JJ Southern Farm,0.5,0.15,10351,5192,1512,1076,2605,0.291,0.079,7694.9743,,,,,,,,
FRESH tax break,JJ Southern Farm,0.5,0.2,3431,1717,499,356,862,0.291,0.0262,2542.5028,,,,,,,,
Rent subsidy,JJ Southern Farm,0.5,0.2,13802,6930,2020,1435,3475,0.291,0.1053,10276.2739,,,,,,,,
FRESH tax break,JJ Southern Farm,0.5,0.25,4289,2147,624,445,1078,0.291,0.0327,3179.3795,,,,,,,,
Rent subsidy,JJ Southern Farm,0.5,0.25,17252,8672,2530,1796,4346,0.292,0.1316,12865.7876,,,,,,,,
FRESH tax break,JJ Southern Farm,0.5,0.3,5147,2577,749,534,1294,0.291,0.0393,3816.7577,,,,,,,,
Rent subsidy,JJ Southern Farm,0.5,0.3,20702,10418,3043,2157,5218,0.292,0.158,15463.552,,,,,,,,
FRESH tax break,JJ Southern Farm,0.5,0.35,6004,3008,875,623,1510,0.291,0.0458,4454.6379,,,,,,,,
Rent subsidy,JJ Southern Farm,0.5,0.35,24153,12167,3558,2518,6092,0.292,0.1843,18069.6036,,,,,,,,
FRESH tax break,JJ Southern Farm,0.5,0.4,6862,3438,1000,712,1726,0.291,0.0524,5093.0208,,,,,,,,
Rent subsidy,JJ Southern Farm,0.5,0.4,27603,13920,4075,2880,6966,0.293,0.2106,20683.9792,,,,,,,,
FRESH tax break,JJ Southern Farm,0.5,0.45,7720,3869,1126,802,1942,0.291,0.0589,5731.9068,,,,,,,,
Rent subsidy,JJ Southern Farm,0.5,0.45,31054,15677,4594,3243,7841,0.293,0.237,23306.7157,,,,,,,,
FRESH tax break,JJ Southern Farm,0.5,0.5,8578,4300,1251,891,2158,0.291,0.0655,6371.2966,,,,,,,,
Rent subsidy,JJ Southern Farm,0.5,0.5,34504,17438,5115,3606,8717,0.293,0.2633,25937.8503,,,,,,,,
FRESH tax break,JJ Southern Farm,0.5,0.55,9435,4731,1377,980,2374,0.291,0.072,7011.1905,,,,,,,,
Rent subsidy,JJ Southern Farm,0.5,0.55,37954,19203,5639,3970,9594,0.294,0.2896,28577.4204,,,,,,,,
FRESH tax break,JJ Southern Farm,0.5,0.6,10293,5163,1503,1070,2590,0.291,0.0785,7651.5893,,,,,,,,
Rent subsidy,JJ Southern Farm,0.5,0.6,41405,20971,6165,4335,10472,0.294,0.3159,31225.4635,,,,,,,,
FRESH tax break,JJ Southern Farm,0.5,0.65,11151,5595,1629,1159,2806,0.291,0.0851,8292.4935,,,,,,,,
Rent subsidy,JJ Southern Farm,0.5,0.65,44855,22743,6693,4700,11350,0.294,0.3423,33882.0174,,,,,,,,
FRESH tax break,JJ Southern Farm,0.5,0.7,12009,6027,1756,1248,3023,0.291,0.0916,8933.9036,,,,,,,,
Rent subsidy,JJ Southern Farm,0.5,0.7,48306,24519,7223,5066,12230,0.295,0.3686,36547.12,,,,,,,,
FRESH tax break,JJ Southern Farm,0.5,0.75,12866,6459,1882,1338,3239,0.291,0.0982,9575.8202,,,,,,,,
Rent subsidy,JJ Southern Farm,0.5,0.75,51756,26299,7756,5432,13111,0.295,0.3949,39220.8095,,,,,,,,
FRESH tax break,JJ Southern Farm,0.5,0.8,13724,6891,2008,1427,3456,0.291,0.1047,10218.2438,,,,,,,,
Rent subsidy,JJ Southern Farm,0.5,0.8,55206,28083,8291,5799,13993,0.295,0.4212,41903.1242,,,,,,,,
FRESH tax break,JJ Southern Farm,0.5,0.85,14582,7324,2135,1517,3672,0.292,0.1113,10861.175,,,,,,,,
Rent subsidy,JJ Southern Farm,0.5,0.85,58657,29870,8828,6166,14876,0.296,0.4476,44594.1027,,,,,,,,
FRESH tax break,JJ Southern Farm,0.5,0.9,15440,7757,2262,1606,3889,0.292,0.1178,11504.6143,,,,,,,,
Rent subsidy,JJ Southern Farm,0.5,0.9,62107,31662,9367,6534,15760,0.296,0.4739,47293.7837,,,,,,,,
FRESH tax break,JJ Southern Farm,0.5,0.95,16297,8190,2389,1696,4105,0.292,0.1244,12148.5624,,,,,,,,
Rent subsidy,JJ Southern Farm,0.5,0.95,65558,33457,9909,6903,16644,0.296,0.5002,50002.2062,,,,,,,,
FRESH tax break,JJ Southern Farm,0.5,1.0,17155,8623,2516,1786,4322,0.292,0.1309,12793.0197,,,,,,,,
Rent subsidy,JJ Southern Farm,0.5,1.0,69008,35256,10453,7273,17530,0.296,0.5266,52719.4094,,,,,,,,
FRESH tax break,JJ Southern Farm,0.75,0.0,0,0,0,0,0,,0.0,0.0,,,,,,,,
Rent subsidy,JJ Southern Farm,0.75,0.0,0,0,0,0,0,,0.0,0.0,,,,,,,,
FRESH tax break,JJ Southern Farm,0.75,0.05,858,644,187,133,323,0.29,0.0098,952.5015,,,,,,,,
Rent subsidy,JJ Southern Farm,0.75,0.05,3450,2592,753,537,1301,0.291,0.0395,3838.3475,,,,,,,,
FRESH tax break,JJ Southern Farm,0.75,0.1,1716,1288,374,267,647,0.29,0.0196,1906.127,,,,,,,,
Rent subsidy,JJ Southern Farm,0.75,0.1,6901,5192,1512,1076,2605,0.291,0.079,7694.9743,,,,,,,,
FRESH tax break,JJ Southern Farm,0.75,0.15,2573,1932,561,400,970,0.291,0.0295,2860.8785,,,,,,,,
Rent subsidy,JJ Southern Farm,0.75,0.15,10351,7801,2275,1615,3911,0.292,0.1185,11570.0017,,,,,,,,
FRESH tax break,JJ Southern Farm,0.75,0.2,3431,2577,749,534,1294,0.291,0.0393,3816.7577,,,,,,,,
Rent subsidy,JJ Southern Farm,0.75,0.2,13802,10418,3043,2157,5218,0.292,0.158,15463.552,,,,,,,,
FRESH tax break,JJ Southern Farm,0.75,0.25,4289,3223,937,668,1618,0.291,0.0491,4773.7665,,,,,,,,
Rent subsidy,JJ Southern Farm,0.75,0.25,17252,13043,3816,2699,6528,0.293,0.1975,19375.7486,,,,,,,,
FRESH tax break,JJ Southern Farm,0.75,0.3,5147,3869,1126,802,1942,0.291,0.0589,5731.9068,,,,,,,,
Rent subsidy,JJ Southern Farm,0.75,0.3,20702,15677,4594,3243,7841,0.293,0.237,23306.7157,,,,,,,,
FRESH tax break,JJ Southern Farm,0.75,0.35,6004,4516,1314,936,2266,0.291,0.0687,6691.1805,,,,,,,,
Rent subsidy,JJ Southern Farm,0.75,0.35,24153,18320,5377,3788,9155,0.293,0.2764,27256.5786,,,,,,,,
FRESH tax break,JJ Southern Farm,0.75,0.4,6862,5163,1503,1070,2590,0.291,0.0785,7651.5893,,,,,,,,
Rent subsidy,JJ Southern Farm,0.75,0.4,27603,20971,6165,4335,10472,0.294,0.3159,31225.4635,,,,,,,,
FRESH tax break,JJ Southern Farm,0.75,0.45,7720,5811,1692,1204,2915,0.291,0.0884,8613.1353,,,,,,,,
Rent subsidy,JJ Southern Farm,0.75,0.45,31054,23631,6958,4883,11790,0.294,0.3554,35213.4977,,,,,,,,
FRESH tax break,JJ Southern Farm,0.75,0.5,8578,6459,1882,1338,3239,0.291,0.0982,9575.8202,,,,,,,,
Rent subsidy,JJ Southern Farm,0.75,0.5,34504,26299,7756,5432,13111,0.295,0.3949,39220.8095,,,,,,,,
FRESH tax break,JJ Southern Farm,0.75,0.55,9435,7108,2072,1472,3564,0.291,0.108,10539.6459,,,,,,,,
Rent subsidy,JJ Southern Farm,0.75,0.55,37954,28976,8559,5982,14434,0.295,0.4344,43247.5281,,,,,,,,
FRESH tax break,JJ Southern Farm,0.75,0.6,10293,7757,2262,1606,3889,0.292,0.1178,11504.6143,,,,,,,,
Rent subsidy,JJ Southern Farm,0.75,0.6,41405,31662,9367,6534,15760,0.296,0.4739,47293.7837,,,,,,,,
FRESH tax break,JJ Southern Farm,0.75,0.65,11151,8407,2452,1741,4213,0.292,0.1276,12470.7274,,,,,,,,
Rent subsidy,JJ Southern Farm,0.75,0.65,44855,34356,10181,7088,17087,0.296,0.5134,51359.7078,,,,,,,,
FRESH tax break,JJ Southern Farm,0.75,0.7,12009,9057,2643,1875,4539,0.292,0.1374,13437.9869,,,,,,,,
Rent subsidy,JJ Southern Farm,0.75,0.7,48306,37059,11000,7642,18417,0.297,0.5529,55445.4326,,,,,,,,
FRESH tax break,JJ Southern Farm,0.75,0.75,12866,9708,2834,2010,4864,0.292,0.1473,14406.3948,,,,,,,,
Rent subsidy,JJ Southern Farm,0.75,0.75,51756,39771,11824,8199,19749,0.297,0.5924,59551.0916,,,,,,,,
FRESH tax break,JJ Southern Farm,0.75,0.8,13724,10359,3026,2145,5189,0.292,0.1571,15375.9529,,,,,,,,
Rent subsidy,JJ Southern Farm,0.75,0.8,55206,42492,12653,8756,21083,0.298,0.6319,63676.8192,,,,,,,,
FRESH tax break,JJ Southern Farm,0.75,0.85,14582,11011,3217,2279,5515,0.292,0.1669,16346.6632,,,,,,,,
Rent subsidy,JJ Southern Farm,0.75,0.85,58657,45222,13488,9315,22419,0.298,0.6714,67822.7509,,,,,,,,
FRESH tax break,JJ Southern Farm,0.75,0.9,15440,11663,3409,2414,5840,0.292,0.1767,17318.5277,,,,,,,,
Rent subsidy,JJ Southern Farm,0.75,0.9,62107,47961,14328,9875,23758,0.299,0.7109,71989.0233,,,,,,,,
FRESH tax break,JJ Southern Farm,0.75,0.95,16297,12316,3601,2549,6166,0.292,0.1865,18291.548,,,,,,,,
Rent subsidy,JJ Southern Farm,0.75,0.95,65558,50709,15173,10437,25099,0.299,0.7503,76175.7741,,,,,,,,
FRESH tax break,JJ Southern Farm,0.75,1.0,17155,12970,3794,2684,6492,0.293,0.1964,19265.7263,,,,,,,,
Rent subsidy,JJ Southern Farm,0.75,1.0,69008,53465,16024,11000,26442,0.3,0.7898,80383.142,,,,,,,,
30% contract at existing store,JJ Southern Farm,1.0,0.0,86163,0,0,0,0,,,,0.0,86163.19,86163.19,0.0,0.6147,1897015.276,1282000.0,0.0168
30% contract at existing store,JJ Southern Farm,1.0,0.05,86163,17684,5274,3699,8711,0.298,,,0.0,86163.19,86163.19,0.0,0.6148,1939061.8023,1282000.0,0.0172
30% contract at existing store,JJ Southern Farm,1.0,0.1,86163,35766,10785,7462,17519,0.302,,,0.0,86163.19,86163.19,0.0,0.6149,1982428.3449,1282000.0,0.0175
30% contract at existing store,JJ Southern Farm,1.0,0.15,86163,54256,16544,11288,26425,0.305,,,0.0,86163.19,86163.19,0.0,0.615,2027164.1772,1282000.0,0.0179
30% contract at existing store,JJ Southern Farm,1.0,0.2,86163,73170,22561,15180,35429,0.308,,,0.0,86163.19,86163.19,0.0,0.6151,2073320.391,1282000.0,0.0184
30% contract at existing store,JJ Southern Farm,1.0,0.25,97858,92519,28848,19137,44533,0.312,,,0.0,86163.19,86163.19,11695.2617,0.6152,2120949.9494,1282000.0,0.0188
30% contract at existing store,JJ Southern Farm,1.0,0.3,120173,112318,35416,23162,53739,0.315,,,0.0,86163.19,86163.19,34009.9396,0.6153,2170107.7391,1282000.0,0.0192
30% contract at existing store,JJ Southern Farm,1.0,0.35,143506,132581,42279,27256,63047,0.319,,,0.0,86163.19,86163.19,57342.6414,0.6154,2220850.6224,1282000.0,0.0197
30% contract at existing store,JJ Southern Farm,1.0,0.4,167905,153324,49448,31419,72457,0.323,,,0.0,94690.8253,86163.19,81742.2187,0.6155,2273237.489,1282000.0,0.0201
30% contract at existing store,JJ Southern Farm,1.0,0.45,193423,174563,56938,35653,81973,0.326,,,0.0,106546.3343,86163.19,107259.9039,0.6156,2327329.3066,1282000.0,0.0206
30% contract at existing store,JJ Southern Farm,1.0,0.5,220113,196313,64761,39958,91593,0.33,,,0.0,118406.1926,86163.19,133949.4122,0.6157,2383189.1711,1282000.0,0.0211
30% contract at existing store,JJ Southern Farm,1.0,0.55,248030,218591,72933,44337,101321,0.334,,,0.0,130270.4172,86163.19,161867.0461,0.6158,2440882.3553,1282000.0,0.0216
30% contract at existing store,JJ Southern Farm,1.0,0.6,277235,241415,81469,48790,111156,0.337,,,0.0,142139.021,86163.19,191071.8031,0.616,2500476.3556,1282000.0,0.0221
30% contract at existing store,JJ Southern Farm,1.0,0.65,307789,264803,90384,53319,121100,0.341,,,0.0,154012.0126,86163.19,221625.4848,0.6161,2562040.9373,1282000.0,0.0227
30% contract at existing store,JJ Southern Farm,1.0,0.7,339756,288774,99695,57924,131155,0.345,,,0.0,165889.3963,86163.19,253592.8093,0.6162,2625648.1774,1282000.0,0.0232
30% contract at existing store,JJ Southern Farm,1.0,0.75,373205,313346,109418,62607,141320,0.349,,,0.0,177771.172,86163.19,287041.5248,0.6163,2691372.5046,1282000.0,0.0238
30% contract at existing store,JJ Southern Farm,1.0,0.8,408206,338541,119572,67370,151599,0.353,,,0.0,189657.3348,86163.19,322042.5252,0.6164,2759290.7361,1282000.0,0.0244
30% contract at existing store,JJ Southern Farm,1.0,0.85,444833,364379,130175,72214,161991,0.357,,,0.0,201547.8754,86163.19,358669.9675,0.6165,2829482.1109,1282000.0,0.025
30% contract at existing store,JJ Southern Farm,1.0,0.9,483165,390882,141245,77139,172498,0.361,,,0.0,213442.78,86163.19,397001.3904,0.6166,2902028.3187,1282000.0,0.0257
30% contract at existing store,JJ Southern Farm,1.0,0.95,523281,418072,152802,82148,183121,0.365,,,0.0,225342.03,86163.19,437117.8326,0.6168,2977013.5244,1282000.0,0.0264
30% contract at existing store,JJ Southern Farm,1.0,1.0,565267,445972,164868,87242,193862,0.37,,,0.0,237245.6022,86163.19,479103.9531,0.6169,3054524.3869,1282000.0,0.027
N.Y.C. Groceries (new store),N.Y.C. Groceries (planned),1.0,0.0,361531,0,0,0,0,,,,4777029.388,361531.0,361531.0,0.0,0.6144,7831619.2587,12018000.0,0.0693
N.Y.C. Groceries (new store),N.Y.C. Groceries (planned),1.0,0.05,361531,72921,20582,15566,36773,0.282,,,4777029.388,361531.0,361531.0,0.0,0.6145,7991995.192,12018000.0,0.0707
N.Y.C. Groceries (new store),N.Y.C. Groceries (planned),1.0,0.1,361531,147351,42039,31382,73931,0.285,,,4777029.388,361531.0,361531.0,0.0,0.6146,8156767.9331,12018000.0,0.0722
N.Y.C. Groceries (new store),N.Y.C. Groceries (planned),1.0,0.15,361531,223334,64405,47452,111477,0.288,,,4777029.388,361531.0,361531.0,0.0,0.6147,8326060.4347,12018000.0,0.0737
N.Y.C. Groceries (new store),N.Y.C. Groceries (planned),1.0,0.2,361531,300911,87716,63779,149417,0.292,,,4777029.388,443332.295,361531.0,0.0,0.6148,8499997.1164,12018000.0,0.0752
N.Y.C. Groceries (new store),N.Y.C. Groceries (planned),1.0,0.25,400251,380127,112008,80367,187752,0.295,,,4777029.388,554254.7411,361531.0,38719.6787,0.6149,8678703.6706,12018000.0,0.0768
N.Y.C. Groceries (new store),N.Y.C. Groceries (planned),1.0,0.3,490541,461027,137319,97220,226488,0.298,,,4777029.388,665213.2897,361531.0,129010.2125,0.615,8862306.8465,12018000.0,0.0784
N.Y.C. Groceries (new store),N.Y.C. Groceries (planned),1.0,0.35,584574,543657,163687,114342,265628,0.301,,,4777029.388,776208.0486,361531.0,223042.8046,0.6151,9050934.2122,12018000.0,0.0801
N.Y.C. Groceries (new store),N.Y.C. Groceries (planned),1.0,0.4,682499,628064,191152,131736,305176,0.304,,,4777029.388,887239.0845,361531.0,320967.8759,0.6152,9244713.8926,12018000.0,0.0818
N.Y.C. Groceries (new store),N.Y.C. Groceries (planned),1.0,0.45,784472,714298,219755,149407,345135,0.308,,,4777029.388,998306.4214,361531.0,422940.6683,0.6153,9443774.2832,12018000.0,0.0836
N.Y.C. Groceries (new store),N.Y.C. Groceries (planned),1.0,0.5,890652,802408,249538,167359,385511,0.311,,,4777029.388,1109410.0398,361531.0,529121.2276,0.6154,9648243.739,12018000.0,0.0854
N.Y.C. Groceries (new store),N.Y.C. Groceries (planned),1.0,0.55,1001205,892445,280544,185596,426305,0.314,,,4777029.388,1220549.8758,361531.0,639674.3671,0.6155,9858250.2366,12018000.0,0.0873
N.Y.C. Groceries (new store),N.Y.C. Groceries (planned),1.0,0.6,1116301,984463,312818,204122,467524,0.318,,,4777029.388,1331725.8201,361531.0,754769.6091,0.6156,10073921.011,12018000.0,0.0892
N.Y.C. Groceries (new store),N.Y.C. Groceries (planned),1.0,0.65,1236112,1078514,346404,222940,509170,0.321,,,4777029.388,1442937.7179,361531.0,874581.1023,0.6157,10295382.1646,12018000.0,0.0911
N.Y.C. Groceries (new store),N.Y.C. Groceries (planned),1.0,0.7,1360819,1174652,381349,242056,551247,0.325,,,4777029.388,1554185.368,361531.0,999287.5141,0.6158,10522758.2496,12018000.0,0.0931
N.Y.C. Groceries (new store),N.Y.C. Groceries (planned),1.0,0.75,1490603,1272935,417702,261473,593760,0.328,,,4777029.388,1665468.5226,361531.0,1129071.8952,0.6159,10756171.8229,12018000.0,0.0952
N.Y.C. Groceries (new store),N.Y.C. Groceries (planned),1.0,0.8,1625653,1373419,455510,281196,636714,0.332,,,4777029.388,1776786.8874,361531.0,1264121.5156,0.616,10995742.9737,12018000.0,0.0973
N.Y.C. Groceries (new store),N.Y.C. Groceries (planned),1.0,0.85,1766159,1476161,494822,301228,680111,0.335,,,4777029.388,1888140.1213,361531.0,1404627.6693,0.6161,11241588.8252,12018000.0,0.0995
N.Y.C. Groceries (new store),N.Y.C. Groceries (planned),1.0,0.9,1912316,1581222,535691,321575,723956,0.339,,,4777029.388,1999527.8368,361531.0,1550785.4468,0.6162,11493823.009,12018000.0,0.1017
N.Y.C. Groceries (new store),N.Y.C. Groceries (planned),1.0,0.95,2064324,1688661,578167,342241,768253,0.342,,,4777029.388,2110949.6004,361531.0,1702793.4737,0.6163,11752555.1155,12018000.0,0.104
N.Y.C. Groceries (new store),N.Y.C. Groceries (planned),1.0,1.0,2222385,1798540,622303,363230,813007,0.346,,,4777029.388,2222404.9331,361531.0,1860853.6136,0.6164,12017890.1196,12018000.0,0.1064
