lever,store,theta,lever_fraction,cost,dcs_total,dcs_low,dcs_mid,dcs_high,low_income_share,dp_per_basket,dcs_total_observed_Q,entry_gain_not_identified,cost_spec,rent_plus_tax,affordability_payment,kappa_j,predicted_sales,R_j,share_of_cd2_spending
FRESH tax break,Key Food,0.25,0.0,0,0,0,0,0,,0.0,0.0,,,,,,,,
Rent subsidy,Key Food,0.25,0.0,0,0,0,0,0,,0.0,0.0,,,,,,,,
FRESH tax break,Key Food,0.25,0.05,4495,1125,517,196,411,0.46,0.0022,1299.423,,,,,,,,
Rent subsidy,Key Food,0.25,0.05,11804,2956,1360,516,1080,0.46,0.0059,3416.8147,,,,,,,,
FRESH tax break,Key Food,0.25,0.1,8990,2251,1035,393,822,0.46,0.0045,2600.9237,,,,,,,,
Rent subsidy,Key Food,0.25,0.1,23609,5924,2729,1034,2161,0.461,0.0118,6847.993,,,,,,,,
FRESH tax break,Key Food,0.25,0.15,13485,3378,1555,590,1234,0.46,0.0067,3904.5052,,,,,,,,
Rent subsidy,Key Food,0.25,0.15,35413,8902,4105,1553,3244,0.461,0.0177,10293.5927,,,,,,,,
FRESH tax break,Key Food,0.25,0.2,17980,4508,2075,787,1645,0.46,0.009,5210.1707,,,,,,,,
Rent subsidy,Key Food,0.25,0.2,47218,11891,5488,2073,4330,0.462,0.0236,13753.6715,,,,,,,,
FRESH tax break,Key Food,0.25,0.25,22475,5638,2597,984,2057,0.461,0.0112,6517.9234,,,,,,,,
Rent subsidy,Key Food,0.25,0.25,59022,14890,6880,2594,5416,0.462,0.0295,17228.2873,,,,,,,,
FRESH tax break,Key Food,0.25,0.3,26970,6771,3120,1181,2469,0.461,0.0135,7827.7664,,,,,,,,
Rent subsidy,Key Food,0.25,0.3,70826,17901,8279,3117,6505,0.462,0.0354,20717.4979,,,,,,,,
FRESH tax break,Key Food,0.25,0.35,31466,7905,3644,1379,2882,0.461,0.0157,9139.7031,,,,,,,,
Rent subsidy,Key Food,0.25,0.35,82631,20922,9686,3641,7596,0.463,0.0413,24221.3612,,,,,,,,
FRESH tax break,Key Food,0.25,0.4,35961,9040,4169,1577,3295,0.461,0.018,10453.7365,,,,,,,,
Rent subsidy,Key Food,0.25,0.4,94435,23955,11101,4166,8688,0.463,0.0472,27739.935,,,,,,,,
FRESH tax break,Key Food,0.25,0.45,40456,10177,4695,1775,3708,0.461,0.0202,11769.8698,,,,,,,,
Rent subsidy,Key Food,0.25,0.45,106240,26998,12524,4692,9782,0.464,0.0531,31273.2772,,,,,,,,
FRESH tax break,Key Food,0.25,0.5,44951,11316,5222,1973,4121,0.461,0.0225,13088.1063,,,,,,,,
Rent subsidy,Key Food,0.25,0.5,118044,30053,13955,5220,10878,0.464,0.059,34821.4456,,,,,,,,
FRESH tax break,Key Food,0.25,0.55,49446,12456,5750,2171,4535,0.462,0.0247,14408.4492,,,,,,,,
Rent subsidy,Key Food,0.25,0.55,129848,33119,15394,5749,11976,0.465,0.0649,38384.4981,,,,,,,,
FRESH tax break,Key Food,0.25,0.6,53941,13598,6280,2370,4948,0.462,0.027,15730.9016,,,,,,,,
Rent subsidy,Key Food,0.25,0.6,141653,36196,16841,6279,13076,0.465,0.0708,41962.4926,,,,,,,,
FRESH tax break,Key Food,0.25,0.65,58436,14741,6810,2568,5362,0.462,0.0292,17055.4667,,,,,,,,
Rent subsidy,Key Food,0.25,0.65,153457,39284,18296,6811,14177,0.466,0.0767,45555.4869,,,,,,,,
FRESH tax break,Key Food,0.25,0.7,62931,15886,7342,2767,5777,0.462,0.0315,18382.1477,,,,,,,,
Rent subsidy,Key Food,0.25,0.7,165262,42383,19759,7344,15280,0.466,0.0826,49163.5388,,,,,,,,
FRESH tax break,Key Food,0.25,0.75,67426,17033,7875,2966,6191,0.462,0.0337,19710.9479,,,,,,,,
Rent subsidy,Key Food,0.25,0.75,177066,45493,21230,7878,16385,0.467,0.0885,52786.7062,,,,,,,,
FRESH tax break,Key Food,0.25,0.8,71921,18181,8409,3165,6606,0.463,0.0359,21041.8704,,,,,,,,
Rent subsidy,Key Food,0.25,0.8,188870,48615,22709,8414,17492,0.467,0.0944,56425.0468,,,,,,,,
FRESH tax break,Key Food,0.25,0.85,76416,19330,8944,3365,7021,0.463,0.0382,22374.9184,,,,,,,,
Rent subsidy,Key Food,0.25,0.85,200675,51748,24196,8950,18601,0.468,0.1003,60078.6185,,,,,,,,
FRESH tax break,Key Food,0.25,0.9,80911,20482,9481,3564,7437,0.463,0.0404,23710.095,,,,,,,,
Rent subsidy,Key Food,0.25,0.9,212479,54892,25692,9489,19712,0.468,0.1062,63747.479,,,,,,,,
FRESH tax break,Key Food,0.25,0.95,85407,21634,10018,3764,7852,0.463,0.0427,25047.4036,,,,,,,,
Rent subsidy,Key Food,0.25,0.95,224284,58048,27196,10028,20824,0.469,0.1121,67431.686,,,,,,,,
FRESH tax break,Key Food,0.25,1.0,89902,22789,10557,3964,8268,0.463,0.0449,26386.8473,,,,,,,,
Rent subsidy,Key Food,0.25,1.0,236088,61215,28708,10569,21939,0.469,0.118,71131.2973,,,,,,,,
FRESH tax break,Key Food,0.5,0.0,0,0,0,0,0,,0.0,0.0,,,,,,,,
Rent subsidy,Key Food,0.5,0.0,0,0,0,0,0,,0.0,0.0,,,,,,,,
FRESH tax break,Key Food,0.5,0.05,4495,2251,1035,393,822,0.46,0.0045,2600.9237,,,,,,,,
Rent subsidy,Key Food,0.5,0.05,11804,5924,2729,1034,2161,0.461,0.0118,6847.993,,,,,,,,
FRESH tax break,Key Food,0.5,0.1,8990,4508,2075,787,1645,0.46,0.009,5210.1707,,,,,,,,
Rent subsidy,Key Food,0.5,0.1,23609,11891,5488,2073,4330,0.462,0.0236,13753.6715,,,,,,,,
FRESH tax break,Key Food,0.5,0.15,13485,6771,3120,1181,2469,0.461,0.0135,7827.7664,,,,,,,,
Rent subsidy,Key Food,0.5,0.15,35413,17901,8279,3117,6505,0.462,0.0354,20717.4979,,,,,,,,
FRESH tax break,Key Food,0.5,0.2,17980,9040,4169,1577,3295,0.461,0.018,10453.7365,,,,,,,,
Rent subsidy,Key Food,0.5,0.2,47218,23955,11101,4166,8688,0.463,0.0472,27739.935,,,,,,,,
FRESH tax break,Key Food,0.5,0.25,22475,11316,5222,1973,4121,0.461,0.0225,13088.1063,,,,,,,,
Rent subsidy,Key Food,0.5,0.25,59022,30053,13955,5220,10878,0.464,0.059,34821.4456,,,,,,,,
FRESH tax break,Key Food,0.5,0.3,26970,13598,6280,2370,4948,0.462,0.027,15730.9016,,,,,,,,
Rent subsidy,Key Food,0.5,0.3,70826,36196,16841,6279,13076,0.465,0.0708,41962.4926,,,,,,,,
FRESH tax break,Key Food,0.5,0.35,31466,15886,7342,2767,5777,0.462,0.0315,18382.1477,,,,,,,,
Rent subsidy,Key Food,0.5,0.35,82631,42383,19759,7344,15280,0.466,0.0826,49163.5388,,,,,,,,
FRESH tax break,Key Food,0.5,0.4,35961,18181,8409,3165,6606,0.463,0.0359,21041.8704,,,,,,,,
Rent subsidy,Key Food,0.5,0.4,94435,48615,22709,8414,17492,0.467,0.0944,56425.0468,,,,,,,,
FRESH tax break,Key Food,0.5,0.45,40456,20482,9481,3564,7437,0.463,0.0404,23710.095,,,,,,,,
Rent subsidy,Key Food,0.5,0.45,106240,54892,25692,9489,19712,0.468,0.1062,63747.479,,,,,,,,
FRESH tax break,Key Food,0.5,0.5,44951,22789,10557,3964,8268,0.463,0.0449,26386.8473,,,,,,,,
Rent subsidy,Key Food,0.5,0.5,118044,61215,28708,10569,21939,0.469,0.118,71131.2973,,,,,,,,
FRESH tax break,Key Food,0.5,0.55,49446,25103,11637,4364,9101,0.464,0.0494,29072.1527,,,,,,,,
Rent subsidy,Key Food,0.5,0.55,129848,67584,31757,11654,24173,0.47,0.1298,78576.9629,,,,,,,,
FRESH tax break,Key Food,0.5,0.6,53941,27423,12723,4766,9935,0.464,0.0539,31766.0368,,,,,,,,
Rent subsidy,Key Food,0.5,0.6,141653,73999,34840,12745,26415,0.471,0.1416,86084.9368,,,,,,,,
FRESH tax break,Key Food,0.5,0.65,58436,29749,13813,5168,10769,0.464,0.0584,34468.5252,,,,,,,,
Rent subsidy,Key Food,0.5,0.65,153457,80461,37956,13841,28664,0.472,0.1534,93655.6787,,,,,,,,
FRESH tax break,Key Food,0.5,0.7,62931,32082,14907,5570,11605,0.465,0.0629,37179.6434,,,,,,,,
Rent subsidy,Key Food,0.5,0.7,165262,86969,41106,14942,30920,0.473,0.1652,101289.6477,,,,,,,,
FRESH tax break,Key Food,0.5,0.75,67426,34422,16006,5974,12442,0.465,0.0674,39899.4169,,,,,,,,
Rent subsidy,Key Food,0.5,0.75,177066,93524,44291,16049,33185,0.474,0.177,108987.3019,,,,,,,,
FRESH tax break,Key Food,0.5,0.8,71921,36768,17110,6378,13280,0.465,0.0719,42627.8714,,,,,,,,
Rent subsidy,Key Food,0.5,0.8,188870,100127,47510,17161,35456,0.474,0.1888,116749.0981,,,,,,,,
FRESH tax break,Key Food,0.5,0.85,76416,39120,18218,6783,14119,0.466,0.0764,45365.0325,,,,,,,,
Rent subsidy,Key Food,0.5,0.85,200675,106777,50764,18278,37735,0.475,0.2006,124575.492,,,,,,,,
FRESH tax break,Key Food,0.5,0.9,80911,41479,19332,7189,14959,0.466,0.0809,48110.9255,,,,,,,,
Rent subsidy,Key Food,0.5,0.9,212479,113475,54052,19401,40022,0.476,0.2124,132466.9378,,,,,,,,
FRESH tax break,Key Food,0.5,0.95,85407,43844,20449,7595,15800,0.466,0.0854,50865.5761,,,,,,,,
Rent subsidy,Key Food,0.5,0.95,224284,120222,57376,20529,42316,0.477,0.2242,140423.8882,,,,,,,,
FRESH tax break,Key Food,0.5,1.0,89902,46216,21572,8002,16642,0.467,0.0899,53629.0099,,,,,,,,
Rent subsidy,Key Food,0.5,1.0,236088,127017,60736,21663,44618,0.478,0.236,148446.7942,,,,,,,,
FRESH tax break,Key Food,0.75,0.0,0,0,0,0,0,,0.0,0.0,,,,,,,,
Rent subsidy,Key Food,0.75,0.0,0,0,0,0,0,,0.0,0.0,,,,,,,,
FRESH tax break,Key Food,0.75,0.05,4495,3378,1555,590,1234,0.46,0.0067,3904.5052,,,,,,,,
Rent subsidy,Key Food,0.75,0.05,11804,8902,4105,1553,3244,0.461,0.0177,10293.5927,,,,,,,,
FRESH tax break,Key Food,0.75,0.1,8990,6771,3120,1181,2469,0.461,0.0135,7827.7664,,,,,,,,
Rent subsidy,Key Food,0.75,0.1,23609,17901,8279,3117,6505,0.462,0.0354,20717.4979,,,,,,,,
FRESH tax break,Key Food,0.75,0.15,13485,10177,4695,1775,3708,0.461,0.0202,11769.8698,,,,,,,,
Rent subsidy,Key Food,0.75,0.15,35413,26998,12524,4692,9782,0.464,0.0531,31273.2772,,,,,,,,
FRESH tax break,Key Food,0.75,0.2,17980,13598,6280,2370,4948,0.462,0.027,15730.9016,,,,,,,,
Rent subsidy,Key Food,0.75,0.2,47218,36196,16841,6279,13076,0.465,0.0708,41962.4926,,,,,,,,
FRESH tax break,Key Food,0.75,0.25,22475,17033,7875,2966,6191,0.462,0.0337,19710.9479,,,,,,,,
Rent subsidy,Key Food,0.75,0.25,59022,45493,21230,7878,16385,0.467,0.0885,52786.7062,,,,,,,,
FRESH tax break,Key Food,0.75,0.3,26970,20482,9481,3564,7437,0.463,0.0404,23710.095,,,,,,,,
Rent subsidy,Key Food,0.75,0.3,70826,54892,25692,9489,19712,0.468,0.1062,63747.479,,,,,,,,
FRESH tax break,Key Food,0.75,0.35,31466,23945,11096,4164,8684,0.463,0.0472,27728.4293,,,,,,,,
Rent subsidy,Key Food,0.75,0.35,82631,64394,30228,11111,23055,0.469,0.1239,74846.3704,,,,,,,,
FRESH tax break,Key Food,0.75,0.4,35961,27423,12723,4766,9935,0.464,0.0539,31766.0368,,,,,,,,
Rent subsidy,Key Food,0.75,0.4,94435,73999,34840,12745,26415,0.471,0.1416,86084.9368,,,,,,,,
FRESH tax break,Key Food,0.75,0.45,40456,30915,14359,5369,11187,0.464,0.0607,35823.0039,,,,,,,,
Rent subsidy,Key Food,0.75,0.45,106240,83709,39527,14391,29791,0.472,0.1593,97464.7311,,,,,,,,
FRESH tax break,Key Food,0.75,0.5,44951,34422,16006,5974,12442,0.465,0.0674,39899.4169,,,,,,,,
Rent subsidy,Key Food,0.75,0.5,118044,93524,44291,16049,33185,0.474,0.177,108987.3019,,,,,,,,
FRESH tax break,Key Food,0.75,0.55,49446,37943,17664,6580,13699,0.466,0.0741,43995.362,,,,,,,,
Rent subsidy,Key Food,0.75,0.55,129848,103446,49132,17719,36595,0.475,0.1947,120654.1919,,,,,,,,
FRESH tax break,Key Food,0.75,0.6,53941,41479,19332,7189,14959,0.466,0.0809,48110.9255,,,,,,,,
Rent subsidy,Key Food,0.75,0.6,141653,113475,54052,19401,40022,0.476,0.2124,132466.9378,,,,,,,,
FRESH tax break,Key Food,0.75,0.65,58436,45029,21010,7798,16221,0.467,0.0876,52246.1935,,,,,,,,
Rent subsidy,Key Food,0.75,0.65,153457,123613,59051,21096,43466,0.478,0.2301,144427.0686,,,,,,,,
FRESH tax break,Key Food,0.75,0.7,62931,48595,22699,8410,17485,0.467,0.0944,56401.2523,,,,,,,,
Rent subsidy,Key Food,0.75,0.7,165262,133861,64131,22802,46928,0.479,0.2478,156536.105,,,,,,,,
FRESH tax break,Key Food,0.75,0.75,67426,52174,24399,9023,18752,0.468,0.1011,60576.188,,,,,,,,
Rent subsidy,Key Food,0.75,0.75,177066,144219,69291,24521,50407,0.48,0.2655,168795.5585,,,,,,,,
FRESH tax break,Key Food,0.75,0.8,71921,55769,26110,9638,20021,0.468,0.1078,64771.0866,,,,,,,,
Rent subsidy,Key Food,0.75,0.8,188870,154689,74533,26253,53903,0.482,0.2832,181206.93,,,,,,,,
FRESH tax break,Key Food,0.75,0.85,76416,59379,27831,10255,21293,0.469,0.1146,68986.0343,,,,,,,,
Rent subsidy,Key Food,0.75,0.85,200675,165271,79857,27997,57416,0.483,0.3009,193771.709,,,,,,,,
FRESH tax break,Key Food,0.75,0.9,80911,63004,29563,10874,22567,0.469,0.1213,73221.1171,,,,,,,,
Rent subsidy,Key Food,0.75,0.9,212479,175966,85265,29754,60947,0.485,0.3186,206491.3727,,,,,,,,
FRESH tax break,Key Food,0.75,0.95,85407,66643,31306,11494,23844,0.47,0.1281,77476.4208,,,,,,,,
Rent subsidy,Key Food,0.75,0.95,224284,186776,90758,31524,64495,0.486,0.3363,219367.3847,,,,,,,,
FRESH tax break,Key Food,0.75,1.0,89902,70298,33060,12116,25122,0.47,0.1348,81752.0313,,,,,,,,
Rent subsidy,Key Food,0.75,1.0,236088,197702,96335,33306,68061,0.487,0.354,232401.1942,,,,,,,,
30% contract at existing store,Key Food,1.0,0.0,325990,0,0,0,0,,,,0.0,325989.6,325989.6,0.0,0.6173,13885398.6994,12018000.0,0.1229
30% contract at existing store,Key Food,1.0,0.05,325990,139408,67717,23881,47811,0.486,,,0.0,325989.6,325989.6,0.0,0.6179,16266322.9356,12018000.0,0.144
30% contract at existing store,Key Food,1.0,0.1,352073,302567,153019,50424,99124,0.506,,,0.0,325989.6,325989.6,26083.0719,0.6184,18976097.7394,12018000.0,0.168
30% contract at existing store,Key Food,1.0,0.15,611892,492372,258329,79878,154165,0.525,,,0.0,334705.4378,325989.6,285901.9865,0.6189,21970700.9677,12018000.0,0.1945
30% contract at existing store,Key Food,1.0,0.2,935242,711137,385466,112505,213167,0.542,,,0.0,446534.6781,325989.6,609252.4963,0.6193,25171033.8852,12018000.0,0.2228
30% contract at existing store,Key Food,1.0,0.25,1322960,960305,535355,148577,276373,0.557,,,0.0,558418.2597,325989.6,996970.1927,0.6195,28472082.5516,12018000.0,0.252
30% contract at existing store,Key Food,1.0,0.3,1771484,1240278,707867,188376,344035,0.571,,,0.0,670316.3058,325989.6,1445494.3185,0.6197,31760668.1322,12018000.0,0.2811
30% contract at existing store,Key Food,1.0,0.35,2273823,1550440,901837,232187,416416,0.582,,,0.0,782196.206,325989.6,1947833.3266,0.6199,34935996.523,12018000.0,0.3092
30% contract at existing store,Key Food,1.0,0.4,2821332,1889355,1115271,280302,493781,0.59,,,0.0,894033.1661,325989.6,2495342.1809,0.6199,37925623.5999,12018000.0,0.3357
30% contract at existing store,Key Food,1.0,0.45,3405598,2255069,1345655,333006,576408,0.597,,,0.0,1005809.7549,325989.6,3079608.5495,0.6199,40692067.6199,12018000.0,0.3602
30% contract at existing store,Key Food,1.0,0.5,4019820,2645435,1590276,390582,664577,0.601,,,0.0,1117514.8662,325989.6,3693830.8835,0.6199,43230031.2343,12018000.0,0.3826
30% contract at existing store,Key Food,1.0,0.55,4659425,3058372,1846499,453299,758574,0.604,,,0.0,1229142.4414,325989.6,4333435.0418,0.6198,45557751.0443,12018000.0,0.4033
30% contract at existing store,Key Food,1.0,0.6,5322019,3492041,2111943,521410,858688,0.605,,,0.0,1340690.1937,325989.6,4996029.4656,0.6198,47706789.7059,12018000.0,0.4223
30% contract at existing store,Key Food,1.0,0.65,6006958,3944927,2384569,595147,965210,0.604,,,0.0,1452158.4734,325989.6,5680967.9364,0.6197,49713317.7909,12018000.0,0.44
30% contract at existing store,Key Food,1.0,0.7,6714771,4415849,2662702,674714,1078432,0.603,,,0.0,1563549.3413,325989.6,6388781.0085,0.6195,51612130.8364,12018000.0,0.4568
30% contract at existing store,Key Food,1.0,0.75,7446636,4903934,2945007,760283,1198644,0.601,,,0.0,1674865.8589,325989.6,7120646.0248,0.6194,53433334.0562,12018000.0,0.473
30% contract at existing store,Key Food,1.0,0.8,8203961,5408564,3230442,851990,1326132,0.597,,,0.0,1786111.5788,325989.6,7877971.4942,0.6192,55201033.1256,12018000.0,0.4886
30% contract at existing store,Key Food,1.0,0.85,8988098,5929316,3518211,949929,1461177,0.593,,,0.0,1897290.2005,325989.6,8662108.7521,0.6191,56933286.2032,12018000.0,0.5039
30% contract at existing store,Key Food,1.0,0.9,9800163,6465914,3807709,1054153,1604052,0.589,,,0.0,2008405.3558,325989.6,9474173.3824,0.6189,58642722.8846,12018000.0,0.5191
30% contract at existing store,Key Food,1.0,0.95,10640939,7018175,4098485,1164671,1755018,0.584,,,0.0,2119460.492,325989.6,10314949.8311,0.6188,60337435.1949,12018000.0,0.5341
30% contract at existing store,Key Food,1.0,1.0,11510844,7585979,4390202,1281448,1914328,0.579,,,0.0,2230458.8227,325989.6,11184854.1439,0.6186,62021911.6832,12018000.0,0.549
FRESH tax break,Food Fair,0.25,0.0,0,0,0,0,0,,0.0,0.0,,,,,,,,
Rent subsidy,Food Fair,0.25,0.0,0,0,0,0,0,,0.0,0.0,,,,,,,,
FRESH tax break,Food Fair,0.25,0.05,2920,730,303,137,290,0.415,0.0016,883.8964,,,,,,,,
Rent subsidy,Food Fair,0.25,0.05,10505,2631,1094,492,1045,0.416,0.0058,3184.4433,,,,,,,,
FRESH tax break,Food Fair,0.25,0.1,5841,1462,607,273,581,0.416,0.0032,1768.8464,,,,,,,,
Rent subsidy,Food Fair,0.25,0.1,21010,5271,2194,985,2092,0.416,0.0116,6382.5639,,,,,,,,
FRESH tax break,Food Fair,0.25,0.15,8761,2194,912,410,872,0.416,0.0049,2654.8512,,,,,,,,
Rent subsidy,Food Fair,0.25,0.15,31515,7921,3301,1479,3141,0.417,0.0175,9594.4238,,,,,,,,
FRESH tax break,Food Fair,0.25,0.2,11682,2926,1217,547,1162,0.416,0.0065,3541.9123,,,,,,,,
Rent subsidy,Food Fair,0.25,0.2,42020,10580,4414,1974,4192,0.417,0.0233,12820.0854,,,,,,,,
FRESH tax break,Food Fair,0.25,0.25,14602,3659,1522,684,1453,0.416,0.0081,4430.0309,,,,,,,,
Rent subsidy,Food Fair,0.25,0.25,52526,13248,5534,2471,5244,0.418,0.0291,16059.6113,,,,,,,,
FRESH tax break,Food Fair,0.25,0.3,17522,4394,1828,821,1744,0.416,0.0097,5319.2083,,,,,,,,
Rent subsidy,Food Fair,0.25,0.3,63031,15926,6660,2969,6298,0.418,0.0349,19313.064,,,,,,,,
FRESH tax break,Food Fair,0.25,0.35,20443,5128,2135,958,2036,0.416,0.0113,6209.446,,,,,,,,
Rent subsidy,Food Fair,0.25,0.35,73536,18614,7793,3468,7353,0.419,0.0408,22580.5062,,,,,,,,
FRESH tax break,Food Fair,0.25,0.4,23363,5864,2441,1095,2327,0.416,0.013,7100.7452,,,,,,,,
Rent subsidy,Food Fair,0.25,0.4,84041,21311,8932,3968,8411,0.419,0.0466,25862.0008,,,,,,,,
FRESH tax break,Food Fair,0.25,0.45,26283,6600,2749,1233,2619,0.416,0.0146,7993.1074,,,,,,,,
Rent subsidy,Food Fair,0.25,0.45,94546,24017,10078,4469,9470,0.42,0.0524,29157.6106,,,,,,,,
FRESH tax break,Food Fair,0.25,0.5,29204,7337,3057,1370,2910,0.417,0.0162,8886.5337,,,,,,,,
Rent subsidy,Food Fair,0.25,0.5,105051,26734,11231,4972,10531,0.42,0.0582,32467.3987,,,,,,,,
FRESH tax break,Food Fair,0.25,0.55,32124,8075,3365,1508,3202,0.417,0.0178,9781.0256,,,,,,,,
Rent subsidy,Food Fair,0.25,0.55,115556,29459,12390,5476,11594,0.421,0.0641,35791.4283,,,,,,,,
FRESH tax break,Food Fair,0.25,0.6,35045,8813,3674,1645,3494,0.417,0.0194,10676.5844,,,,,,,,
Rent subsidy,Food Fair,0.25,0.6,126061,32195,13556,5981,12658,0.421,0.0699,39129.7625,,,,,,,,
FRESH tax break,Food Fair,0.25,0.65,37965,9552,3984,1783,3786,0.417,0.021,11573.2115,,,,,,,,
Rent subsidy,Food Fair,0.25,0.65,136566,34940,14729,6487,13724,0.422,0.0757,42482.4647,,,,,,,,
FRESH tax break,Food Fair,0.25,0.7,40885,10292,4294,1921,4078,0.417,0.0227,12470.9082,,,,,,,,
Rent subsidy,Food Fair,0.25,0.7,147071,37695,15909,6994,14792,0.422,0.0815,45849.5984,,,,,,,,
FRESH tax break,Food Fair,0.25,0.75,43806,11033,4604,2059,4370,0.417,0.0243,13369.6758,,,,,,,,
Rent subsidy,Food Fair,0.25,0.75,157576,40460,17095,7503,15862,0.423,0.0873,49231.227,,,,,,,,
FRESH tax break,Food Fair,0.25,0.8,46726,11774,4915,2197,4663,0.417,0.0259,14269.5157,,,,,,,,
Rent subsidy,Food Fair,0.25,0.8,168082,43235,18289,8013,16933,0.423,0.0932,52627.4142,,,,,,,,
FRESH tax break,Food Fair,0.25,0.85,49647,12516,5226,2335,4955,0.418,0.0275,15170.4292,,,,,,,,
Rent subsidy,Food Fair,0.25,0.85,178587,46019,19489,8524,18006,0.423,0.099,56038.2236,,,,,,,,
FRESH tax break,Food Fair,0.25,0.9,52567,13259,5538,2473,5248,0.418,0.0291,16072.4177,,,,,,,,
Rent subsidy,Food Fair,0.25,0.9,189092,48814,20696,9037,19081,0.424,0.1048,59463.7191,,,,,,,,
FRESH tax break,Food Fair,0.25,0.95,55487,14002,5851,2611,5541,0.418,0.0308,16975.4825,,,,,,,,
Rent subsidy,Food Fair,0.25,0.95,199597,51618,21910,9550,20158,0.424,0.1106,62903.9645,,,,,,,,
FRESH tax break,Food Fair,0.25,1.0,58408,14747,6164,2749,5834,0.418,0.0324,17879.6249,,,,,,,,
Rent subsidy,Food Fair,0.25,1.0,210102,54433,23131,10065,21237,0.425,0.1165,66359.0236,,,,,,,,
FRESH tax break,Food Fair,0.5,0.0,0,0,0,0,0,,0.0,0.0,,,,,,,,
Rent subsidy,Food Fair,0.5,0.0,0,0,0,0,0,,0.0,0.0,,,,,,,,
FRESH tax break,Food Fair,0.5,0.05,2920,1462,607,273,581,0.416,0.0032,1768.8464,,,,,,,,
Rent subsidy,Food Fair,0.5,0.05,10505,5271,2194,985,2092,0.416,0.0116,6382.5639,,,,,,,,
FRESH tax break,Food Fair,0.5,0.1,5841,2926,1217,547,1162,0.416,0.0065,3541.9123,,,,,,,,
Rent subsidy,Food Fair,0.5,0.1,21010,10580,4414,1974,4192,0.417,0.0233,12820.0854,,,,,,,,
FRESH tax break,Food Fair,0.5,0.15,8761,4394,1828,821,1744,0.416,0.0097,5319.2083,,,,,,,,
Rent subsidy,Food Fair,0.5,0.15,31515,15926,6660,2969,6298,0.418,0.0349,19313.064,,,,,,,,
FRESH tax break,Food Fair,0.5,0.2,11682,5864,2441,1095,2327,0.416,0.013,7100.7452,,,,,,,,
Rent subsidy,Food Fair,0.5,0.2,42020,21311,8932,3968,8411,0.419,0.0466,25862.0008,,,,,,,,
FRESH tax break,Food Fair,0.5,0.25,14602,7337,3057,1370,2910,0.417,0.0162,8886.5337,,,,,,,,
Rent subsidy,Food Fair,0.5,0.25,52526,26734,11231,4972,10531,0.42,0.0582,32467.3987,,,,,,,,
FRESH tax break,Food Fair,0.5,0.3,17522,8813,3674,1645,3494,0.417,0.0194,10676.5844,,,,,,,,
Rent subsidy,Food Fair,0.5,0.3,63031,32195,13556,5981,12658,0.421,0.0699,39129.7625,,,,,,,,
FRESH tax break,Food Fair,0.5,0.35,20443,10292,4294,1921,4078,0.417,0.0227,12470.9082,,,,,,,,
Rent subsidy,Food Fair,0.5,0.35,73536,37695,15909,6994,14792,0.422,0.0815,45849.5984,,,,,,,,
FRESH tax break,Food Fair,0.5,0.4,23363,11774,4915,2197,4663,0.417,0.0259,14269.5157,,,,,,,,
Rent subsidy,Food Fair,0.5,0.4,84041,43235,18289,8013,16933,0.423,0.0932,52627.4142,,,,,,,,
FRESH tax break,Food Fair,0.5,0.45,26283,13259,5538,2473,5248,0.418,0.0291,16072.4177,,,,,,,,
Rent subsidy,Food Fair,0.5,0.45,94546,48814,20696,9037,19081,0.424,0.1048,59463.7191,,,,,,,,
FRESH tax break,Food Fair,0.5,0.5,29204,14747,6164,2749,5834,0.418,0.0324,17879.6249,,,,,,,,
Rent subsidy,Food Fair,0.5,0.5,105051,54433,23131,10065,21237,0.425,0.1165,66359.0236,,,,,,,,
FRESH tax break,Food Fair,0.5,0.55,32124,16237,6791,3026,6420,0.418,0.0356,19691.1482,,,,,,,,
Rent subsidy,Food Fair,0.5,0.55,115556,60091,25594,11099,23399,0.426,0.1281,73313.8396,,,,,,,,
FRESH tax break,Food Fair,0.5,0.6,35045,17731,7420,3304,7007,0.419,0.0389,21506.9983,,,,,,,,
Rent subsidy,Food Fair,0.5,0.6,126061,65791,28085,12137,25569,0.427,0.1398,80328.6797,,,,,,,,
FRESH tax break,Food Fair,0.5,0.65,37965,19228,8052,3581,7594,0.419,0.0421,23327.186,,,,,,,,
Rent subsidy,Food Fair,0.5,0.65,136566,71530,30604,13181,27745,0.428,0.1514,87404.0579,,,,,,,,
FRESH tax break,Food Fair,0.5,0.7,40885,20727,8685,3860,8182,0.419,0.0453,25151.7221,,,,,,,,
Rent subsidy,Food Fair,0.5,0.7,147071,77311,33152,14229,29929,0.429,0.163,94540.4888,,,,,,,,
FRESH tax break,Food Fair,0.5,0.75,43806,22230,9321,4138,8771,0.419,0.0486,26980.6175,,,,,,,,
Rent subsidy,Food Fair,0.5,0.75,157576,83133,35730,15283,32120,0.43,0.1747,101738.4881,,,,,,,,
FRESH tax break,Food Fair,0.5,0.8,46726,23735,9959,4417,9360,0.42,0.0518,28813.8829,,,,,,,,
Rent subsidy,Food Fair,0.5,0.8,168082,88996,38336,16342,34319,0.431,0.1863,108998.5717,,,,,,,,
FRESH tax break,Food Fair,0.5,0.85,49647,25244,10598,4696,9949,0.42,0.055,30651.5292,,,,,,,,
Rent subsidy,Food Fair,0.5,0.85,178587,94901,40972,17405,36524,0.432,0.198,116321.2564,,,,,,,,
FRESH tax break,Food Fair,0.5,0.9,52567,26755,11240,4976,10539,0.42,0.0583,32493.5672,,,,,,,,
Rent subsidy,Food Fair,0.5,0.9,189092,100848,43637,18474,38737,0.433,0.2096,123707.0592,,,,,,,,
FRESH tax break,Food Fair,0.5,0.95,55487,28270,11884,5256,11130,0.42,0.0615,34340.0079,,,,,,,,
Rent subsidy,Food Fair,0.5,0.95,199597,106838,46333,19548,40957,0.434,0.2213,131156.4976,,,,,,,,
FRESH tax break,Food Fair,0.5,1.0,58408,29787,12530,5536,11721,0.421,0.0648,36190.862,,,,,,,,
Rent subsidy,Food Fair,0.5,1.0,210102,112870,49059,20628,43184,0.435,0.2329,138670.0891,,,,,,,,
FRESH tax break,Food Fair,0.75,0.0,0,0,0,0,0,,0.0,0.0,,,,,,,,
Rent subsidy,Food Fair,0.75,0.0,0,0,0,0,0,,0.0,0.0,,,,,,,,
FRESH tax break,Food Fair,0.75,0.05,2920,2194,912,410,872,0.416,0.0049,2654.8512,,,,,,,,
Rent subsidy,Food Fair,0.75,0.05,10505,7921,3301,1479,3141,0.417,0.0175,9594.4238,,,,,,,,
FRESH tax break,Food Fair,0.75,0.1,5841,4394,1828,821,1744,0.416,0.0097,5319.2083,,,,,,,,
Rent subsidy,Food Fair,0.75,0.1,21010,15926,6660,2969,6298,0.418,0.0349,19313.064,,,,,,,,
FRESH tax break,Food Fair,0.75,0.15,8761,6600,2749,1233,2619,0.416,0.0146,7993.1074,,,,,,,,
Rent subsidy,Food Fair,0.75,0.15,31515,24017,10078,4469,9470,0.42,0.0524,29157.6106,,,,,,,,
FRESH tax break,Food Fair,0.75,0.2,11682,8813,3674,1645,3494,0.417,0.0194,10676.5844,,,,,,,,
Rent subsidy,Food Fair,0.75,0.2,42020,32195,13556,5981,12658,0.421,0.0699,39129.7625,,,,,,,,
FRESH tax break,Food Fair,0.75,0.25,14602,11033,4604,2059,4370,0.417,0.0243,13369.6758,,,,,,,,
Rent subsidy,Food Fair,0.75,0.25,52526,40460,17095,7503,15862,0.423,0.0873,49231.227,,,,,,,,
FRESH tax break,Food Fair,0.75,0.3,17522,13259,5538,2473,5248,0.418,0.0291,16072.4177,,,,,,,,
Rent subsidy,Food Fair,0.75,0.3,63031,48814,20696,9037,19081,0.424,0.1048,59463.7191,,,,,,,,
FRESH tax break,Food Fair,0.75,0.35,20443,15492,6477,2888,6127,0.418,0.034,18784.8464,,,,,,,,
Rent subsidy,Food Fair,0.75,0.35,73536,57257,24359,10581,22317,0.425,0.1223,69828.9606,,,,,,,,
FRESH tax break,Food Fair,0.75,0.4,23363,17731,7420,3304,7007,0.419,0.0389,21506.9983,,,,,,,,
Rent subsidy,Food Fair,0.75,0.4,84041,65791,28085,12137,25569,0.427,0.1398,80328.6797,,,,,,,,
FRESH tax break,Food Fair,0.75,0.45,26283,19977,8368,3720,7888,0.419,0.0437,24238.9098,,,,,,,,
Rent subsidy,Food Fair,0.75,0.45,94546,74415,31875,13704,28836,0.428,0.1572,90964.6096,,,,,,,,
FRESH tax break,Food Fair,0.75,0.5,29204,22230,9321,4138,8771,0.419,0.0486,26980.6175,,,,,,,,
Rent subsidy,Food Fair,0.75,0.5,105051,83133,35730,15283,32120,0.43,0.1747,101738.4881,,,,,,,,
FRESH tax break,Food Fair,0.75,0.55,32124,24489,10278,4556,9654,0.42,0.0534,29732.1577,,,,,,,,
Rent subsidy,Food Fair,0.75,0.55,115556,91943,39650,16873,35420,0.431,0.1922,112652.0566,,,,,,,,
FRESH tax break,Food Fair,0.75,0.6,35045,26755,11240,4976,10539,0.42,0.0583,32493.5672,,,,,,,,
Rent subsidy,Food Fair,0.75,0.6,126061,100848,43637,18474,38737,0.433,0.2096,123707.0592,,,,,,,,
FRESH tax break,Food Fair,0.75,0.65,37965,29028,12207,5396,11425,0.421,0.0631,35264.8825,,,,,,,,
Rent subsidy,Food Fair,0.75,0.65,136566,109849,47692,20087,42069,0.434,0.2271,134905.2419,,,,,,,,
FRESH tax break,Food Fair,0.75,0.7,40885,31307,13178,5817,12313,0.421,0.068,38046.1404,,,,,,,,
Rent subsidy,Food Fair,0.75,0.7,147071,118945,51815,21712,45419,0.436,0.2446,146248.3512,,,,,,,,
FRESH tax break,Food Fair,0.75,0.75,43806,33594,14154,6239,13201,0.421,0.0728,40837.3775,,,,,,,,
Rent subsidy,Food Fair,0.75,0.75,157576,128139,56007,23348,48784,0.437,0.262,157738.1337,,,,,,,,
FRESH tax break,Food Fair,0.75,0.8,46726,35887,15134,6661,14091,0.422,0.0777,43638.6306,,,,,,,,
Rent subsidy,Food Fair,0.75,0.8,168082,137432,60269,24996,52166,0.439,0.2795,169376.3347,,,,,,,,
FRESH tax break,Food Fair,0.75,0.85,49647,38186,16119,7085,14982,0.422,0.0826,46449.9365,,,,,,,,
Rent subsidy,Food Fair,0.75,0.85,178587,146823,64601,26656,55565,0.44,0.297,181164.6973,,,,,,,,
FRESH tax break,Food Fair,0.75,0.9,52567,40493,17109,7509,15874,0.423,0.0874,49271.3321,,,,,,,,
Rent subsidy,Food Fair,0.75,0.9,189092,156315,69005,28328,58981,0.441,0.3144,193104.9612,,,,,,,,
FRESH tax break,Food Fair,0.75,0.95,55487,42806,18104,7934,16768,0.423,0.0923,52102.8543,,,,,,,,
Rent subsidy,Food Fair,0.75,0.95,199597,165908,73482,30012,62413,0.443,0.3319,205198.8618,,,,,,,,
FRESH tax break,Food Fair,0.75,1.0,58408,45127,19104,8360,17663,0.423,0.0971,54944.5401,,,,,,,,
Rent subsidy,Food Fair,0.75,1.0,210102,175603,78032,31708,65863,0.444,0.3494,217448.129,,,,,,,,
30% contract at existing store,Food Fair,1.0,0.0,268510,0,0,0,0,,,,0.0,268509.71,268509.71,0.0,0.6167,12601486.6181,10415000.0,0.1115
30% contract at existing store,Food Fair,1.0,0.05,268510,126388,55953,23213,47221,0.443,,,0.0,268509.71,268509.71,0.0,0.6173,14767962.4577,10415000.0,0.1307
30% contract at existing store,Food Fair,1.0,0.1,320411,274595,127606,49049,97940,0.465,,,0.0,268509.71,268509.71,51901.6992,0.6179,17284348.2308,10415000.0,0.153
30% contract at existing store,Food Fair,1.0,0.15,560326,447841,217699,77760,152383,0.486,,,0.0,289847.5122,268509.71,291816.7842,0.6184,20134036.6655,10415000.0,0.1782
30% contract at existing store,Food Fair,1.0,0.2,863820,649020,328623,109609,210788,0.506,,,0.0,386735.2109,268509.71,595310.5995,0.6189,23263174.0512,10415000.0,0.2059
30% contract at existing store,Food Fair,1.0,0.25,1234510,880343,462068,144873,273403,0.525,,,0.0,483690.948,268509.71,965999.892,0.6192,26581885.7243,10415000.0,0.2353
30% contract at existing store,Food Fair,1.0,0.3,1671299,1143058,618735,183838,340484,0.541,,,0.0,580675.6256,268509.71,1402789.1124,0.6195,29976421.375,10415000.0,0.2653
30% contract at existing store,Food Fair,1.0,0.35,2168607,1437309,798212,226799,412298,0.555,,,0.0,677655.831,268509.71,1900097.6992,0.6197,33329671.3969,10415000.0,0.295
30% contract at existing store,Food Fair,1.0,0.4,2717833,1762215,999045,274052,489118,0.567,,,0.0,774605.2423,268509.71,2449323.597,0.6198,36542786.3713,10415000.0,0.3235
30% contract at existing store,Food Fair,1.0,0.45,3309457,2116116,1218996,325894,571226,0.576,,,0.0,871504.7751,268509.71,3040946.8979,0.6198,39549973.2826,10415000.0,0.3501
30% contract at existing store,Food Fair,1.0,0.5,3934964,2496910,1455383,382617,658911,0.583,,,0.0,968341.8723,268509.71,3666453.9941,0.6198,42322498.0235,10415000.0,0.3746
30% contract at existing store,Food Fair,1.0,0.55,4588026,2902380,1705414,444501,752465,0.588,,,0.0,1065109.3504,268509.71,4319516.766,0.6198,44863276.929,10415000.0,0.3971
30% contract at existing store,Food Fair,1.0,0.6,5264829,3330444,1966446,511813,852186,0.59,,,0.0,1161804.1238,268509.71,4996318.9792,0.6197,47196588.1998,10415000.0,0.4178
30% contract at existing store,Food Fair,1.0,0.65,5963768,3779309,2236140,584796,958373,0.592,,,0.0,1258426.0149,268509.71,5695258.4872,0.6196,49357407.6172,10415000.0,0.4369
30% contract at existing store,Food Fair,1.0,0.7,6684862,4247522,2512528,663667,1071327,0.592,,,0.0,1354976.756,268509.71,6416351.804,0.6195,51383045.7689,10415000.0,0.4548
30% contract at existing store,Food Fair,1.0,0.75,7429109,4733971,2794013,748611,1191347,0.59,,,0.0,1451459.2132,268509.71,7160599.1012,0.6194,53307848.7944,10415000.0,0.4719
30% contract at existing store,Food Fair,1.0,0.8,8197960,5237842,3079337,839776,1318729,0.588,,,0.0,1547876.8238,268509.71,7929450.0071,0.6192,55160558.7348,10415000.0,0.4883
30% contract at existing store,Food Fair,1.0,0.85,8992925,5758558,3367529,937266,1453763,0.585,,,0.0,1644233.2133,268509.71,8724415.6469,0.6191,56963523.6869,10415000.0,0.5042
30% contract at existing store,Food Fair,1.0,0.9,9815329,6295726,3657848,1041146,1596732,0.581,,,0.0,1740531.9552,268509.71,9546818.875,0.619,58732990.7429,10415000.0,0.5199
30% contract at existing store,Food Fair,1.0,0.95,10666164,6849078,3949739,1151429,1747909,0.577,,,0.0,1836776.4371,268509.71,10397653.8589,0.6188,60479920.8684,10415000.0,0.5353
30% contract at existing store,Food Fair,1.0,1.0,11546033,7418428,4242787,1268087,1907554,0.572,,,0.0,1932969.8027,268509.71,11277523.68,0.6186,62210975.8717,10415000.0,0.5507
FRESH tax break,Fine Fare,0.25,0.0,0,0,0,0,0,,0.0,0.0,,,,,,,,
Rent subsidy,Fine Fare,0.25,0.0,0,0,0,0,0,,0.0,0.0,,,,,,,,
FRESH tax break,Fine Fare,0.25,0.05,407,102,9,23,70,0.088,0.0008,47.02,,,,,,,,
Rent subsidy,Fine Fare,0.25,0.05,9215,2313,206,515,1592,0.089,0.0189,1066.4584,,,,,,,,
FRESH tax break,Fine Fare,0.25,0.1,814,204,18,45,140,0.088,0.0017,94.0475,,,,,,,,
Rent subsidy,Fine Fare,0.25,0.1,18430,4644,416,1035,3192,0.09,0.0377,2136.7537,,,,,,,,
FRESH tax break,Fine Fare,0.25,0.15,1221,305,27,68,210,0.088,0.0025,141.0825,,,,,,,,
Rent subsidy,Fine Fare,0.25,0.15,27645,6993,632,1559,4802,0.09,0.0566,3210.9045,,,,,,,,
FRESH tax break,Fine Fare,0.25,0.2,1628,407,36,91,281,0.088,0.0033,188.1249,,,,,,,,
Rent subsidy,Fine Fare,0.25,0.2,36860,9360,852,2088,6420,0.091,0.0755,4288.9295,,,,,,,,
FRESH tax break,Fine Fare,0.25,0.25,2035,509,45,113,351,0.088,0.0042,235.1747,,,,,,,,
Rent subsidy,Fine Fare,0.25,0.25,46075,11746,1077,2621,8048,0.092,0.0943,5370.8474,,,,,,,,
FRESH tax break,Fine Fare,0.25,0.3,2442,611,54,136,421,0.089,0.005,282.232,,,,,,,,
Rent subsidy,Fine Fare,0.25,0.3,55290,14151,1307,3159,9685,0.092,0.1132,6456.6772,,,,,,,,
FRESH tax break,Fine Fare,0.25,0.35,2849,713,63,159,491,0.089,0.0058,329.2968,,,,,,,,
Rent subsidy,Fine Fare,0.25,0.35,64505,16575,1543,3701,11331,0.093,0.1321,7546.4381,,,,,,,,
FRESH tax break,Fine Fare,0.25,0.4,3256,815,72,182,561,0.089,0.0067,376.369,,,,,,,,
Rent subsidy,Fine Fare,0.25,0.4,73720,19019,1784,4248,12987,0.094,0.1509,8640.1491,,,,,,,,
FRESH tax break,Fine Fare,0.25,0.45,3663,917,81,204,632,0.089,0.0075,423.4487,,,,,,,,
Rent subsidy,Fine Fare,0.25,0.45,82935,21481,2031,4799,14651,0.095,0.1698,9737.8296,,,,,,,,
FRESH tax break,Fine Fare,0.25,0.5,4070,1019,90,227,702,0.089,0.0083,470.5358,,,,,,,,
Rent subsidy,Fine Fare,0.25,0.5,92150,23964,2283,5356,16326,0.095,0.1887,10839.4991,,,,,,,,
FRESH tax break,Fine Fare,0.25,0.55,4477,1121,99,250,772,0.089,0.0092,517.6305,,,,,,,,
Rent subsidy,Fine Fare,0.25,0.55,101365,26466,2540,5917,18009,0.096,0.2075,11945.1772,,,,,,,,
FRESH tax break,Fine Fare,0.25,0.6,4884,1223,109,273,842,0.089,0.01,564.7325,,,,,,,,
Rent subsidy,Fine Fare,0.25,0.6,110580,28989,2804,6482,19702,0.097,0.2264,13054.8837,,,,,,,,
FRESH tax break,Fine Fare,0.25,0.65,5291,1326,118,295,913,0.089,0.0108,611.8421,,,,,,,,
Rent subsidy,Fine Fare,0.25,0.65,119795,31531,3074,7053,21405,0.097,0.2453,14168.6383,,,,,,,,
FRESH tax break,Fine Fare,0.25,0.7,5698,1428,127,318,983,0.089,0.0117,658.9591,,,,,,,,
Rent subsidy,Fine Fare,0.25,0.7,129010,34095,3349,7628,23117,0.098,0.2641,15286.4612,,,,,,,,
FRESH tax break,Fine Fare,0.25,0.75,6105,1530,136,341,1053,0.089,0.0125,706.0836,,,,,,,,
Rent subsidy,Fine Fare,0.25,0.75,138225,36679,3632,8208,24839,0.099,0.283,16408.3725,,,,,,,,
FRESH tax break,Fine Fare,0.25,0.8,6512,1632,145,364,1124,0.089,0.0133,753.2155,,,,,,,,
Rent subsidy,Fine Fare,0.25,0.8,147440,39284,3920,8793,26571,0.1,0.3019,17534.3924,,,,,,,,
FRESH tax break,Fine Fare,0.25,0.85,6919,1735,154,387,1194,0.089,0.0142,800.355,,,,,,,,
Rent subsidy,Fine Fare,0.25,0.85,156655,41910,4215,9383,28312,0.101,0.3207,18664.5414,,,,,,,,
FRESH tax break,Fine Fare,0.25,0.9,7326,1837,163,409,1264,0.089,0.015,847.5019,,,,,,,,
Rent subsidy,Fine Fare,0.25,0.9,165870,44558,4517,9978,30063,0.101,0.3396,19798.8401,,,,,,,,
FRESH tax break,Fine Fare,0.25,0.95,7733,1939,172,432,1335,0.089,0.0158,894.6562,,,,,,,,
Rent subsidy,Fine Fare,0.25,0.95,175085,47228,4825,10578,31824,0.102,0.3585,20937.3092,,,,,,,,
FRESH tax break,Fine Fare,0.25,1.0,8140,2042,182,455,1405,0.089,0.0167,941.8181,,,,,,,,
Rent subsidy,Fine Fare,0.25,1.0,184300,49919,5141,11184,33595,0.103,0.3773,22079.9696,,,,,,,,
FRESH tax break,Fine Fare,0.5,0.0,0,0,0,0,0,,0.0,0.0,,,,,,,,
Rent subsidy,Fine Fare,0.5,0.0,0,0,0,0,0,,0.0,0.0,,,,,,,,
FRESH tax break,Fine Fare,0.5,0.05,407,204,18,45,140,0.088,0.0017,94.0475,,,,,,,,
Rent subsidy,Fine Fare,0.5,0.05,9215,4644,416,1035,3192,0.09,0.0377,2136.7537,,,,,,,,
FRESH tax break,Fine Fare,0.5,0.1,814,407,36,91,281,0.088,0.0033,188.1249,,,,,,,,
Rent subsidy,Fine Fare,0.5,0.1,18430,9360,852,2088,6420,0.091,0.0755,4288.9295,,,,,,,,
FRESH tax break,Fine Fare,0.5,0.15,1221,611,54,136,421,0.089,0.005,282.232,,,,,,,,
Rent subsidy,Fine Fare,0.5,0.15,27645,14151,1307,3159,9685,0.092,0.1132,6456.6772,,,,,,,,
FRESH tax break,Fine Fare,0.5,0.2,1628,815,72,182,561,0.089,0.0067,376.369,,,,,,,,
Rent subsidy,Fine Fare,0.5,0.2,36860,19019,1784,4248,12987,0.094,0.1509,8640.1491,,,,,,,,
FRESH tax break,Fine Fare,0.5,0.25,2035,1019,90,227,702,0.089,0.0083,470.5358,,,,,,,,
Rent subsidy,Fine Fare,0.5,0.25,46075,23964,2283,5356,16326,0.095,0.1887,10839.4991,,,,,,,,
FRESH tax break,Fine Fare,0.5,0.3,2442,1223,109,273,842,0.089,0.01,564.7325,,,,,,,,
Rent subsidy,Fine Fare,0.5,0.3,55290,28989,2804,6482,19702,0.097,0.2264,13054.8837,,,,,,,,
FRESH tax break,Fine Fare,0.5,0.35,2849,1428,127,318,983,0.089,0.0117,658.9591,,,,,,,,
Rent subsidy,Fine Fare,0.5,0.35,64505,34095,3349,7628,23117,0.098,0.2641,15286.4612,,,,,,,,
FRESH tax break,Fine Fare,0.5,0.4,3256,1632,145,364,1124,0.089,0.0133,753.2155,,,,,,,,
Rent subsidy,Fine Fare,0.5,0.4,73720,39284,3920,8793,26571,0.1,0.3019,17534.3924,,,,,,,,
FRESH tax break,Fine Fare,0.5,0.45,3663,1837,163,409,1264,0.089,0.015,847.5019,,,,,,,,
Rent subsidy,Fine Fare,0.5,0.45,82935,44558,4517,9978,30063,0.101,0.3396,19798.8401,,,,,,,,
FRESH tax break,Fine Fare,0.5,0.5,4070,2042,182,455,1405,0.089,0.0167,941.8181,,,,,,,,
Rent subsidy,Fine Fare,0.5,0.5,92150,49919,5141,11184,33595,0.103,0.3773,22079.9696,,,,,,,,
FRESH tax break,Fine Fare,0.5,0.55,4477,2247,200,501,1546,0.089,0.0183,1036.1643,,,,,,,,
Rent subsidy,Fine Fare,0.5,0.55,101365,55369,5793,12409,37167,0.105,0.4151,24377.9484,,,,,,,,
FRESH tax break,Fine Fare,0.5,0.6,4884,2452,218,546,1687,0.089,0.02,1130.5404,,,,,,,,
Rent subsidy,Fine Fare,0.5,0.6,110580,60911,6476,13656,40779,0.106,0.4528,26692.9464,,,,,,,,
FRESH tax break,Fine Fare,0.5,0.65,5291,2657,237,592,1828,0.089,0.0217,1224.9464,,,,,,,,
Rent subsidy,Fine Fare,0.5,0.65,119795,66545,7190,14923,44431,0.108,0.4905,29025.136,,,,,,,,
FRESH tax break,Fine Fare,0.5,0.7,5698,2863,255,638,1969,0.089,0.0233,1319.3824,,,,,,,,
Rent subsidy,Fine Fare,0.5,0.7,129010,72274,7937,16212,48125,0.11,0.5283,31374.6918,,,,,,,,
FRESH tax break,Fine Fare,0.5,0.75,6105,3068,274,684,2111,0.089,0.025,1413.8484,,,,,,,,
Rent subsidy,Fine Fare,0.5,0.75,138225,78101,8717,17523,51860,0.112,0.566,33741.7911,,,,,,,,
FRESH tax break,Fine Fare,0.5,0.8,6512,3274,292,730,2252,0.089,0.0267,1508.3443,,,,,,,,
Rent subsidy,Fine Fare,0.5,0.8,147440,84028,9534,18857,55637,0.113,0.6037,36126.6136,,,,,,,,
FRESH tax break,Fine Fare,0.5,0.85,6919,3480,311,776,2393,0.089,0.0283,1602.8703,,,,,,,,
Rent subsidy,Fine Fare,0.5,0.85,156655,90057,10387,20212,59457,0.115,0.6415,38529.3418,,,,,,,,
FRESH tax break,Fine Fare,0.5,0.9,7326,3686,329,822,2535,0.089,0.03,1697.4262,,,,,,,,
Rent subsidy,Fine Fare,0.5,0.9,165870,96190,11280,21591,63320,0.117,0.6792,40950.1605,,,,,,,,
FRESH tax break,Fine Fare,0.5,0.95,7733,3892,348,867,2676,0.089,0.0317,1792.0122,,,,,,,,
Rent subsidy,Fine Fare,0.5,0.95,175085,102431,12213,22993,67226,0.119,0.7169,43389.2573,,,,,,,,
FRESH tax break,Fine Fare,0.5,1.0,8140,4098,367,913,2818,0.09,0.0333,1886.6282,,,,,,,,
Rent subsidy,Fine Fare,0.5,1.0,184300,108782,13188,24418,71175,0.121,0.7547,45846.8225,,,,,,,,
FRESH tax break,Fine Fare,0.75,0.0,0,0,0,0,0,,0.0,0.0,,,,,,,,
Rent subsidy,Fine Fare,0.75,0.0,0,0,0,0,0,,0.0,0.0,,,,,,,,
FRESH tax break,Fine Fare,0.75,0.05,407,305,27,68,210,0.088,0.0025,141.0825,,,,,,,,
Rent subsidy,Fine Fare,0.75,0.05,9215,6993,632,1559,4802,0.09,0.0566,3210.9045,,,,,,,,
FRESH tax break,Fine Fare,0.75,0.1,814,611,54,136,421,0.089,0.005,282.232,,,,,,,,
Rent subsidy,Fine Fare,0.75,0.1,18430,14151,1307,3159,9685,0.092,0.1132,6456.6772,,,,,,,,
FRESH tax break,Fine Fare,0.75,0.15,1221,917,81,204,632,0.089,0.0075,423.4487,,,,,,,,
Rent subsidy,Fine Fare,0.75,0.15,27645,21481,2031,4799,14651,0.095,0.1698,9737.8296,,,,,,,,
FRESH tax break,Fine Fare,0.75,0.2,1628,1223,109,273,842,0.089,0.01,564.7325,,,,,,,,
Rent subsidy,Fine Fare,0.75,0.2,36860,28989,2804,6482,19702,0.097,0.2264,13054.8837,,,,,,,,
FRESH tax break,Fine Fare,0.75,0.25,2035,1530,136,341,1053,0.089,0.0125,706.0836,,,,,,,,
Rent subsidy,Fine Fare,0.75,0.25,46075,36679,3632,8208,24839,0.099,0.283,16408.3725,,,,,,,,
FRESH tax break,Fine Fare,0.75,0.3,2442,1837,163,409,1264,0.089,0.015,847.5019,,,,,,,,
Rent subsidy,Fine Fare,0.75,0.3,55290,44558,4517,9978,30063,0.101,0.3396,19798.8401,,,,,,,,
FRESH tax break,Fine Fare,0.75,0.35,2849,2144,191,478,1476,0.089,0.0175,988.9874,,,,,,,,
Rent subsidy,Fine Fare,0.75,0.35,64505,52633,5463,11794,35376,0.104,0.3962,23226.8423,,,,,,,,
FRESH tax break,Fine Fare,0.75,0.4,3256,2452,218,546,1687,0.089,0.02,1130.5404,,,,,,,,
Rent subsidy,Fine Fare,0.75,0.4,73720,60911,6476,13656,40779,0.106,0.4528,26692.9464,,,,,,,,
FRESH tax break,Fine Fare,0.75,0.45,3663,2760,246,615,1899,0.089,0.0225,1272.1607,,,,,,,,
Rent subsidy,Fine Fare,0.75,0.45,82935,69397,7559,15565,46273,0.109,0.5094,30197.7321,,,,,,,,
FRESH tax break,Fine Fare,0.75,0.5,4070,3068,274,684,2111,0.089,0.025,1413.8484,,,,,,,,
Rent subsidy,Fine Fare,0.75,0.5,92150,78101,8717,17523,51860,0.112,0.566,33741.7911,,,,,,,,
FRESH tax break,Fine Fare,0.75,0.55,4477,3377,302,753,2323,0.089,0.0275,1555.6035,,,,,,,,
Rent subsidy,Fine Fare,0.75,0.55,101365,87029,9956,19532,57542,0.114,0.6226,37325.728,,,,,,,,
FRESH tax break,Fine Fare,0.75,0.6,4884,3686,329,822,2535,0.089,0.03,1697.4262,,,,,,,,
Rent subsidy,Fine Fare,0.75,0.6,110580,96190,11280,21591,63320,0.117,0.6792,40950.1605,,,,,,,,
FRESH tax break,Fine Fare,0.75,0.65,5291,3995,357,890,2747,0.089,0.0325,1839.3165,,,,,,,,
Rent subsidy,Fine Fare,0.75,0.65,119795,105593,12695,23703,69195,0.12,0.7358,44615.7194,,,,,,,,
FRESH tax break,Fine Fare,0.75,0.7,5698,4304,386,959,2959,0.09,0.035,1981.2743,,,,,,,,
Rent subsidy,Fine Fare,0.75,0.7,129010,115245,14208,25868,75169,0.123,0.7924,48323.0493,,,,,,,,
FRESH tax break,Fine Fare,0.75,0.75,6105,4614,414,1029,3172,0.09,0.0375,2123.2998,,,,,,,,
Rent subsidy,Fine Fare,0.75,0.75,138225,125158,15826,28088,81244,0.126,0.849,52072.8087,,,,,,,,
FRESH tax break,Fine Fare,0.75,0.8,6512,4924,442,1098,3385,0.09,0.04,2265.3929,,,,,,,,
Rent subsidy,Fine Fare,0.75,0.8,147440,135340,17554,30365,87421,0.13,0.9056,55865.6707,,,,,,,,
FRESH tax break,Fine Fare,0.75,0.85,6919,5235,470,1167,3597,0.09,0.0425,2407.5538,,,,,,,,
Rent subsidy,Fine Fare,0.75,0.85,156655,145802,19402,32699,93702,0.133,0.9622,59702.3229,,,,,,,,
FRESH tax break,Fine Fare,0.75,0.9,7326,5546,499,1236,3811,0.09,0.045,2549.7824,,,,,,,,
Rent subsidy,Fine Fare,0.75,0.9,165870,156556,21375,35092,100089,0.137,1.0188,63583.4679,,,,,,,,
FRESH tax break,Fine Fare,0.75,0.95,7733,5857,527,1306,4024,0.09,0.0475,2692.0789,,,,,,,,
Rent subsidy,Fine Fare,0.75,0.95,175085,167611,23484,37545,106582,0.14,1.0754,67509.8241,,,,,,,,
FRESH tax break,Fine Fare,0.75,1.0,8140,6168,556,1375,4237,0.09,0.05,2834.4432,,,,,,,,
Rent subsidy,Fine Fare,0.75,1.0,184300,178981,25736,40060,113185,0.144,1.132,71482.1253,,,,,,,,
30% contract at existing store,Fine Fare,1.0,0.0,192440,0,0,0,0,,,,0.0,192439.72,192439.72,0.0,0.6111,3702286.7987,8012000.0,0.0328
30% contract at existing store,Fine Fare,1.0,0.05,192440,36010,3648,8202,24159,0.101,,,0.0,192439.72,192439.72,0.0,0.6115,4164067.2675,8012000.0,0.0369
30% contract at existing store,Fine Fare,1.0,0.1,192440,76657,8764,17509,50383,0.114,,,0.0,192439.72,192439.72,0.0,0.6121,4710126.7052,8012000.0,0.0417
30% contract at existing store,Fine Fare,1.0,0.15,192440,122826,15925,28064,78838,0.13,,,0.0,220874.4606,192439.72,0.0,0.6126,5363061.9233,8012000.0,0.0475
30% contract at existing store,Fine Fare,1.0,0.2,226371,175645,25920,40024,109701,0.148,,,0.0,294803.4103,192439.72,33930.9023,0.6133,6152172.4718,8012000.0,0.0545
30% contract at existing store,Fine Fare,1.0,0.25,327606,236550,39822,53564,143164,0.168,,,0.0,368919.3183,192439.72,135165.8984,0.6139,7114770.3153,8012000.0,0.063
30% contract at existing store,Fine Fare,1.0,0.3,459000,307369,59060,68879,179430,0.192,,,0.0,443234.5628,192439.72,266559.9045,0.6147,8296972.5287,8012000.0,0.0734
30% contract at existing store,Fine Fare,1.0,0.35,630266,390402,85504,86183,218715,0.219,,,0.0,517750.1656,192439.72,437825.9649,0.6154,9753137.7167,8012000.0,0.0863
30% contract at existing store,Fine Fare,1.0,0.4,853529,488484,121526,105709,261249,0.249,,,0.0,592452.6473,192439.72,661089.7186,0.6162,11542657.2794,8012000.0,0.1022
30% contract at existing store,Fine Fare,1.0,0.45,1142941,605002,170013,127713,307276,0.281,,,0.0,667313.153,192439.72,950500.8925,0.617,13722553.1161,8012000.0,0.1215
30% contract at existing store,Fine Fare,1.0,0.5,1513377,743821,234294,152473,357054,0.315,,,0.0,742289.6605,192439.72,1320937.519,0.6176,16334834.0738,8012000.0,0.1446
30% contract at existing store,Fine Fare,1.0,0.55,1977998,909062,317921,180286,410855,0.35,,,0.0,817332.0602,192439.72,1785558.3907,0.6183,19389574.4889,8012000.0,0.1716
30% contract at existing store,Fine Fare,1.0,0.6,2544887,1104722,424286,211471,468964,0.384,,,0.0,892388.7934,192439.72,2352446.7841,0.6188,22848371.4966,8012000.0,0.2022
30% contract at existing store,Fine Fare,1.0,0.65,3213824,1334177,556127,246367,531684,0.417,,,0.0,967413.1876,192439.72,3021383.8395,0.6192,26616501.2937,8012000.0,0.2356
30% contract at existing store,Fine Fare,1.0,0.7,3974825,1599677,715026,285325,599326,0.447,,,0.0,1042367.9362,192439.72,3782385.0824,0.6195,30551876.3683,8012000.0,0.2704
30% contract at existing store,Fine Fare,1.0,0.75,4809702,1902018,901084,328715,672219,0.474,,,0.0,1117227.0667,192439.72,4617262.6512,0.6198,34491945.7709,8012000.0,0.3053
30% contract at existing store,Fine Fare,1.0,0.8,5696411,2240515,1112903,376911,750702,0.497,,,0.0,1191975.6622,192439.72,5503971.524,0.6199,38289076.1413,8012000.0,0.3389
30% contract at existing store,Fine Fare,1.0,0.85,6614321,2613288,1347871,430292,835126,0.516,,,0.0,1266608.1182,192439.72,6421881.619,0.62,41839256.9927,8012000.0,0.3703
30% contract at existing store,Fine Fare,1.0,0.9,7548186,3017737,1602652,489234,925851,0.531,,,0.0,1341125.7754,192439.72,7355746.2427,0.62,45093508.037,8012000.0,0.3991
30% contract at existing store,Fine Fare,1.0,0.95,8489646,3451043,1873694,554102,1023247,0.543,,,0.0,1415534.5539,192439.72,8297206.2979,0.6199,48051842.8231,8012000.0,0.4253
30% contract at existing store,Fine Fare,1.0,1.0,9436546,3910557,2157622,625244,1127691,0.552,,,0.0,1489842.9454,192439.72,9244106.6109,0.6198,50747368.6636,8012000.0,0.4492
FRESH tax break,Food Universe,0.25,0.0,0,0,0,0,0,,0.0,0.0,,,,,,,,
Rent subsidy,Food Universe,0.25,0.0,0,0,0,0,0,,0.0,0.0,,,,,,,,
FRESH tax break,Food Universe,0.25,0.05,3048,763,170,170,422,0.223,0.0037,710.0889,,,,,,,,
Rent subsidy,Food Universe,0.25,0.05,9384,2353,527,524,1301,0.224,0.0114,2190.0374,,,,,,,,
FRESH tax break,Food Universe,0.25,0.1,6096,1527,342,340,845,0.224,0.0074,1421.4464,,,,,,,,
Rent subsidy,Food Universe,0.25,0.1,18767,4720,1061,1051,2607,0.225,0.0228,4392.1592,,,,,,,,
FRESH tax break,Food Universe,0.25,0.15,9144,2293,513,511,1268,0.224,0.0111,2134.0757,,,,,,,,
Rent subsidy,Food Universe,0.25,0.15,28151,7100,1602,1581,3917,0.226,0.0341,6606.4572,,,,,,,,
FRESH tax break,Food Universe,0.25,0.2,12192,3060,686,682,1692,0.224,0.0148,2847.9799,,,,,,,,
Rent subsidy,Food Universe,0.25,0.2,37534,9495,2150,2113,5232,0.226,0.0455,8833.0243,,,,,,,,
FRESH tax break,Food Universe,0.25,0.25,15241,3828,859,853,2116,0.225,0.0185,3563.1621,,,,,,,,
Rent subsidy,Food Universe,0.25,0.25,46918,11905,2706,2648,6551,0.227,0.0569,11071.9539,,,,,,,,
FRESH tax break,Food Universe,0.25,0.3,18289,4599,1034,1024,2541,0.225,0.0222,4279.6254,,,,,,,,
Rent subsidy,Food Universe,0.25,0.3,56301,14328,3268,3186,7874,0.228,0.0683,13323.3405,,,,,,,,
FRESH tax break,Food Universe,0.25,0.35,21337,5370,1208,1196,2966,0.225,0.0259,4997.3731,,,,,,,,
Rent subsidy,Food Universe,0.25,0.35,65684,16767,3839,3726,9202,0.229,0.0797,15587.2793,,,,,,,,
FRESH tax break,Food Universe,0.25,0.4,24385,6143,1384,1368,3391,0.225,0.0296,5716.4084,,,,,,,,
Rent subsidy,Food Universe,0.25,0.4,75068,19220,4416,4269,10534,0.23,0.0911,17863.8663,,,,,,,,
FRESH tax break,Food Universe,0.25,0.45,27433,6918,1560,1540,3817,0.226,0.0333,6436.7343,,,,,,,,
Rent subsidy,Food Universe,0.25,0.45,84452,21687,5002,4814,11871,0.231,0.1024,20153.1986,,,,,,,,
FRESH tax break,Food Universe,0.25,0.5,30481,7694,1738,1713,4244,0.226,0.037,7158.354,,,,,,,,
Rent subsidy,Food Universe,0.25,0.5,93835,24170,5595,5363,13212,0.231,0.1138,22455.3738,,,,,,,,
FRESH tax break,Food Universe,0.25,0.55,33529,8472,1915,1886,4670,0.226,0.0407,7881.2709,,,,,,,,
Rent subsidy,Food Universe,0.25,0.55,103219,26667,6196,5914,14558,0.232,0.1252,24770.4905,,,,,,,,
FRESH tax break,Food Universe,0.25,0.6,36577,9251,2094,2059,5098,0.226,0.0444,8605.488,,,,,,,,
Rent subsidy,Food Universe,0.25,0.6,112602,29180,6804,6468,15908,0.233,0.1366,27098.6484,,,,,,,,
FRESH tax break,Food Universe,0.25,0.65,39626,10031,2273,2232,5526,0.227,0.0481,9331.0086,,,,,,,,
Rent subsidy,Food Universe,0.25,0.65,121986,31708,7421,7024,17263,0.234,0.148,29439.9476,,,,,,,,
FRESH tax break,Food Universe,0.25,0.7,42674,10813,2454,2406,5954,0.227,0.0518,10057.8359,,,,,,,,
Rent subsidy,Food Universe,0.25,0.7,131369,34251,8046,7584,18622,0.235,0.1593,31794.4895,,,,,,,,
FRESH tax break,Food Universe,0.25,0.75,45722,11597,2635,2580,6383,0.227,0.0555,10785.9731,,,,,,,,
Rent subsidy,Food Universe,0.25,0.75,140752,36810,8679,8146,19985,0.236,0.1707,34162.3762,,,,,,,,
FRESH tax break,Food Universe,0.25,0.8,48770,12382,2816,2754,6812,0.227,0.0592,11515.4235,,,,,,,,
Rent subsidy,Food Universe,0.25,0.8,150136,39385,9320,8711,21354,0.237,0.1821,36543.7106,,,,,,,,
FRESH tax break,Food Universe,0.25,0.85,51818,13169,2999,2928,7242,0.228,0.0629,12246.1904,,,,,,,,
Rent subsidy,Food Universe,0.25,0.85,159520,41975,9970,9279,22726,0.238,0.1935,38938.5968,,,,,,,,
FRESH tax break,Food Universe,0.25,0.9,54866,13957,3182,3103,7672,0.228,0.0666,12978.2769,,,,,,,,
Rent subsidy,Food Universe,0.25,0.9,168903,44581,10628,9849,24104,0.238,0.2049,41347.1394,,,,,,,,
FRESH tax break,Food Universe,0.25,0.95,57914,14747,3366,3278,8102,0.228,0.0702,13711.6864,,,,,,,,
Rent subsidy,Food Universe,0.25,0.95,178286,47204,11295,10423,25486,0.239,0.2163,43769.4443,,,,,,,,
FRESH tax break,Food Universe,0.25,1.0,60962,15538,3551,3454,8533,0.229,0.0739,14446.4221,,,,,,,,
Rent subsidy,Food Universe,0.25,1.0,187670,49842,11971,10999,26872,0.24,0.2276,46205.6179,,,,,,,,
FRESH tax break,Food Universe,0.5,0.0,0,0,0,0,0,,0.0,0.0,,,,,,,,
Rent subsidy,Food Universe,0.5,0.0,0,0,0,0,0,,0.0,0.0,,,,,,,,
FRESH tax break,Food Universe,0.5,0.05,3048,1527,342,340,845,0.224,0.0074,1421.4464,,,,,,,,
Rent subsidy,Food Universe,0.5,0.05,9384,4720,1061,1051,2607,0.225,0.0228,4392.1592,,,,,,,,
FRESH tax break,Food Universe,0.5,0.1,6096,3060,686,682,1692,0.224,0.0148,2847.9799,,,,,,,,
Rent subsidy,Food Universe,0.5,0.1,18767,9495,2150,2113,5232,0.226,0.0455,8833.0243,,,,,,,,
FRESH tax break,Food Universe,0.5,0.15,9144,4599,1034,1024,2541,0.225,0.0222,4279.6254,,,,,,,,
Rent subsidy,Food Universe,0.5,0.15,28151,14328,3268,3186,7874,0.228,0.0683,13323.3405,,,,,,,,
FRESH tax break,Food Universe,0.5,0.2,12192,6143,1384,1368,3391,0.225,0.0296,5716.4084,,,,,,,,
Rent subsidy,Food Universe,0.5,0.2,37534,19220,4416,4269,10534,0.23,0.0911,17863.8663,,,,,,,,
FRESH tax break,Food Universe,0.5,0.25,15241,7694,1738,1713,4244,0.226,0.037,7158.354,,,,,,,,
Rent subsidy,Food Universe,0.5,0.25,46918,24170,5595,5363,13212,0.231,0.1138,22455.3738,,,,,,,,
FRESH tax break,Food Universe,0.5,0.3,18289,9251,2094,2059,5098,0.226,0.0444,8605.488,,,,,,,,
Rent subsidy,Food Universe,0.5,0.3,56301,29180,6804,6468,15908,0.233,0.1366,27098.6484,,,,,,,,
FRESH tax break,Food Universe,0.5,0.35,21337,10813,2454,2406,5954,0.227,0.0518,10057.8359,,,,,,,,
Rent subsidy,Food Universe,0.5,0.35,65684,34251,8046,7584,18622,0.235,0.1593,31794.4895,,,,,,,,
FRESH tax break,Food Universe,0.5,0.4,24385,12382,2816,2754,6812,0.227,0.0592,11515.4235,,,,,,,,
Rent subsidy,Food Universe,0.5,0.4,75068,39385,9320,8711,21354,0.237,0.1821,36543.7106,,,,,,,,
FRESH tax break,Food Universe,0.5,0.45,27433,13957,3182,3103,7672,0.228,0.0666,12978.2769,,,,,,,,
Rent subsidy,Food Universe,0.5,0.45,84452,44581,10628,9849,24104,0.238,0.2049,41347.1394,,,,,,,,
FRESH tax break,Food Universe,0.5,0.5,30481,15538,3551,3454,8533,0.229,0.0739,14446.4221,,,,,,,,
Rent subsidy,Food Universe,0.5,0.5,93835,49842,11971,10999,26872,0.24,0.2276,46205.6179,,,,,,,,
FRESH tax break,Food Universe,0.5,0.55,33529,17125,3923,3805,9397,0.229,0.0813,15919.8855,,,,,,,,
Rent subsidy,Food Universe,0.5,0.55,103219,55168,13349,12160,29659,0.242,0.2504,51120.0027,,,,,,,,
FRESH tax break,Food Universe,0.5,0.6,36577,18718,4298,4158,10262,0.23,0.0887,17398.6933,,,,,,,,
Rent subsidy,Food Universe,0.5,0.6,112602,60560,14763,13333,32465,0.244,0.2732,56091.1651,,,,,,,,
FRESH tax break,Food Universe,0.5,0.65,39626,20318,4676,4512,11130,0.23,0.0961,18882.8723,,,,,,,,
Rent subsidy,Food Universe,0.5,0.65,121986,66020,16214,14517,35289,0.246,0.2959,61119.9916,,,,,,,,
FRESH tax break,Food Universe,0.5,0.7,42674,21924,5058,4867,11999,0.231,0.1035,20372.4491,,,,,,,,
Rent subsidy,Food Universe,0.5,0.7,131369,71548,17703,15713,38132,0.247,0.3187,66207.3835,,,,,,,,
FRESH tax break,Food Universe,0.5,0.75,45722,23536,5443,5223,12870,0.231,0.1109,21867.4506,,,,,,,,
Rent subsidy,Food Universe,0.5,0.75,140752,77146,19231,16921,40995,0.249,0.3415,71354.2575,,,,,,,,
FRESH tax break,Food Universe,0.5,0.8,48770,25154,5831,5580,13743,0.232,0.1183,23367.9038,,,,,,,,
Rent subsidy,Food Universe,0.5,0.8,150136,82815,20798,18141,43876,0.251,0.3642,76561.546,,,,,,,,
FRESH tax break,Food Universe,0.5,0.85,51818,26779,6223,5939,14618,0.232,0.1257,24873.8359,,,,,,,,
Rent subsidy,Food Universe,0.5,0.85,159520,88556,22407,19373,46776,0.253,0.387,81830.1966,,,,,,,,
FRESH tax break,Food Universe,0.5,0.9,54866,28410,6617,6298,15495,0.233,0.1331,26385.2743,,,,,,,,
Rent subsidy,Food Universe,0.5,0.9,168903,94371,24058,20618,49696,0.255,0.4097,87161.173,,,,,,,,
FRESH tax break,Food Universe,0.5,0.95,57914,30048,7016,6659,16373,0.233,0.1405,27902.2463,,,,,,,,
Rent subsidy,Food Universe,0.5,0.95,178286,100260,25751,21874,52635,0.257,0.4325,92555.4547,,,,,,,,
FRESH tax break,Food Universe,0.5,1.0,60962,31692,7417,7021,17254,0.234,0.1479,29424.7798,,,,,,,,
Rent subsidy,Food Universe,0.5,1.0,187670,106225,27488,23143,55594,0.259,0.4553,98014.0374,,,,,,,,
FRESH tax break,Food Universe,0.75,0.0,0,0,0,0,0,,0.0,0.0,,,,,,,,
Rent subsidy,Food Universe,0.75,0.0,0,0,0,0,0,,0.0,0.0,,,,,,,,
FRESH tax break,Food Universe,0.75,0.05,3048,2293,513,511,1268,0.224,0.0111,2134.0757,,,,,,,,
Rent subsidy,Food Universe,0.75,0.05,9384,7100,1602,1581,3917,0.226,0.0341,6606.4572,,,,,,,,
FRESH tax break,Food Universe,0.75,0.1,6096,4599,1034,1024,2541,0.225,0.0222,4279.6254,,,,,,,,
Rent subsidy,Food Universe,0.75,0.1,18767,14328,3268,3186,7874,0.228,0.0683,13323.3405,,,,,,,,
FRESH tax break,Food Universe,0.75,0.15,9144,6918,1560,1540,3817,0.226,0.0333,6436.7343,,,,,,,,
Rent subsidy,Food Universe,0.75,0.15,28151,21687,5002,4814,11871,0.231,0.1024,20153.1986,,,,,,,,
FRESH tax break,Food Universe,0.75,0.2,12192,9251,2094,2059,5098,0.226,0.0444,8605.488,,,,,,,,
Rent subsidy,Food Universe,0.75,0.2,37534,29180,6804,6468,15908,0.233,0.1366,27098.6484,,,,,,,,
FRESH tax break,Food Universe,0.75,0.25,15241,11597,2635,2580,6383,0.227,0.0555,10785.9731,,,,,,,,
Rent subsidy,Food Universe,0.75,0.25,46918,36810,8679,8146,19985,0.236,0.1707,34162.3762,,,,,,,,
FRESH tax break,Food Universe,0.75,0.3,18289,13957,3182,3103,7672,0.228,0.0666,12978.2769,,,,,,,,
Rent subsidy,Food Universe,0.75,0.3,56301,44581,10628,9849,24104,0.238,0.2049,41347.1394,,,,,,,,
FRESH tax break,Food Universe,0.75,0.35,21337,16331,3736,3629,8965,0.229,0.0776,15182.4874,,,,,,,,
Rent subsidy,Food Universe,0.75,0.35,65684,52497,12655,11578,28264,0.241,0.239,48655.7679,,,,,,,,
FRESH tax break,Food Universe,0.75,0.4,24385,18718,4298,4158,10262,0.23,0.0887,17398.6933,,,,,,,,
Rent subsidy,Food Universe,0.75,0.4,75068,60560,14763,13333,32465,0.244,0.2732,56091.1651,,,,,,,,
FRESH tax break,Food Universe,0.75,0.45,27433,21120,4867,4689,11564,0.23,0.0998,19626.9843,,,,,,,,
Rent subsidy,Food Universe,0.75,0.45,84452,68776,16953,15114,36709,0.247,0.3073,63656.3099,,,,,,,,
FRESH tax break,Food Universe,0.75,0.5,30481,23536,5443,5223,12870,0.231,0.1109,21867.4506,,,,,,,,
Rent subsidy,Food Universe,0.75,0.5,93835,77146,19231,16921,40995,0.249,0.3415,71354.2575,,,,,,,,
FRESH tax break,Food Universe,0.75,0.55,33529,25966,6026,5759,14180,0.232,0.122,24120.1833,,,,,,,,
Rent subsidy,Food Universe,0.75,0.55,103219,85677,21598,18756,45324,0.252,0.3756,79188.1411,,,,,,,,
FRESH tax break,Food Universe,0.75,0.6,36577,28410,6617,6298,15495,0.233,0.1331,26385.2743,,,,,,,,
Rent subsidy,Food Universe,0.75,0.6,112602,94371,24058,20618,49696,0.255,0.4097,87161.173,,,,,,,,
FRESH tax break,Food Universe,0.75,0.65,39626,30869,7216,6840,16813,0.234,0.1442,28662.8161,,,,,,,,
Rent subsidy,Food Universe,0.75,0.65,121986,103233,26614,22507,54112,0.258,0.4439,95276.6456,,,,,,,,
FRESH tax break,Food Universe,0.75,0.7,42674,33342,7822,7384,18136,0.235,0.1553,30952.9024,,,,,,,,
Rent subsidy,Food Universe,0.75,0.7,131369,112267,29270,24425,58572,0.261,0.478,103537.933,,,,,,,,
FRESH tax break,Food Universe,0.75,0.75,45722,35830,8436,7931,19464,0.235,0.1664,33255.6272,,,,,,,,
Rent subsidy,Food Universe,0.75,0.75,140752,121477,32030,26371,63076,0.264,0.5122,111948.4918,,,,,,,,
FRESH tax break,Food Universe,0.75,0.8,48770,38333,9058,8480,20795,0.236,0.1775,35571.0856,,,,,,,,
Rent subsidy,Food Universe,0.75,0.8,150136,130868,34897,28346,67626,0.267,0.5463,120511.8621,,,,,,,,
FRESH tax break,Food Universe,0.75,0.85,51818,40851,9688,9032,22131,0.237,0.1886,37899.3734,,,,,,,,
Rent subsidy,Food Universe,0.75,0.85,159520,140445,37874,30350,72221,0.27,0.5805,129231.6686,,,,,,,,
FRESH tax break,Food Universe,0.75,0.9,54866,43384,10325,9587,23471,0.238,0.1997,40240.5873,,,,,,,,
Rent subsidy,Food Universe,0.75,0.9,168903,150213,40967,32384,76861,0.273,0.6146,138111.6215,,,,,,,,
FRESH tax break,Food Universe,0.75,0.95,57914,45932,10971,10145,24816,0.239,0.2107,42594.8247,,,,,,,,
Rent subsidy,Food Universe,0.75,0.95,178286,160175,44179,34448,81548,0.276,0.6488,147155.5168,,,,,,,,
FRESH tax break,Food Universe,0.75,1.0,60962,48495,11625,10705,26165,0.24,0.2218,44962.184,,,,,,,,
Rent subsidy,Food Universe,0.75,1.0,187670,170337,47513,36543,86281,0.279,0.6829,156367.2374,,,,,,,,
30% contract at existing store,Food Universe,1.0,0.0,248632,0,0,0,0,,,,0.0,248632.44,248632.44,0.0,0.6136,5966822.8568,6409000.0,0.0528
30% contract at existing store,Food Universe,1.0,0.05,248632,59038,14644,13170,31224,0.248,,,0.0,248632.44,248632.44,0.0,0.6143,6883947.8837,6409000.0,0.0609
30% contract at existing store,Food Universe,1.0,0.1,248632,127496,34574,27980,64942,0.271,,,0.0,248632.44,248632.44,0.0,0.615,8002903.9145,6409000.0,0.0708
30% contract at existing store,Food Universe,1.0,0.15,259634,207472,61517,44617,101338,0.297,,,0.0,248632.44,248632.44,11001.2355,0.6158,9369785.5937,6409000.0,0.0829
30% contract at existing store,Food Universe,1.0,0.2,408128,301510,97618,63285,140608,0.324,,,0.0,248632.44,248632.44,159495.9522,0.6165,11033497.2352,6409000.0,0.0977
30% contract at existing store,Food Universe,1.0,0.25,603594,412604,145441,84206,182957,0.352,,,0.0,296671.9246,248632.44,354961.1256,0.6172,13039424.5008,6409000.0,0.1154
30% contract at existing store,Food Universe,1.0,0.3,857415,544116,207893,107620,228604,0.382,,,0.0,356379.8336,248632.44,608782.9651,0.6178,15419434.0252,6409000.0,0.1365
30% contract at existing store,Food Universe,1.0,0.35,1180456,699597,288036,133783,277778,0.412,,,0.0,416164.3192,248632.44,931823.9654,0.6184,18179225.7394,6409000.0,0.1609
30% contract at existing store,Food Universe,1.0,0.4,1580940,882477,388788,162970,330719,0.441,,,0.0,475994.6227,248632.44,1332307.8604,0.6189,21286472.3725,6409000.0,0.1884
30% contract at existing store,Food Universe,1.0,0.45,2062207,1095681,512530,195469,387682,0.468,,,0.0,535840.7118,248632.44,1813574.5335,0.6193,24665323.4831,6409000.0,0.2183
30% contract at existing store,Food Universe,1.0,0.5,2621247,1341238,660724,231584,448930,0.493,,,0.0,595676.1332,248632.44,2372614.5352,0.6196,28202526.3881,6409000.0,0.2496
30% contract at existing store,Food Universe,1.0,0.55,3248877,1620009,833640,271630,514739,0.515,,,0.0,655479.7235,248632.44,3000245.0343,0.6198,31766132.4751,6409000.0,0.2812
30% contract at existing store,Food Universe,1.0,0.6,3931755,1931629,1030306,315929,585394,0.533,,,0.0,715236.1737,248632.44,3683122.0818,0.62,35231180.494,6409000.0,0.3118
30% contract at existing store,Food Universe,1.0,0.65,4655484,2274688,1248688,364808,661192,0.549,,,0.0,774935.7138,248632.44,4406852.0562,0.6201,38502548.7962,6409000.0,0.3408
30% contract at existing store,Food Universe,1.0,0.7,5407586,2647077,1486045,418594,742437,0.561,,,0.0,834573.2741,248632.44,5158953.1372,0.6201,41526870.1266,6409000.0,0.3676
30% contract at existing store,Food Universe,1.0,0.75,6179311,3046382,1739331,477608,829443,0.571,,,0.0,894147.4248,248632.44,5930678.1769,0.6201,44291579.4928,6409000.0,0.392
30% contract at existing store,Food Universe,1.0,0.8,6966070,3470226,2005540,542157,922529,0.578,,,0.0,953659.316,248632.44,6717437.4626,0.62,46814980.2118,6409000.0,0.4144
30% contract at existing store,Food Universe,1.0,0.85,7766812,3916496,2281943,612532,1022021,0.583,,,0.0,1013111.7454,248632.44,7518179.8488,0.6199,49133276.9436,6409000.0,0.4349
30% contract at existing store,Food Universe,1.0,0.9,8582937,4383458,2566213,688997,1128248,0.585,,,0.0,1072508.4154,248632.44,8334304.0853,0.6198,51289145.5192,6409000.0,0.454
30% contract at existing store,Food Universe,1.0,0.95,9417191,4869774,2856447,771787,1241540,0.587,,,0.0,1131853.389,248632.44,9168558.3991,0.6197,53323846.2443,6409000.0,0.472
30% contract at existing store,Food Universe,1.0,1.0,10272797,5374470,3151146,861096,1362228,0.586,,,0.0,1191150.7223,248632.44,10024165.0565,0.6195,55272903.6904,6409000.0,0.4892
FRESH tax break,C-Town (564),0.25,0.0,0,0,0,0,0,,0.0,0.0,,,,,,,,
Rent subsidy,C-Town (564),0.25,0.0,0,0,0,0,0,,0.0,0.0,,,,,,,,
FRESH tax break,C-Town (564),0.25,0.05,1543,386,95,82,209,0.246,0.0019,359.7599,,,,,,,,
Rent subsidy,C-Town (564),0.25,0.05,9215,2311,570,492,1249,0.246,0.0111,2153.2285,,,,,,,,
FRESH tax break,C-Town (564),0.25,0.1,3086,772,190,165,418,0.246,0.0037,719.8534,,,,,,,,
Rent subsidy,C-Town (564),0.25,0.1,18430,4635,1146,987,2502,0.247,0.0222,4318.4262,,,,,,,,
FRESH tax break,C-Town (564),0.25,0.15,4630,1159,285,247,627,0.246,0.0056,1080.2808,,,,,,,,
Rent subsidy,C-Town (564),0.25,0.15,27645,6973,1731,1483,3759,0.248,0.0333,6495.6838,,,,,,,,
FRESH tax break,C-Town (564),0.25,0.2,6173,1546,381,329,836,0.246,0.0074,1441.0427,,,,,,,,
Rent subsidy,C-Town (564),0.25,0.2,36860,9326,2322,1983,5021,0.249,0.0445,8685.0929,,,,,,,,
FRESH tax break,C-Town (564),0.25,0.25,7716,1934,476,412,1046,0.246,0.0093,1802.1393,,,,,,,,
Rent subsidy,C-Town (564),0.25,0.25,46075,11692,2921,2484,6286,0.25,0.0556,10886.7461,,,,,,,,
FRESH tax break,C-Town (564),0.25,0.3,9259,2322,572,494,1255,0.246,0.0112,2163.5713,,,,,,,,
Rent subsidy,C-Town (564),0.25,0.3,55290,14073,3528,2989,7556,0.251,0.0667,13100.7364,,,,,,,,
FRESH tax break,C-Town (564),0.25,0.35,10802,2710,668,577,1465,0.247,0.013,2525.3389,,,,,,,,
Rent subsidy,C-Town (564),0.25,0.35,64505,16468,4143,3495,8829,0.252,0.0778,15327.1578,,,,,,,,
FRESH tax break,C-Town (564),0.25,0.4,12346,3099,765,660,1674,0.247,0.0149,2887.4426,,,,,,,,
Rent subsidy,C-Town (564),0.25,0.4,73720,18877,4766,4004,10107,0.252,0.0889,17566.1051,,,,,,,,
FRESH tax break,C-Town (564),0.25,0.45,13889,3488,861,743,1884,0.247,0.0168,3249.8829,,,,,,,,
Rent subsidy,C-Town (564),0.25,0.45,82935,21301,5396,4516,11389,0.253,0.1,19817.674,,,,,,,,
FRESH tax break,C-Town (564),0.25,0.5,15432,3877,958,825,2094,0.247,0.0186,3612.6601,,,,,,,,
Rent subsidy,C-Town (564),0.25,0.5,92150,23740,6035,5030,12675,0.254,0.1111,22081.9608,,,,,,,,
FRESH tax break,C-Town (564),0.25,0.55,16975,4267,1055,908,2304,0.247,0.0205,3975.7746,,,,,,,,
Rent subsidy,C-Town (564),0.25,0.55,101365,26194,6681,5547,13966,0.255,0.1223,24359.0626,,,,,,,,
FRESH tax break,C-Town (564),0.25,0.6,18518,4657,1152,991,2514,0.247,0.0223,4339.227,,,,,,,,
Rent subsidy,C-Town (564),0.25,0.6,110580,28662,7336,6066,15260,0.256,0.1334,26649.0776,,,,,,,,
FRESH tax break,C-Town (564),0.25,0.65,20061,5048,1249,1074,2724,0.247,0.0242,4703.0177,,,,,,,,
Rent subsidy,C-Town (564),0.25,0.65,119795,31146,8000,6587,16559,0.257,0.1445,28952.1046,,,,,,,,
FRESH tax break,C-Town (564),0.25,0.7,21605,5439,1347,1157,2935,0.248,0.0261,5067.147,,,,,,,,
Rent subsidy,C-Town (564),0.25,0.7,129010,33645,8671,7111,17862,0.258,0.1556,31268.2432,,,,,,,,
FRESH tax break,C-Town (564),0.25,0.75,23148,5830,1444,1241,3145,0.248,0.0279,5431.6154,,,,,,,,
Rent subsidy,C-Town (564),0.25,0.75,138225,36159,9352,7638,19169,0.259,0.1667,33597.5939,,,,,,,,
FRESH tax break,C-Town (564),0.25,0.8,24691,6222,1542,1324,3356,0.248,0.0298,5796.4233,,,,,,,,
Rent subsidy,C-Town (564),0.25,0.8,147440,38689,10041,8167,20481,0.26,0.1778,35940.2581,,,,,,,,
FRESH tax break,C-Town (564),0.25,0.85,26234,6614,1641,1407,3567,0.248,0.0316,6161.5712,,,,,,,,
Rent subsidy,C-Town (564),0.25,0.85,156655,41234,10738,8699,21796,0.26,0.1889,38296.3379,,,,,,,,
FRESH tax break,C-Town (564),0.25,0.9,27777,7007,1739,1491,3777,0.248,0.0335,6527.0594,,,,,,,,
Rent subsidy,C-Town (564),0.25,0.9,165870,43795,11445,9234,23116,0.261,0.2001,40665.9365,,,,,,,,
FRESH tax break,C-Town (564),0.25,0.95,29321,7400,1838,1574,3988,0.248,0.0354,6892.8885,,,,,,,,
Rent subsidy,C-Town (564),0.25,0.95,175085,46372,12160,9771,24441,0.262,0.2112,43049.1575,,,,,,,,
FRESH tax break,C-Town (564),0.25,1.0,30864,7793,1936,1658,4199,0.248,0.0372,7259.0589,,,,,,,,
Rent subsidy,C-Town (564),0.25,1.0,184300,48964,12885,10310,25769,0.263,0.2223,45446.1059,,,,,,,,
FRESH tax break,C-Town (564),0.5,0.0,0,0,0,0,0,,0.0,0.0,,,,,,,,
Rent subsidy,C-Town (564),0.5,0.0,0,0,0,0,0,,0.0,0.0,,,,,,,,
FRESH tax break,C-Town (564),0.5,0.05,1543,772,190,165,418,0.246,0.0037,719.8534,,,,,,,,
Rent subsidy,C-Town (564),0.5,0.05,9215,4635,1146,987,2502,0.247,0.0222,4318.4262,,,,,,,,
FRESH tax break,C-Town (564),0.5,0.1,3086,1546,381,329,836,0.246,0.0074,1441.0427,,,,,,,,
Rent subsidy,C-Town (564),0.5,0.1,18430,9326,2322,1983,5021,0.249,0.0445,8685.0929,,,,,,,,
FRESH tax break,C-Town (564),0.5,0.15,4630,2322,572,494,1255,0.246,0.0112,2163.5713,,,,,,,,
Rent subsidy,C-Town (564),0.5,0.15,27645,14073,3528,2989,7556,0.251,0.0667,13100.7364,,,,,,,,
FRESH tax break,C-Town (564),0.5,0.2,6173,3099,765,660,1674,0.247,0.0149,2887.4426,,,,,,,,
Rent subsidy,C-Town (564),0.5,0.2,36860,18877,4766,4004,10107,0.252,0.0889,17566.1051,,,,,,,,
FRESH tax break,C-Town (564),0.5,0.25,7716,3877,958,825,2094,0.247,0.0186,3612.6601,,,,,,,,
Rent subsidy,C-Town (564),0.5,0.25,46075,23740,6035,5030,12675,0.254,0.1111,22081.9608,,,,,,,,
FRESH tax break,C-Town (564),0.5,0.3,9259,4657,1152,991,2514,0.247,0.0223,4339.227,,,,,,,,
Rent subsidy,C-Town (564),0.5,0.3,55290,28662,7336,6066,15260,0.256,0.1334,26649.0776,,,,,,,,
FRESH tax break,C-Town (564),0.5,0.35,10802,5439,1347,1157,2935,0.248,0.0261,5067.147,,,,,,,,
Rent subsidy,C-Town (564),0.5,0.35,64505,33645,8671,7111,17862,0.258,0.1556,31268.2432,,,,,,,,
FRESH tax break,C-Town (564),0.5,0.4,12346,6222,1542,1324,3356,0.248,0.0298,5796.4233,,,,,,,,
Rent subsidy,C-Town (564),0.5,0.4,73720,38689,10041,8167,20481,0.26,0.1778,35940.2581,,,,,,,,
FRESH tax break,C-Town (564),0.5,0.45,13889,7007,1739,1491,3777,0.248,0.0335,6527.0594,,,,,,,,
Rent subsidy,C-Town (564),0.5,0.45,82935,43795,11445,9234,23116,0.261,0.2001,40665.9365,,,,,,,,
FRESH tax break,C-Town (564),0.5,0.5,15432,7793,1936,1658,4199,0.248,0.0372,7259.0589,,,,,,,,
Rent subsidy,C-Town (564),0.5,0.5,92150,48964,12885,10310,25769,0.263,0.2223,45446.1059,,,,,,,,
FRESH tax break,C-Town (564),0.5,0.55,16975,8581,2135,1825,4622,0.249,0.0409,7992.425,,,,,,,,
Rent subsidy,C-Town (564),0.5,0.55,101365,54198,14361,11397,28440,0.265,0.2445,50281.6077,,,,,,,,
FRESH tax break,C-Town (564),0.5,0.6,18518,9371,2334,1992,5045,0.249,0.0447,8727.1614,,,,,,,,
Rent subsidy,C-Town (564),0.5,0.6,110580,59498,15875,12495,31127,0.267,0.2667,55173.2969,,,,,,,,
FRESH tax break,C-Town (564),0.5,0.65,20061,10162,2534,2160,5468,0.249,0.0484,9463.2715,,,,,,,,
Rent subsidy,C-Town (564),0.5,0.65,119795,64864,17428,13603,33832,0.269,0.289,60122.0427,,,,,,,,
FRESH tax break,C-Town (564),0.5,0.7,21605,10955,2734,2328,5892,0.25,0.0521,10200.7588,,,,,,,,
Rent subsidy,C-Town (564),0.5,0.7,129010,70297,19020,14722,36555,0.271,0.3112,65128.7281,,,,,,,,
FRESH tax break,C-Town (564),0.5,0.75,23148,11749,2936,2496,6316,0.25,0.0558,10939.6267,,,,,,,,
Rent subsidy,C-Town (564),0.5,0.75,138225,75800,20652,15852,39295,0.272,0.3334,70194.2506,,,,,,,,
FRESH tax break,C-Town (564),0.5,0.8,24691,12545,3138,2665,6741,0.25,0.0596,11679.8789,,,,,,,,
Rent subsidy,C-Town (564),0.5,0.8,147440,81372,22325,16993,42053,0.274,0.3557,75319.522,,,,,,,,
FRESH tax break,C-Town (564),0.5,0.85,26234,13342,3342,2834,7166,0.25,0.0633,12421.5188,,,,,,,,
Rent subsidy,C-Town (564),0.5,0.85,156655,87015,24041,18145,44829,0.276,0.3779,80505.4685,,,,,,,,
FRESH tax break,C-Town (564),0.5,0.9,27777,14141,3546,3003,7592,0.251,0.067,13164.55,,,,,,,,
Rent subsidy,C-Town (564),0.5,0.9,165870,92731,25799,19308,47623,0.278,0.4001,85753.0309,,,,,,,,
FRESH tax break,C-Town (564),0.5,0.95,29321,14942,3751,3173,8018,0.251,0.0707,13908.9759,,,,,,,,
Rent subsidy,C-Town (564),0.5,0.95,175085,98520,27602,20483,50436,0.28,0.4223,91063.1647,,,,,,,,
FRESH tax break,C-Town (564),0.5,1.0,30864,15744,3957,3342,8445,0.251,0.0745,14654.8002,,,,,,,,
Rent subsidy,C-Town (564),0.5,1.0,184300,104384,29450,21668,53266,0.282,0.4446,96436.8403,,,,,,,,
FRESH tax break,C-Town (564),0.75,0.0,0,0,0,0,0,,0.0,0.0,,,,,,,,
Rent subsidy,C-Town (564),0.75,0.0,0,0,0,0,0,,0.0,0.0,,,,,,,,
FRESH tax break,C-Town (564),0.75,0.05,1543,1159,285,247,627,0.246,0.0056,1080.2808,,,,,,,,
Rent subsidy,C-Town (564),0.75,0.05,9215,6973,1731,1483,3759,0.248,0.0333,6495.6838,,,,,,,,
FRESH tax break,C-Town (564),0.75,0.1,3086,2322,572,494,1255,0.246,0.0112,2163.5713,,,,,,,,
Rent subsidy,C-Town (564),0.75,0.1,18430,14073,3528,2989,7556,0.251,0.0667,13100.7364,,,,,,,,
FRESH tax break,C-Town (564),0.75,0.15,4630,3488,861,743,1884,0.247,0.0168,3249.8829,,,,,,,,
Rent subsidy,C-Town (564),0.75,0.15,27645,21301,5396,4516,11389,0.253,0.1,19817.674,,,,,,,,
FRESH tax break,C-Town (564),0.75,0.2,6173,4657,1152,991,2514,0.247,0.0223,4339.227,,,,,,,,
Rent subsidy,C-Town (564),0.75,0.2,36860,28662,7336,6066,15260,0.256,0.1334,26649.0776,,,,,,,,
FRESH tax break,C-Town (564),0.75,0.25,7716,5830,1444,1241,3145,0.248,0.0279,5431.6154,,,,,,,,
Rent subsidy,C-Town (564),0.75,0.25,46075,36159,9352,7638,19169,0.259,0.1667,33597.5939,,,,,,,,
FRESH tax break,C-Town (564),0.75,0.3,9259,7007,1739,1491,3777,0.248,0.0335,6527.0594,,,,,,,,
Rent subsidy,C-Town (564),0.75,0.3,55290,43795,11445,9234,23116,0.261,0.2001,40665.9365,,,,,,,,
FRESH tax break,C-Town (564),0.75,0.35,10802,8187,2035,1741,4411,0.249,0.0391,7625.5709,,,,,,,,
Rent subsidy,C-Town (564),0.75,0.35,64505,51573,13618,10853,27102,0.264,0.2334,47856.8871,,,,,,,,
FRESH tax break,C-Town (564),0.75,0.4,12346,9371,2334,1992,5045,0.249,0.0447,8727.1614,,,,,,,,
Rent subsidy,C-Town (564),0.75,0.4,73720,59498,15875,12495,31127,0.267,0.2667,55173.2969,,,,,,,,
FRESH tax break,C-Town (564),0.75,0.45,13889,10558,2634,2244,5680,0.249,0.0503,9831.8428,,,,,,,,
Rent subsidy,C-Town (564),0.75,0.45,82935,67572,18219,14162,35191,0.27,0.3001,62618.0872,,,,,,,,
FRESH tax break,C-Town (564),0.75,0.5,15432,11749,2936,2496,6316,0.25,0.0558,10939.6267,,,,,,,,
Rent subsidy,C-Town (564),0.75,0.5,92150,75800,20652,15852,39295,0.272,0.3334,70194.2506,,,,,,,,
FRESH tax break,C-Town (564),0.75,0.55,16975,12943,3240,2750,6954,0.25,0.0614,12050.5252,,,,,,,,
Rent subsidy,C-Town (564),0.75,0.55,101365,84185,23178,17568,43439,0.275,0.3668,77904.8524,,,,,,,,
FRESH tax break,C-Town (564),0.75,0.6,18518,14141,3546,3003,7592,0.251,0.067,13164.55,,,,,,,,
Rent subsidy,C-Town (564),0.75,0.6,110580,92731,25799,19308,47623,0.278,0.4001,85753.0309,,,,,,,,
FRESH tax break,C-Town (564),0.75,0.65,20061,15343,3854,3257,8232,0.251,0.0726,14281.7131,,,,,,,,
Rent subsidy,C-Town (564),0.75,0.65,119795,101443,28520,21074,51849,0.281,0.4335,93741.9985,,,,,,,,
FRESH tax break,C-Town (564),0.75,0.7,21605,16548,4164,3512,8872,0.252,0.0782,15402.0265,,,,,,,,
Rent subsidy,C-Town (564),0.75,0.7,129010,110324,31344,22866,56115,0.284,0.4668,101875.0429,,,,,,,,
FRESH tax break,C-Town (564),0.75,0.75,23148,17757,4476,3768,9514,0.252,0.0838,16525.5022,,,,,,,,
Rent subsidy,C-Town (564),0.75,0.75,138225,119379,34274,24683,60423,0.287,0.5001,110155.5272,,,,,,,,
FRESH tax break,C-Town (564),0.75,0.8,24691,18970,4790,4024,10156,0.252,0.0893,17652.1524,,,,,,,,
Rent subsidy,C-Town (564),0.75,0.8,147440,128613,37314,26527,64772,0.29,0.5335,118586.8911,,,,,,,,
FRESH tax break,C-Town (564),0.75,0.85,26234,20186,5106,4281,10800,0.253,0.0949,18781.9892,,,,,,,,
Rent subsidy,C-Town (564),0.75,0.85,156655,138028,40467,28397,69164,0.293,0.5668,127172.6509,,,,,,,,
FRESH tax break,C-Town (564),0.75,0.9,27777,21406,5424,4538,11444,0.253,0.1005,19915.0247,,,,,,,,
Rent subsidy,C-Town (564),0.75,0.9,165870,147631,43738,30295,73599,0.296,0.6002,135916.4007,,,,,,,,
FRESH tax break,C-Town (564),0.75,0.95,29321,22630,5744,4796,12090,0.254,0.1061,21051.2714,,,,,,,,
Rent subsidy,C-Town (564),0.75,0.95,175085,157426,47130,32220,78076,0.299,0.6335,144821.812,,,,,,,,
FRESH tax break,C-Town (564),0.75,1.0,30864,23857,6066,5055,12737,0.254,0.1117,22190.7413,,,,,,,,
Rent subsidy,C-Town (564),0.75,1.0,184300,167417,50647,34173,82597,0.303,0.6669,153892.6345,,,,,,,,
30% contract at existing store,C-Town (564),1.0,0.0,215164,0,0,0,0,,,,0.0,215163.8,215163.8,0.0,0.6139,5973686.2171,6409000.0,0.0529
30% contract at existing store,C-Town (564),1.0,0.05,215164,59245,16104,12597,30543,0.272,,,0.0,215163.8,215163.8,0.0,0.6146,6917462.0111,6409000.0,0.0612
30% contract at existing store,C-Town (564),1.0,0.1,215164,128199,37931,26756,63511,0.296,,,0.0,215163.8,215163.8,0.0,0.6153,8070753.0224,6409000.0,0.0714
30% contract at existing store,C-Town (564),1.0,0.15,262797,209028,67292,42655,99081,0.322,,,0.0,215163.8,215163.8,47632.7632,0.6161,9479035.8866,6409000.0,0.0839
30% contract at existing store,C-Town (564),1.0,0.2,414079,304336,106408,60487,137441,0.35,,,0.0,237189.5831,215163.8,198915.3457,0.6168,11188658.4963,6409000.0,0.099
30% contract at existing store,C-Town (564),1.0,0.25,613168,417134,157881,80464,178789,0.378,,,0.0,296816.6067,215163.8,398004.15,0.6175,13239802.9746,6409000.0,0.1172
30% contract at existing store,C-Town (564),1.0,0.3,870980,550745,224596,102813,223336,0.408,,,0.0,356540.4196,215163.8,655816.0485,0.6181,15656317.0487,6409000.0,0.1386
30% contract at existing store,C-Town (564),1.0,0.35,1197484,708590,309510,127779,271301,0.437,,,0.0,416332.6193,215163.8,982320.6102,0.6187,18434004.9967,6409000.0,0.1632
30% contract at existing store,C-Town (564),1.0,0.4,1599673,893882,415342,155622,322918,0.465,,,0.0,476163.4109,215163.8,1384508.9252,0.6191,21531059.002,6409000.0,0.1906
30% contract at existing store,C-Town (564),1.0,0.45,2079591,1109250,544203,186619,378429,0.491,,,0.0,536004.7115,215163.8,1864426.7433,0.6195,24865631.7859,6409000.0,0.2201
30% contract at existing store,C-Town (564),1.0,0.5,2633263,1356399,697252,221059,438088,0.514,,,0.0,595832.3722,215163.8,2418098.9367,0.6198,28324377.2343,6409000.0,0.2507
30% contract at existing store,C-Town (564),1.0,0.55,3251180,1635893,874488,259246,502160,0.535,,,0.0,655627.3391,215163.8,3036015.9391,0.62,31781485.7702,6409000.0,0.2813
30% contract at existing store,C-Town (564),1.0,0.6,3920370,1947153,1074745,301489,570919,0.552,,,0.0,715375.896,215163.8,3705205.9109,0.6201,35122303.6974,6409000.0,0.3109
30% contract at existing store,C-Town (564),1.0,0.65,4627303,2288655,1295901,348105,644649,0.566,,,0.0,775069.2685,215163.8,4412139.2469,0.6202,38262883.6342,6409000.0,0.3387
30% contract at existing store,C-Town (564),1.0,0.7,5360522,2658275,1535220,399410,723644,0.578,,,0.0,834702.8607,215163.8,5145357.7684,0.6202,41159057.1341,6409000.0,0.3643
30% contract at existing store,C-Town (564),1.0,0.75,6112179,3053653,1789729,455720,808204,0.586,,,0.0,894275.3399,215163.8,5897015.1798,0.6202,43804132.055,6409000.0,0.3877
30% contract at existing store,C-Town (564),1.0,0.8,6878323,3472508,2056533,517338,898637,0.592,,,0.0,953787.7208,215163.8,6663159.4374,0.6201,46219061.8185,6409000.0,0.4091
30% contract at existing store,C-Town (564),1.0,0.85,7658270,3912835,2333025,584554,995255,0.596,,,0.0,1013242.5489,215163.8,7443106.1584,0.62,48440378.0874,6409000.0,0.4288
30% contract at existing store,C-Town (564),1.0,0.9,8453580,4373003,2616989,657638,1098376,0.598,,,0.0,1072643.237,215163.8,8238415.9581,0.6199,50509797.4799,6409000.0,0.4471
30% contract at existing store,C-Town (564),1.0,0.95,9267042,4851768,2906621,736830,1208317,0.599,,,0.0,1131993.5682,215163.8,9051877.8626,0.6197,52467144.411,6409000.0,0.4644
30% contract at existing store,C-Town (564),1.0,1.0,10101868,5348235,3200496,822340,1325399,0.598,,,0.0,1191297.3536,215163.8,9886703.9092,0.6196,54346523.9396,6409000.0,0.481
FRESH tax break,C-Town (809),0.25,0.0,0,0,0,0,0,,0.0,0.0,,,,,,,,
Rent subsidy,C-Town (809),0.25,0.0,0,0,0,0,0,,0.0,0.0,,,,,,,,
FRESH tax break,C-Town (809),0.25,0.05,2900,725,182,158,386,0.25,0.0029,862.4112,,,,,,,,
Rent subsidy,C-Town (809),0.25,0.05,7967,1996,500,435,1061,0.251,0.008,2373.5166,,,,,,,,
FRESH tax break,C-Town (809),0.25,0.1,5799,1452,364,317,772,0.25,0.0059,1726.427,,,,,,,,
Rent subsidy,C-Town (809),0.25,0.1,15934,4001,1005,872,2124,0.251,0.0161,4759.2011,,,,,,,,
FRESH tax break,C-Town (809),0.25,0.15,8699,2180,546,475,1158,0.251,0.0088,2592.0515,,,,,,,,
Rent subsidy,C-Town (809),0.25,0.15,23902,6014,1514,1310,3190,0.252,0.0241,7157.1378,,,,,,,,
FRESH tax break,C-Town (809),0.25,0.2,11598,2909,730,634,1545,0.251,0.0117,3459.2886,,,,,,,,
Rent subsidy,C-Town (809),0.25,0.2,31869,8036,2028,1750,4258,0.252,0.0321,9567.4113,,,,,,,,
FRESH tax break,C-Town (809),0.25,0.25,14498,3639,914,793,1932,0.251,0.0146,4328.1424,,,,,,,,
Rent subsidy,C-Town (809),0.25,0.25,39836,10067,2547,2191,5329,0.253,0.0402,11990.1074,,,,,,,,
FRESH tax break,C-Town (809),0.25,0.3,17397,4370,1098,952,2320,0.251,0.0176,5198.617,,,,,,,,
Rent subsidy,C-Town (809),0.25,0.3,47803,12107,3071,2634,6402,0.254,0.0482,14425.312,,,,,,,,
FRESH tax break,C-Town (809),0.25,0.35,20297,5102,1283,1112,2707,0.252,0.0205,6070.7165,,,,,,,,
Rent subsidy,C-Town (809),0.25,0.35,55770,14155,3599,3078,7478,0.254,0.0563,16873.112,,,,,,,,
FRESH tax break,C-Town (809),0.25,0.4,23197,5836,1469,1271,3095,0.252,0.0234,6944.4449,,,,,,,,
Rent subsidy,C-Town (809),0.25,0.4,63738,16212,4133,3524,8556,0.255,0.0643,19333.5948,,,,,,,,
FRESH tax break,C-Town (809),0.25,0.45,26096,6570,1656,1431,3484,0.252,0.0263,7819.8063,,,,,,,,
Rent subsidy,C-Town (809),0.25,0.45,71705,18279,4671,3971,9637,0.256,0.0723,21806.8486,,,,,,,,
FRESH tax break,C-Town (809),0.25,0.5,28996,7306,1843,1591,3873,0.252,0.0293,8696.8049,,,,,,,,
Rent subsidy,C-Town (809),0.25,0.5,79672,20354,5214,4420,10720,0.256,0.0804,24292.962,,,,,,,,
FRESH tax break,C-Town (809),0.25,0.55,31895,8043,2030,1751,4262,0.252,0.0322,9575.4448,,,,,,,,
Rent subsidy,C-Town (809),0.25,0.55,87639,22438,5762,4871,11806,0.257,0.0884,26792.0244,,,,,,,,
FRESH tax break,C-Town (809),0.25,0.6,34795,8781,2218,1912,4651,0.253,0.0351,10455.7301,,,,,,,,
Rent subsidy,C-Town (809),0.25,0.6,95606,24532,6315,5323,12894,0.257,0.0964,29304.1261,,,,,,,,
FRESH tax break,C-Town (809),0.25,0.65,37694,9520,2407,2072,5041,0.253,0.038,11337.6649,,,,,,,,
Rent subsidy,C-Town (809),0.25,0.65,103574,26635,6873,5777,13985,0.258,0.1045,31829.3576,,,,,,,,
FRESH tax break,C-Town (809),0.25,0.7,40594,10261,2597,2233,5431,0.253,0.041,12221.2534,,,,,,,,
Rent subsidy,C-Town (809),0.25,0.7,111541,28747,7436,6232,15079,0.259,0.1125,34367.8104,,,,,,,,
FRESH tax break,C-Town (809),0.25,0.75,43494,11002,2787,2394,5821,0.253,0.0439,13106.4998,,,,,,,,
Rent subsidy,C-Town (809),0.25,0.75,119508,30868,8004,6689,16175,0.259,0.1206,36919.5765,,,,,,,,
FRESH tax break,C-Town (809),0.25,0.8,46393,11745,2978,2555,6212,0.254,0.0468,13993.4083,,,,,,,,
Rent subsidy,C-Town (809),0.25,0.8,127475,32998,8578,7147,17274,0.26,0.1286,39484.7489,,,,,,,,
FRESH tax break,C-Town (809),0.25,0.85,49293,12489,3169,2717,6603,0.254,0.0497,14881.9829,,,,,,,,
Rent subsidy,C-Town (809),0.25,0.85,135442,35138,9156,7607,18375,0.261,0.1366,42063.4207,,,,,,,,
FRESH tax break,C-Town (809),0.25,0.9,52192,13234,3361,2878,6994,0.254,0.0527,15772.228,,,,,,,,
Rent subsidy,C-Town (809),0.25,0.9,143410,37288,9740,8069,19478,0.261,0.1447,44655.6863,,,,,,,,
FRESH tax break,C-Town (809),0.25,0.95,55092,13980,3554,3040,7386,0.254,0.0556,16664.1477,,,,,,,,
Rent subsidy,C-Town (809),0.25,0.95,151377,39447,10330,8532,20585,0.262,0.1527,47261.6404,,,,,,,,
FRESH tax break,C-Town (809),0.25,1.0,57991,14728,3747,3202,7778,0.254,0.0585,17557.7463,,,,,,,,
Rent subsidy,C-Town (809),0.25,1.0,159344,41615,10924,8997,21694,0.263,0.1607,49881.3785,,,,,,,,
FRESH tax break,C-Town (809),0.5,0.0,0,0,0,0,0,,0.0,0.0,,,,,,,,
Rent subsidy,C-Town (809),0.5,0.0,0,0,0,0,0,,0.0,0.0,,,,,,,,
FRESH tax break,C-Town (809),0.5,0.05,2900,1452,364,317,772,0.25,0.0059,1726.427,,,,,,,,
Rent subsidy,C-Town (809),0.5,0.05,7967,4001,1005,872,2124,0.251,0.0161,4759.2011,,,,,,,,
FRESH tax break,C-Town (809),0.5,0.1,5799,2909,730,634,1545,0.251,0.0117,3459.2886,,,,,,,,
Rent subsidy,C-Town (809),0.5,0.1,15934,8036,2028,1750,4258,0.252,0.0321,9567.4113,,,,,,,,
FRESH tax break,C-Town (809),0.5,0.15,8699,4370,1098,952,2320,0.251,0.0176,5198.617,,,,,,,,
Rent subsidy,C-Town (809),0.5,0.15,23902,12107,3071,2634,6402,0.254,0.0482,14425.312,,,,,,,,
FRESH tax break,C-Town (809),0.5,0.2,11598,5836,1469,1271,3095,0.252,0.0234,6944.4449,,,,,,,,
Rent subsidy,C-Town (809),0.5,0.2,31869,16212,4133,3524,8556,0.255,0.0643,19333.5948,,,,,,,,
FRESH tax break,C-Town (809),0.5,0.25,14498,7306,1843,1591,3873,0.252,0.0293,8696.8049,,,,,,,,
Rent subsidy,C-Town (809),0.5,0.25,39836,20354,5214,4420,10720,0.256,0.0804,24292.962,,,,,,,,
FRESH tax break,C-Town (809),0.5,0.3,17397,8781,2218,1912,4651,0.253,0.0351,10455.7301,,,,,,,,
Rent subsidy,C-Town (809),0.5,0.3,47803,24532,6315,5323,12894,0.257,0.0964,29304.1261,,,,,,,,
FRESH tax break,C-Town (809),0.5,0.35,20297,10261,2597,2233,5431,0.253,0.041,12221.2534,,,,,,,,
Rent subsidy,C-Town (809),0.5,0.35,55770,28747,7436,6232,15079,0.259,0.1125,34367.8104,,,,,,,,
FRESH tax break,C-Town (809),0.5,0.4,23197,11745,2978,2555,6212,0.254,0.0468,13993.4083,,,,,,,,
Rent subsidy,C-Town (809),0.5,0.4,63738,32998,8578,7147,17274,0.26,0.1286,39484.7489,,,,,,,,
FRESH tax break,C-Town (809),0.5,0.45,26096,13234,3361,2878,6994,0.254,0.0527,15772.228,,,,,,,,
Rent subsidy,C-Town (809),0.5,0.45,71705,37288,9740,8069,19478,0.261,0.1447,44655.6863,,,,,,,,
FRESH tax break,C-Town (809),0.5,0.5,28996,14728,3747,3202,7778,0.254,0.0585,17557.7463,,,,,,,,
Rent subsidy,C-Town (809),0.5,0.5,79672,41615,10924,8997,21694,0.263,0.1607,49881.3785,,,,,,,,
FRESH tax break,C-Town (809),0.5,0.55,31895,16226,4136,3527,8563,0.255,0.0644,19349.997,,,,,,,,
Rent subsidy,C-Town (809),0.5,0.55,87639,45981,12130,9931,23919,0.264,0.1768,55162.5919,,,,,,,,
FRESH tax break,C-Town (809),0.5,0.6,34795,17729,4527,3852,9350,0.255,0.0702,21149.014,,,,,,,,
Rent subsidy,C-Town (809),0.5,0.6,95606,50385,13358,10873,26155,0.265,0.1929,60500.1044,,,,,,,,
FRESH tax break,C-Town (809),0.5,0.65,37694,19237,4921,4179,10137,0.256,0.0761,22954.8317,,,,,,,,
Rent subsidy,C-Town (809),0.5,0.65,103574,54829,14607,11820,28402,0.266,0.209,65894.7047,,,,,,,,
FRESH tax break,C-Town (809),0.5,0.7,40594,20750,5318,4506,10927,0.256,0.0819,24767.4843,,,,,,,,
Rent subsidy,C-Town (809),0.5,0.7,111541,59313,15880,12774,30659,0.268,0.225,71347.193,,,,,,,,
FRESH tax break,C-Town (809),0.5,0.75,43494,22268,5717,4834,11717,0.257,0.0878,26587.0064,,,,,,,,
Rent subsidy,C-Town (809),0.5,0.75,119508,63837,17176,13735,32926,0.269,0.2411,76858.3804,,,,,,,,
FRESH tax break,C-Town (809),0.5,0.8,46393,23790,6118,5163,12509,0.257,0.0936,28413.4328,,,,,,,,
Rent subsidy,C-Town (809),0.5,0.8,127475,68402,18495,14703,35204,0.27,0.2572,82429.0898,,,,,,,,
FRESH tax break,C-Town (809),0.5,0.85,49293,25317,6523,5492,13302,0.258,0.0995,30246.7984,,,,,,,,
Rent subsidy,C-Town (809),0.5,0.85,135442,73008,19838,15677,37493,0.272,0.2733,88060.155,,,,,,,,
FRESH tax break,C-Town (809),0.5,0.9,52192,26849,6930,5823,14097,0.258,0.1053,32087.1384,,,,,,,,
Rent subsidy,C-Town (809),0.5,0.9,143410,77656,21206,16658,39792,0.273,0.2893,93752.4217,,,,,,,,
FRESH tax break,C-Town (809),0.5,0.95,55092,28386,7340,6154,14892,0.259,0.1112,33934.488,,,,,,,,
Rent subsidy,C-Town (809),0.5,0.95,151377,82346,22598,17645,42102,0.274,0.3054,99506.7468,,,,,,,,
FRESH tax break,C-Town (809),0.5,1.0,57991,29928,7752,6486,15690,0.259,0.117,35788.8828,,,,,,,,
Rent subsidy,C-Town (809),0.5,1.0,159344,87079,24015,18640,44423,0.276,0.3215,105323.9989,,,,,,,,
FRESH tax break,C-Town (809),0.75,0.0,0,0,0,0,0,,0.0,0.0,,,,,,,,
Rent subsidy,C-Town (809),0.75,0.0,0,0,0,0,0,,0.0,0.0,,,,,,,,
FRESH tax break,C-Town (809),0.75,0.05,2900,2180,546,475,1158,0.251,0.0088,2592.0515,,,,,,,,
Rent subsidy,C-Town (809),0.75,0.05,7967,6014,1514,1310,3190,0.252,0.0241,7157.1378,,,,,,,,
FRESH tax break,C-Town (809),0.75,0.1,5799,4370,1098,952,2320,0.251,0.0176,5198.617,,,,,,,,
Rent subsidy,C-Town (809),0.75,0.1,15934,12107,3071,2634,6402,0.254,0.0482,14425.312,,,,,,,,
FRESH tax break,C-Town (809),0.75,0.15,8699,6570,1656,1431,3484,0.252,0.0263,7819.8063,,,,,,,,
Rent subsidy,C-Town (809),0.75,0.15,23902,18279,4671,3971,9637,0.256,0.0723,21806.8486,,,,,,,,
FRESH tax break,C-Town (809),0.75,0.2,11598,8781,2218,1912,4651,0.253,0.0351,10455.7301,,,,,,,,
Rent subsidy,C-Town (809),0.75,0.2,31869,24532,6315,5323,12894,0.257,0.0964,29304.1261,,,,,,,,
FRESH tax break,C-Town (809),0.75,0.25,14498,11002,2787,2394,5821,0.253,0.0439,13106.4998,,,,,,,,
Rent subsidy,C-Town (809),0.75,0.25,39836,30868,8004,6689,16175,0.259,0.1206,36919.5765,,,,,,,,
FRESH tax break,C-Town (809),0.75,0.3,17397,13234,3361,2878,6994,0.254,0.0527,15772.228,,,,,,,,
Rent subsidy,C-Town (809),0.75,0.3,47803,37288,9740,8069,19478,0.261,0.1447,44655.6863,,,,,,,,
FRESH tax break,C-Town (809),0.75,0.35,20297,15476,3941,3364,8170,0.255,0.0614,18453.0279,,,,,,,,
Rent subsidy,C-Town (809),0.75,0.35,55770,43793,11524,9463,22805,0.263,0.1688,52514.9967,,,,,,,,
FRESH tax break,C-Town (809),0.75,0.4,23197,17729,4527,3852,9350,0.255,0.0702,21149.014,,,,,,,,
Rent subsidy,C-Town (809),0.75,0.4,63738,50385,13358,10873,26155,0.265,0.1929,60500.1044,,,,,,,,
FRESH tax break,C-Town (809),0.75,0.45,26096,19993,5119,4342,10532,0.256,0.079,23860.3015,,,,,,,,
Rent subsidy,C-Town (809),0.75,0.45,71705,57066,15241,12296,29529,0.267,0.217,68613.6624,,,,,,,,
FRESH tax break,C-Town (809),0.75,0.5,28996,22268,5717,4834,11717,0.257,0.0878,26587.0064,,,,,,,,
Rent subsidy,C-Town (809),0.75,0.5,79672,63837,17176,13735,32926,0.269,0.2411,76858.3804,,,,,,,,
FRESH tax break,C-Town (809),0.75,0.55,31895,24553,6320,5327,12905,0.257,0.0965,29329.246,,,,,,,,
Rent subsidy,C-Town (809),0.75,0.55,87639,70700,19164,15189,36347,0.271,0.2652,85237.0253,,,,,,,,
FRESH tax break,C-Town (809),0.75,0.6,34795,26849,6930,5823,14097,0.258,0.1053,32087.1384,,,,,,,,
Rent subsidy,C-Town (809),0.75,0.6,95606,77656,21206,16658,39792,0.273,0.2893,93752.4217,,,,,,,,
FRESH tax break,C-Town (809),0.75,0.65,37694,29157,7546,6320,15291,0.259,0.1141,34860.8025,,,,,,,,
Rent subsidy,C-Town (809),0.75,0.65,103574,84707,23304,18142,43261,0.275,0.3134,102407.4522,,,,,,,,
FRESH tax break,C-Town (809),0.75,0.7,40594,31475,8167,6819,16488,0.259,0.1229,37650.3584,,,,,,,,
Rent subsidy,C-Town (809),0.75,0.7,111541,91855,25458,19642,46755,0.277,0.3376,111205.0581,,,,,,,,
FRESH tax break,C-Town (809),0.75,0.75,43494,33805,8795,7320,17689,0.26,0.1316,40455.9269,,,,,,,,
Rent subsidy,C-Town (809),0.75,0.75,119508,99101,27671,21157,50273,0.279,0.3617,120148.2389,,,,,,,,
FRESH tax break,C-Town (809),0.75,0.8,46393,36145,9430,7824,18892,0.261,0.1404,43277.6299,,,,,,,,
Rent subsidy,C-Town (809),0.75,0.8,127475,106447,29944,22688,53815,0.281,0.3858,129240.0536,,,,,,,,
FRESH tax break,C-Town (809),0.75,0.85,49293,38497,10070,8328,20099,0.262,0.1492,46115.5904,,,,,,,,
Rent subsidy,C-Town (809),0.75,0.85,135442,113895,32278,24235,57382,0.283,0.4099,138483.6197,,,,,,,,
FRESH tax break,C-Town (809),0.75,0.9,52192,40861,10717,8835,21308,0.262,0.158,48969.9322,,,,,,,,
Rent subsidy,C-Town (809),0.75,0.9,143410,121447,34675,25797,60974,0.286,0.434,147882.1139,,,,,,,,
FRESH tax break,C-Town (809),0.75,0.95,55092,43236,11371,9344,22521,0.263,0.1667,51840.7801,,,,,,,,
Rent subsidy,C-Town (809),0.75,0.95,151377,129104,37136,27376,64591,0.288,0.4581,157438.7721,,,,,,,,
FRESH tax break,C-Town (809),0.75,1.0,57991,45622,12030,9855,23737,0.264,0.1755,54728.2599,,,,,,,,
Rent subsidy,C-Town (809),0.75,1.0,159344,136869,39663,28972,68234,0.29,0.4822,167156.8887,,,,,,,,
30% contract at existing store,C-Town (809),1.0,0.0,217335,0,0,0,0,,,,0.0,217335.43,217335.43,0.0,0.6141,7142318.812,6009000.0,0.0632
30% contract at existing store,C-Town (809),1.0,0.05,217335,70853,19569,15406,35878,0.276,,,0.0,217335.43,217335.43,0.0,0.6148,8270135.4362,6009000.0,0.0732
30% contract at existing store,C-Town (809),1.0,0.1,217335,153290,46008,32699,74583,0.3,,,0.0,217335.43,217335.43,0.0,0.6155,9643303.5742,6009000.0,0.0854
30% contract at existing store,C-Town (809),1.0,0.15,313636,249830,81425,52088,116316,0.326,,,0.0,217335.43,217335.43,96300.8429,0.6162,11310515.0972,6009000.0,0.1001
30% contract at existing store,C-Town (809),1.0,0.2,492948,363441,128348,73800,161293,0.353,,,0.0,222422.3973,217335.43,275612.2039,0.6169,13317554.2046,6009000.0,0.1179
30% contract at existing store,C-Town (809),1.0,0.25,727074,497469,189651,98078,209740,0.381,,,0.0,278322.9197,217335.43,509738.7305,0.6176,15697552.4525,6009000.0,0.1389
30% contract at existing store,C-Town (809),1.0,0.3,1026915,655461,268384,125184,261894,0.409,,,0.0,334305.194,217335.43,809579.5529,0.6182,18458379.4752,6009000.0,0.1634
30% contract at existing store,C-Town (809),1.0,0.35,1401204,840872,367473,155395,318004,0.437,,,0.0,390341.6461,217335.43,1183869.0314,0.6187,21570431.1683,6009000.0,0.1909
30% contract at existing store,C-Town (809),1.0,0.4,1854290,1056674,489338,189003,378333,0.463,,,0.0,446404.1389,217335.43,1636954.5388,0.6191,24960405.7238,6009000.0,0.2209
30% contract at existing store,C-Town (809),1.0,0.45,2384533,1304963,635497,226315,443150,0.487,,,0.0,502466.949,217335.43,2167198.0452,0.6194,28516625.1845,6009000.0,0.2524
30% contract at existing store,C-Town (809),1.0,0.5,2984226,1586674,806286,267648,512740,0.508,,,0.0,558508.7902,217335.43,2766890.306,0.6196,32107305.6706,6009000.0,0.2842
30% contract at existing store,C-Town (809),1.0,0.55,3641306,1901515,1000797,313323,587395,0.526,,,0.0,614513.7193,217335.43,3423970.555,0.6198,35606377.8189,6009000.0,0.3152
30% contract at existing store,C-Town (809),1.0,0.6,4342259,2248133,1217048,363668,667417,0.541,,,0.0,670471.0923,217335.43,4124923.9588,0.6199,38916870.4898,6009000.0,0.3445
30% contract at existing store,C-Town (809),1.0,0.65,5075001,2624455,1452333,419005,753116,0.553,,,0.0,726374.8956,217335.43,4857665.9328,0.6199,41983393.6623,6009000.0,0.3716
30% contract at existing store,C-Town (809),1.0,0.7,5830750,3028088,1703626,479651,844811,0.563,,,0.0,782222.7778,217335.43,5613414.5713,0.6199,44791557.789,6009000.0,0.3965
30% contract at existing store,C-Town (809),1.0,0.75,6604572,3456659,1967928,545908,942823,0.569,,,0.0,838015.0335,217335.43,6387236.8616,0.6198,47358189.6661,6009000.0,0.4192
30% contract at existing store,C-Town (809),1.0,0.8,7394904,3908048,2242510,618057,1047481,0.574,,,0.0,893753.6909,217335.43,7177568.8042,0.6197,49718373.1883,6009000.0,0.4401
30% contract at existing store,C-Town (809),1.0,0.85,8202577,4380504,2525038,696352,1159114,0.576,,,0.0,949441.7767,217335.43,7985241.7937,0.6196,51913964.3365,6009000.0,0.4595
30% contract at existing store,C-Town (809),1.0,0.9,9029794,4872667,2813601,781013,1278053,0.577,,,0.0,1005082.7719,217335.43,8812458.3303,0.6195,53985634.0414,6009000.0,0.4779
30% contract at existing store,C-Town (809),1.0,0.95,9879292,5383534,3106687,872223,1404624,0.577,,,0.0,1060680.2405,217335.43,9661956.4344,0.6194,55968483.7573,6009000.0,0.4954
30% contract at existing store,C-Town (809),1.0,1.0,10753767,5912399,3403131,970117,1539151,0.576,,,0.0,1116237.5991,217335.43,10536431.3896,0.6192,57890349.5755,6009000.0,0.5124
FRESH tax break,Antillana,0.25,0.0,0,0,0,0,0,,0.0,0.0,,,,,,,,
Rent subsidy,Antillana,0.25,0.0,0,0,0,0,0,,0.0,0.0,,,,,,,,
FRESH tax break,Antillana,0.25,0.05,930,233,55,51,127,0.238,0.0035,188.5776,,,,,,,,
Rent subsidy,Antillana,0.25,0.05,5293,1330,318,289,724,0.239,0.0197,1077.3721,,,,,,,,
FRESH tax break,Antillana,0.25,0.1,1860,466,111,101,254,0.238,0.0069,377.4451,,,,,,,,
Rent subsidy,Antillana,0.25,0.1,10586,2675,643,581,1451,0.24,0.0393,2164.2378,,,,,,,,
FRESH tax break,Antillana,0.25,0.15,2790,699,166,152,381,0.238,0.0104,566.6033,,,,,,,,
Rent subsidy,Antillana,0.25,0.15,15879,4035,976,876,2184,0.242,0.059,3260.7157,,,,,,,,
FRESH tax break,Antillana,0.25,0.2,3719,933,222,203,508,0.238,0.0138,756.0527,,,,,,,,
Rent subsidy,Antillana,0.25,0.2,21173,5410,1316,1173,2920,0.243,0.0786,4366.9262,,,,,,,,
FRESH tax break,Antillana,0.25,0.25,4649,1168,279,254,635,0.239,0.0173,945.794,,,,,,,,
Rent subsidy,Antillana,0.25,0.25,26466,6799,1665,1473,3662,0.245,0.0983,5482.9916,,,,,,,,
FRESH tax break,Antillana,0.25,0.3,5579,1403,335,305,763,0.239,0.0207,1135.8279,,,,,,,,
Rent subsidy,Antillana,0.25,0.3,31759,8205,2022,1775,4407,0.246,0.118,6609.0361,,,,,,,,
FRESH tax break,Antillana,0.25,0.35,6509,1638,392,356,890,0.239,0.0242,1326.1549,,,,,,,,
Rent subsidy,Antillana,0.25,0.35,37052,9625,2388,2080,5157,0.248,0.1376,7745.1858,,,,,,,,
FRESH tax break,Antillana,0.25,0.4,7439,1874,449,407,1018,0.239,0.0276,1516.7756,,,,,,,,
Rent subsidy,Antillana,0.25,0.4,42345,11062,2762,2388,5912,0.25,0.1573,8891.5689,,,,,,,,
FRESH tax break,Antillana,0.25,0.45,8369,2110,506,459,1146,0.24,0.0311,1707.6909,,,,,,,,
Rent subsidy,Antillana,0.25,0.45,47638,12515,3145,2699,6671,0.251,0.1769,10048.3153,,,,,,,,
FRESH tax break,Antillana,0.25,0.5,9298,2347,563,510,1274,0.24,0.0345,1898.9012,,,,,,,,
Rent subsidy,Antillana,0.25,0.5,52932,13984,3537,3013,7435,0.253,0.1966,11215.5572,,,,,,,,
FRESH tax break,Antillana,0.25,0.55,10228,2584,621,561,1402,0.24,0.038,2090.4072,,,,,,,,
Rent subsidy,Antillana,0.25,0.55,58225,15470,3938,3329,8203,0.255,0.2162,12393.4287,,,,,,,,
FRESH tax break,Antillana,0.25,0.6,11158,2822,678,613,1530,0.24,0.0414,2282.2096,,,,,,,,
Rent subsidy,Antillana,0.25,0.6,63518,16973,4348,3648,8977,0.256,0.2359,13582.066,,,,,,,,
FRESH tax break,Antillana,0.25,0.65,12088,3060,737,664,1659,0.241,0.0449,2474.309,,,,,,,,
Rent subsidy,Antillana,0.25,0.65,68811,18493,4769,3970,9754,0.258,0.2556,14781.6075,,,,,,,,
FRESH tax break,Antillana,0.25,0.7,13018,3298,795,716,1787,0.241,0.0483,2666.7061,,,,,,,,
Rent subsidy,Antillana,0.25,0.7,74104,20031,5199,4295,10537,0.26,0.2752,15992.1936,,,,,,,,
FRESH tax break,Antillana,0.25,0.75,13948,3537,853,768,1916,0.241,0.0518,2859.4015,,,,,,,,
Rent subsidy,Antillana,0.25,0.75,79397,21586,5639,4623,11324,0.261,0.2949,17213.9671,,,,,,,,
FRESH tax break,Antillana,0.25,0.8,14877,3777,912,820,2045,0.242,0.0553,3052.3958,,,,,,,,
Rent subsidy,Antillana,0.25,0.8,84690,23160,6090,4954,12116,0.263,0.3145,18447.0727,,,,,,,,
FRESH tax break,Antillana,0.25,0.85,15807,4016,971,872,2174,0.242,0.0587,3245.6898,,,,,,,,
Rent subsidy,Antillana,0.25,0.85,89984,24751,6551,5288,12912,0.265,0.3342,19691.6577,,,,,,,,
FRESH tax break,Antillana,0.25,0.9,16737,4257,1030,924,2303,0.242,0.0622,3439.2841,,,,,,,,
Rent subsidy,Antillana,0.25,0.9,95277,26362,7023,5625,13714,0.266,0.3539,20947.8714,,,,,,,,
FRESH tax break,Antillana,0.25,0.95,17667,4498,1090,976,2432,0.242,0.0656,3633.1794,,,,,,,,
Rent subsidy,Antillana,0.25,0.95,100570,27991,7506,5965,14520,0.268,0.3735,22215.8657,,,,,,,,
FRESH tax break,Antillana,0.25,1.0,18597,4739,1150,1028,2561,0.243,0.0691,3827.3762,,,,,,,,
Rent subsidy,Antillana,0.25,1.0,105863,29640,8001,6308,15331,0.27,0.3932,23495.7946,,,,,,,,
FRESH tax break,Antillana,0.5,0.0,0,0,0,0,0,,0.0,0.0,,,,,,,,
Rent subsidy,Antillana,0.5,0.0,0,0,0,0,0,,0.0,0.0,,,,,,,,
FRESH tax break,Antillana,0.5,0.05,930,466,111,101,254,0.238,0.0069,377.4451,,,,,,,,
Rent subsidy,Antillana,0.5,0.05,5293,2675,643,581,1451,0.24,0.0393,2164.2378,,,,,,,,
FRESH tax break,Antillana,0.5,0.1,1860,933,222,203,508,0.238,0.0138,756.0527,,,,,,,,
Rent subsidy,Antillana,0.5,0.1,10586,5410,1316,1173,2920,0.243,0.0786,4366.9262,,,,,,,,
FRESH tax break,Antillana,0.5,0.15,2790,1403,335,305,763,0.239,0.0207,1135.8279,,,,,,,,
Rent subsidy,Antillana,0.5,0.15,15879,8205,2022,1775,4407,0.246,0.118,6609.0361,,,,,,,,
FRESH tax break,Antillana,0.5,0.2,3719,1874,449,407,1018,0.239,0.0276,1516.7756,,,,,,,,
Rent subsidy,Antillana,0.5,0.2,21173,11062,2762,2388,5912,0.25,0.1573,8891.5689,,,,,,,,
FRESH tax break,Antillana,0.5,0.25,4649,2347,563,510,1274,0.24,0.0345,1898.9012,,,,,,,,
Rent subsidy,Antillana,0.5,0.25,26466,13984,3537,3013,7435,0.253,0.1966,11215.5572,,,,,,,,
FRESH tax break,Antillana,0.5,0.3,5579,2822,678,613,1530,0.24,0.0414,2282.2096,,,,,,,,
Rent subsidy,Antillana,0.5,0.3,31759,16973,4348,3648,8977,0.256,0.2359,13582.066,,,,,,,,
FRESH tax break,Antillana,0.5,0.35,6509,3298,795,716,1787,0.241,0.0483,2666.7061,,,,,,,,
Rent subsidy,Antillana,0.5,0.35,37052,20031,5199,4295,10537,0.26,0.2752,15992.1936,,,,,,,,
FRESH tax break,Antillana,0.5,0.4,7439,3777,912,820,2045,0.242,0.0553,3052.3958,,,,,,,,
Rent subsidy,Antillana,0.5,0.4,42345,23160,6090,4954,12116,0.263,0.3145,18447.0727,,,,,,,,
FRESH tax break,Antillana,0.5,0.45,8369,4257,1030,924,2303,0.242,0.0622,3439.2841,,,,,,,,
Rent subsidy,Antillana,0.5,0.45,47638,26362,7023,5625,13714,0.266,0.3539,20947.8714,,,,,,,,
FRESH tax break,Antillana,0.5,0.5,9298,4739,1150,1028,2561,0.243,0.0691,3827.3762,,,,,,,,
Rent subsidy,Antillana,0.5,0.5,52932,29640,8001,6308,15331,0.27,0.3932,23495.7946,,,,,,,,
FRESH tax break,Antillana,0.5,0.55,10228,5223,1270,1132,2821,0.243,0.076,4216.6773,,,,,,,,
Rent subsidy,Antillana,0.5,0.55,58225,32996,9025,7003,16968,0.274,0.4325,26092.0847,,,,,,,,
FRESH tax break,Antillana,0.5,0.6,11158,5709,1391,1237,3080,0.244,0.0829,4607.1929,,,,,,,,
Rent subsidy,Antillana,0.5,0.6,63518,36433,10097,7711,18625,0.277,0.4718,28738.0231,,,,,,,,
FRESH tax break,Antillana,0.5,0.65,12088,6196,1513,1343,3340,0.244,0.0898,4998.9281,,,,,,,,
Rent subsidy,Antillana,0.5,0.65,68811,39953,11221,8431,20301,0.281,0.5111,31434.9314,,,,,,,,
FRESH tax break,Antillana,0.5,0.7,13018,6686,1637,1448,3601,0.245,0.0967,5391.8885,,,,,,,,
Rent subsidy,Antillana,0.5,0.7,74104,43560,12397,9165,21998,0.285,0.5504,34184.1723,,,,,,,,
FRESH tax break,Antillana,0.5,0.75,13948,7177,1761,1554,3863,0.245,0.1036,5786.0794,,,,,,,,
Rent subsidy,Antillana,0.5,0.75,79397,47256,13629,9911,23716,0.288,0.5898,36987.1511,,,,,,,,
FRESH tax break,Antillana,0.5,0.8,14877,7671,1886,1660,4124,0.246,0.1105,6181.5062,,,,,,,,
Rent subsidy,Antillana,0.5,0.8,84690,51045,14919,10671,25454,0.292,0.6291,39845.317,,,,,,,,
FRESH tax break,Antillana,0.5,0.85,15807,8166,2012,1767,4387,0.246,0.1174,6578.1745,,,,,,,,
Rent subsidy,Antillana,0.5,0.85,89984,54929,16270,11445,27213,0.296,0.6684,42760.1643,,,,,,,,
FRESH tax break,Antillana,0.5,0.9,16737,8663,2140,1874,4650,0.247,0.1243,6976.0897,,,,,,,,
Rent subsidy,Antillana,0.5,0.9,95277,58911,17685,12233,28994,0.3,0.7077,45733.2337,,,,,,,,
FRESH tax break,Antillana,0.5,0.95,17667,9163,2268,1981,4913,0.248,0.1312,7375.2573,,,,,,,,
Rent subsidy,Antillana,0.5,0.95,100570,62996,19165,13035,30796,0.304,0.747,48766.1137,,,,,,,,
FRESH tax break,Antillana,0.5,1.0,18597,9664,2398,2089,5177,0.248,0.1381,7775.6829,,,,,,,,
Rent subsidy,Antillana,0.5,1.0,105863,67186,20716,13851,32619,0.308,0.7864,51860.4419,,,,,,,,
FRESH tax break,Antillana,0.75,0.0,0,0,0,0,0,,0.0,0.0,,,,,,,,
Rent subsidy,Antillana,0.75,0.0,0,0,0,0,0,,0.0,0.0,,,,,,,,
FRESH tax break,Antillana,0.75,0.05,930,699,166,152,381,0.238,0.0104,566.6033,,,,,,,,
Rent subsidy,Antillana,0.75,0.05,5293,4035,976,876,2184,0.242,0.059,3260.7157,,,,,,,,
FRESH tax break,Antillana,0.75,0.1,1860,1403,335,305,763,0.239,0.0207,1135.8279,,,,,,,,
Rent subsidy,Antillana,0.75,0.1,10586,8205,2022,1775,4407,0.246,0.118,6609.0361,,,,,,,,
FRESH tax break,Antillana,0.75,0.15,2790,2110,506,459,1146,0.24,0.0311,1707.6909,,,,,,,,
Rent subsidy,Antillana,0.75,0.15,15879,12515,3145,2699,6671,0.251,0.1769,10048.3153,,,,,,,,
FRESH tax break,Antillana,0.75,0.2,3719,2822,678,613,1530,0.24,0.0414,2282.2096,,,,,,,,
Rent subsidy,Antillana,0.75,0.2,21173,16973,4348,3648,8977,0.256,0.2359,13582.066,,,,,,,,
FRESH tax break,Antillana,0.75,0.25,4649,3537,853,768,1916,0.241,0.0518,2859.4015,,,,,,,,
Rent subsidy,Antillana,0.75,0.25,26466,21586,5639,4623,11324,0.261,0.2949,17213.9671,,,,,,,,
FRESH tax break,Antillana,0.75,0.3,5579,4257,1030,924,2303,0.242,0.0622,3439.2841,,,,,,,,
Rent subsidy,Antillana,0.75,0.3,31759,26362,7023,5625,13714,0.266,0.3539,20947.8714,,,,,,,,
FRESH tax break,Antillana,0.75,0.35,6509,4981,1210,1080,2691,0.243,0.0725,4021.8753,,,,,,,,
Rent subsidy,Antillana,0.75,0.35,37052,31308,8507,6654,16147,0.272,0.4128,24787.8146,,,,,,,,
FRESH tax break,Antillana,0.75,0.4,7439,5709,1391,1237,3080,0.244,0.0829,4607.1929,,,,,,,,
Rent subsidy,Antillana,0.75,0.4,42345,36433,10097,7711,18625,0.277,0.4718,28738.0231,,,,,,,,
FRESH tax break,Antillana,0.75,0.45,8369,6441,1575,1395,3471,0.245,0.0932,5195.2548,,,,,,,,
Rent subsidy,Antillana,0.75,0.45,47638,41746,11802,8796,21147,0.283,0.5308,32802.9234,,,,,,,,
FRESH tax break,Antillana,0.75,0.5,9298,7177,1761,1554,3863,0.245,0.1036,5786.0794,,,,,,,,
Rent subsidy,Antillana,0.75,0.5,52932,47256,13629,9911,23716,0.288,0.5898,36987.1511,,,,,,,,
FRESH tax break,Antillana,0.75,0.55,10228,7918,1949,1713,4256,0.246,0.114,6379.6848,,,,,,,,
Rent subsidy,Antillana,0.75,0.55,58225,52974,15587,11056,26331,0.294,0.6487,41295.5603,,,,,,,,
FRESH tax break,Antillana,0.75,0.6,11158,8663,2140,1874,4650,0.247,0.1243,6976.0897,,,,,,,,
Rent subsidy,Antillana,0.75,0.6,63518,58911,17685,12233,28994,0.3,0.7077,45733.2337,,,,,,,,
FRESH tax break,Antillana,0.75,0.65,12088,9413,2333,2035,5045,0.248,0.1347,7575.3125,,,,,,,,
Rent subsidy,Antillana,0.75,0.65,68811,65077,19932,13441,31705,0.306,0.7667,50305.4925,,,,,,,,
FRESH tax break,Antillana,0.75,0.7,13018,10167,2528,2196,5442,0.249,0.145,8177.3721,,,,,,,,
Rent subsidy,Antillana,0.75,0.7,74104,71485,22338,14682,34465,0.312,0.8257,55017.9066,,,,,,,,
FRESH tax break,Antillana,0.75,0.75,13948,10925,2726,2359,5840,0.25,0.1554,8782.2874,,,,,,,,
Rent subsidy,Antillana,0.75,0.75,79397,78147,24916,15956,37275,0.319,0.8846,59876.3055,,,,,,,,
FRESH tax break,Antillana,0.75,0.8,14877,11688,2926,2522,6240,0.25,0.1658,9390.0774,,,,,,,,
Rent subsidy,Antillana,0.75,0.8,84690,85076,27675,17265,40136,0.325,0.9436,64886.7889,,,,,,,,
FRESH tax break,Antillana,0.75,0.85,15807,12455,3129,2686,6640,0.251,0.1761,10000.7614,,,,,,,,
Rent subsidy,Antillana,0.75,0.85,89984,92287,30629,18610,43049,0.332,1.0026,70055.7378,,,,,,,,
FRESH tax break,Antillana,0.75,0.9,16737,13227,3334,2851,7042,0.252,0.1865,10614.3589,,,,,,,,
Rent subsidy,Antillana,0.75,0.9,95277,99794,33790,19990,46014,0.339,1.0616,75389.826,,,,,,,,
FRESH tax break,Antillana,0.75,0.95,17667,14004,3542,3017,7445,0.253,0.1968,11230.8893,,,,,,,,
Rent subsidy,Antillana,0.75,0.95,100570,107614,37172,21408,49034,0.345,1.1206,80896.0307,,,,,,,,
FRESH tax break,Antillana,0.75,1.0,18597,14785,3752,3183,7850,0.254,0.2072,11850.3723,,,,,,,,
Rent subsidy,Antillana,0.75,1.0,105863,115762,40790,22864,52108,0.352,1.1795,86581.6449,,,,,,,,
30% contract at existing store,Antillana,1.0,0.0,124460,0,0,0,0,,,,0.0,124459.74,124459.74,0.0,0.6138,1948696.0993,2404000.0,0.0172
30% contract at existing store,Antillana,1.0,0.05,124460,19375,5112,4209,10054,0.264,,,0.0,124459.74,124459.74,0.0,0.6145,2268877.7485,2404000.0,0.0201
30% contract at existing store,Antillana,1.0,0.1,124460,42076,12157,8969,20951,0.289,,,0.0,124459.74,124459.74,0.0,0.6153,2668264.9075,2404000.0,0.0236
30% contract at existing store,Antillana,1.0,0.15,124460,68950,21842,14350,32758,0.317,,,0.0,124459.74,124459.74,0.0,0.6161,3170586.1578,2404000.0,0.0281
30% contract at existing store,Antillana,1.0,0.2,140883,101094,35112,20431,45552,0.347,,,0.0,124459.74,124459.74,16423.2092,0.6169,3805978.5691,2404000.0,0.0337
30% contract at existing store,Antillana,1.0,0.25,213657,139921,53211,27299,59411,0.38,,,0.0,124459.74,124459.74,89197.5186,0.6177,4611589.2717,2404000.0,0.0408
30% contract at existing store,Antillana,1.0,0.3,313465,187224,77749,35054,74422,0.415,,,0.0,133820.5603,124459.74,189004.955,0.6185,5631190.9425,2404000.0,0.0498
30% contract at existing store,Antillana,1.0,0.35,449467,245227,110747,43804,90676,0.452,,,0.0,156304.1323,124459.74,325006.8373,0.6192,6912918.012,2404000.0,0.0612
30% contract at existing store,Antillana,1.0,0.4,632562,316609,154663,53671,108275,0.488,,,0.0,178818.5313,124459.74,508102.7224,0.6199,8504041.2129,2404000.0,0.0753
30% contract at existing store,Antillana,1.0,0.45,874590,404452,212337,64791,127324,0.525,,,0.0,201352.4485,124459.74,750130.3617,0.6204,10441961.943,2404000.0,0.0924
30% contract at existing store,Antillana,1.0,0.5,1186699,512095,286845,77312,147938,0.56,,,0.0,223895.0889,124459.74,1062239.5641,0.6209,12741794.12,2404000.0,0.1128
30% contract at existing store,Antillana,1.0,0.55,1576953,642862,381223,91400,170239,0.593,,,0.0,246436.9934,124459.74,1452493.3621,0.6213,15383223.1319,2404000.0,0.1362
30% contract at existing store,Antillana,1.0,0.6,2047712,799683,498089,107234,194359,0.623,,,0.0,268970.4939,124459.74,1923251.9619,0.6216,18302003.536,2404000.0,0.162
30% contract at existing store,Antillana,1.0,0.65,2593858,984684,639231,125014,220439,0.649,,,0.0,291489.8236,124459.74,2469398.6845,0.6218,21392292.7936,2404000.0,0.1894
30% contract at existing store,Antillana,1.0,0.7,3202959,1198861,805282,144952,248628,0.672,,,0.0,313990.975,124459.74,3078498.8637,0.622,24522719.108,2404000.0,0.2171
30% contract at existing store,Antillana,1.0,0.75,3857691,1441960,995592,167283,279086,0.69,,,0.0,336471.4199,124459.74,3733231.5493,0.6221,27562191.9457,2404000.0,0.244
30% contract at existing store,Antillana,1.0,0.8,4539715,1712601,1208361,192257,311983,0.706,,,0.0,358929.7838,124459.74,4415255.1059,0.6221,30405597.365,2404000.0,0.2691
30% contract at existing store,Antillana,1.0,0.85,5233402,2008607,1440965,220142,347500,0.717,,,0.0,381365.5397,124459.74,5108941.7778,0.6221,32989601.6749,2404000.0,0.292
30% contract at existing store,Antillana,1.0,0.9,5928146,2327418,1690366,251223,385829,0.726,,,0.0,403778.7489,124459.74,5803685.8441,0.6221,35294730.1554,2404000.0,0.3124
30% contract at existing store,Antillana,1.0,0.95,6618877,2666463,1953491,285799,427173,0.733,,,0.0,426169.8576,124459.74,6494417.5548,0.622,37336711.4876,2404000.0,0.3305
30% contract at existing store,Antillana,1.0,1.0,7305238,3023434,2227505,324182,471747,0.737,,,0.0,448539.5461,124459.74,7180778.1584,0.6219,39153274.3545,2404000.0,0.3466
FRESH tax break,Sagal,0.25,0.0,0,0,0,0,0,,0.0,0.0,,,,,,,,
Rent subsidy,Sagal,0.25,0.0,0,0,0,0,0,,0.0,0.0,,,,,,,,
FRESH tax break,Sagal,0.25,0.05,453,113,27,25,62,0.239,0.0018,104.3053,,,,,,,,
Rent subsidy,Sagal,0.25,0.05,3340,838,201,182,455,0.239,0.0131,770.7055,,,,,,,,
FRESH tax break,Sagal,0.25,0.1,907,227,54,49,123,0.239,0.0036,208.7046,,,,,,,,
Rent subsidy,Sagal,0.25,0.1,6680,1682,405,365,913,0.24,0.0262,1546.5573,,,,,,,,
FRESH tax break,Sagal,0.25,0.15,1360,340,81,74,185,0.239,0.0053,313.1981,,,,,,,,
Rent subsidy,Sagal,0.25,0.15,10020,2532,612,549,1372,0.241,0.0394,2327.6041,,,,,,,,
FRESH tax break,Sagal,0.25,0.2,1813,454,109,99,247,0.239,0.0071,417.7859,,,,,,,,
Rent subsidy,Sagal,0.25,0.2,13360,3389,822,734,1833,0.243,0.0525,3113.8953,,,,,,,,
FRESH tax break,Sagal,0.25,0.25,2267,568,136,123,309,0.239,0.0089,522.4681,,,,,,,,
Rent subsidy,Sagal,0.25,0.25,16700,4252,1035,920,2296,0.244,0.0656,3905.4806,,,,,,,,
FRESH tax break,Sagal,0.25,0.3,2720,682,163,148,371,0.239,0.0107,627.2448,,,,,,,,
Rent subsidy,Sagal,0.25,0.3,20040,5121,1252,1108,2761,0.245,0.0787,4702.4106,,,,,,,,
FRESH tax break,Sagal,0.25,0.35,3173,796,191,173,433,0.239,0.0125,732.1161,,,,,,,,
Rent subsidy,Sagal,0.25,0.35,23380,5996,1473,1296,3227,0.246,0.0918,5504.7363,,,,,,,,
FRESH tax break,Sagal,0.25,0.4,3627,910,218,198,495,0.24,0.0142,837.0822,,,,,,,,
Rent subsidy,Sagal,0.25,0.4,26720,6878,1697,1486,3696,0.247,0.105,6312.5092,,,,,,,,
FRESH tax break,Sagal,0.25,0.45,4080,1025,246,222,557,0.24,0.016,942.1431,,,,,,,,
Rent subsidy,Sagal,0.25,0.45,30060,7767,1924,1677,4166,0.248,0.1181,7125.7818,,,,,,,,
FRESH tax break,Sagal,0.25,0.5,4533,1139,273,247,619,0.24,0.0178,1047.2991,,,,,,,,
Rent subsidy,Sagal,0.25,0.5,33400,8662,2155,1868,4638,0.249,0.1312,7944.6067,,,,,,,,
FRESH tax break,Sagal,0.25,0.55,4987,1253,301,272,681,0.24,0.0196,1152.5502,,,,,,,,
Rent subsidy,Sagal,0.25,0.55,36740,9564,2389,2062,5113,0.25,0.1443,8769.0376,,,,,,,,
FRESH tax break,Sagal,0.25,0.6,5440,1368,328,297,743,0.24,0.0214,1257.8965,,,,,,,,
Rent subsidy,Sagal,0.25,0.6,40080,10472,2628,2256,5589,0.251,0.1574,9599.1285,,,,,,,,
FRESH tax break,Sagal,0.25,0.65,5893,1483,356,322,805,0.24,0.0231,1363.3382,,,,,,,,
Rent subsidy,Sagal,0.25,0.65,43420,11388,2870,2451,6067,0.252,0.1705,10434.9341,,,,,,,,
FRESH tax break,Sagal,0.25,0.7,6347,1598,384,346,867,0.24,0.0249,1468.8754,,,,,,,,
Rent subsidy,Sagal,0.25,0.7,46760,12310,3115,2648,6547,0.253,0.1837,11276.5099,,,,,,,,
FRESH tax break,Sagal,0.25,0.75,6800,1713,412,371,929,0.241,0.0267,1574.5082,,,,,,,,
Rent subsidy,Sagal,0.25,0.75,50100,13239,3365,2846,7028,0.254,0.1968,12123.912,,,,,,,,
FRESH tax break,Sagal,0.25,0.8,7253,1828,440,396,991,0.241,0.0285,1680.2367,,,,,,,,
Rent subsidy,Sagal,0.25,0.8,53440,14175,3619,3044,7512,0.255,0.2099,12977.197,,,,,,,,
FRESH tax break,Sagal,0.25,0.85,7707,1943,468,421,1054,0.241,0.0303,1786.0611,,,,,,,,
Rent subsidy,Sagal,0.25,0.85,56780,15119,3876,3245,7998,0.256,0.223,13836.4224,,,,,,,,
FRESH tax break,Sagal,0.25,0.9,8160,2058,496,446,1116,0.241,0.0321,1891.9815,,,,,,,,
Rent subsidy,Sagal,0.25,0.9,60120,16069,4138,3446,8486,0.257,0.2361,14701.6461,,,,,,,,
FRESH tax break,Sagal,0.25,0.95,8613,2174,524,471,1178,0.241,0.0338,1997.9979,,,,,,,,
Rent subsidy,Sagal,0.25,0.95,63460,17027,4403,3649,8975,0.259,0.2493,15572.9269,,,,,,,,
FRESH tax break,Sagal,0.25,1.0,9067,2289,552,496,1241,0.241,0.0356,2104.1106,,,,,,,,
Rent subsidy,Sagal,0.25,1.0,66800,17992,4673,3852,9467,0.26,0.2624,16450.3244,,,,,,,,
FRESH tax break,Sagal,0.5,0.0,0,0,0,0,0,,0.0,0.0,,,,,,,,
Rent subsidy,Sagal,0.5,0.0,0,0,0,0,0,,0.0,0.0,,,,,,,,
FRESH tax break,Sagal,0.5,0.05,453,227,54,49,123,0.239,0.0036,208.7046,,,,,,,,
Rent subsidy,Sagal,0.5,0.05,3340,1682,405,365,913,0.24,0.0262,1546.5573,,,,,,,,
FRESH tax break,Sagal,0.5,0.1,907,454,109,99,247,0.239,0.0071,417.7859,,,,,,,,
Rent subsidy,Sagal,0.5,0.1,6680,3389,822,734,1833,0.243,0.0525,3113.8953,,,,,,,,
FRESH tax break,Sagal,0.5,0.15,1360,682,163,148,371,0.239,0.0107,627.2448,,,,,,,,
Rent subsidy,Sagal,0.5,0.15,10020,5121,1252,1108,2761,0.245,0.0787,4702.4106,,,,,,,,
FRESH tax break,Sagal,0.5,0.2,1813,910,218,198,495,0.24,0.0142,837.0822,,,,,,,,
Rent subsidy,Sagal,0.5,0.2,13360,6878,1697,1486,3696,0.247,0.105,6312.5092,,,,,,,,
FRESH tax break,Sagal,0.5,0.25,2267,1139,273,247,619,0.24,0.0178,1047.2991,,,,,,,,
Rent subsidy,Sagal,0.5,0.25,16700,8662,2155,1868,4638,0.249,0.1312,7944.6067,,,,,,,,
FRESH tax break,Sagal,0.5,0.3,2720,1368,328,297,743,0.24,0.0214,1257.8965,,,,,,,,
Rent subsidy,Sagal,0.5,0.3,20040,10472,2628,2256,5589,0.251,0.1574,9599.1285,,,,,,,,
FRESH tax break,Sagal,0.5,0.35,3173,1598,384,346,867,0.24,0.0249,1468.8754,,,,,,,,
Rent subsidy,Sagal,0.5,0.35,23380,12310,3115,2648,6547,0.253,0.1837,11276.5099,,,,,,,,
FRESH tax break,Sagal,0.5,0.4,3627,1828,440,396,991,0.241,0.0285,1680.2367,,,,,,,,
Rent subsidy,Sagal,0.5,0.4,26720,14175,3619,3044,7512,0.255,0.2099,12977.197,,,,,,,,
FRESH tax break,Sagal,0.5,0.45,4080,2058,496,446,1116,0.241,0.0321,1891.9815,,,,,,,,
Rent subsidy,Sagal,0.5,0.45,30060,16069,4138,3446,8486,0.257,0.2361,14701.6461,,,,,,,,
FRESH tax break,Sagal,0.5,0.5,4533,2289,552,496,1241,0.241,0.0356,2104.1106,,,,,,,,
Rent subsidy,Sagal,0.5,0.5,33400,17992,4673,3852,9467,0.26,0.2624,16450.3244,,,,,,,,
FRESH tax break,Sagal,0.5,0.55,4987,2520,609,546,1366,0.241,0.0392,2316.6252,,,,,,,,
Rent subsidy,Sagal,0.5,0.55,36740,19945,5225,4263,10456,0.262,0.2886,18223.7101,,,,,,,,
FRESH tax break,Sagal,0.5,0.6,5440,2752,665,596,1490,0.242,0.0427,2529.5261,,,,,,,,
Rent subsidy,Sagal,0.5,0.6,40080,21928,5795,4680,11453,0.264,0.3149,20022.2931,,,,,,,,
FRESH tax break,Sagal,0.5,0.65,5893,2985,722,647,1616,0.242,0.0463,2742.8144,,,,,,,,
Rent subsidy,Sagal,0.5,0.65,43420,23942,6383,5101,12459,0.267,0.3411,21846.5746,,,,,,,,
FRESH tax break,Sagal,0.5,0.7,6347,3217,780,697,1741,0.242,0.0499,2956.4911,,,,,,,,
Rent subsidy,Sagal,0.5,0.7,46760,25988,6989,5527,13472,0.269,0.3673,23697.0678,,,,,,,,
FRESH tax break,Sagal,0.5,0.75,6800,3451,837,747,1866,0.243,0.0534,3170.5572,,,,,,,,
Rent subsidy,Sagal,0.5,0.75,50100,28066,7614,5958,14494,0.271,0.3936,25574.298,,,,,,,,
FRESH tax break,Sagal,0.5,0.8,7253,3684,895,798,1992,0.243,0.057,3385.0136,,,,,,,,
Rent subsidy,Sagal,0.5,0.8,53440,30177,8259,6395,15523,0.274,0.4198,27478.8031,,,,,,,,
FRESH tax break,Sagal,0.5,0.85,7707,3918,953,848,2117,0.243,0.0605,3599.8614,,,,,,,,
Rent subsidy,Sagal,0.5,0.85,56780,32322,8924,6837,16561,0.276,0.446,29411.1337,,,,,,,,
FRESH tax break,Sagal,0.5,0.9,8160,4153,1011,899,2243,0.243,0.0641,3815.1016,,,,,,,,
Rent subsidy,Sagal,0.5,0.9,60120,34502,9610,7284,17608,0.279,0.4723,31371.8534,,,,,,,,
FRESH tax break,Sagal,0.5,0.95,8613,4388,1069,950,2369,0.244,0.0677,4030.7353,,,,,,,,
Rent subsidy,Sagal,0.5,0.95,63460,36717,10318,7736,18662,0.281,0.4985,33361.5392,,,,,,,,
FRESH tax break,Sagal,0.5,1.0,9067,4624,1128,1001,2495,0.244,0.0712,4246.7633,,,,,,,,
Rent subsidy,Sagal,0.5,1.0,66800,38968,11048,8194,19726,0.284,0.5248,35380.7818,,,,,,,,
FRESH tax break,Sagal,0.75,0.0,0,0,0,0,0,,0.0,0.0,,,,,,,,
Rent subsidy,Sagal,0.75,0.0,0,0,0,0,0,,0.0,0.0,,,,,,,,
FRESH tax break,Sagal,0.75,0.05,453,340,81,74,185,0.239,0.0053,313.1981,,,,,,,,
Rent subsidy,Sagal,0.75,0.05,3340,2532,612,549,1372,0.241,0.0394,2327.6041,,,,,,,,
FRESH tax break,Sagal,0.75,0.1,907,682,163,148,371,0.239,0.0107,627.2448,,,,,,,,
Rent subsidy,Sagal,0.75,0.1,6680,5121,1252,1108,2761,0.245,0.0787,4702.4106,,,,,,,,
FRESH tax break,Sagal,0.75,0.15,1360,1025,246,222,557,0.24,0.016,942.1431,,,,,,,,
Rent subsidy,Sagal,0.75,0.15,10020,7767,1924,1677,4166,0.248,0.1181,7125.7818,,,,,,,,
FRESH tax break,Sagal,0.75,0.2,1813,1368,328,297,743,0.24,0.0214,1257.8965,,,,,,,,
Rent subsidy,Sagal,0.75,0.2,13360,10472,2628,2256,5589,0.251,0.1574,9599.1285,,,,,,,,
FRESH tax break,Sagal,0.75,0.25,2267,1713,412,371,929,0.241,0.0267,1574.5082,,,,,,,,
Rent subsidy,Sagal,0.75,0.25,16700,13239,3365,2846,7028,0.254,0.1968,12123.912,,,,,,,,
FRESH tax break,Sagal,0.75,0.3,2720,2058,496,446,1116,0.241,0.0321,1891.9815,,,,,,,,
Rent subsidy,Sagal,0.75,0.3,20040,16069,4138,3446,8486,0.257,0.2361,14701.6461,,,,,,,,
FRESH tax break,Sagal,0.75,0.35,3173,2405,580,521,1303,0.241,0.0374,2210.3197,,,,,,,,
Rent subsidy,Sagal,0.75,0.35,23380,18965,4947,4057,9961,0.261,0.2755,17333.8985,,,,,,,,
FRESH tax break,Sagal,0.75,0.4,3627,2752,665,596,1490,0.242,0.0427,2529.5261,,,,,,,,
Rent subsidy,Sagal,0.75,0.4,26720,21928,5795,4680,11453,0.264,0.3149,20022.2931,,,,,,,,
FRESH tax break,Sagal,0.75,0.45,4080,3101,751,672,1678,0.242,0.0481,2849.6042,,,,,,,,
Rent subsidy,Sagal,0.75,0.45,30060,24961,6683,5313,12964,0.268,0.3542,22768.5122,,,,,,,,
FRESH tax break,Sagal,0.75,0.5,4533,3451,837,747,1866,0.243,0.0534,3170.5572,,,,,,,,
Rent subsidy,Sagal,0.75,0.5,33400,28066,7614,5958,14494,0.271,0.3936,25574.298,,,,,,,,
FRESH tax break,Sagal,0.75,0.55,4987,3801,924,823,2054,0.243,0.0588,3492.3885,,,,,,,,
Rent subsidy,Sagal,0.75,0.55,36740,31245,8589,6615,16041,0.275,0.4329,28441.4553,,,,,,,,
FRESH tax break,Sagal,0.75,0.6,5440,4153,1011,899,2243,0.243,0.0641,3815.1016,,,,,,,,
Rent subsidy,Sagal,0.75,0.6,40080,34502,9610,7284,17608,0.279,0.4723,31371.8534,,,,,,,,
FRESH tax break,Sagal,0.75,0.65,5893,4506,1099,975,2432,0.244,0.0694,4138.6999,,,,,,,,
Rent subsidy,Sagal,0.75,0.65,43420,37838,10680,7964,19193,0.282,0.5116,34367.4284,,,,,,,,
FRESH tax break,Sagal,0.75,0.7,6347,4860,1187,1051,2621,0.244,0.0748,4463.1867,,,,,,,,
Rent subsidy,Sagal,0.75,0.7,46760,41256,11801,8657,20798,0.286,0.551,37430.1856,,,,,,,,
FRESH tax break,Sagal,0.75,0.75,6800,5215,1276,1128,2811,0.245,0.0801,4788.5656,,,,,,,,
Rent subsidy,Sagal,0.75,0.75,50100,44759,12974,9363,22422,0.29,0.5903,40562.2018,,,,,,,,
FRESH tax break,Sagal,0.75,0.8,7253,5571,1365,1205,3001,0.245,0.0855,5114.84,,,,,,,,
Rent subsidy,Sagal,0.75,0.8,53440,48349,14203,10081,24065,0.294,0.6297,43765.6274,,,,,,,,
FRESH tax break,Sagal,0.75,0.85,7707,5928,1456,1281,3191,0.246,0.0908,5442.0133,,,,,,,,
Rent subsidy,Sagal,0.75,0.85,56780,52031,15490,10813,25729,0.298,0.6691,47042.6897,,,,,,,,
FRESH tax break,Sagal,0.75,0.9,8160,6286,1546,1358,3381,0.246,0.0962,5770.0891,,,,,,,,
Rent subsidy,Sagal,0.75,0.9,60120,55807,16837,11557,27412,0.302,0.7084,50395.6944,,,,,,,,
FRESH tax break,Sagal,0.75,0.95,8613,6645,1637,1436,3572,0.246,0.1015,6099.0708,,,,,,,,
Rent subsidy,Sagal,0.75,0.95,63460,59679,18248,12315,29116,0.306,0.7478,53827.0289,,,,,,,,
FRESH tax break,Sagal,0.75,1.0,9067,7005,1729,1513,3763,0.247,0.1068,6428.9621,,,,,,,,
Rent subsidy,Sagal,0.75,1.0,66800,63653,19726,13086,30841,0.31,0.7871,57339.1647,,,,,,,,
30% contract at existing store,Sagal,1.0,0.0,75867,0,0,0,0,,,,0.0,75866.55,75866.55,0.0,0.6138,1842636.2344,2003000.0,0.0163
30% contract at existing store,Sagal,1.0,0.05,75867,18325,4858,3972,9495,0.265,,,0.0,75866.55,75866.55,0.0,0.6146,2146271.4291,2003000.0,0.019
30% contract at existing store,Sagal,1.0,0.1,75867,39805,11556,8463,19786,0.29,,,0.0,75866.55,75866.55,0.0,0.6153,2525301.2245,2003000.0,0.0224
30% contract at existing store,Sagal,1.0,0.15,83247,65247,20767,13542,30938,0.318,,,0.0,75866.55,75866.55,7380.8138,0.6161,3002445.5688,2003000.0,0.0266
30% contract at existing store,Sagal,1.0,0.2,133510,95698,33394,19282,43023,0.349,,,0.0,75866.55,75866.55,57643.7669,0.617,3606660.4385,2003000.0,0.0319
30% contract at existing store,Sagal,1.0,0.25,202650,132509,50628,25766,56115,0.382,,,0.0,92804.1244,75866.55,126783.6155,0.6178,4373817.2646,2003000.0,0.0387
30% contract at existing store,Sagal,1.0,0.3,297632,177399,74012,33089,70297,0.417,,,0.0,111504.0276,75866.55,221765.4648,0.6185,5346505.7587,2003000.0,0.0473
30% contract at existing store,Sagal,1.0,0.35,427331,232509,105499,41354,85656,0.454,,,0.0,130238.7656,75866.55,351464.8618,0.6193,6572120.1662,2003000.0,0.0582
30% contract at existing store,Sagal,1.0,0.4,602408,300432,147468,50676,102287,0.491,,,0.0,148999.453,75866.55,526541.705,0.6199,8098175.6002,2003000.0,0.0717
30% contract at existing store,Sagal,1.0,0.45,834610,384173,202697,61185,120291,0.528,,,0.0,167776.7196,75866.55,758743.1662,0.6205,9963976.3201,2003000.0,0.0882
30% contract at existing store,Sagal,1.0,0.5,1135275,487024,274225,73022,139777,0.563,,,0.0,186561.6234,75866.55,1059408.9422,0.6209,12188770.4959,2003000.0,0.1079
30% contract at existing store,Sagal,1.0,0.55,1513047,612309,365104,86344,160861,0.596,,,0.0,205346.3286,75866.55,1437180.8106,0.6213,14758646.4456,2003000.0,0.1306
30% contract at existing store,Sagal,1.0,0.6,1971251,763028,478035,101324,183669,0.626,,,0.0,224124.4781,75866.55,1895384.3263,0.6216,17617065.0275,2003000.0,0.1559
30% contract at existing store,Sagal,1.0,0.65,2505933,941445,614960,118151,208334,0.653,,,0.0,242891.2791,75866.55,2430066.6872,0.6219,20665148.1783,2003000.0,0.1829
30% contract at existing store,Sagal,1.0,0.7,3105670,1148748,776718,137032,234999,0.676,,,0.0,261643.3822,75866.55,3029803.2368,0.622,23775325.5241,2003000.0,0.2104
30% contract at existing store,Sagal,1.0,0.75,3753635,1384889,962883,158190,263816,0.695,,,0.0,280378.6476,75866.55,3677768.4059,0.6221,26815632.6539,2003000.0,0.2374
30% contract at existing store,Sagal,1.0,0.8,4431300,1648664,1171849,181866,294948,0.711,,,0.0,299095.8785,75866.55,4355433.3408,0.6222,29675747.2053,2003000.0,0.2627
30% contract at existing store,Sagal,1.0,0.85,5122278,1938010,1401122,208320,328568,0.723,,,0.0,317794.5729,75866.55,5046411.8678,0.6222,32284766.7826,2003000.0,0.2858
30% contract at existing store,Sagal,1.0,0.9,5814934,2250410,1647722,237828,364860,0.732,,,0.0,336474.7146,75866.55,5739067.2497,0.6222,34615713.7433,2003000.0,0.3064
30% contract at existing store,Sagal,1.0,0.95,6503202,2583272,1908574,270681,404017,0.739,,,0.0,355136.61,75866.55,6427335.4909,0.6221,36678600.0647,2003000.0,0.3247
30% contract at existing store,Sagal,1.0,1.0,7185962,2934224,2180793,307185,446246,0.743,,,0.0,373780.7662,75866.55,7110095.8204,0.622,38507820.4355,2003000.0,0.3409
FRESH tax break,JJ Southern Farm,0.25,0.0,0,0,0,0,0,,0.0,0.0,,,,,,,,
Rent subsidy,JJ Southern Farm,0.25,0.0,0,0,0,0,0,,0.0,0.0,,,,,,,,
FRESH tax break,JJ Southern Farm,0.25,0.05,858,215,51,47,117,0.236,0.0033,317.844,,,,,,,,
Rent subsidy,JJ Southern Farm,0.25,0.05,3450,866,205,188,472,0.237,0.0132,1283.7021,,,,,,,,
FRESH tax break,JJ Southern Farm,0.25,0.1,1716,430,102,94,234,0.237,0.0065,636.5333,,,,,,,,
Rent subsidy,JJ Southern Farm,0.25,0.1,6901,1738,414,378,946,0.238,0.0263,2581.2374,,,,,,,,
FRESH tax break,JJ Southern Farm,0.25,0.15,2573,645,153,140,352,0.237,0.0098,956.0709,,,,,,,,
Rent subsidy,JJ Southern Farm,0.25,0.15,10351,2616,626,568,1422,0.239,0.0395,3892.8174,,,,,,,,
FRESH tax break,JJ Southern Farm,0.25,0.2,3431,861,204,187,469,0.237,0.0131,1276.4602,,,,,,,,
Rent subsidy,JJ Southern Farm,0.25,0.2,13802,3501,841,760,1900,0.24,0.0526,5218.6579,,,,,,,,
FRESH tax break,JJ Southern Farm,0.25,0.25,4289,1077,256,234,587,0.237,0.0164,1597.7042,,,,,,,,
Rent subsidy,JJ Southern Farm,0.25,0.25,17252,4392,1059,953,2379,0.241,0.0658,6558.9786,,,,,,,,
FRESH tax break,JJ Southern Farm,0.25,0.3,5147,1294,307,281,705,0.238,0.0196,1919.8063,,,,,,,,
Rent subsidy,JJ Southern Farm,0.25,0.3,20702,5290,1281,1147,2861,0.242,0.079,7914.0032,,,,,,,,
FRESH tax break,JJ Southern Farm,0.25,0.35,6004,1511,359,328,823,0.238,0.0229,2242.7696,,,,,,,,
Rent subsidy,JJ Southern Farm,0.25,0.35,24153,6194,1507,1343,3345,0.243,0.0921,9283.9599,,,,,,,,
FRESH tax break,JJ Southern Farm,0.25,0.4,6862,1728,411,376,941,0.238,0.0262,2566.5975,,,,,,,,
Rent subsidy,JJ Southern Farm,0.25,0.4,27603,7105,1736,1539,3830,0.244,0.1053,10669.0813,,,,,,,,
FRESH tax break,JJ Southern Farm,0.25,0.45,7720,1946,464,423,1059,0.238,0.0294,2891.2932,,,,,,,,
Rent subsidy,JJ Southern Farm,0.25,0.45,31054,8023,1969,1737,4318,0.245,0.1184,12069.6042,,,,,,,,
FRESH tax break,JJ Southern Farm,0.25,0.5,8578,2164,516,470,1177,0.239,0.0327,3216.86,,,,,,,,
Rent subsidy,JJ Southern Farm,0.25,0.5,34504,8948,2205,1935,4807,0.246,0.1316,13485.7701,,,,,,,,
FRESH tax break,JJ Southern Farm,0.25,0.55,9435,2382,569,518,1295,0.239,0.036,3543.3012,,,,,,,,
Rent subsidy,JJ Southern Farm,0.25,0.55,37954,9879,2445,2135,5299,0.247,0.1448,14917.825,,,,,,,,
FRESH tax break,JJ Southern Farm,0.25,0.6,10293,2601,622,565,1414,0.239,0.0393,3870.6202,,,,,,,,
Rent subsidy,JJ Southern Farm,0.25,0.6,41405,10818,2689,2337,5792,0.249,0.1579,16366.0197,,,,,,,,
FRESH tax break,JJ Southern Farm,0.25,0.65,11151,2821,675,613,1532,0.239,0.0425,4198.8201,,,,,,,,
Rent subsidy,JJ Southern Farm,0.25,0.65,44855,11763,2937,2539,6288,0.25,0.1711,17830.6095,,,,,,,,
FRESH tax break,JJ Southern Farm,0.25,0.7,12009,3040,729,660,1651,0.24,0.0458,4527.9045,,,,,,,,
Rent subsidy,JJ Southern Farm,0.25,0.7,48306,12716,3188,2743,6785,0.251,0.1842,19311.8549,,,,,,,,
FRESH tax break,JJ Southern Farm,0.25,0.75,12866,3260,782,708,1770,0.24,0.0491,4857.8767,,,,,,,,
Rent subsidy,JJ Southern Farm,0.25,0.75,51756,13676,3444,2948,7285,0.252,0.1974,20810.0212,,,,,,,,
FRESH tax break,JJ Southern Farm,0.25,0.8,13724,3481,836,756,1889,0.24,0.0523,5188.74,,,,,,,,
Rent subsidy,JJ Southern Farm,0.25,0.8,55206,14643,3703,3154,7786,0.253,0.2106,22325.3788,,,,,,,,
FRESH tax break,JJ Southern Farm,0.25,0.85,14582,3702,890,804,2008,0.24,0.0556,5520.4978,,,,,,,,
Rent subsidy,JJ Southern Farm,0.25,0.85,58657,15618,3967,3361,8290,0.254,0.2237,23858.2033,,,,,,,,
FRESH tax break,JJ Southern Farm,0.25,0.9,15440,3923,944,852,2127,0.241,0.0589,5853.1536,,,,,,,,
Rent subsidy,JJ Southern Farm,0.25,0.9,62107,16600,4235,3570,8795,0.255,0.2369,25408.7754,,,,,,,,
FRESH tax break,JJ Southern Farm,0.25,0.95,16297,4145,999,900,2247,0.241,0.0622,6186.7109,,,,,,,,
Rent subsidy,JJ Southern Farm,0.25,0.95,65558,17589,4507,3780,9303,0.256,0.25,26977.3813,,,,,,,,
FRESH tax break,JJ Southern Farm,0.25,1.0,17155,4367,1053,948,2366,0.241,0.0654,6521.1729,,,,,,,,
Rent subsidy,JJ Southern Farm,0.25,1.0,69008,18586,4783,3991,9812,0.257,0.2632,28564.3127,,,,,,,,
FRESH tax break,JJ Southern Farm,0.5,0.0,0,0,0,0,0,,0.0,0.0,,,,,,,,
Rent subsidy,JJ Southern Farm,0.5,0.0,0,0,0,0,0,,0.0,0.0,,,,,,,,
FRESH tax break,JJ Southern Farm,0.5,0.05,858,430,102,94,234,0.237,0.0065,636.5333,,,,,,,,
Rent subsidy,JJ Southern Farm,0.5,0.05,3450,1738,414,378,946,0.238,0.0263,2581.2374,,,,,,,,
FRESH tax break,JJ Southern Farm,0.5,0.1,1716,861,204,187,469,0.237,0.0131,1276.4602,,,,,,,,
Rent subsidy,JJ Southern Farm,0.5,0.1,6901,3501,841,760,1900,0.24,0.0526,5218.6579,,,,,,,,
FRESH tax break,JJ Southern Farm,0.5,0.15,2573,1294,307,281,705,0.238,0.0196,1919.8063,,,,,,,,
Rent subsidy,JJ Southern Farm,0.5,0.15,10351,5290,1281,1147,2861,0.242,0.079,7914.0032,,,,,,,,
FRESH tax break,JJ Southern Farm,0.5,0.2,3431,1728,411,376,941,0.238,0.0262,2566.5975,,,,,,,,
Rent subsidy,JJ Southern Farm,0.5,0.2,13802,7105,1736,1539,3830,0.244,0.1053,10669.0813,,,,,,,,
FRESH tax break,JJ Southern Farm,0.5,0.25,4289,2164,516,470,1177,0.239,0.0327,3216.86,,,,,,,,
Rent subsidy,JJ Southern Farm,0.5,0.25,17252,8948,2205,1935,4807,0.246,0.1316,13485.7701,,,,,,,,
FRESH tax break,JJ Southern Farm,0.5,0.3,5147,2601,622,565,1414,0.239,0.0393,3870.6202,,,,,,,,
Rent subsidy,JJ Southern Farm,0.5,0.3,20702,10818,2689,2337,5792,0.249,0.1579,16366.0197,,,,,,,,
FRESH tax break,JJ Southern Farm,0.5,0.35,6004,3040,729,660,1651,0.24,0.0458,4527.9045,,,,,,,,
Rent subsidy,JJ Southern Farm,0.5,0.35,24153,12716,3188,2743,6785,0.251,0.1842,19311.8549,,,,,,,,
FRESH tax break,JJ Southern Farm,0.5,0.4,6862,3481,836,756,1889,0.24,0.0523,5188.74,,,,,,,,
Rent subsidy,JJ Southern Farm,0.5,0.4,27603,14643,3703,3154,7786,0.253,0.2106,22325.3788,,,,,,,,
FRESH tax break,JJ Southern Farm,0.5,0.45,7720,3923,944,852,2127,0.241,0.0589,5853.1536,,,,,,,,
Rent subsidy,JJ Southern Farm,0.5,0.45,31054,16600,4235,3570,8795,0.255,0.2369,25408.7754,,,,,,,,
FRESH tax break,JJ Southern Farm,0.5,0.5,8578,4367,1053,948,2366,0.241,0.0654,6521.1729,,,,,,,,
Rent subsidy,JJ Southern Farm,0.5,0.5,34504,18586,4783,3991,9812,0.257,0.2632,28564.3127,,,,,,,,
FRESH tax break,JJ Southern Farm,0.5,0.55,9435,4812,1163,1044,2605,0.242,0.072,7192.8254,,,,,,,,
Rent subsidy,JJ Southern Farm,0.5,0.55,37954,20603,5348,4417,10838,0.26,0.2895,31794.3458,,,,,,,,
FRESH tax break,JJ Southern Farm,0.5,0.6,10293,5260,1274,1141,2845,0.242,0.0785,7868.139,,,,,,,,
Rent subsidy,JJ Southern Farm,0.5,0.6,41405,22651,5932,4848,11872,0.262,0.3158,35101.3205,,,,,,,,
FRESH tax break,JJ Southern Farm,0.5,0.65,11151,5708,1386,1238,3085,0.243,0.0851,8547.1419,,,,,,,,
Rent subsidy,JJ Southern Farm,0.5,0.65,44855,24732,6534,5284,12914,0.264,0.3421,38487.7763,,,,,,,,
FRESH tax break,JJ Southern Farm,0.5,0.7,12009,6159,1498,1335,3326,0.243,0.0916,9229.8625,,,,,,,,
Rent subsidy,JJ Southern Farm,0.5,0.7,48306,26845,7155,5726,13964,0.267,0.3685,41956.3502,,,,,,,,
FRESH tax break,JJ Southern Farm,0.5,0.75,12866,6611,1611,1432,3567,0.244,0.0981,9916.3295,,,,,,,,
Rent subsidy,JJ Southern Farm,0.5,0.75,51756,28991,7795,6173,15023,0.269,0.3948,45509.78,,,,,,,,
FRESH tax break,JJ Southern Farm,0.5,0.8,13724,7064,1726,1530,3809,0.244,0.1047,10606.5718,,,,,,,,
Rent subsidy,JJ Southern Farm,0.5,0.8,55206,31172,8456,6625,16091,0.271,0.4211,49150.9076,,,,,,,,
FRESH tax break,JJ Southern Farm,0.5,0.85,14582,7520,1841,1628,4051,0.245,0.1112,11300.6187,,,,,,,,
Rent subsidy,JJ Southern Farm,0.5,0.85,58657,33387,9137,7083,17167,0.274,0.4474,52882.6836,,,,,,,,
FRESH tax break,JJ Southern Farm,0.5,0.9,15440,7977,1957,1727,4293,0.245,0.1178,11998.4996,,,,,,,,
Rent subsidy,JJ Southern Farm,0.5,0.9,62107,35638,9840,7546,18252,0.276,0.4737,56708.1702,,,,,,,,
FRESH tax break,JJ Southern Farm,0.5,0.95,16297,8435,2074,1825,4536,0.246,0.1243,12700.2444,,,,,,,,
Rent subsidy,JJ Southern Farm,0.5,0.95,65558,37926,10565,8015,19345,0.279,0.5001,60630.5454,,,,,,,,
FRESH tax break,JJ Southern Farm,0.5,1.0,17155,8896,2192,1924,4780,0.246,0.1309,13405.8832,,,,,,,,
Rent subsidy,JJ Southern Farm,0.5,1.0,69008,40251,11313,8490,20448,0.281,0.5264,64653.1069,,,,,,,,
FRESH tax break,JJ Southern Farm,0.75,0.0,0,0,0,0,0,,0.0,0.0,,,,,,,,
Rent subsidy,JJ Southern Farm,0.75,0.0,0,0,0,0,0,,0.0,0.0,,,,,,,,
FRESH tax break,JJ Southern Farm,0.75,0.05,858,645,153,140,352,0.237,0.0098,956.0709,,,,,,,,
Rent subsidy,JJ Southern Farm,0.75,0.05,3450,2616,626,568,1422,0.239,0.0395,3892.8174,,,,,,,,
FRESH tax break,JJ Southern Farm,0.75,0.1,1716,1294,307,281,705,0.238,0.0196,1919.8063,,,,,,,,
Rent subsidy,JJ Southern Farm,0.75,0.1,6901,5290,1281,1147,2861,0.242,0.079,7914.0032,,,,,,,,
FRESH tax break,JJ Southern Farm,0.75,0.15,2573,1946,464,423,1059,0.238,0.0294,2891.2932,,,,,,,,
Rent subsidy,JJ Southern Farm,0.75,0.15,10351,8023,1969,1737,4318,0.245,0.1184,12069.6042,,,,,,,,
FRESH tax break,JJ Southern Farm,0.75,0.2,3431,2601,622,565,1414,0.239,0.0393,3870.6202,,,,,,,,
Rent subsidy,JJ Southern Farm,0.75,0.2,13802,10818,2689,2337,5792,0.249,0.1579,16366.0197,,,,,,,,
FRESH tax break,JJ Southern Farm,0.75,0.25,4289,3260,782,708,1770,0.24,0.0491,4857.8767,,,,,,,,
Rent subsidy,JJ Southern Farm,0.75,0.25,17252,13676,3444,2948,7285,0.252,0.1974,20810.0212,,,,,,,,
FRESH tax break,JJ Southern Farm,0.75,0.3,5147,3923,944,852,2127,0.241,0.0589,5853.1536,,,,,,,,
Rent subsidy,JJ Southern Farm,0.75,0.3,20702,16600,4235,3570,8795,0.255,0.2369,25408.7754,,,,,,,,
FRESH tax break,JJ Southern Farm,0.75,0.35,6004,4590,1108,996,2486,0.241,0.0687,6856.5433,,,,,,,,
Rent subsidy,JJ Southern Farm,0.75,0.35,24153,19591,5063,4203,10324,0.258,0.2763,30169.8665,,,,,,,,
FRESH tax break,JJ Southern Farm,0.75,0.4,6862,5260,1274,1141,2845,0.242,0.0785,7868.139,,,,,,,,
Rent subsidy,JJ Southern Farm,0.75,0.4,27603,22651,5932,4848,11872,0.262,0.3158,35101.3205,,,,,,,,
FRESH tax break,JJ Southern Farm,0.75,0.45,7720,5933,1442,1286,3205,0.243,0.0883,8888.0357,,,,,,,,
Rent subsidy,JJ Southern Farm,0.75,0.45,31054,25784,6842,5504,13438,0.265,0.3553,40211.6298,,,,,,,,
FRESH tax break,JJ Southern Farm,0.75,0.5,8578,6611,1611,1432,3567,0.244,0.0981,9916.3295,,,,,,,,
Rent subsidy,JJ Southern Farm,0.75,0.5,34504,28991,7795,6173,15023,0.269,0.3948,45509.78,,,,,,,,
FRESH tax break,JJ Southern Farm,0.75,0.55,9435,7292,1783,1579,3930,0.245,0.108,10953.1178,,,,,,,,
Rent subsidy,JJ Southern Farm,0.75,0.55,37954,32275,8794,6853,16628,0.272,0.4343,51005.2759,,,,,,,,
FRESH tax break,JJ Southern Farm,0.75,0.6,10293,7977,1957,1727,4293,0.245,0.1178,11998.4996,,,,,,,,
Rent subsidy,JJ Southern Farm,0.75,0.6,41405,35638,9840,7546,18252,0.276,0.4737,56708.1702,,,,,,,,
FRESH tax break,JJ Southern Farm,0.75,0.65,11151,8665,2133,1875,4658,0.246,0.1276,13052.5752,,,,,,,,
Rent subsidy,JJ Southern Farm,0.75,0.65,44855,39084,10936,8252,19896,0.28,0.5132,62629.0919,,,,,,,,
FRESH tax break,JJ Southern Farm,0.75,0.7,12009,9358,2310,2024,5024,0.247,0.1374,14115.4462,,,,,,,,
Rent subsidy,JJ Southern Farm,0.75,0.7,48306,42614,12085,8970,21559,0.284,0.5527,68779.276,,,,,,,,
FRESH tax break,JJ Southern Farm,0.75,0.75,12866,10054,2490,2173,5391,0.248,0.1472,15187.2159,,,,,,,,
Rent subsidy,JJ Southern Farm,0.75,0.75,51756,46232,13287,9701,23243,0.287,0.5922,75170.5935,,,,,,,,
FRESH tax break,JJ Southern Farm,0.75,0.8,13724,10754,2672,2323,5759,0.248,0.157,16267.9888,,,,,,,,
Rent subsidy,JJ Southern Farm,0.75,0.8,55206,49940,14547,10446,24947,0.291,0.6317,81815.5824,,,,,,,,
FRESH tax break,JJ Southern Farm,0.75,0.85,14582,11459,2856,2474,6128,0.249,0.1668,17357.871,,,,,,,,
Rent subsidy,JJ Southern Farm,0.75,0.85,58657,53742,15867,11204,26672,0.295,0.6711,88727.4789,,,,,,,,
FRESH tax break,JJ Southern Farm,0.75,0.9,15440,12167,3043,2625,6499,0.25,0.1767,18456.9702,,,,,,,,
Rent subsidy,JJ Southern Farm,0.75,0.9,62107,57642,17248,11975,28418,0.299,0.7106,95920.2485,,,,,,,,
FRESH tax break,JJ Southern Farm,0.75,0.95,16297,12879,3231,2777,6870,0.251,0.1865,19565.3954,,,,,,,,
Rent subsidy,JJ Southern Farm,0.75,0.95,65558,61641,18695,12761,30185,0.303,0.7501,103408.6175,,,,,,,,
FRESH tax break,JJ Southern Farm,0.75,1.0,17155,13595,3422,2930,7243,0.252,0.1963,20683.2575,,,,,,,,
Rent subsidy,JJ Southern Farm,0.75,1.0,69008,65744,20210,13561,31973,0.307,0.7896,111208.1044,,,,,,,,
30% contract at existing store,JJ Southern Farm,1.0,0.0,86163,0,0,0,0,,,,0.0,86163.19,86163.19,0.0,0.6138,1897667.6665,1282000.0,0.0168
30% contract at existing store,JJ Southern Farm,1.0,0.05,86163,18865,4955,4101,9810,0.263,,,0.0,86163.19,86163.19,0.0,0.6145,2209015.6446,1282000.0,0.0196
30% contract at existing store,JJ Southern Farm,1.0,0.1,86163,40964,11785,8738,20441,0.288,,,0.0,86163.19,86163.19,0.0,0.6153,2597366.2002,1282000.0,0.023
30% contract at existing store,JJ Southern Farm,1.0,0.15,86163,67121,21177,13981,31963,0.315,,,0.0,86163.19,86163.19,0.0,0.6161,3085857.9353,1282000.0,0.0273
30% contract at existing store,JJ Southern Farm,1.0,0.2,137102,98403,34050,19907,44447,0.346,,,0.0,86163.19,86163.19,50938.546,0.6169,3703949.8731,1282000.0,0.0328
30% contract at existing store,JJ Southern Farm,1.0,0.25,207929,136189,51617,26600,57971,0.379,,,0.0,86163.19,86163.19,121765.7643,0.6177,4488082.1836,1282000.0,0.0397
30% contract at existing store,JJ Southern Farm,1.0,0.3,305120,182227,75449,34158,72620,0.414,,,0.0,86163.19,86163.19,218956.8521,0.6185,5481421.3411,1282000.0,0.0485
30% contract at existing store,JJ Southern Farm,1.0,0.35,437684,238697,107526,42687,88484,0.45,,,0.0,86163.19,86163.19,351520.7237,0.6192,6731824.7892,1282000.0,0.0596
30% contract at existing store,JJ Southern Farm,1.0,0.4,616407,308231,150264,52307,105660,0.488,,,0.0,95358.8379,86163.19,530243.8215,0.6199,8286948.6083,1282000.0,0.0734
30% contract at existing store,JJ Southern Farm,1.0,0.45,853116,393873,206471,63149,124253,0.524,,,0.0,107376.3747,86163.19,766953.1445,0.6204,10185621.7846,1282000.0,0.0902
30% contract at existing store,JJ Southern Farm,1.0,0.5,1159127,498943,279208,75360,144375,0.56,,,0.0,119398.7959,86163.19,1072963.3905,0.6209,12445688.9643,1282000.0,0.1102
30% contract at existing store,JJ Southern Farm,1.0,0.55,1542890,626779,371533,89101,166145,0.593,,,0.0,131421.0291,86163.19,1456726.5346,0.6213,15050746.7538,1282000.0,0.1332
30% contract at existing store,JJ Southern Farm,1.0,0.6,2007352,780362,486120,104548,189694,0.623,,,0.0,143438.9508,86163.19,1921188.9468,0.6216,17940910.9298,1282000.0,0.1588
30% contract at existing store,JJ Southern Farm,1.0,0.65,2548047,961910,624855,121897,215157,0.65,,,0.0,155449.4505,86163.19,2461884.1443,0.6218,21013883.7535,1282000.0,0.186
30% contract at existing store,JJ Southern Farm,1.0,0.7,3153048,1172533,788492,141358,242683,0.672,,,0.0,167450.3592,86163.19,3066885.0363,0.622,24139738.155,1282000.0,0.2137
30% contract at existing store,JJ Southern Farm,1.0,0.75,3805219,1412092,976505,163160,272427,0.692,,,0.0,179440.301,86163.19,3719055.7786,0.6221,27186148.7628,1282000.0,0.2406
30% contract at existing store,JJ Southern Farm,1.0,0.8,4486029,1679302,1187195,187550,304556,0.707,,,0.0,191418.52,86163.19,4399865.399,0.6221,30044577.9758,1282000.0,0.2659
30% contract at existing store,JJ Southern Farm,1.0,0.85,5179382,1972040,1417999,214793,339249,0.719,,,0.0,203384.7163,86163.19,5093218.7124,0.6221,32647328.2682,1282000.0,0.289
30% contract at existing store,JJ Southern Farm,1.0,0.9,5874102,2287762,1665901,245169,376692,0.728,,,0.0,215338.907,86163.19,5787938.9721,0.6221,34970916.6649,1282000.0,0.3095
30% contract at existing store,JJ Southern Farm,1.0,0.95,6564603,2623881,1927820,278974,417087,0.735,,,0.0,227281.3171,86163.19,6478439.5596,0.6221,37028211.7027,1282000.0,0.3278
30% contract at existing store,JJ Southern Farm,1.0,1.0,7250149,2978051,2200888,316519,460644,0.739,,,0.0,239212.2983,86163.19,7163986.2159,0.622,38855408.3655,1282000.0,0.3439
N.Y.C. Groceries (new store),N.Y.C. Groceries (planned),1.0,0.0,361531,0,0,0,0,,,,547958.1825,361531.0,361531.0,0.0,0.6136,6314666.614,12018000.0,0.0559
N.Y.C. Groceries (new store),N.Y.C. Groceries (planned),1.0,0.05,361531,62483,15660,13787,33036,0.251,,,547958.1825,361531.0,361531.0,0.0,0.6143,7285642.9472,12018000.0,0.0645
N.Y.C. Groceries (new store),N.Y.C. Groceries (planned),1.0,0.1,361531,134936,36949,29286,68701,0.274,,,547958.1825,361531.0,361531.0,0.0,0.615,8469246.3607,12018000.0,0.075
N.Y.C. Groceries (new store),N.Y.C. Groceries (planned),1.0,0.15,361531,219562,65684,46691,107188,0.299,,,547958.1825,361531.0,361531.0,0.0,0.6158,9912779.9359,12018000.0,0.0877
N.Y.C. Groceries (new store),N.Y.C. Groceries (planned),1.0,0.2,431507,319022,104109,66213,148700,0.326,,,547958.1825,444551.2531,361531.0,69975.9408,0.6165,11665360.0176,12018000.0,0.1033
N.Y.C. Groceries (new store),N.Y.C. Groceries (planned),1.0,0.25,637450,436417,154882,88082,193453,0.355,,,547958.1825,556313.9845,361531.0,275918.5889,0.6172,13770765.021,12018000.0,0.1219
N.Y.C. Groceries (new store),N.Y.C. Groceries (planned),1.0,0.3,903957,575191,220972,112545,241673,0.384,,,547958.1825,668267.3862,361531.0,542425.9898,0.6178,16256599.272,12018000.0,0.1439
N.Y.C. Groceries (new store),N.Y.C. Groceries (planned),1.0,0.35,1241590,738920,305454,139867,293599,0.413,,,547958.1825,780358.0794,361531.0,880058.6729,0.6184,19121253.541,12018000.0,0.1693
N.Y.C. Groceries (new store),N.Y.C. Groceries (planned),1.0,0.4,1657817,930984,411175,170328,349482,0.442,,,547958.1825,892528.0166,361531.0,1296285.9479,0.6189,22322709.9984,12018000.0,0.1976
N.Y.C. Groceries (new store),N.Y.C. Groceries (planned),1.0,0.45,2154836,1154159,540352,204224,409583,0.468,,,547958.1825,1004721.1787,361531.0,1793305.0557,0.6193,25775130.7192,12018000.0,0.2281
N.Y.C. Groceries (new store),N.Y.C. Groceries (planned),1.0,0.5,2728379,1410242,694202,241865,474175,0.492,,,547958.1825,1116888.8232,361531.0,2366847.7263,0.6196,29358029.9579,12018000.0,0.2599
N.Y.C. Groceries (new store),N.Y.C. Groceries (planned),1.0,0.55,3368287,1699819,872706,283571,543542,0.513,,,547958.1825,1228992.5147,361531.0,3006755.9453,0.6198,32937607.0452,12018000.0,0.2915
N.Y.C. Groceries (new store),N.Y.C. Groceries (planned),1.0,0.6,4060853,2022263,1074616,329668,617979,0.531,,,547958.1825,1341004.9776,361531.0,3699322.216,0.6199,36393104.2492,12018000.0,0.3221
N.Y.C. Groceries (new store),N.Y.C. Groceries (planned),1.0,0.65,4792007,2375962,1297688,380486,697789,0.546,,,547958.1825,1452909.319,361531.0,4430476.3578,0.62,39637948.2676,12018000.0,0.3509
N.Y.C. Groceries (new store),N.Y.C. Groceries (planned),1.0,0.7,5550082,2758693,1539060,436349,783283,0.558,,,547958.1825,1564697.3047,361531.0,5188550.9604,0.62,42628618.8385,12018000.0,0.3773
N.Y.C. Groceries (new store),N.Y.C. Groceries (planned),1.0,0.75,6327310,3168017,1795657,497578,874783,0.567,,,547958.1825,1676367.2816,361531.0,5965778.5081,0.6199,45360945.9582,12018000.0,0.4015
N.Y.C. Groceries (new store),N.Y.C. Groceries (planned),1.0,0.8,7119962,3601597,2064511,564474,972611,0.573,,,547958.1825,1787922.1559,361531.0,6758430.9028,0.6199,47858740.3072,12018000.0,0.4236
N.Y.C. Groceries (new store),N.Y.C. Groceries (planned),1.0,0.85,7927581,4057397,2342977,637321,1077099,0.577,,,547958.1825,1899367.6597,361531.0,7566049.7706,0.6198,50160728.6062,12018000.0,0.444
N.Y.C. Groceries (new store),N.Y.C. Groceries (planned),1.0,0.9,8751864,4533772,2628822,716373,1188577,0.58,,,547958.1825,2010711.0015,361531.0,8390333.4802,0.6197,52309808.4428,12018000.0,0.463
N.Y.C. Groceries (new store),N.Y.C. Groceries (planned),1.0,0.95,9595618,5029470,2920244,801850,1307377,0.581,,,547958.1825,2121959.8991,361531.0,9234087.0056,0.6195,54346049.2531,12018000.0,0.481
N.Y.C. Groceries (new store),N.Y.C. Groceries (planned),1.0,1.0,10461952,5543587,3215825,893931,1433831,0.58,,,547958.1825,2233121.9447,361531.0,10100420.9155,0.6194,56303122.3715,12018000.0,0.4984
